timestamp,open,high,low,close,volume
2020-01-01 00:00:00,10013.96,10055.07,9992.94,10015.4,22.5416
2020-01-01 00:15:00,10011.42,10032.87,9995.79,10011.75,295.766
2020-01-01 00:30:00,10032.35,10044.13,10007.64,10031.7,314.067
2020-01-01 00:45:00,10087.58,10090.6,10076.81,10078.04,83.0045
2020-01-01 01:00:00,10063.94,10092.09,10046.71,10071.46,20.8317
2020-01-01 01:15:00,10056.37,10078.87,10040.94,10064.89,87.5307
2020-01-01 01:30:00,10125.59,10149.47,10073.3,10113.08,263.8048
2020-01-01 01:45:00,10132.18,10144.41,10098.77,10136.87,47.4431
2020-01-01 02:00:00,10110.31,10124.65,10059.7,10123.1,14.8195
2020-01-01 02:15:00,10135.16,10145.4,10123.04,10140.08,118.3158
2020-01-01 02:30:00,10123.15,10131.95,10100.96,10126.49,106.7896
2020-01-01 02:45:00,10128.57,10163.47,10086.6,10112.85,0.1389
2020-01-01 03:00:00,10130.06,10153.41,10117.08,10120.7,192.1451
2020-01-01 03:15:00,10074.66,10082.78,10056.1,10063.11,108.1009
2020-01-01 03:30:00,10019.75,10081.74,9954.75,10011.54,21.7781
2020-01-01 03:45:00,10004.61,10017.43,9988.8,9995.15,0.3244
2020-01-01 04:00:00,9958.43,9992.64,9944.26,9965.28,358.6328
2020-01-01 04:15:00,9973.19,9988.88,9966.19,9975.18,140.5191
2020-01-01 04:30:00,9938.65,9960.42,9920.27,9948.5,45.4211
2020-01-01 04:45:00,9904.76,9917.62,9896.65,9906.85,56.7023
2020-01-01 05:00:00,9957.71,9977.64,9949.84,9950.9,77.4055
2020-01-01 05:15:00,9946.0,9960.78,9929.67,9944.66,126.8077
2020-01-01 05:30:00,9960.22,9966.37,9937.34,9947.17,18.9867
2020-01-01 05:45:00,9893.85,9913.51,9891.7,9905.15,21.7819
2020-01-01 06:00:00,9894.42,9916.13,9874.43,9889.47,4.9474
2020-01-01 06:15:00,9880.91,9897.85,9848.25,9893.26,425.4108
2020-01-01 06:30:00,9860.52,9881.12,9849.7,9859.59,208.402
2020-01-01 06:45:00,9878.5,9925.7,9863.07,9871.2,80.5103
2020-01-01 07:00:00,9851.79,9855.84,9825.27,9853.9,56.2599
2020-01-01 07:15:00,9851.2,9882.28,9835.51,9845.77,27.1074
2020-01-01 07:30:00,9819.06,9829.0,9806.4,9828.49,90.3826
2020-01-01 07:45:00,9867.15,9897.71,9860.34,9883.6,117.2831
2020-01-01 08:00:00,9889.2,9923.59,9860.65,9883.69,116.855
2020-01-01 08:15:00,9870.01,9888.53,9839.34,9852.82,0.6457
2020-01-01 08:30:00,9867.79,9888.02,9858.43,9877.63,121.0792
2020-01-01 08:45:00,9853.98,9855.86,9821.98,9841.95,201.2702
2020-01-01 09:00:00,9849.03,9868.23,9834.67,9848.61,12.2073
2020-01-01 09:15:00,9778.12,9810.36,9766.36,9791.2,140.8037
2020-01-01 09:30:00,9741.64,9754.04,9734.01,9752.67,173.2954
2020-01-01 09:45:00,9759.08,9761.46,9730.89,9758.92,32.3198
2020-01-01 10:00:00,9777.07,9793.16,9763.15,9781.03,124.5164
2020-01-01 10:15:00,9773.7,9787.95,9753.97,9786.55,10.1761
2020-01-01 10:30:00,9767.07,9799.64,9755.71,9783.64,104.7574
2020-01-01 10:45:00,9767.02,9776.52,9761.46,9775.29,71.4022
2020-01-01 11:00:00,9734.31,9750.98,9720.77,9732.42,189.6135
2020-01-01 11:15:00,9711.83,9713.99,9703.52,9711.89,60.1421
2020-01-01 11:30:00,9694.09,9718.29,9684.87,9698.96,55.8784
2020-01-01 11:45:00,9732.16,9755.03,9723.99,9730.2,271.4846
2020-01-01 12:00:00,9750.85,9780.73,9729.39,9740.72,272.215
2020-01-01 12:15:00,9693.5,9694.46,9651.34,9689.68,3.6365
2020-01-01 12:30:00,9698.41,9714.48,9687.75,9699.59,66.4686
2020-01-01 12:45:00,9697.86,9698.48,9675.91,9688.87,17.5494
2020-01-01 13:00:00,9660.4,9675.87,9652.81,9669.68,31.9801
2020-01-01 13:15:00,9685.73,9729.44,9656.22,9687.9,109.7035
2020-01-01 13:30:00,9716.4,9731.76,9703.2,9718.35,13.8444
2020-01-01 13:45:00,9733.94,9768.79,9717.99,9745.99,1.1334
2020-01-01 14:00:00,9717.86,9722.38,9715.3,9721.94,129.8736
2020-01-01 14:15:00,9693.25,9726.22,9664.85,9713.41,102.5392
2020-01-01 14:30:00,9742.14,9752.9,9715.88,9723.55,232.9589
2020-01-01 14:45:00,9743.35,9785.53,9732.0,9752.49,78.1563
2020-01-01 15:00:00,9754.41,9760.64,9730.47,9738.96,290.6453
2020-01-01 15:15:00,9734.39,9752.01,9681.7,9734.02,93.9849
2020-01-01 15:30:00,9707.68,9710.61,9694.78,9702.2,48.9636
2020-01-01 15:45:00,9663.14,9679.86,9651.31,9667.87,93.7677
2020-01-01 16:00:00,9693.93,9702.03,9687.0,9691.92,138.3021
2020-01-01 16:15:00,9738.17,9743.12,9710.05,9731.84,42.7007
2020-01-01 16:30:00,9736.69,9758.25,9710.3,9730.22,46.6051
2020-01-01 16:45:00,9767.56,9770.62,9748.18,9760.0,99.4083
2020-01-01 17:00:00,9767.48,9815.74,9763.0,9771.08,60.8056
2020-01-01 17:15:00,9747.97,9771.39,9713.01,9752.66,74.8603
2020-01-01 17:30:00,9748.15,9785.97,9741.57,9763.72,402.1929
2020-01-01 17:45:00,9814.39,9817.85,9785.41,9809.26,4.4762
2020-01-01 18:00:00,9819.31,9827.11,9801.09,9808.69,104.3841
2020-01-01 18:15:00,9871.15,9872.03,9844.32,9855.22,256.2463
2020-01-01 18:30:00,9781.25,9794.68,9771.59,9778.26,26.9464
2020-01-01 18:45:00,9795.35,9818.49,9781.31,9802.86,23.8292
2020-01-01 19:00:00,9789.27,9832.58,9771.56,9805.91,45.0983
2020-01-01 19:15:00,9807.81,9832.94,9773.17,9797.61,7.6966
2020-01-01 19:30:00,9783.19,9810.53,9782.23,9800.79,82.1628
2020-01-01 19:45:00,9739.53,9754.46,9713.38,9742.84,103.6931
2020-01-01 20:00:00,9734.73,9748.58,9731.61,9736.91,171.417
2020-01-01 20:15:00,9747.15,9763.59,9729.32,9747.83,6.8467
2020-01-01 20:30:00,9791.89,9797.12,9733.74,9791.54,57.3029
2020-01-01 20:45:00,9778.15,9791.13,9728.4,9776.8,153.3435
2020-01-01 21:00:00,9730.02,9761.85,9726.47,9753.58,146.232
2020-01-01 21:15:00,9739.52,9774.48,9733.66,9739.38,7.6493
2020-01-01 21:30:00,9744.84,9783.07,9724.3,9766.62,1.1461
2020-01-01 21:45:00,9783.89,9808.15,9761.12,9776.74,152.9369
2020-01-01 22:00:00,9756.27,9766.94,9748.67,9761.69,14.8474
2020-01-01 22:15:00,9756.12,9790.19,9741.01,9777.21,86.2251
2020-01-01 22:30:00,9772.58,9791.38,9749.38,9780.54,9.8988
2020-01-01 22:45:00,9803.86,9834.11,9798.65,9809.45,35.0283
2020-01-01 23:00:00,9800.94,9821.21,9779.08,9789.28,17.202
2020-01-01 23:15:00,9782.07,9792.41,9772.34,9780.15,133.3301
2020-01-01 23:30:00,9772.5,9772.87,9760.05,9769.13,111.6953
2020-01-01 23:45:00,9738.22,9738.85,9726.11,9726.73,14.5379
2020-01-02 00:00:00,9734.92,9777.74,9700.92,9735.86,6.1163
2020-01-02 00:15:00,9751.32,9775.06,9731.99,9743.97,62.7987
2020-01-02 00:30:00,9751.27,9754.53,9731.44,9744.61,21.7594
2020-01-02 00:45:00,9725.71,9741.6,9714.36,9738.24,0.8175
2020-01-02 01:00:00,9711.66,9721.61,9678.5,9697.37,30.6896
2020-01-02 01:15:00,9671.86,9694.6,9670.29,9685.62,24.2382
2020-01-02 01:30:00,9685.02,9719.32,9624.2,9676.15,115.5053
2020-01-02 01:45:00,9638.7,9663.35,9623.63,9653.34,197.2297
2020-01-02 02:00:00,9654.95,9658.4,9640.24,9649.15,27.1335
2020-01-02 02:15:00,9679.32,9691.39,9651.2,9661.33,25.2376
2020-01-02 02:30:00,9714.41,9737.22,9706.94,9716.48,49.0641
2020-01-02 02:45:00,9719.57,9724.84,9690.73,9722.06,18.9416
2020-01-02 03:00:00,9736.0,9760.25,9695.13,9730.06,293.398
2020-01-02 03:15:00,9725.17,9745.68,9719.94,9728.37,27.9088
2020-01-02 03:30:00,9690.45,9708.77,9669.34,9672.86,9.7976
2020-01-02 03:45:00,9674.43,9682.73,9668.63,9672.57,81.3935
2020-01-02 04:00:00,9671.71,9681.94,9631.27,9674.8,77.1367
2020-01-02 04:15:00,9741.51,9751.88,9735.68,9746.78,99.9439
2020-01-02 04:30:00,9732.55,9780.47,9728.81,9741.64,340.2275
2020-01-02 04:45:00,9744.82,9758.62,9709.76,9750.94,39.0804
2020-01-02 05:00:00,9747.0,9754.55,9744.47,9750.42,44.5618
2020-01-02 05:15:00,9711.98,9733.61,9679.12,9716.72,41.1041
2020-01-02 05:30:00,9744.1,9783.67,9714.34,9750.52,99.0555
2020-01-02 05:45:00,9793.51,9794.93,9769.25,9773.0,92.6515
2020-01-02 06:00:00,9786.59,9817.58,9780.88,9796.68,75.2488
2020-01-02 06:15:00,9771.88,9778.19,9754.38,9770.44,45.3069
2020-01-02 06:30:00,9817.86,9825.75,9794.03,9812.05,55.8004
2020-01-02 06:45:00,9777.43,9805.33,9766.87,9771.28,157.2659
2020-01-02 07:00:00,9788.39,9816.41,9772.54,9788.97,93.9679
2020-01-02 07:15:00,9851.41,9862.23,9829.47,9853.78,125.9866
2020-01-02 07:30:00,9829.43,9832.77,9799.79,9824.99,32.3972
2020-01-02 07:45:00,9811.41,9841.21,9770.38,9808.79,242.4663
2020-01-02 08:00:00,9809.68,9824.58,9802.78,9812.22,3.5796
2020-01-02 08:15:00,9782.58,9803.39,9746.09,9797.89,90.559
2020-01-02 08:30:00,9748.23,9769.42,9734.72,9752.8,167.3177
2020-01-02 08:45:00,9744.11,9760.14,9739.9,9755.29,201.2048
2020-01-02 09:00:00,9718.2,9761.87,9697.58,9724.69,38.5003
2020-01-02 09:15:00,9739.32,9768.88,9727.82,9738.99,61.5725
2020-01-02 09:30:00,9716.1,9720.84,9707.08,9712.62,3.5512
2020-01-02 09:45:00,9775.64,9790.88,9710.37,9758.26,155.9531
2020-01-02 10:00:00,9730.59,9750.01,9709.0,9735.82,13.3042
2020-01-02 10:15:00,9734.44,9762.94,9710.26,9726.9,55.8759
2020-01-02 10:30:00,9754.11,9784.58,9740.29,9751.13,468.9532
2020-01-02 10:45:00,9728.2,9745.96,9710.14,9715.61,249.7837
2020-01-02 11:00:00,9728.33,9737.97,9693.68,9722.72,40.0513
2020-01-02 11:15:00,9751.49,9776.09,9736.47,9761.34,25.3449
2020-01-02 11:30:00,9698.01,9718.81,9665.64,9714.75,28.9941
2020-01-02 11:45:00,9723.64,9745.7,9698.18,9720.62,115.4502
2020-01-02 12:00:00,9723.54,9749.92,9723.36,9728.68,129.3888
2020-01-02 12:15:00,9742.43,9783.02,9715.22,9751.99,24.3975
2020-01-02 12:30:00,9703.97,9731.2,9697.41,9716.29,27.4424
2020-01-02 12:45:00,9679.84,9703.18,9667.39,9678.28,39.0659
2020-01-02 13:00:00,9708.54,9750.51,9679.88,9693.92,56.771
2020-01-02 13:15:00,9699.08,9738.72,9690.0,9703.04,249.4604
2020-01-02 13:30:00,9716.55,9716.78,9683.11,9710.82,2.6866
2020-01-02 13:45:00,9720.4,9727.03,9709.63,9721.4,101.6656
2020-01-02 14:00:00,9689.54,9730.62,9669.03,9702.05,197.8313
2020-01-02 14:15:00,9716.43,9742.1,9697.89,9709.3,128.5051
2020-01-02 14:30:00,9707.68,9722.21,9681.54,9718.32,24.4293
2020-01-02 14:45:00,9698.19,9720.28,9696.45,9697.98,64.769
2020-01-02 15:00:00,9749.41,9776.56,9746.69,9752.75,241.1068
2020-01-02 15:15:00,9775.82,9801.92,9757.77,9767.1,12.2979
2020-01-02 15:30:00,9722.38,9745.3,9690.95,9732.68,438.2922
2020-01-02 15:45:00,9756.15,9760.2,9752.08,9752.33,15.5045
2020-01-02 16:00:00,9716.14,9736.2,9692.54,9724.31,15.3638
2020-01-02 16:15:00,9742.77,9765.2,9731.62,9747.75,167.5895
2020-01-02 16:30:00,9746.56,9788.64,9709.61,9782.12,176.2277
2020-01-02 16:45:00,9778.94,9799.85,9758.3,9758.53,3.8656
2020-01-02 17:00:00,9792.61,9814.4,9772.88,9787.22,18.429
2020-01-02 17:15:00,9792.31,9833.68,9792.06,9799.83,296.6711
2020-01-02 17:30:00,9813.44,9851.03,9805.97,9824.49,32.7595
2020-01-02 17:45:00,9875.98,9899.67,9841.63,9880.88,1.2315
2020-01-02 18:00:00,9881.18,9888.48,9872.41,9874.1,29.3086
2020-01-02 18:15:00,9833.63,9859.16,9827.4,9852.27,132.9659
2020-01-02 18:30:00,9825.08,9828.9,9824.21,9826.47,248.235
2020-01-02 18:45:00,9820.27,9832.37,9793.61,9802.91,16.8604
2020-01-02 19:00:00,9790.02,9808.41,9785.77,9801.13,25.4136
2020-01-02 19:15:00,9812.44,9821.84,9796.48,9811.66,58.2557
2020-01-02 19:30:00,9841.93,9843.25,9812.59,9820.29,137.9527
2020-01-02 19:45:00,9851.37,9859.89,9818.05,9845.15,107.4985
2020-01-02 20:00:00,9847.27,9851.01,9836.25,9846.03,39.6803
2020-01-02 20:15:00,9894.46,9948.02,9886.44,9889.45,6.8656
2020-01-02 20:30:00,9878.14,9895.65,9861.5,9882.1,29.1637
2020-01-02 20:45:00,9976.18,9981.17,9953.41,9963.23,24.7902
2020-01-02 21:00:00,9978.45,9995.77,9961.94,9982.43,2.1279
2020-01-02 21:15:00,9937.75,9968.48,9936.05,9957.26,369.048
2020-01-02 21:30:00,9921.89,9941.97,9917.1,9925.77,29.487
2020-01-02 21:45:00,9931.02,9954.87,9928.34,9940.63,181.1157
2020-01-02 22:00:00,9931.67,9934.58,9921.73,9934.47,66.332
2020-01-02 22:15:00,9953.66,9976.68,9934.17,9956.24,358.5989
2020-01-02 22:30:00,9982.82,9998.66,9941.58,9970.88,16.1993
2020-01-02 22:45:00,9976.13,9979.37,9957.65,9969.2,11.729
2020-01-02 23:00:00,9946.99,9977.5,9916.16,9944.37,0.2466
2020-01-02 23:15:00,9899.64,9916.1,9877.33,9899.67,126.7435
2020-01-02 23:30:00,9876.44,9890.26,9871.14,9886.91,36.5826
2020-01-02 23:45:00,9891.18,9913.24,9874.65,9912.8,204.2955
2020-01-03 00:00:00,9920.79,9930.04,9894.21,9919.67,100.4589
2020-01-03 00:15:00,9890.94,9905.67,9879.41,9883.09,86.1405
2020-01-03 00:30:00,9887.65,9895.61,9864.27,9888.72,66.7268
2020-01-03 00:45:00,9895.35,9905.33,9893.18,9900.64,29.864
2020-01-03 01:00:00,9879.47,9903.69,9846.45,9874.89,6.6876
2020-01-03 01:15:00,9879.11,9901.04,9857.49,9879.93,58.621
2020-01-03 01:30:00,9898.81,9910.79,9874.35,9882.15,10.4383
2020-01-03 01:45:00,9860.9,9865.94,9830.91,9848.76,236.1604
2020-01-03 02:00:00,9869.29,9921.73,9858.34,9859.83,176.8018
2020-01-03 02:15:00,9884.39,9885.14,9840.48,9876.91,96.6956
2020-01-03 02:30:00,9896.71,9914.27,9887.12,9909.49,60.2283
2020-01-03 02:45:00,9947.91,9960.21,9930.76,9941.32,60.5494
2020-01-03 03:00:00,9904.45,9919.39,9900.43,9900.73,62.4583
2020-01-03 03:15:00,9879.35,9893.48,9843.59,9873.37,136.831
2020-01-03 03:30:00,9893.99,9902.63,9856.01,9889.11,13.491
2020-01-03 03:45:00,9909.34,9929.91,9900.27,9904.85,75.7783
2020-01-03 04:00:00,9947.45,9967.78,9895.65,9920.65,167.4866
2020-01-03 04:15:00,10035.05,10044.92,10020.11,10035.81,71.3607
2020-01-03 04:30:00,10062.92,10064.42,10043.86,10053.5,1.3837
2020-01-03 04:45:00,10083.5,10100.8,10081.32,10088.25,28.0628
2020-01-03 05:00:00,10125.63,10140.36,10085.75,10117.63,110.4383
2020-01-03 05:15:00,10147.43,10158.03,10127.7,10137.91,272.1129
2020-01-03 05:30:00,10132.52,10158.83,10102.26,10128.83,224.1942
2020-01-03 05:45:00,10169.34,10188.28,10146.46,10152.4,172.994
2020-01-03 06:00:00,10120.41,10172.56,10119.45,10129.37,299.9021
2020-01-03 06:15:00,10117.74,10163.76,10109.88,10122.68,32.839
2020-01-03 06:30:00,10110.59,10112.5,10099.14,10108.44,1.2475
2020-01-03 06:45:00,10120.34,10143.54,10100.43,10111.43,43.7536
2020-01-03 07:00:00,10183.98,10192.13,10179.26,10182.15,86.0409
2020-01-03 07:15:00,10138.64,10159.19,10110.01,10125.62,38.0479
2020-01-03 07:30:00,10140.26,10150.54,10129.17,10146.97,4.5211
2020-01-03 07:45:00,10086.87,10124.35,10086.47,10098.39,70.7625
2020-01-03 08:00:00,10087.7,10158.98,10076.85,10084.6,22.2764
2020-01-03 08:15:00,10117.26,10123.48,10105.27,10118.04,130.0378
2020-01-03 08:30:00,10126.0,10131.65,10119.53,10120.5,9.3434
2020-01-03 08:45:00,10088.01,10115.13,10060.95,10088.29,317.3085
2020-01-03 09:00:00,10063.72,10067.88,10063.5,10067.14,209.2977
2020-01-03 09:15:00,10087.41,10108.4,10083.03,10088.17,207.0317
2020-01-03 09:30:00,10066.86,10076.0,10062.33,10066.57,156.0127
2020-01-03 09:45:00,10070.54,10080.41,10047.06,10073.61,100.4
2020-01-03 10:00:00,10073.44,10096.73,10068.99,10075.49,5.4909
2020-01-03 10:15:00,10052.24,10105.87,10018.14,10056.3,108.597
2020-01-03 10:30:00,10130.15,10130.42,10105.11,10121.48,137.4078
2020-01-03 10:45:00,10143.2,10151.32,10135.82,10141.24,14.0205
2020-01-03 11:00:00,10102.88,10130.37,10079.66,10080.13,95.6478
2020-01-03 11:15:00,10087.9,10098.55,10085.28,10086.27,65.1751
2020-01-03 11:30:00,10061.21,10077.15,10059.86,10066.75,63.9496
2020-01-03 11:45:00,10119.96,10138.61,10078.58,10093.0,22.2472
2020-01-03 12:00:00,10073.67,10103.75,10047.39,10069.51,134.4915
2020-01-03 12:15:00,10076.51,10079.32,10052.68,10066.55,259.1931
2020-01-03 12:30:00,10088.27,10096.98,10080.91,10082.3,155.0242
2020-01-03 12:45:00,10115.29,10134.43,10073.35,10108.99,46.05
2020-01-03 13:00:00,10078.49,10092.1,10065.44,10073.09,414.631
2020-01-03 13:15:00,10052.4,10068.18,10050.11,10063.49,45.2825
2020-01-03 13:30:00,10053.35,10074.41,10032.13,10049.65,26.7127
2020-01-03 13:45:00,10017.17,10051.29,10013.95,10030.46,344.4668
2020-01-03 14:00:00,10082.33,10085.45,10055.79,10084.09,155.9774
2020-01-03 14:15:00,10089.52,10129.52,10075.7,10096.84,143.2314
2020-01-03 14:30:00,10062.75,10093.59,10058.41,10059.15,8.0594
2020-01-03 14:45:00,10090.73,10099.56,10053.35,10087.36,21.3222
2020-01-03 15:00:00,10156.97,10182.88,10128.7,10152.08,1.8692
2020-01-03 15:15:00,10186.96,10224.85,10163.63,10184.03,149.9012
2020-01-03 15:30:00,10131.97,10157.12,10130.37,10138.12,32.6067
2020-01-03 15:45:00,10121.26,10123.91,10112.33,10123.9,14.1821
2020-01-03 16:00:00,10172.24,10175.48,10144.74,10162.89,20.076
2020-01-03 16:15:00,10152.65,10167.46,10122.57,10141.82,102.48
2020-01-03 16:30:00,10144.18,10201.32,10141.38,10155.83,56.7485
2020-01-03 16:45:00,10164.35,10183.82,10162.09,10179.94,283.6959
2020-01-03 17:00:00,10144.76,10167.43,10130.55,10152.14,45.5535
2020-01-03 17:15:00,10161.44,10163.81,10113.71,10150.83,179.5011
2020-01-03 17:30:00,10064.85,10067.31,10048.93,10052.64,79.0683
2020-01-03 17:45:00,10012.98,10027.52,10009.57,10022.25,122.1959
2020-01-03 18:00:00,10018.23,10049.52,10007.42,10015.15,18.4717
2020-01-03 18:15:00,9996.47,10007.39,9958.03,9978.16,138.2241
2020-01-03 18:30:00,10031.69,10041.1,10016.6,10027.53,8.9548
2020-01-03 18:45:00,9999.2,10032.51,9950.31,9985.01,117.4807
2020-01-03 19:00:00,9982.28,9986.18,9958.45,9972.32,62.6456
2020-01-03 19:15:00,9967.65,9984.91,9958.75,9976.73,25.9452
2020-01-03 19:30:00,10018.47,10030.06,10018.23,10020.37,65.4671
2020-01-03 19:45:00,9978.05,9986.36,9965.19,9977.71,193.5709
2020-01-03 20:00:00,10014.07,10017.62,9991.59,10013.02,16.8086
2020-01-03 20:15:00,10023.01,10049.11,10012.24,10013.83,18.588
2020-01-03 20:30:00,9988.93,9995.16,9950.91,9984.85,76.3564
2020-01-03 20:45:00,9969.83,10003.3,9969.25,9999.19,98.1508
2020-01-03 21:00:00,9992.52,10008.12,9978.65,10005.66,54.5072
2020-01-03 21:15:00,9966.29,9999.47,9939.7,9988.14,30.9781
2020-01-03 21:30:00,9992.49,10005.58,9981.0,9990.73,6.9556
2020-01-03 21:45:00,9982.08,9985.23,9958.15,9979.68,5.1076
2020-01-03 22:00:00,9986.41,9991.02,9975.7,9983.58,4.1677
2020-01-03 22:15:00,9994.32,10038.41,9983.48,10003.91,231.5498
2020-01-03 22:30:00,10058.79,10074.86,10051.27,10052.01,14.0823
2020-01-03 22:45:00,10022.36,10033.28,10005.57,10015.19,34.9733
2020-01-03 23:00:00,10067.12,10083.35,10031.07,10079.78,426.1034
2020-01-03 23:15:00,10006.56,10061.86,9989.91,10021.25,262.382
2020-01-03 23:30:00,10017.19,10033.37,10010.12,10017.19,4.3808
2020-01-03 23:45:00,10053.35,10066.36,10033.2,10035.37,80.132
2020-01-04 00:00:00,10061.4,10066.94,10026.01,10044.33,100.3753
2020-01-04 00:15:00,10031.72,10032.39,10017.87,10026.07,5.5633
2020-01-04 00:30:00,10012.99,10033.46,10001.38,10020.31,130.2417
2020-01-04 00:45:00,10014.86,10020.34,9979.3,10005.99,441.2073
2020-01-04 01:00:00,9984.28,10011.96,9966.15,9988.8,56.1031
2020-01-04 01:15:00,10007.07,10021.01,10006.78,10014.76,59.6779
2020-01-04 01:30:00,10004.49,10031.14,9998.52,10025.99,107.6891
2020-01-04 01:45:00,10006.67,10013.55,9991.96,10005.65,133.3862
2020-01-04 02:00:00,10026.83,10038.08,10002.71,10033.15,155.9564
2020-01-04 02:15:00,10043.87,10069.62,10035.74,10042.9,8.0754
2020-01-04 02:30:00,10044.74,10084.08,10029.08,10067.89,161.2888
2020-01-04 02:45:00,10089.13,10115.75,10068.47,10087.41,199.5644
2020-01-04 03:00:00,10038.37,10065.13,10038.11,10062.83,4.6282
2020-01-04 03:15:00,10057.35,10057.63,10033.15,10046.42,3.9921
2020-01-04 03:30:00,10074.7,10118.06,10046.72,10069.45,80.0489
2020-01-04 03:45:00,10085.58,10095.04,10075.36,10088.39,68.6781
2020-01-04 04:00:00,10093.94,10113.77,10074.9,10088.26,391.687
2020-01-04 04:15:00,10082.45,10101.16,10061.98,10092.32,34.8709
2020-01-04 04:30:00,10132.24,10142.31,10100.27,10131.5,89.2086
2020-01-04 04:45:00,10122.07,10123.56,10086.66,10114.03,70.6584
2020-01-04 05:00:00,10099.79,10135.6,10071.55,10131.14,76.7296
2020-01-04 05:15:00,10120.97,10144.71,10097.38,10125.5,107.7835
2020-01-04 05:30:00,10119.16,10136.67,10098.89,10119.39,77.1314
2020-01-04 05:45:00,10151.26,10160.18,10138.74,10153.25,0.6969
2020-01-04 06:00:00,10193.74,10204.38,10113.01,10178.9,185.6044
2020-01-04 06:15:00,10192.79,10226.58,10191.14,10204.26,22.4588
2020-01-04 06:30:00,10238.37,10250.58,10207.29,10244.73,26.2865
2020-01-04 06:45:00,10226.26,10267.71,10209.33,10245.89,104.4047
2020-01-04 07:00:00,10282.87,10302.7,10263.64,10267.36,64.9612
2020-01-04 07:15:00,10255.79,10296.75,10249.32,10258.32,85.4443
2020-01-04 07:30:00,10264.31,10291.05,10231.84,10268.81,68.8158
2020-01-04 07:45:00,10264.77,10282.59,10257.12,10265.31,54.1049
2020-01-04 08:00:00,10275.35,10275.6,10248.76,10268.81,66.0298
2020-01-04 08:15:00,10291.23,10322.28,10268.79,10287.66,15.2086
2020-01-04 08:30:00,10290.1,10312.8,10255.18,10262.92,348.3681
2020-01-04 08:45:00,10332.54,10348.1,10320.36,10327.86,85.5082
2020-01-04 09:00:00,10292.41,10306.33,10291.76,10297.2,33.8017
2020-01-04 09:15:00,10254.45,10265.32,10246.7,10260.21,124.7717
2020-01-04 09:30:00,10292.33,10311.32,10278.08,10296.37,212.1148
2020-01-04 09:45:00,10305.84,10324.3,10271.05,10321.34,35.1641
2020-01-04 10:00:00,10341.59,10350.58,10326.18,10341.18,39.2319
2020-01-04 10:15:00,10369.31,10379.58,10352.47,10361.19,57.723
2020-01-04 10:30:00,10354.97,10402.49,10323.29,10361.33,24.4993
2020-01-04 10:45:00,10325.61,10349.73,10303.46,10333.96,165.9618
2020-01-04 11:00:00,10352.49,10373.33,10325.19,10336.82,87.7495
2020-01-04 11:15:00,10301.62,10354.68,10300.17,10316.34,5.8736
2020-01-04 11:30:00,10325.64,10352.99,10302.73,10347.04,571.5069
2020-01-04 11:45:00,10331.06,10370.07,10330.88,10342.99,85.5599
2020-01-04 12:00:00,10302.0,10355.22,10283.89,10317.89,220.6696
2020-01-04 12:15:00,10312.44,10327.53,10278.63,10308.46,69.6389
2020-01-04 12:30:00,10318.02,10342.15,10281.98,10321.74,87.335
2020-01-04 12:45:00,10302.54,10331.67,10290.73,10304.8,60.6007
2020-01-04 13:00:00,10291.75,10323.21,10267.71,10279.9,54.9498
2020-01-04 13:15:00,10280.82,10302.39,10280.79,10287.93,24.629
2020-01-04 13:30:00,10303.99,10315.87,10260.03,10296.0,327.3444
2020-01-04 13:45:00,10296.4,10299.46,10261.07,10280.86,20.0613
2020-01-04 14:00:00,10262.17,10272.87,10254.62,10266.85,74.7401
2020-01-04 14:15:00,10282.08,10289.49,10258.94,10274.51,9.1125
2020-01-04 14:30:00,10227.91,10262.12,10212.92,10230.39,501.7192
2020-01-04 14:45:00,10197.12,10250.31,10181.99,10187.7,81.1202
2020-01-04 15:00:00,10150.28,10168.37,10120.5,10166.25,168.5149
2020-01-04 15:15:00,10143.53,10169.47,10135.67,10160.25,82.7659
2020-01-04 15:30:00,10166.26,10171.38,10152.81,10170.24,163.468
2020-01-04 15:45:00,10206.68,10241.99,10182.8,10215.76,76.445
2020-01-04 16:00:00,10237.26,10259.54,10226.04,10242.55,58.8741
2020-01-04 16:15:00,10235.9,10259.99,10219.3,10238.15,60.8633
2020-01-04 16:30:00,10245.45,10258.01,10204.06,10238.08,0.2346
2020-01-04 16:45:00,10203.64,10228.41,10193.11,10207.8,46.3076
2020-01-04 17:00:00,10199.33,10262.76,10187.36,10207.74,303.5389
2020-01-04 17:15:00,10195.83,10212.37,10194.69,10199.41,112.5707
2020-01-04 17:30:00,10201.95,10221.96,10179.28,10209.8,251.7252
2020-01-04 17:45:00,10175.46,10198.73,10136.49,10184.97,22.3472
2020-01-04 18:00:00,10184.89,10217.78,10177.25,10201.35,67.5622
2020-01-04 18:15:00,10249.48,10268.03,10226.93,10248.77,3.509
2020-01-04 18:30:00,10240.11,10262.29,10239.4,10245.94,113.0264
2020-01-04 18:45:00,10268.71,10277.45,10217.8,10258.8,153.2552
2020-01-04 19:00:00,10265.67,10286.84,10236.84,10280.55,137.7538
2020-01-04 19:15:00,10263.12,10270.97,10254.41,10268.69,9.0768
2020-01-04 19:30:00,10294.74,10314.01,10255.34,10276.11,28.4391
2020-01-04 19:45:00,10267.35,10296.05,10254.84,10277.01,106.6612
2020-01-04 20:00:00,10278.1,10289.0,10262.29,10280.53,142.2921
2020-01-04 20:15:00,10244.73,10261.24,10191.68,10257.21,32.0495
2020-01-04 20:30:00,10244.64,10269.83,10233.81,10258.47,52.1282
2020-01-04 20:45:00,10290.21,10306.49,10268.87,10274.31,43.2733
2020-01-04 21:00:00,10321.32,10352.27,10316.94,10319.55,0.4575
2020-01-04 21:15:00,10351.15,10367.21,10315.92,10349.77,85.9233
2020-01-04 21:30:00,10399.47,10430.27,10373.07,10417.14,110.5978
2020-01-04 21:45:00,10397.41,10412.99,10367.95,10393.68,32.3566
2020-01-04 22:00:00,10433.46,10439.98,10421.06,10421.4,116.4062
2020-01-04 22:15:00,10439.64,10442.18,10410.31,10427.65,27.806
2020-01-04 22:30:00,10503.69,10509.71,10466.23,10496.68,125.7129
2020-01-04 22:45:00,10459.92,10515.91,10428.95,10471.75,61.0991
2020-01-04 23:00:00,10449.16,10451.36,10427.98,10445.89,205.5217
2020-01-04 23:15:00,10434.59,10444.02,10426.33,10427.63,78.6874
2020-01-04 23:30:00,10343.12,10367.18,10322.95,10361.71,20.4141
2020-01-04 23:45:00,10334.29,10355.81,10293.65,10345.89,172.6035
2020-01-05 00:00:00,10332.01,10358.92,10320.82,10322.84,150.3631
2020-01-05 00:15:00,10337.06,10359.8,10300.2,10328.02,8.7988
2020-01-05 00:30:00,10323.11,10355.01,10314.26,10339.12,4.9233
2020-01-05 00:45:00,10406.1,10412.36,10368.86,10397.83,14.6519
2020-01-05 01:00:00,10428.99,10447.77,10407.63,10428.0,186.6365
2020-01-05 01:15:00,10418.6,10422.35,10402.95,10410.47,38.6225
2020-01-05 01:30:00,10376.35,10393.27,10351.71,10382.93,70.2695
2020-01-05 01:45:00,10405.49,10410.11,10391.66,10398.78,92.3734
2020-01-05 02:00:00,10366.85,10393.05,10332.85,10358.11,136.0554
2020-01-05 02:15:00,10411.88,10420.06,10407.23,10415.54,177.1694
2020-01-05 02:30:00,10453.1,10458.05,10449.72,10452.91,72.5393
2020-01-05 02:45:00,10431.95,10461.58,10430.86,10438.72,53.7443
2020-01-05 03:00:00,10402.75,10405.89,10365.93,10385.6,21.8084
2020-01-05 03:15:00,10427.04,10435.25,10422.03,10428.3,93.5271
2020-01-05 03:30:00,10415.62,10457.69,10413.69,10425.24,79.8235
2020-01-05 03:45:00,10456.98,10487.51,10454.01,10464.47,34.4126
2020-01-05 04:00:00,10416.26,10434.86,10392.51,10414.94,59.0958
2020-01-05 04:15:00,10404.56,10405.16,10381.75,10396.73,134.5732
2020-01-05 04:30:00,10383.53,10425.06,10338.51,10397.42,98.6391
2020-01-05 04:45:00,10418.62,10443.92,10394.72,10399.4,65.728
2020-01-05 05:00:00,10389.09,10400.45,10378.02,10385.88,31.7889
2020-01-05 05:15:00,10410.66,10430.76,10397.14,10405.81,110.2633
2020-01-05 05:30:00,10371.99,10379.02,10361.09,10373.0,98.7942
2020-01-05 05:45:00,10369.29,10400.26,10361.53,10369.09,61.292
2020-01-05 06:00:00,10371.81,10381.73,10371.3,10373.35,27.2497
2020-01-05 06:15:00,10400.45,10417.9,10362.9,10389.87,19.2222
2020-01-05 06:30:00,10412.49,10423.45,10398.72,10412.57,41.4606
2020-01-05 06:45:00,10385.92,10406.11,10322.7,10377.96,239.3767
2020-01-05 07:00:00,10326.24,10346.54,10315.09,10330.72,140.1963
2020-01-05 07:15:00,10372.86,10395.54,10364.34,10370.83,221.7048
2020-01-05 07:30:00,10373.35,10382.17,10363.03,10381.69,184.8958
2020-01-05 07:45:00,10371.5,10389.82,10318.95,10358.9,61.4119
2020-01-05 08:00:00,10398.94,10419.82,10392.85,10407.62,75.5964
2020-01-05 08:15:00,10408.37,10417.12,10397.08,10411.75,18.5831
2020-01-05 08:30:00,10445.82,10455.93,10412.35,10449.11,127.6085
2020-01-05 08:45:00,10448.05,10452.25,10440.49,10451.75,54.8093
2020-01-05 09:00:00,10524.49,10551.56,10492.14,10516.89,17.5865
2020-01-05 09:15:00,10569.45,10577.55,10533.71,10572.8,10.0212
2020-01-05 09:30:00,10580.15,10610.87,10552.44,10565.43,119.1171
2020-01-05 09:45:00,10588.08,10619.91,10570.89,10596.75,65.8172
2020-01-05 10:00:00,10619.6,10647.83,10593.32,10617.8,0.9036
2020-01-05 10:15:00,10653.65,10688.55,10649.79,10661.92,174.0205
2020-01-05 10:30:00,10636.07,10692.69,10629.89,10631.59,96.617
2020-01-05 10:45:00,10653.84,10663.91,10646.76,10654.01,3.9132
2020-01-05 11:00:00,10686.71,10694.15,10686.25,10688.37,36.339
2020-01-05 11:15:00,10645.14,10646.6,10606.66,10632.51,128.1595
2020-01-05 11:30:00,10588.36,10600.12,10581.02,10595.3,6.0844
2020-01-05 11:45:00,10537.18,10550.68,10517.13,10531.01,133.2763
2020-01-05 12:00:00,10514.93,10533.91,10503.82,10523.02,70.2986
2020-01-05 12:15:00,10547.39,10550.72,10524.83,10546.2,152.7201
2020-01-05 12:30:00,10581.59,10609.62,10569.35,10594.26,193.2657
2020-01-05 12:45:00,10590.12,10605.56,10569.54,10597.15,145.9977
2020-01-05 13:00:00,10648.58,10656.97,10608.49,10649.45,8.1291
2020-01-05 13:15:00,10625.14,10646.33,10551.12,10605.89,61.6878
2020-01-05 13:30:00,10553.29,10608.38,10536.32,10552.22,38.3805
2020-01-05 13:45:00,10568.45,10584.37,10541.09,10550.99,71.0278
2020-01-05 14:00:00,10566.01,10592.85,10554.22,10563.68,337.5586
2020-01-05 14:15:00,10559.08,10615.52,10554.0,10563.17,13.2842
2020-01-05 14:30:00,10514.34,10528.8,10493.15,10498.18,200.6922
2020-01-05 14:45:00,10500.49,10514.86,10488.84,10495.9,469.4344
2020-01-05 15:00:00,10448.63,10465.61,10429.7,10455.35,460.737
2020-01-05 15:15:00,10481.81,10484.13,10459.56,10476.88,159.302
2020-01-05 15:30:00,10485.86,10501.54,10485.33,10488.92,62.6574
2020-01-05 15:45:00,10439.07,10478.79,10435.15,10459.87,19.6016
2020-01-05 16:00:00,10454.05,10462.46,10443.85,10444.27,93.7037
2020-01-05 16:15:00,10423.01,10444.11,10403.01,10411.61,94.2565
2020-01-05 16:30:00,10429.3,10437.62,10373.1,10410.17,38.0433
2020-01-05 16:45:00,10444.93,10472.73,10413.98,10440.52,95.9256
2020-01-05 17:00:00,10407.58,10426.22,10391.97,10410.17,12.3917
2020-01-05 17:15:00,10435.13,10447.88,10410.92,10426.43,100.5145
2020-01-05 17:30:00,10419.21,10435.12,10399.32,10410.36,227.0335
2020-01-05 17:45:00,10403.14,10425.6,10379.97,10386.12,63.8783
2020-01-05 18:00:00,10382.84,10400.82,10356.62,10383.31,144.6312
2020-01-05 18:15:00,10349.86,10373.71,10343.03,10351.58,100.9614
2020-01-05 18:30:00,10327.51,10354.04,10300.41,10334.9,0.3069
2020-01-05 18:45:00,10303.81,10305.0,10275.25,10298.28,13.0107
2020-01-05 19:00:00,10343.45,10401.76,10328.77,10359.49,149.0924
2020-01-05 19:15:00,10369.15,10389.47,10338.15,10361.11,4.1294
2020-01-05 19:30:00,10345.95,10347.72,10336.45,10339.88,312.921
2020-01-05 19:45:00,10353.08,10370.49,10321.36,10347.03,224.5035
2020-01-05 20:00:00,10345.49,10346.65,10283.97,10344.06,45.0005
2020-01-05 20:15:00,10353.57,10374.65,10327.6,10337.72,37.162
2020-01-05 20:30:00,10366.32,10408.74,10312.25,10357.29,94.9154
2020-01-05 20:45:00,10375.04,10384.23,10365.76,10381.34,94.6216
2020-01-05 21:00:00,10359.23,10408.59,10351.37,10365.34,9.3249
2020-01-05 21:15:00,10338.85,10351.29,10324.37,10347.95,24.2563
2020-01-05 21:30:00,10345.63,10350.52,10339.08,10339.93,101.1884
2020-01-05 21:45:00,10258.77,10296.99,10251.93,10269.04,161.3298
2020-01-05 22:00:00,10233.95,10248.52,10197.75,10222.88,21.3196
2020-01-05 22:15:00,10278.89,10289.7,10264.49,10265.31,121.0434
2020-01-05 22:30:00,10307.41,10324.86,10305.53,10316.48,204.3883
2020-01-05 22:45:00,10307.37,10317.14,10290.93,10309.29,12.5342
2020-01-05 23:00:00,10327.81,10339.63,10306.37,10327.63,57.8219
2020-01-05 23:15:00,10346.93,10347.6,10311.68,10337.79,190.083
2020-01-05 23:30:00,10450.59,10478.11,10399.89,10433.8,46.3031
2020-01-05 23:45:00,10451.72,10486.72,10439.84,10469.36,31.3968
2020-01-06 00:00:00,10462.54,10475.24,10459.11,10465.87,136.8905
2020-01-06 00:15:00,10433.61,10442.81,10416.37,10436.39,51.2123
2020-01-06 00:30:00,10372.07,10452.22,10371.01,10386.62,122.5236
2020-01-06 00:45:00,10388.43,10406.12,10359.95,10393.47,13.5123
2020-01-06 01:00:00,10374.85,10398.34,10363.04,10370.41,80.634
2020-01-06 01:15:00,10323.8,10342.55,10305.29,10326.68,47.7167
2020-01-06 01:30:00,10291.25,10324.39,10285.85,10307.17,591.638
2020-01-06 01:45:00,10303.77,10313.53,10249.85,10274.24,89.4998
2020-01-06 02:00:00,10329.5,10337.05,10317.39,10326.76,114.6224
2020-01-06 02:15:00,10355.74,10385.79,10339.69,10354.59,14.0453
2020-01-06 02:30:00,10343.49,10362.27,10306.61,10354.86,482.4473
2020-01-06 02:45:00,10404.06,10406.31,10396.64,10401.35,5.2773
2020-01-06 03:00:00,10402.57,10415.63,10394.52,10404.28,7.3471
2020-01-06 03:15:00,10358.32,10379.39,10329.36,10377.92,7.8757
2020-01-06 03:30:00,10414.7,10441.77,10391.54,10425.86,204.4852
2020-01-06 03:45:00,10451.54,10471.18,10429.87,10443.23,130.4122
2020-01-06 04:00:00,10431.5,10492.26,10395.78,10411.26,361.3881
2020-01-06 04:15:00,10409.66,10418.69,10378.75,10405.84,6.8879
2020-01-06 04:30:00,10390.47,10429.07,10375.67,10379.02,117.6603
2020-01-06 04:45:00,10334.87,10341.42,10318.76,10336.48,76.2003
2020-01-06 05:00:00,10364.82,10371.96,10329.53,10365.72,101.9255
2020-01-06 05:15:00,10436.99,10465.29,10408.97,10425.62,71.9319
2020-01-06 05:30:00,10399.66,10403.97,10339.07,10382.4,112.4998
2020-01-06 05:45:00,10413.98,10424.09,10382.68,10400.45,237.5791
2020-01-06 06:00:00,10369.6,10400.15,10347.34,10380.67,88.5456
2020-01-06 06:15:00,10365.32,10372.61,10360.66,10366.02,226.7371
2020-01-06 06:30:00,10350.99,10361.29,10327.51,10348.11,152.4005
2020-01-06 06:45:00,10319.13,10329.93,10290.36,10321.81,200.1918
2020-01-06 07:00:00,10327.83,10361.15,10276.96,10323.83,107.6609
2020-01-06 07:15:00,10307.06,10324.65,10292.94,10298.61,73.1069
2020-01-06 07:30:00,10317.82,10329.51,10302.11,10307.48,7.2092
2020-01-06 07:45:00,10323.82,10380.62,10283.51,10306.44,180.1219
2020-01-06 08:00:00,10296.17,10314.65,10290.55,10299.57,27.7086
2020-01-06 08:15:00,10258.03,10287.55,10250.32,10272.04,3.735
2020-01-06 08:30:00,10258.45,10261.44,10218.31,10254.78,73.2036
2020-01-06 08:45:00,10297.89,10329.1,10252.23,10278.53,100.1075
2020-01-06 09:00:00,10289.58,10313.88,10286.39,10294.49,108.4211
2020-01-06 09:15:00,10271.87,10307.91,10247.71,10264.82,110.7802
2020-01-06 09:30:00,10275.53,10305.11,10258.88,10268.39,106.0514
2020-01-06 09:45:00,10294.02,10296.51,10291.64,10292.05,165.1261
2020-01-06 10:00:00,10241.09,10244.64,10222.37,10241.02,146.6904
2020-01-06 10:15:00,10248.75,10276.33,10248.21,10258.22,167.576
2020-01-06 10:30:00,10214.98,10251.07,10208.9,10238.34,61.6672
2020-01-06 10:45:00,10244.98,10272.72,10229.02,10256.38,6.4879
2020-01-06 11:00:00,10229.42,10262.91,10203.93,10233.41,102.0475
2020-01-06 11:15:00,10189.68,10232.78,10165.72,10178.51,23.5994
2020-01-06 11:30:00,10128.28,10132.97,10116.36,10129.32,196.2701
2020-01-06 11:45:00,10126.03,10133.59,10096.02,10131.29,127.8932
2020-01-06 12:00:00,10130.66,10141.87,10128.51,10139.69,145.1878
2020-01-06 12:15:00,10119.33,10125.74,10112.12,10112.69,33.7464
2020-01-06 12:30:00,10146.33,10172.52,10080.15,10132.57,100.2541
2020-01-06 12:45:00,10093.29,10124.43,10072.6,10082.57,75.0954
2020-01-06 13:00:00,10087.19,10110.57,10074.41,10081.07,31.2592
2020-01-06 13:15:00,10030.13,10047.04,10025.88,10044.95,167.2514
2020-01-06 13:30:00,10022.29,10035.6,10012.78,10025.81,79.8415
2020-01-06 13:45:00,10047.27,10059.51,10024.61,10027.74,21.1695
2020-01-06 14:00:00,10013.58,10065.36,9982.57,10002.36,36.4199
2020-01-06 14:15:00,9975.96,9998.39,9965.23,9991.32,25.7615
2020-01-06 14:30:00,10021.42,10037.62,10006.27,10021.98,37.4548
2020-01-06 14:45:00,10008.77,10011.53,9975.94,10005.14,20.8463
2020-01-06 15:00:00,10023.08,10032.45,10012.66,10030.72,46.3845
2020-01-06 15:15:00,9974.14,9999.89,9950.65,9997.23,118.4115
2020-01-06 15:30:00,10014.61,10031.7,10003.04,10013.62,320.1513
2020-01-06 15:45:00,10049.5,10067.47,10045.46,10057.42,23.6401
2020-01-06 16:00:00,9975.53,9986.67,9952.65,9983.35,35.6432
2020-01-06 16:15:00,9956.45,9973.86,9930.85,9959.98,0.2156
2020-01-06 16:30:00,9976.39,10005.24,9975.18,9977.72,25.5285
2020-01-06 16:45:00,9972.05,9976.71,9961.89,9972.14,54.2062
2020-01-06 17:00:00,9974.92,10004.61,9950.97,9983.75,61.9409
2020-01-06 17:15:00,9963.96,9966.87,9924.93,9966.16,30.9698
2020-01-06 17:30:00,9951.72,10009.35,9945.95,9969.24,16.2899
2020-01-06 17:45:00,9968.19,9987.28,9951.58,9965.09,82.7982
2020-01-06 18:00:00,9971.93,10018.21,9968.01,10000.49,52.6259
2020-01-06 18:15:00,10005.73,10035.37,9995.81,10008.63,55.5589
2020-01-06 18:30:00,10028.47,10035.7,10008.49,10019.27,225.361
2020-01-06 18:45:00,9996.78,10021.41,9969.13,10007.39,82.4265
2020-01-06 19:00:00,10000.41,10011.91,9970.81,9993.25,49.1578
2020-01-06 19:15:00,9992.31,9999.37,9978.37,9980.78,29.2748
2020-01-06 19:30:00,9960.03,10006.97,9931.56,9993.09,55.9662
2020-01-06 19:45:00,9979.46,10022.36,9970.5,9980.97,197.9549
2020-01-06 20:00:00,9961.41,9993.48,9955.48,9990.14,335.527
2020-01-06 20:15:00,10051.66,10076.81,10028.87,10052.84,47.3579
2020-01-06 20:30:00,10079.55,10080.96,10073.27,10079.62,23.4435
2020-01-06 20:45:00,10045.26,10075.13,10020.35,10070.26,245.9469
2020-01-06 21:00:00,10126.51,10152.18,10098.92,10107.06,15.5996
2020-01-06 21:15:00,10098.08,10102.05,10093.01,10095.19,35.2947
2020-01-06 21:30:00,10025.45,10042.18,9995.88,10033.97,22.8339
2020-01-06 21:45:00,10018.78,10046.26,9974.96,10004.12,83.4318
2020-01-06 22:00:00,9930.61,9959.37,9906.46,9948.48,52.5332
2020-01-06 22:15:00,9926.27,10005.04,9906.84,9938.48,33.8507
2020-01-06 22:30:00,9916.67,9943.95,9909.85,9939.53,146.0708
2020-01-06 22:45:00,10008.01,10017.05,9967.13,9990.02,109.0992
2020-01-06 23:00:00,10003.64,10014.6,9996.26,10000.31,540.6231
2020-01-06 23:15:00,10000.83,10026.46,9944.06,9994.24,37.3949
2020-01-06 23:30:00,10022.62,10031.33,10006.17,10019.61,186.6145
2020-01-06 23:45:00,9959.36,9959.92,9951.53,9953.64,36.0263
2020-01-07 00:00:00,9961.96,10009.49,9926.21,9961.18,0.9078
2020-01-07 00:15:00,9987.42,10019.58,9942.22,9984.71,16.3576
2020-01-07 00:30:00,9941.99,9950.26,9940.88,9940.92,71.0233
2020-01-07 00:45:00,9969.46,9977.0,9959.11,9975.53,166.078
2020-01-07 01:00:00,9985.69,9994.59,9947.43,9986.16,5.9127
2020-01-07 01:15:00,9976.94,9985.03,9951.78,9974.22,178.3878
2020-01-07 01:30:00,9994.75,10003.78,9984.23,9993.65,125.9043
2020-01-07 01:45:00,10047.36,10070.3,10037.97,10062.23,3.5129
2020-01-07 02:00:00,10054.68,10089.72,10052.91,10068.22,11.238
2020-01-07 02:15:00,10087.13,10113.26,10049.77,10076.22,7.8643
2020-01-07 02:30:00,10059.75,10103.2,10022.85,10062.84,113.6292
2020-01-07 02:45:00,10043.55,10060.36,10029.3,10037.69,82.3323
2020-01-07 03:00:00,10052.2,10074.73,10048.28,10063.19,44.4505
2020-01-07 03:15:00,10023.06,10045.1,9990.76,10037.85,9.2457
2020-01-07 03:30:00,10032.04,10056.15,10024.96,10040.51,49.9196
2020-01-07 03:45:00,10024.39,10039.01,10001.47,10026.62,114.6248
2020-01-07 04:00:00,10034.85,10051.07,10023.94,10041.53,9.8067
2020-01-07 04:15:00,10065.09,10083.22,10035.57,10052.08,194.2012
2020-01-07 04:30:00,10085.68,10111.42,10075.15,10083.87,6.4974
2020-01-07 04:45:00,10087.57,10091.45,10059.8,10068.95,93.6988
2020-01-07 05:00:00,10065.37,10074.69,10015.18,10061.3,20.9669
2020-01-07 05:15:00,10008.06,10037.13,10003.32,10032.26,9.6114
2020-01-07 05:30:00,10029.97,10030.33,10006.09,10019.39,43.8461
2020-01-07 05:45:00,10016.09,10047.6,9990.64,10031.23,109.9397
2020-01-07 06:00:00,10056.83,10075.8,10034.37,10054.51,12.9031
2020-01-07 06:15:00,10019.43,10040.57,10013.82,10027.2,64.5686
2020-01-07 06:30:00,10075.4,10092.19,10037.76,10053.86,52.1056
2020-01-07 06:45:00,10109.79,10145.71,10089.18,10095.25,55.7663
2020-01-07 07:00:00,10100.78,10108.92,10097.4,10108.28,287.2042
2020-01-07 07:15:00,10164.4,10195.29,10141.85,10165.7,42.9292
2020-01-07 07:30:00,10145.09,10201.8,10137.33,10142.61,478.2971
2020-01-07 07:45:00,10113.97,10119.8,10094.23,10105.24,77.3037
2020-01-07 08:00:00,10052.12,10065.69,10025.77,10051.83,184.8208
2020-01-07 08:15:00,10087.09,10134.27,10077.27,10097.44,42.9037
2020-01-07 08:30:00,10110.51,10122.09,10094.94,10117.77,8.8584
2020-01-07 08:45:00,10116.54,10139.64,10111.66,10116.59,8.818
2020-01-07 09:00:00,10138.09,10158.51,10103.75,10125.59,85.3666
2020-01-07 09:15:00,10096.23,10104.35,10087.44,10091.91,265.8058
2020-01-07 09:30:00,10158.6,10189.3,10149.57,10166.46,7.3884
2020-01-07 09:45:00,10177.5,10202.06,10165.22,10170.91,116.834
2020-01-07 10:00:00,10170.82,10175.96,10165.68,10174.76,82.8397
2020-01-07 10:15:00,10206.5,10251.96,10177.2,10197.42,105.6273
2020-01-07 10:30:00,10238.45,10253.97,10178.38,10212.64,24.2761
2020-01-07 10:45:00,10216.35,10240.67,10205.12,10220.01,7.3118
2020-01-07 11:00:00,10204.46,10220.73,10180.29,10196.29,7.7668
2020-01-07 11:15:00,10203.61,10225.46,10182.82,10211.22,28.3325
2020-01-07 11:30:00,10268.23,10275.77,10256.94,10269.38,24.034
2020-01-07 11:45:00,10311.65,10334.29,10307.85,10311.35,13.5084
2020-01-07 12:00:00,10359.14,10378.31,10358.62,10361.15,30.7454
2020-01-07 12:15:00,10371.25,10375.29,10342.15,10345.77,76.3513
2020-01-07 12:30:00,10312.41,10326.3,10303.83,10315.58,298.6055
2020-01-07 12:45:00,10318.25,10369.08,10307.52,10312.2,255.4498
2020-01-07 13:00:00,10294.53,10331.76,10290.89,10314.44,31.7061
2020-01-07 13:15:00,10353.28,10359.81,10336.86,10348.81,6.8503
2020-01-07 13:30:00,10308.54,10310.07,10273.27,10296.78,543.3814
2020-01-07 13:45:00,10339.09,10366.36,10312.28,10344.55,64.7043
2020-01-07 14:00:00,10314.21,10388.7,10310.51,10340.16,383.0491
2020-01-07 14:15:00,10327.04,10360.56,10285.53,10327.44,77.1416
2020-01-07 14:30:00,10296.77,10298.49,10261.94,10296.6,217.4727
2020-01-07 14:45:00,10253.41,10298.13,10209.0,10245.99,59.2796
2020-01-07 15:00:00,10292.46,10305.48,10239.98,10271.81,97.2922
2020-01-07 15:15:00,10270.67,10283.43,10258.95,10274.58,76.7311
2020-01-07 15:30:00,10226.57,10253.89,10206.13,10235.33,24.8304
2020-01-07 15:45:00,10184.18,10204.21,10163.12,10196.08,144.3069
2020-01-07 16:00:00,10188.33,10205.41,10176.72,10186.32,5.6365
2020-01-07 16:15:00,10242.74,10270.78,10236.21,10237.83,45.0063
2020-01-07 16:30:00,10224.79,10246.95,10211.97,10230.37,203.9473
2020-01-07 16:45:00,10192.68,10223.02,10168.49,10184.75,69.8529
2020-01-07 17:00:00,10182.48,10216.96,10164.68,10177.75,8.0826
2020-01-07 17:15:00,10170.37,10199.15,10138.42,10169.93,23.2601
2020-01-07 17:30:00,10079.05,10132.92,10038.07,10088.16,11.6129
2020-01-07 17:45:00,10082.16,10098.66,10033.69,10087.02,32.5222
2020-01-07 18:00:00,10056.04,10090.76,10017.64,10080.53,18.0697
2020-01-07 18:15:00,10104.47,10122.93,10091.77,10102.09,124.4624
2020-01-07 18:30:00,10158.9,10170.69,10117.07,10158.63,107.7124
2020-01-07 18:45:00,10195.39,10235.94,10173.04,10193.47,14.5117
2020-01-07 19:00:00,10190.9,10197.45,10165.12,10185.76,58.8771
2020-01-07 19:15:00,10156.37,10198.19,10123.25,10152.46,35.0752
2020-01-07 19:30:00,10230.21,10253.46,10214.03,10231.34,41.1306
2020-01-07 19:45:00,10234.17,10242.12,10228.78,10233.67,85.7974
2020-01-07 20:00:00,10220.24,10276.08,10204.3,10234.61,228.9561
2020-01-07 20:15:00,10228.41,10238.27,10207.22,10234.38,227.6187
2020-01-07 20:30:00,10241.49,10281.8,10219.03,10240.97,53.2767
2020-01-07 20:45:00,10229.52,10239.62,10226.6,10237.05,49.9548
2020-01-07 21:00:00,10228.74,10249.16,10212.2,10219.95,72.9761
2020-01-07 21:15:00,10196.97,10240.13,10193.76,10203.69,64.2673
2020-01-07 21:30:00,10205.4,10241.24,10193.41,10203.2,6.3776
2020-01-07 21:45:00,10188.26,10199.17,10182.98,10187.07,86.4527
2020-01-07 22:00:00,10173.38,10182.21,10152.25,10165.8,87.8832
2020-01-07 22:15:00,10178.71,10185.86,10168.57,10169.55,59.8451
2020-01-07 22:30:00,10169.33,10178.07,10133.35,10162.28,53.4375
2020-01-07 22:45:00,10187.14,10211.5,10176.67,10208.64,279.5992
2020-01-07 23:00:00,10140.06,10164.94,10122.69,10127.96,91.8353
2020-01-07 23:15:00,10177.15,10183.59,10135.99,10161.63,169.4339
2020-01-07 23:30:00,10195.21,10229.15,10168.17,10200.13,307.5665
2020-01-07 23:45:00,10139.59,10154.92,10120.43,10137.19,166.1267
2020-01-08 00:00:00,10118.26,10147.75,10094.2,10127.28,286.4346
2020-01-08 00:15:00,10096.79,10124.11,10090.14,10116.5,142.4177
2020-01-08 00:30:00,10066.85,10088.1,10046.7,10074.29,18.6475
2020-01-08 00:45:00,10045.85,10094.51,10042.31,10051.28,25.7386
2020-01-08 01:00:00,10014.74,10019.49,10003.39,10018.3,21.5542
2020-01-08 01:15:00,10061.81,10071.9,10041.89,10071.46,38.8794
2020-01-08 01:30:00,10092.83,10105.58,10054.33,10100.24,43.8494
2020-01-08 01:45:00,10139.16,10148.26,10117.37,10139.27,166.6972
2020-01-08 02:00:00,10153.9,10182.27,10144.8,10161.73,44.7619
2020-01-08 02:15:00,10133.32,10135.03,10100.5,10127.82,129.9085
2020-01-08 02:30:00,10119.28,10126.47,10063.53,10112.39,234.15
2020-01-08 02:45:00,10151.85,10160.19,10125.1,10127.74,12.1663
2020-01-08 03:00:00,10102.47,10103.77,10076.69,10091.11,0.0261
2020-01-08 03:15:00,10115.66,10134.4,10099.5,10113.2,219.5154
2020-01-08 03:30:00,10100.15,10107.01,10098.48,10106.42,27.2145
2020-01-08 03:45:00,10098.52,10106.79,10082.18,10095.56,16.6572
2020-01-08 04:00:00,10120.9,10139.67,10105.03,10117.6,34.9854
2020-01-08 04:15:00,10126.39,10162.97,10108.26,10131.59,20.5827
2020-01-08 04:30:00,10129.05,10158.64,10120.44,10121.12,157.8191
2020-01-08 04:45:00,10142.63,10171.03,10141.87,10156.83,100.6511
2020-01-08 05:00:00,10121.92,10143.14,10083.97,10124.4,18.3087
2020-01-08 05:15:00,10149.25,10157.72,10140.0,10143.61,87.6022
2020-01-08 05:30:00,10159.24,10167.82,10158.14,10162.17,23.3309
2020-01-08 05:45:00,10151.14,10186.51,10140.5,10153.24,22.0093
2020-01-08 06:00:00,10162.28,10170.35,10125.75,10163.68,90.4973
2020-01-08 06:15:00,10117.58,10179.37,10116.63,10126.04,109.2691
2020-01-08 06:30:00,10166.54,10167.83,10145.69,10154.62,42.4957
2020-01-08 06:45:00,10139.16,10191.25,10136.96,10149.49,144.1416
2020-01-08 07:00:00,10137.31,10155.43,10131.99,10134.08,181.5322
2020-01-08 07:15:00,10170.69,10178.03,10156.52,10166.48,248.1045
2020-01-08 07:30:00,10135.88,10177.52,10124.53,10145.51,98.366
2020-01-08 07:45:00,10103.89,10126.56,10068.88,10103.15,24.8493
2020-01-08 08:00:00,10047.32,10069.24,10036.19,10056.47,138.0172
2020-01-08 08:15:00,10089.27,10136.04,10044.21,10075.26,11.4116
2020-01-08 08:30:00,10025.63,10047.06,10023.11,10037.06,19.9934
2020-01-08 08:45:00,10083.8,10110.48,10063.27,10090.4,178.8494
2020-01-08 09:00:00,10015.61,10041.44,9990.72,10027.88,241.7204
2020-01-08 09:15:00,10065.73,10114.74,10041.69,10079.42,6.9047
2020-01-08 09:30:00,10102.35,10131.66,10063.86,10086.3,37.4143
2020-01-08 09:45:00,10089.35,10099.95,10042.36,10083.88,99.2032
2020-01-08 10:00:00,10069.31,10116.73,10054.12,10067.9,279.1123
2020-01-08 10:15:00,10073.84,10084.61,10070.33,10080.46,84.5659
2020-01-08 10:30:00,10088.97,10109.42,10055.0,10079.83,172.0328
2020-01-08 10:45:00,10105.36,10123.68,10067.89,10113.69,256.0775
2020-01-08 11:00:00,10125.69,10147.05,10087.47,10117.66,73.1977
2020-01-08 11:15:00,10113.9,10155.32,10105.81,10122.73,134.8804
2020-01-08 11:30:00,10105.68,10150.28,10089.82,10112.2,108.5932
2020-01-08 11:45:00,10118.64,10132.48,10097.14,10110.97,111.2799
2020-01-08 12:00:00,10129.56,10158.18,10100.79,10120.82,72.7877
2020-01-08 12:15:00,10075.41,10079.87,10068.35,10069.4,97.6019
2020-01-08 12:30:00,10018.65,10051.86,9970.75,10029.17,80.8276
2020-01-08 12:45:00,10047.55,10062.27,10042.4,10052.04,101.5401
2020-01-08 13:00:00,10059.27,10067.14,10053.53,10057.69,70.3597
2020-01-08 13:15:00,10044.11,10056.81,10021.7,10052.65,25.1668
2020-01-08 13:30:00,10067.49,10070.41,10045.96,10053.7,118.2924
2020-01-08 13:45:00,10040.52,10081.04,10022.77,10064.69,48.456
2020-01-08 14:00:00,10041.07,10081.48,10028.89,10048.9,13.6669
2020-01-08 14:15:00,10020.83,10026.96,10010.09,10025.94,190.5987
2020-01-08 14:30:00,10003.8,10051.67,9991.82,10032.33,20.0095
2020-01-08 14:45:00,9989.42,10021.42,9951.58,10003.38,77.8071
2020-01-08 15:00:00,10022.4,10025.48,10006.97,10016.13,127.6964
2020-01-08 15:15:00,9965.78,9995.78,9924.13,9965.48,104.3279
2020-01-08 15:30:00,10012.47,10014.27,9972.83,9996.74,17.5377
2020-01-08 15:45:00,10026.88,10028.61,10007.82,10011.41,21.5843
2020-01-08 16:00:00,10023.94,10025.05,9993.36,10019.61,16.1165
2020-01-08 16:15:00,10052.79,10066.51,10047.59,10049.64,7.5313
2020-01-08 16:30:00,10101.03,10121.09,10071.54,10100.36,33.3061
2020-01-08 16:45:00,10104.7,10151.65,10103.79,10131.6,74.2628
2020-01-08 17:00:00,10062.1,10083.57,10032.11,10076.15,18.9891
2020-01-08 17:15:00,10038.99,10054.21,10027.81,10037.98,353.5618
2020-01-08 17:30:00,10025.84,10041.98,10015.01,10019.66,120.0082
2020-01-08 17:45:00,10023.85,10031.44,9999.84,10020.95,87.5712
2020-01-08 18:00:00,10028.06,10058.96,10026.06,10037.01,114.3877
2020-01-08 18:15:00,10025.05,10031.21,10007.92,10015.66,57.2612
2020-01-08 18:30:00,10036.63,10038.05,10019.25,10021.77,63.4705
2020-01-08 18:45:00,10008.94,10075.79,9990.94,9999.57,219.5211
2020-01-08 19:00:00,9991.6,10007.93,9972.88,9981.72,127.9916
2020-01-08 19:15:00,9934.54,9970.34,9921.24,9940.1,88.7186
2020-01-08 19:30:00,9923.73,9936.17,9898.48,9913.06,299.9992
2020-01-08 19:45:00,9874.8,9876.68,9867.58,9873.36,108.6608
2020-01-08 20:00:00,9849.98,9871.1,9832.72,9844.95,50.8645
2020-01-08 20:15:00,9880.17,9886.18,9837.78,9876.56,4.8621
2020-01-08 20:30:00,9847.73,9876.96,9845.02,9848.92,49.5405
2020-01-08 20:45:00,9918.66,9947.92,9913.55,9927.19,258.7681
2020-01-08 21:00:00,9941.57,9956.5,9912.2,9942.38,4.5677
2020-01-08 21:15:00,9958.21,9968.97,9929.84,9948.39,20.4031
2020-01-08 21:30:00,9918.89,9951.05,9906.15,9923.27,165.4161
2020-01-08 21:45:00,9953.5,9965.17,9935.88,9944.62,45.4059
2020-01-08 22:00:00,9935.26,9961.54,9920.87,9927.94,20.567
2020-01-08 22:15:00,9929.1,9933.01,9928.8,9932.07,169.1001
2020-01-08 22:30:00,10022.75,10027.48,9980.16,10008.85,81.7441
2020-01-08 22:45:00,10002.91,10007.74,9974.81,10006.46,79.5099
2020-01-08 23:00:00,10056.62,10060.59,10026.65,10041.46,34.7835
2020-01-08 23:15:00,10025.13,10033.94,10016.07,10020.78,112.4345
2020-01-08 23:30:00,10020.07,10035.07,10009.44,10020.23,197.9242
2020-01-08 23:45:00,10065.02,10091.79,10058.62,10073.97,138.7116
2020-01-09 00:00:00,10054.63,10059.33,10038.67,10055.52,94.7849
2020-01-09 00:15:00,10108.64,10144.45,10102.65,10110.7,43.1583
2020-01-09 00:30:00,10119.92,10136.26,10100.08,10132.67,192.9668
2020-01-09 00:45:00,10113.88,10121.88,10107.52,10116.08,83.4959
2020-01-09 01:00:00,10127.63,10159.44,10125.23,10135.78,220.3507
2020-01-09 01:15:00,10171.82,10182.01,10153.05,10165.86,29.3269
2020-01-09 01:30:00,10198.64,10199.33,10170.49,10185.33,106.2171
2020-01-09 01:45:00,10125.42,10154.42,10118.99,10137.86,273.6278
2020-01-09 02:00:00,10133.57,10158.68,10108.85,10116.25,46.8542
2020-01-09 02:15:00,10107.95,10157.07,10098.88,10109.25,302.1386
2020-01-09 02:30:00,10097.64,10122.39,10071.06,10107.49,49.8341
2020-01-09 02:45:00,10134.49,10154.73,10119.55,10126.82,57.5698
2020-01-09 03:00:00,10128.2,10135.23,10124.11,10132.73,164.2206
2020-01-09 03:15:00,10091.82,10111.26,10082.35,10092.64,30.2148
2020-01-09 03:30:00,10100.57,10118.08,10085.76,10104.66,122.3744
2020-01-09 03:45:00,10115.4,10127.16,10074.26,10123.67,35.4376
2020-01-09 04:00:00,10148.52,10166.57,10131.31,10141.18,90.0836
2020-01-09 04:15:00,10171.65,10193.96,10170.27,10174.57,149.5935
2020-01-09 04:30:00,10185.88,10214.38,10176.17,10200.53,2.6487
2020-01-09 04:45:00,10220.72,10227.58,10192.35,10215.09,9.2639
2020-01-09 05:00:00,10201.14,10215.58,10190.01,10213.45,272.3789
2020-01-09 05:15:00,10151.35,10172.44,10148.9,10163.07,169.1894
2020-01-09 05:30:00,10188.81,10216.62,10131.84,10176.68,209.5648
2020-01-09 05:45:00,10171.34,10202.95,10151.87,10183.53,57.793
2020-01-09 06:00:00,10168.72,10194.05,10157.75,10192.33,126.0021
2020-01-09 06:15:00,10160.13,10190.66,10147.94,10153.8,636.2666
2020-01-09 06:30:00,10118.3,10132.25,10107.62,10121.38,56.657
2020-01-09 06:45:00,10151.65,10158.41,10145.87,10153.86,187.5879
2020-01-09 07:00:00,10149.97,10194.99,10137.95,10153.17,8.2603
2020-01-09 07:15:00,10176.79,10204.75,10169.82,10174.43,78.4961
2020-01-09 07:30:00,10168.15,10190.06,10158.87,10175.81,40.5325
2020-01-09 07:45:00,10192.25,10196.54,10129.76,10177.22,74.0428
2020-01-09 08:00:00,10191.31,10222.47,10174.51,10206.38,12.1122
2020-01-09 08:15:00,10195.62,10210.99,10184.63,10191.09,45.8363
2020-01-09 08:30:00,10201.08,10213.38,10172.56,10194.54,7.9617
2020-01-09 08:45:00,10173.18,10181.61,10170.1,10180.91,60.3477
2020-01-09 09:00:00,10157.74,10203.17,10142.35,10168.15,58.3029
2020-01-09 09:15:00,10169.56,10183.79,10158.34,10159.22,40.0045
2020-01-09 09:30:00,10156.43,10171.02,10112.39,10166.5,296.2531
2020-01-09 09:45:00,10146.25,10163.91,10121.35,10152.41,8.6575
2020-01-09 10:00:00,10200.21,10208.35,10179.11,10191.16,174.2276
2020-01-09 10:15:00,10164.68,10165.84,10127.54,10164.32,43.8392
2020-01-09 10:30:00,10140.87,10201.43,10139.4,10159.13,22.2286
2020-01-09 10:45:00,10163.96,10171.83,10144.97,10146.24,31.8222
2020-01-09 11:00:00,10185.39,10226.66,10163.89,10190.79,232.1705
2020-01-09 11:15:00,10193.2,10200.33,10167.14,10197.31,174.239
2020-01-09 11:30:00,10232.0,10234.19,10189.35,10229.38,1.5883
2020-01-09 11:45:00,10190.67,10211.03,10165.82,10184.31,15.9382
2020-01-09 12:00:00,10212.96,10220.27,10163.96,10192.98,112.4014
2020-01-09 12:15:00,10203.72,10236.77,10147.86,10220.69,38.1867
2020-01-09 12:30:00,10232.17,10232.65,10175.88,10223.72,251.505
2020-01-09 12:45:00,10264.53,10287.84,10254.77,10256.91,154.4126
2020-01-09 13:00:00,10240.1,10245.27,10191.85,10241.51,207.9752
2020-01-09 13:15:00,10293.42,10310.67,10249.7,10285.32,21.4271
2020-01-09 13:30:00,10366.45,10385.69,10340.77,10356.77,16.3349
2020-01-09 13:45:00,10331.72,10356.57,10324.63,10346.02,268.7218
2020-01-09 14:00:00,10350.79,10367.86,10329.44,10332.71,51.784
2020-01-09 14:15:00,10362.1,10380.62,10322.51,10378.27,53.7369
2020-01-09 14:30:00,10416.13,10435.59,10396.74,10427.97,115.3821
2020-01-09 14:45:00,10409.41,10437.28,10356.22,10412.14,50.6586
2020-01-09 15:00:00,10419.55,10430.41,10393.32,10399.53,208.0974
2020-01-09 15:15:00,10388.06,10393.45,10356.0,10391.26,319.6011
2020-01-09 15:30:00,10349.54,10377.57,10334.62,10349.87,40.4244
2020-01-09 15:45:00,10336.64,10388.92,10290.28,10321.86,23.3267
2020-01-09 16:00:00,10288.19,10303.95,10260.62,10291.29,7.8292
2020-01-09 16:15:00,10255.99,10275.97,10243.74,10268.1,24.126
2020-01-09 16:30:00,10263.26,10277.7,10261.65,10267.54,15.0178
2020-01-09 16:45:00,10289.35,10303.37,10257.25,10275.27,2.9553
2020-01-09 17:00:00,10324.31,10331.82,10311.1,10323.58,4.7781
2020-01-09 17:15:00,10313.05,10325.85,10271.38,10293.17,71.2052
2020-01-09 17:30:00,10331.7,10342.79,10311.31,10324.08,123.0296
2020-01-09 17:45:00,10311.32,10352.2,10296.36,10317.97,408.9842
2020-01-09 18:00:00,10317.48,10330.36,10306.88,10316.96,16.9224
2020-01-09 18:15:00,10329.54,10342.45,10278.34,10338.36,119.809
2020-01-09 18:30:00,10297.17,10307.48,10282.21,10304.05,80.7429
2020-01-09 18:45:00,10362.6,10387.26,10296.42,10316.39,65.0328
2020-01-09 19:00:00,10332.57,10360.18,10283.33,10322.06,127.956
2020-01-09 19:15:00,10346.73,10370.76,10320.25,10337.82,27.2669
2020-01-09 19:30:00,10340.86,10361.83,10329.46,10347.31,37.2938
2020-01-09 19:45:00,10440.4,10453.66,10398.14,10424.04,48.5501
2020-01-09 20:00:00,10416.06,10435.57,10396.27,10404.62,20.1377
2020-01-09 20:15:00,10408.11,10414.37,10368.15,10388.57,65.1279
2020-01-09 20:30:00,10388.67,10404.1,10351.06,10369.67,14.141
2020-01-09 20:45:00,10337.59,10354.53,10312.13,10352.9,38.2936
2020-01-09 21:00:00,10322.16,10364.14,10309.35,10333.63,12.0093
2020-01-09 21:15:00,10360.59,10371.85,10338.61,10371.0,3.6543
2020-01-09 21:30:00,10405.89,10442.05,10392.88,10415.72,43.8831
2020-01-09 21:45:00,10401.77,10404.05,10394.48,10398.4,96.1158
2020-01-09 22:00:00,10367.08,10389.2,10360.48,10372.96,16.4745
2020-01-09 22:15:00,10409.68,10411.79,10375.87,10388.15,502.9391
2020-01-09 22:30:00,10391.21,10417.36,10358.96,10371.46,32.0685
2020-01-09 22:45:00,10391.6,10409.66,10364.78,10391.67,2.2956
2020-01-09 23:00:00,10418.85,10420.13,10388.42,10398.51,2.8435
2020-01-09 23:15:00,10367.15,10368.05,10340.48,10351.75,109.8318
2020-01-09 23:30:00,10395.64,10438.63,10382.17,10400.33,110.827
2020-01-09 23:45:00,10435.87,10482.19,10391.42,10456.88,232.9986
2020-01-10 00:00:00,10435.9,10445.06,10426.69,10438.18,9.5236
2020-01-10 00:15:00,10419.84,10434.9,10417.35,10426.56,47.2196
2020-01-10 00:30:00,10438.18,10449.66,10423.37,10436.02,220.0688
2020-01-10 00:45:00,10447.95,10457.49,10427.88,10447.01,159.7891
2020-01-10 01:00:00,10468.84,10492.47,10442.8,10468.18,26.5855
2020-01-10 01:15:00,10537.34,10558.09,10525.18,10531.83,220.6978
2020-01-10 01:30:00,10514.0,10527.87,10504.84,10526.77,114.1989
2020-01-10 01:45:00,10506.4,10519.57,10499.54,10502.08,30.6956
2020-01-10 02:00:00,10454.55,10466.16,10444.38,10459.15,4.586
2020-01-10 02:15:00,10438.82,10451.14,10412.82,10436.74,68.8047
2020-01-10 02:30:00,10446.21,10479.54,10401.35,10436.22,124.8544
2020-01-10 02:45:00,10480.08,10507.48,10460.55,10492.93,31.2855
2020-01-10 03:00:00,10474.21,10491.43,10455.79,10477.16,18.4808
2020-01-10 03:15:00,10483.47,10497.4,10475.65,10484.72,7.8266
2020-01-10 03:30:00,10479.33,10535.17,10470.89,10484.73,184.5316
2020-01-10 03:45:00,10532.1,10541.35,10481.21,10522.63,5.6286
2020-01-10 04:00:00,10595.29,10618.06,10568.06,10602.93,94.0081
2020-01-10 04:15:00,10580.69,10601.53,10558.61,10586.57,144.0722
2020-01-10 04:30:00,10564.05,10575.68,10548.75,10571.55,151.632
2020-01-10 04:45:00,10616.78,10634.16,10583.3,10605.2,106.045
2020-01-10 05:00:00,10622.19,10674.1,10614.95,10627.42,105.7843
2020-01-10 05:15:00,10691.75,10712.61,10671.39,10686.83,64.2629
2020-01-10 05:30:00,10727.24,10727.33,10703.86,10706.09,53.9065
2020-01-10 05:45:00,10694.28,10746.44,10672.07,10695.08,14.7752
2020-01-10 06:00:00,10726.48,10743.88,10699.28,10714.57,76.6479
2020-01-10 06:15:00,10768.71,10768.97,10726.14,10750.74,7.3679
2020-01-10 06:30:00,10788.81,10838.04,10757.12,10777.74,63.1482
2020-01-10 06:45:00,10794.5,10808.91,10792.97,10794.68,131.2675
2020-01-10 07:00:00,10836.72,10850.05,10809.37,10829.77,58.4944
2020-01-10 07:15:00,10854.31,10876.69,10843.07,10868.3,70.9852
2020-01-10 07:30:00,10905.39,10914.98,10905.36,10913.91,184.6464
2020-01-10 07:45:00,10929.08,10944.67,10906.12,10935.69,104.0105
2020-01-10 08:00:00,10955.25,10986.79,10927.84,10930.76,13.6503
2020-01-10 08:15:00,10927.23,10971.31,10895.82,10936.11,78.2934
2020-01-10 08:30:00,10967.16,11006.23,10956.26,10976.24,45.3462
2020-01-10 08:45:00,10938.46,10969.1,10913.14,10949.89,23.1721
2020-01-10 09:00:00,10968.69,10969.96,10950.21,10962.55,104.4035
2020-01-10 09:15:00,10951.72,10958.19,10926.41,10950.16,48.858
2020-01-10 09:30:00,10963.56,10974.96,10917.84,10951.65,145.8035
2020-01-10 09:45:00,11001.58,11016.76,10991.47,10994.2,88.31
2020-01-10 10:00:00,10985.87,11001.17,10960.54,11001.06,11.0101
2020-01-10 10:15:00,10994.26,11017.83,10959.97,11003.14,43.132
2020-01-10 10:30:00,10973.76,10977.14,10949.27,10958.8,31.4496
2020-01-10 10:45:00,10981.65,10999.18,10981.65,10983.88,16.2487
2020-01-10 11:00:00,11018.77,11030.62,10982.21,11005.7,161.0536
2020-01-10 11:15:00,11076.02,11110.85,11063.95,11077.68,47.5666
2020-01-10 11:30:00,11057.29,11077.97,11040.73,11068.0,95.0
2020-01-10 11:45:00,11072.47,11086.78,11059.13,11075.83,213.7173
2020-01-10 12:00:00,11073.94,11085.5,11065.68,11084.67,78.3086
2020-01-10 12:15:00,11131.39,11178.12,11094.8,11137.68,29.8515
2020-01-10 12:30:00,11137.29,11195.49,11120.12,11135.06,156.3914
2020-01-10 12:45:00,11150.64,11160.99,11083.0,11144.93,57.2266
2020-01-10 13:00:00,11148.06,11184.43,11107.92,11165.82,82.9738
2020-01-10 13:15:00,11172.43,11197.87,11169.82,11172.63,232.3637
2020-01-10 13:30:00,11151.68,11165.7,11144.28,11158.22,67.1924
2020-01-10 13:45:00,11158.04,11190.64,11146.07,11165.28,40.7509
2020-01-10 14:00:00,11203.28,11212.22,11198.43,11201.8,129.9726
2020-01-10 14:15:00,11161.71,11172.2,11134.92,11167.86,14.3294
2020-01-10 14:30:00,11188.32,11192.54,11162.73,11172.87,245.0206
2020-01-10 14:45:00,11163.21,11172.87,11135.5,11149.97,247.1553
2020-01-10 15:00:00,11203.72,11208.45,11166.33,11190.5,86.609
2020-01-10 15:15:00,11134.41,11167.09,11122.84,11139.92,16.7586
2020-01-10 15:30:00,11111.09,11150.77,11095.53,11121.8,60.1646
2020-01-10 15:45:00,11135.85,11162.9,11132.54,11134.94,55.0442
2020-01-10 16:00:00,11186.11,11229.71,11175.44,11187.79,35.4269
2020-01-10 16:15:00,11179.34,11189.39,11165.61,11186.15,19.2493
2020-01-10 16:30:00,11154.94,11175.47,11151.24,11168.07,30.6112
2020-01-10 16:45:00,11231.19,11265.72,11195.66,11231.66,81.0869
2020-01-10 17:00:00,11178.91,11229.51,11167.03,11183.43,115.7429
2020-01-10 17:15:00,11117.87,11142.27,11092.02,11110.22,389.2033
2020-01-10 17:30:00,11132.84,11133.86,11086.17,11125.44,24.3038
2020-01-10 17:45:00,11121.47,11134.86,11092.61,11109.24,22.8176
2020-01-10 18:00:00,11061.81,11098.82,11049.2,11075.76,12.4468
2020-01-10 18:15:00,11104.3,11134.33,11071.74,11099.85,279.6775
2020-01-10 18:30:00,11100.44,11135.9,11094.94,11108.52,48.1023
2020-01-10 18:45:00,11076.75,11105.34,11069.24,11090.28,257.6769
2020-01-10 19:00:00,11043.5,11067.88,11020.21,11048.24,220.2156
2020-01-10 19:15:00,11089.55,11114.45,11058.95,11077.71,4.4972
2020-01-10 19:30:00,11095.74,11113.28,11094.54,11099.87,32.8186
2020-01-10 19:45:00,11114.49,11128.27,11091.18,11097.12,36.0286
2020-01-10 20:00:00,11165.28,11195.91,11145.66,11159.15,32.4826
2020-01-10 20:15:00,11119.5,11130.28,11113.59,11123.89,55.3969
2020-01-10 20:30:00,11086.38,11107.68,11054.71,11073.54,69.1764
2020-01-10 20:45:00,11056.03,11073.29,11039.58,11051.1,141.9642
2020-01-10 21:00:00,11039.84,11059.0,11021.73,11050.14,31.1569
2020-01-10 21:15:00,11079.32,11127.48,11050.8,11058.76,35.4886
2020-01-10 21:30:00,11054.18,11074.32,11037.34,11051.31,91.2811
2020-01-10 21:45:00,11063.75,11079.68,11047.48,11063.54,19.756
2020-01-10 22:00:00,11013.12,11029.45,11004.4,11022.55,64.0921
2020-01-10 22:15:00,11083.9,11094.43,11061.25,11070.85,28.8996
2020-01-10 22:30:00,11074.4,11098.13,11019.38,11068.67,22.0634
2020-01-10 22:45:00,11113.31,11132.06,11076.88,11106.32,158.7936
2020-01-10 23:00:00,11112.66,11143.96,11111.59,11118.3,122.8002
2020-01-10 23:15:00,11143.38,11153.63,11118.88,11134.09,28.7432
2020-01-10 23:30:00,11163.85,11199.46,11132.76,11153.68,53.644
2020-01-10 23:45:00,11161.75,11185.97,11148.38,11169.22,16.7501
2020-01-11 00:00:00,11175.45,11222.8,11147.58,11191.31,5.4634
2020-01-11 00:15:00,11243.03,11256.86,11230.08,11236.5,88.0008
2020-01-11 00:30:00,11225.99,11265.71,11219.32,11243.68,45.1871
2020-01-11 00:45:00,11269.87,11305.51,11243.73,11268.16,23.2249
2020-01-11 01:00:00,11260.65,11270.84,11255.88,11265.69,12.1723
2020-01-11 01:15:00,11328.71,11341.84,11290.79,11314.92,113.9521
2020-01-11 01:30:00,11288.09,11329.71,11273.35,11292.53,31.6713
2020-01-11 01:45:00,11366.68,11368.37,11298.26,11354.11,237.9346
2020-01-11 02:00:00,11347.47,11367.06,11309.63,11353.31,21.4191
2020-01-11 02:15:00,11316.45,11333.99,11271.4,11305.14,27.9416
2020-01-11 02:30:00,11333.35,11360.44,11291.15,11310.05,190.8752
2020-01-11 02:45:00,11275.45,11351.48,11255.29,11287.51,84.9639
2020-01-11 03:00:00,11319.85,11352.02,11309.91,11316.54,11.4714
2020-01-11 03:15:00,11326.0,11340.86,11244.18,11294.95,79.7309
2020-01-11 03:30:00,11281.15,11320.22,11268.96,11280.4,36.8354
2020-01-11 03:45:00,11217.71,11229.67,11198.58,11217.02,133.538
2020-01-11 04:00:00,11211.19,11221.82,11194.83,11202.36,8.0982
2020-01-11 04:15:00,11121.91,11137.88,11099.44,11121.46,249.9641
2020-01-11 04:30:00,11050.27,11080.55,11031.35,11069.17,65.0476
2020-01-11 04:45:00,11107.53,11108.48,11085.81,11094.97,132.5332
2020-01-11 05:00:00,11099.41,11165.4,11082.99,11121.68,121.9633
2020-01-11 05:15:00,11131.79,11147.28,11114.03,11136.43,19.632
2020-01-11 05:30:00,11118.09,11118.19,11092.26,11104.68,212.1041
2020-01-11 05:45:00,11099.69,11132.73,11068.03,11103.65,26.4879
2020-01-11 06:00:00,11096.38,11117.78,11093.51,11104.08,21.1422
2020-01-11 06:15:00,11075.78,11093.77,11022.98,11066.05,73.5307
2020-01-11 06:30:00,11107.05,11162.33,11100.41,11116.52,416.9931
2020-01-11 06:45:00,11132.71,11172.35,11130.94,11146.33,37.5995
2020-01-11 07:00:00,11142.56,11162.62,11100.38,11139.5,333.6849
2020-01-11 07:15:00,11138.92,11143.86,11116.48,11140.95,57.1091
2020-01-11 07:30:00,11134.61,11157.54,11133.27,11148.48,179.9847
2020-01-11 07:45:00,11087.81,11092.47,11076.39,11080.75,75.4989
2020-01-11 08:00:00,11078.23,11080.59,11069.75,11073.08,22.9742
2020-01-11 08:15:00,11047.01,11078.42,11040.64,11050.98,212.0207
2020-01-11 08:30:00,11015.12,11037.93,10978.29,11018.33,7.4687
2020-01-11 08:45:00,11014.77,11036.72,10993.98,11009.59,114.8079
2020-01-11 09:00:00,11082.69,11095.93,11062.46,11069.51,177.6428
2020-01-11 09:15:00,11088.21,11093.64,11074.99,11091.35,178.3943
2020-01-11 09:30:00,11080.15,11113.21,11031.6,11072.9,106.5078
2020-01-11 09:45:00,11098.74,11117.8,11086.54,11092.47,28.9013
2020-01-11 10:00:00,11149.39,11178.81,11128.19,11139.59,75.8575
2020-01-11 10:15:00,11171.49,11191.96,11167.89,11171.05,99.3
2020-01-11 10:30:00,11163.41,11197.36,11159.6,11173.61,220.45
2020-01-11 10:45:00,11147.32,11175.11,11139.76,11152.48,17.3958
2020-01-11 11:00:00,11180.23,11180.46,11175.05,11176.4,62.5338
2020-01-11 11:15:00,11210.5,11223.03,11165.37,11190.15,40.5169
2020-01-11 11:30:00,11215.33,11256.68,11215.22,11220.76,55.8114
2020-01-11 11:45:00,11251.75,11253.3,11231.66,11242.71,20.2177
2020-01-11 12:00:00,11274.97,11286.83,11249.6,11278.67,24.5173
2020-01-11 12:15:00,11262.36,11282.84,11244.12,11261.12,146.9019
2020-01-11 12:30:00,11323.32,11356.85,11270.58,11306.19,65.0809
2020-01-11 12:45:00,11322.1,11379.33,11301.59,11313.46,72.185
2020-01-11 13:00:00,11370.33,11410.82,11356.97,11384.46,227.7679
2020-01-11 13:15:00,11354.98,11380.49,11343.01,11361.49,27.441
2020-01-11 13:30:00,11435.57,11455.35,11397.69,11421.23,39.9391
2020-01-11 13:45:00,11430.2,11431.26,11416.05,11428.58,36.906
2020-01-11 14:00:00,11393.71,11433.37,11379.78,11406.82,107.6571
2020-01-11 14:15:00,11381.5,11404.66,11354.18,11390.83,82.6566
2020-01-11 14:30:00,11388.46,11397.8,11380.26,11380.45,63.7797
2020-01-11 14:45:00,11406.83,11431.41,11373.65,11395.5,110.2573
2020-01-11 15:00:00,11414.15,11438.15,11395.87,11413.94,66.1491
2020-01-11 15:15:00,11423.08,11462.66,11393.38,11394.87,169.2588
2020-01-11 15:30:00,11404.0,11413.19,11394.07,11394.61,52.8045
2020-01-11 15:45:00,11465.62,11489.86,11436.82,11468.41,221.2814
2020-01-11 16:00:00,11519.01,11529.22,11497.57,11528.42,12.7413
2020-01-11 16:15:00,11532.83,11548.28,11520.12,11544.09,9.8659
2020-01-11 16:30:00,11549.85,11571.6,11542.59,11545.98,106.6246
2020-01-11 16:45:00,11545.07,11585.89,11535.74,11550.71,49.3814
2020-01-11 17:00:00,11591.92,11650.66,11571.94,11572.55,60.8281
2020-01-11 17:15:00,11554.54,11555.66,11524.78,11537.62,119.0789
2020-01-11 17:30:00,11536.59,11578.66,11513.13,11529.29,24.1485
2020-01-11 17:45:00,11458.63,11498.88,11456.82,11472.15,4.4922
2020-01-11 18:00:00,11478.74,11493.84,11458.58,11486.47,57.7837
2020-01-11 18:15:00,11523.79,11527.96,11490.54,11509.34,225.1183
2020-01-11 18:30:00,11486.76,11496.73,11464.83,11493.23,59.9179
2020-01-11 18:45:00,11561.04,11603.68,11516.21,11548.08,84.8549
2020-01-11 19:00:00,11511.65,11530.76,11482.26,11506.19,23.3659
2020-01-11 19:15:00,11456.81,11475.31,11427.04,11456.22,62.3759
2020-01-11 19:30:00,11456.45,11472.57,11447.46,11464.51,65.5186
2020-01-11 19:45:00,11500.01,11519.59,11468.36,11501.09,26.8064
2020-01-11 20:00:00,11561.96,11589.14,11532.78,11559.77,17.8883
2020-01-11 20:15:00,11556.35,11567.77,11542.73,11544.43,43.118
2020-01-11 20:30:00,11572.11,11613.54,11554.25,11582.37,3.9641
2020-01-11 20:45:00,11578.56,11601.47,11557.58,11581.61,18.2064
2020-01-11 21:00:00,11576.71,11593.36,11537.42,11576.19,131.4359
2020-01-11 21:15:00,11615.15,11642.11,11598.39,11607.46,104.735
2020-01-11 21:30:00,11620.19,11638.99,11608.35,11630.75,37.5102
2020-01-11 21:45:00,11561.09,11599.07,11545.41,11576.33,80.1093
2020-01-11 22:00:00,11636.02,11656.56,11593.5,11628.19,176.8345
2020-01-11 22:15:00,11659.19,11690.38,11652.11,11676.91,182.725
2020-01-11 22:30:00,11670.56,11672.76,11606.69,11655.58,106.2406
2020-01-11 22:45:00,11668.19,11696.25,11640.67,11670.01,13.245
2020-01-11 23:00:00,11669.8,11715.83,11650.26,11687.89,17.7812
2020-01-11 23:15:00,11691.99,11699.55,11669.66,11697.61,34.485
2020-01-11 23:30:00,11683.31,11729.44,11676.92,11678.88,111.0831
2020-01-11 23:45:00,11649.73,11692.85,11642.35,11655.94,29.8411
2020-01-12 00:00:00,11655.86,11702.12,11655.01,11655.62,62.4428
2020-01-12 00:15:00,11705.87,11729.99,11693.76,11697.21,174.5977
2020-01-12 00:30:00,11714.51,11769.72,11693.4,11716.87,222.3531
2020-01-12 00:45:00,11693.47,11712.03,11689.8,11704.43,182.3531
2020-01-12 01:00:00,11728.61,11760.54,11726.35,11732.12,12.3795
2020-01-12 01:15:00,11648.9,11667.87,11608.94,11632.44,241.636
2020-01-12 01:30:00,11692.78,11718.29,11654.43,11673.11,115.2452
2020-01-12 01:45:00,11589.32,11653.53,11584.16,11612.77,96.4396
2020-01-12 02:00:00,11613.38,11616.4,11581.86,11600.73,28.4414
2020-01-12 02:15:00,11565.23,11568.09,11551.07,11562.34,263.4259
2020-01-12 02:30:00,11528.65,11530.55,11478.54,11518.01,1.7514
2020-01-12 02:45:00,11552.33,11561.72,11533.08,11558.7,8.5761
2020-01-12 03:00:00,11522.65,11594.59,11484.55,11543.06,16.6851
2020-01-12 03:15:00,11562.39,11581.11,11537.49,11555.63,118.4642
2020-01-12 03:30:00,11543.71,11590.24,11506.27,11554.59,97.5132
2020-01-12 03:45:00,11555.63,11599.4,11544.77,11571.7,289.4581
2020-01-12 04:00:00,11559.68,11613.53,11540.45,11574.94,42.9218
2020-01-12 04:15:00,11537.9,11570.36,11482.62,11530.97,42.7123
2020-01-12 04:30:00,11567.62,11602.95,11527.68,11566.01,110.7252
2020-01-12 04:45:00,11558.49,11580.5,11547.72,11549.46,19.1351
2020-01-12 05:00:00,11503.79,11529.77,11491.11,11496.1,62.3701
2020-01-12 05:15:00,11477.08,11494.45,11448.23,11481.91,1.5554
2020-01-12 05:30:00,11533.37,11542.15,11506.77,11534.18,89.6585
2020-01-12 05:45:00,11558.26,11565.88,11521.47,11564.18,153.2432
2020-01-12 06:00:00,11550.23,11553.92,11517.5,11552.66,22.7848
2020-01-12 06:15:00,11529.97,11570.54,11492.07,11541.13,36.6972
2020-01-12 06:30:00,11535.08,11552.88,11493.29,11530.57,14.1378
2020-01-12 06:45:00,11615.46,11642.01,11580.09,11602.99,95.6265
2020-01-12 07:00:00,11607.38,11623.27,11578.87,11616.86,83.016
2020-01-12 07:15:00,11647.34,11687.95,11631.14,11632.43,175.0979
2020-01-12 07:30:00,11670.29,11677.75,11653.0,11668.97,351.8081
2020-01-12 07:45:00,11680.73,11715.95,11675.64,11677.91,411.3135
2020-01-12 08:00:00,11649.59,11702.96,11629.15,11669.42,11.3357
2020-01-12 08:15:00,11642.05,11683.89,11634.75,11663.13,80.5502
2020-01-12 08:30:00,11662.89,11679.27,11643.52,11661.21,155.9005
2020-01-12 08:45:00,11669.7,11691.2,11640.4,11660.49,107.5823
2020-01-12 09:00:00,11678.68,11704.0,11666.7,11686.52,227.2897
2020-01-12 09:15:00,11708.45,11745.9,11683.14,11688.93,58.2893
2020-01-12 09:30:00,11723.82,11758.0,11690.52,11715.21,55.7039
2020-01-12 09:45:00,11702.31,11750.54,11696.16,11712.95,2.646
2020-01-12 10:00:00,11716.66,11729.68,11712.11,11716.3,1.5774
2020-01-12 10:15:00,11675.5,11679.65,11643.86,11646.65,117.9755
2020-01-12 10:30:00,11664.74,11688.65,11648.03,11679.25,63.7648
2020-01-12 10:45:00,11698.15,11698.56,11675.28,11691.98,107.9489
2020-01-12 11:00:00,11723.78,11748.11,11720.33,11727.57,27.2101
2020-01-12 11:15:00,11634.47,11642.84,11602.59,11626.26,198.8448
2020-01-12 11:30:00,11714.5,11744.38,11686.33,11699.68,233.1648
2020-01-12 11:45:00,11690.85,11733.0,11677.64,11695.36,108.5588
2020-01-12 12:00:00,11747.96,11784.16,11708.87,11734.83,32.5455
2020-01-12 12:15:00,11724.79,11744.27,11686.57,11698.81,24.3545
2020-01-12 12:30:00,11721.67,11729.88,11711.54,11720.9,98.2163
2020-01-12 12:45:00,11693.61,11738.65,11680.34,11684.44,282.6462
2020-01-12 13:00:00,11656.28,11664.59,11643.41,11663.16,86.3016
2020-01-12 13:15:00,11730.94,11735.73,11703.59,11730.72,182.8246
2020-01-12 13:30:00,11722.52,11734.7,11718.83,11724.59,83.3342
2020-01-12 13:45:00,11742.18,11758.28,11727.28,11732.83,112.2704
2020-01-12 14:00:00,11778.21,11809.62,11740.54,11764.04,83.8813
2020-01-12 14:15:00,11780.83,11782.43,11768.65,11782.12,85.6522
2020-01-12 14:30:00,11806.1,11811.09,11786.58,11788.03,134.4194
2020-01-12 14:45:00,11819.58,11820.47,11797.51,11801.52,50.4586
2020-01-12 15:00:00,11897.27,11938.49,11874.92,11887.2,234.3383
2020-01-12 15:15:00,11879.61,11898.17,11866.9,11885.74,199.1378
2020-01-12 15:30:00,11886.23,11893.98,11872.59,11893.51,129.2128
2020-01-12 15:45:00,11921.9,11944.5,11918.85,11931.59,136.0339
2020-01-12 16:00:00,11983.12,12027.37,11929.93,11971.76,53.3141
2020-01-12 16:15:00,12000.43,12034.36,11998.22,12014.99,178.693
2020-01-12 16:30:00,12046.76,12057.87,12026.88,12038.61,269.7252
2020-01-12 16:45:00,11984.96,12028.45,11984.21,11997.94,158.547
2020-01-12 17:00:00,12067.26,12074.59,12049.91,12057.33,14.2743
2020-01-12 17:15:00,12016.67,12054.02,12015.88,12016.47,154.469
2020-01-12 17:30:00,12044.02,12070.98,12009.47,12027.98,62.4688
2020-01-12 17:45:00,12015.06,12025.77,12000.08,12001.36,93.8279
2020-01-12 18:00:00,12016.87,12063.11,11995.79,11999.65,472.8464
2020-01-12 18:15:00,12029.63,12040.39,12006.45,12012.09,44.528
2020-01-12 18:30:00,12026.0,12078.74,12000.38,12024.27,42.8521
2020-01-12 18:45:00,12026.14,12047.39,12001.12,12040.09,30.5348
2020-01-12 19:00:00,12086.24,12112.58,12075.44,12098.98,13.5961
2020-01-12 19:15:00,12090.76,12134.64,12055.23,12116.05,18.4132
2020-01-12 19:30:00,12094.66,12116.39,12088.74,12107.78,72.21
2020-01-12 19:45:00,12144.24,12158.11,12109.26,12143.4,240.5724
2020-01-12 20:00:00,12180.52,12218.33,12175.65,12187.34,166.0201
2020-01-12 20:15:00,12140.88,12143.77,12123.08,12143.07,20.1495
2020-01-12 20:30:00,12171.43,12210.72,12140.05,12165.44,82.4829
2020-01-12 20:45:00,12187.93,12196.83,12174.25,12191.63,187.6825
2020-01-12 21:00:00,12167.7,12184.42,12136.41,12181.36,77.5427
2020-01-12 21:15:00,12231.59,12243.71,12217.44,12232.24,242.3986
2020-01-12 21:30:00,12216.36,12233.89,12180.58,12227.35,238.4717
2020-01-12 21:45:00,12229.25,12233.65,12205.37,12232.57,42.8085
2020-01-12 22:00:00,12243.25,12258.76,12203.44,12226.83,207.0915
2020-01-12 22:15:00,12224.7,12242.07,12206.54,12228.01,87.9756
2020-01-12 22:30:00,12209.99,12218.9,12129.99,12188.41,65.3631
2020-01-12 22:45:00,12153.73,12185.31,12114.61,12136.36,148.8395
2020-01-12 23:00:00,12187.96,12246.7,12187.8,12195.02,155.8824
2020-01-12 23:15:00,12151.13,12202.5,12127.74,12164.64,112.5231
2020-01-12 23:30:00,12128.44,12132.19,12126.2,12129.07,166.5446
2020-01-12 23:45:00,12065.22,12091.63,12050.81,12051.32,302.4624
2020-01-13 00:00:00,12022.93,12038.36,11986.91,12028.82,206.4257
2020-01-13 00:15:00,11992.56,11995.88,11978.85,11981.68,7.7155
2020-01-13 00:30:00,12055.85,12059.92,12029.85,12041.3,189.7313
2020-01-13 00:45:00,12069.03,12115.05,12066.9,12078.38,152.1096
2020-01-13 01:00:00,12045.9,12080.77,12042.1,12054.05,261.376
2020-01-13 01:15:00,12144.76,12152.7,12067.06,12136.11,134.5417
2020-01-13 01:30:00,12174.31,12193.89,12160.5,12172.46,210.2534
2020-01-13 01:45:00,12152.86,12199.26,12119.83,12161.2,1.0271
2020-01-13 02:00:00,12066.37,12097.21,12065.19,12070.63,380.7903
2020-01-13 02:15:00,12153.33,12157.5,12143.1,12154.19,21.1841
2020-01-13 02:30:00,12085.19,12142.63,12075.81,12104.13,199.679
2020-01-13 02:45:00,12054.21,12062.03,12002.98,12044.99,265.3713
2020-01-13 03:00:00,12076.75,12098.7,12065.42,12082.54,0.2226
2020-01-13 03:15:00,12137.7,12190.31,12132.49,12171.58,244.9672
2020-01-13 03:30:00,12222.44,12223.28,12212.89,12222.73,176.7332
2020-01-13 03:45:00,12234.94,12246.05,12208.77,12244.02,255.6351
2020-01-13 04:00:00,12287.2,12321.3,12265.91,12266.48,19.4656
2020-01-13 04:15:00,12291.3,12344.1,12290.28,12298.5,150.2563
2020-01-13 04:30:00,12313.58,12356.09,12266.0,12327.11,66.8427
2020-01-13 04:45:00,12344.4,12346.51,12320.2,12338.13,29.7987
2020-01-13 05:00:00,12334.45,12370.94,12305.86,12342.6,141.129
2020-01-13 05:15:00,12331.28,12356.92,12324.92,12340.9,64.1035
2020-01-13 05:30:00,12319.88,12321.73,12253.13,12313.61,230.1433
2020-01-13 05:45:00,12291.05,12355.34,12251.69,12303.85,124.04
2020-01-13 06:00:00,12224.14,12260.05,12202.34,12241.98,14.983
2020-01-13 06:15:00,12260.1,12274.91,12227.47,12238.98,28.8701
2020-01-13 06:30:00,12210.37,12230.87,12177.37,12203.29,30.725
2020-01-13 06:45:00,12160.29,12170.5,12142.24,12163.5,42.1671
2020-01-13 07:00:00,12170.63,12184.28,12122.68,12170.67,109.7964
2020-01-13 07:15:00,12228.29,12251.41,12216.79,12222.11,224.7459
2020-01-13 07:30:00,12268.32,12274.32,12236.86,12256.39,90.0664
2020-01-13 07:45:00,12190.03,12210.78,12178.6,12199.26,139.3527
2020-01-13 08:00:00,12168.1,12170.67,12160.66,12163.65,38.0869
2020-01-13 08:15:00,12192.4,12218.04,12163.64,12198.59,73.9117
2020-01-13 08:30:00,12160.94,12168.81,12136.73,12163.24,70.1434
2020-01-13 08:45:00,12157.61,12165.19,12147.83,12155.65,120.7512
2020-01-13 09:00:00,12176.24,12176.82,12160.44,12176.32,72.9726
2020-01-13 09:15:00,12150.49,12179.25,12139.18,12141.56,40.6847
2020-01-13 09:30:00,12151.92,12194.38,12121.22,12146.0,27.9591
2020-01-13 09:45:00,12079.75,12120.0,12039.8,12098.0,29.3976
2020-01-13 10:00:00,12060.38,12131.75,12038.99,12076.78,395.7252
2020-01-13 10:15:00,12084.5,12095.62,12046.07,12088.97,44.2352
2020-01-13 10:30:00,12053.8,12063.61,12024.97,12031.8,164.3016
2020-01-13 10:45:00,12038.04,12067.45,12016.92,12048.3,7.4041
2020-01-13 11:00:00,12045.68,12067.11,12042.8,12048.19,9.393
2020-01-13 11:15:00,12062.29,12119.52,12023.22,12068.76,115.8844
2020-01-13 11:30:00,12070.78,12086.04,12057.46,12077.47,61.1031
2020-01-13 11:45:00,12129.67,12147.39,12072.39,12127.5,212.4383
2020-01-13 12:00:00,12149.66,12152.13,12125.93,12132.67,198.2099
2020-01-13 12:15:00,12123.17,12131.16,12101.04,12117.64,140.9183
2020-01-13 12:30:00,12112.95,12126.14,12104.22,12122.7,168.911
2020-01-13 12:45:00,12176.49,12218.11,12114.37,12143.06,204.4106
2020-01-13 13:00:00,12146.4,12147.04,12113.11,12145.45,153.0514
2020-01-13 13:15:00,12140.52,12158.34,12123.08,12147.53,74.8432
2020-01-13 13:30:00,12139.68,12173.67,12094.88,12122.56,30.754
2020-01-13 13:45:00,12093.38,12135.82,12067.47,12099.06,154.826
2020-01-13 14:00:00,12068.79,12094.59,12021.49,12048.75,38.2298
2020-01-13 14:15:00,12102.05,12130.68,12093.33,12112.59,28.0796
2020-01-13 14:30:00,12085.26,12133.56,12060.56,12068.0,18.8341
2020-01-13 14:45:00,12045.94,12065.93,12014.61,12043.52,98.6682
2020-01-13 15:00:00,12033.68,12043.12,12013.38,12018.16,27.7704
2020-01-13 15:15:00,12073.95,12080.17,12023.99,12051.03,46.9728
2020-01-13 15:30:00,12027.33,12076.63,12026.34,12040.97,123.4649
2020-01-13 15:45:00,12102.06,12121.34,12078.34,12086.64,157.9051
2020-01-13 16:00:00,12045.83,12081.69,12031.52,12062.83,37.7993
2020-01-13 16:15:00,12060.88,12103.87,12060.2,12073.53,185.0237
2020-01-13 16:30:00,12034.2,12068.72,12017.9,12043.87,5.9704
2020-01-13 16:45:00,12128.09,12155.79,12078.94,12121.98,425.9653
2020-01-13 17:00:00,12079.8,12096.37,12066.09,12079.4,53.9356
2020-01-13 17:15:00,12089.21,12091.4,12034.13,12091.23,39.2873
2020-01-13 17:30:00,12116.6,12134.48,12109.96,12114.83,257.2765
2020-01-13 17:45:00,12137.64,12151.76,12087.19,12130.47,14.2012
2020-01-13 18:00:00,12132.44,12176.67,12113.77,12124.34,44.2853
2020-01-13 18:15:00,12133.48,12137.81,12114.41,12120.22,44.4572
2020-01-13 18:30:00,12144.48,12176.78,12118.34,12122.42,55.2276
2020-01-13 18:45:00,12117.42,12123.53,12110.17,12117.68,188.6108
2020-01-13 19:00:00,12146.99,12164.33,12136.51,12153.33,189.3005
2020-01-13 19:15:00,12242.03,12256.34,12199.84,12234.53,89.56
2020-01-13 19:30:00,12200.7,12267.39,12183.62,12214.68,479.8605
2020-01-13 19:45:00,12156.84,12180.77,12120.76,12165.09,185.893
2020-01-13 20:00:00,12174.64,12196.89,12145.42,12162.48,114.2781
2020-01-13 20:15:00,12255.69,12261.89,12241.01,12257.22,22.2467
2020-01-13 20:30:00,12213.5,12263.73,12178.78,12228.28,79.791
2020-01-13 20:45:00,12270.71,12325.19,12249.55,12289.02,24.068
2020-01-13 21:00:00,12352.09,12363.25,12327.1,12351.48,35.9044
2020-01-13 21:15:00,12345.67,12354.25,12304.28,12331.59,115.7929
2020-01-13 21:30:00,12367.2,12388.92,12326.7,12353.25,20.3855
2020-01-13 21:45:00,12415.6,12454.6,12385.09,12414.22,9.5235
2020-01-13 22:00:00,12425.63,12441.85,12395.55,12400.72,75.8316
2020-01-13 22:15:00,12392.47,12396.7,12391.31,12393.77,0.0952
2020-01-13 22:30:00,12371.05,12372.84,12367.2,12372.76,93.8831
2020-01-13 22:45:00,12304.04,12350.23,12290.81,12335.71,231.6092
2020-01-13 23:00:00,12306.79,12355.3,12293.42,12312.3,21.1021
2020-01-13 23:15:00,12278.16,12285.62,12265.8,12267.71,48.2512
2020-01-13 23:30:00,12288.77,12322.11,12268.39,12269.58,248.1311
2020-01-13 23:45:00,12231.68,12246.43,12230.05,12241.85,121.6961
2020-01-14 00:00:00,12256.71,12277.6,12250.18,12251.05,14.5389
2020-01-14 00:15:00,12207.24,12228.85,12160.64,12194.47,48.1258
2020-01-14 00:30:00,12207.33,12223.58,12188.72,12207.19,141.0567
2020-01-14 00:45:00,12210.38,12250.81,12184.76,12238.32,109.2962
2020-01-14 01:00:00,12168.74,12202.03,12150.23,12165.74,16.9198
2020-01-14 01:15:00,12189.27,12203.64,12166.34,12180.0,6.4519
2020-01-14 01:30:00,12213.88,12255.15,12189.68,12225.46,114.465
2020-01-14 01:45:00,12178.61,12198.59,12144.14,12181.71,93.9106
2020-01-14 02:00:00,12229.3,12260.42,12208.97,12243.44,6.1176
2020-01-14 02:15:00,12227.94,12270.91,12227.24,12259.45,368.1383
2020-01-14 02:30:00,12246.7,12249.45,12229.98,12234.13,29.0939
2020-01-14 02:45:00,12232.65,12237.56,12227.4,12232.7,48.7799
2020-01-14 03:00:00,12273.37,12288.47,12247.5,12253.8,19.5525
2020-01-14 03:15:00,12267.71,12301.61,12241.35,12257.2,176.3301
2020-01-14 03:30:00,12273.28,12278.59,12270.94,12277.63,328.5235
2020-01-14 03:45:00,12243.31,12245.92,12196.66,12244.33,23.9916
2020-01-14 04:00:00,12258.1,12291.47,12234.3,12251.16,33.2915
2020-01-14 04:15:00,12211.61,12230.71,12185.73,12199.82,122.5932
2020-01-14 04:30:00,12200.29,12226.36,12164.78,12196.36,75.0542
2020-01-14 04:45:00,12177.34,12205.28,12135.53,12163.89,11.1007
2020-01-14 05:00:00,12134.06,12170.3,12112.63,12137.66,263.9728
2020-01-14 05:15:00,12171.13,12190.61,12143.89,12183.28,94.4564
2020-01-14 05:30:00,12222.98,12246.78,12157.87,12223.77,35.8473
2020-01-14 05:45:00,12249.24,12282.52,12235.92,12246.72,67.2959
2020-01-14 06:00:00,12192.54,12254.67,12187.16,12207.2,69.3641
2020-01-14 06:15:00,12179.92,12207.24,12178.12,12196.23,74.532
2020-01-14 06:30:00,12246.7,12303.31,12238.01,12241.22,68.7773
2020-01-14 06:45:00,12242.06,12271.4,12223.4,12247.04,82.5064
2020-01-14 07:00:00,12330.82,12375.01,12314.72,12332.87,49.9808
2020-01-14 07:15:00,12343.59,12379.92,12326.6,12348.03,15.8015
2020-01-14 07:30:00,12374.55,12392.54,12337.31,12355.77,109.2381
2020-01-14 07:45:00,12360.5,12363.93,12321.0,12344.93,157.2559
2020-01-14 08:00:00,12335.21,12383.97,12313.69,12350.49,183.8966
2020-01-14 08:15:00,12338.88,12346.4,12317.96,12345.46,2.2197
2020-01-14 08:30:00,12382.82,12416.79,12369.49,12372.3,51.8564
2020-01-14 08:45:00,12415.9,12417.73,12371.11,12408.43,383.6834
2020-01-14 09:00:00,12379.28,12391.52,12364.6,12379.79,6.4606
2020-01-14 09:15:00,12316.94,12336.65,12307.01,12330.97,153.9698
2020-01-14 09:30:00,12255.29,12279.0,12247.42,12263.66,13.4804
2020-01-14 09:45:00,12276.61,12288.88,12260.49,12282.96,174.0909
2020-01-14 10:00:00,12246.31,12257.36,12230.01,12242.92,111.5417
2020-01-14 10:15:00,12185.18,12187.84,12163.67,12164.46,129.1105
2020-01-14 10:30:00,12170.88,12189.85,12163.44,12179.24,378.6322
2020-01-14 10:45:00,12258.35,12282.48,12250.22,12270.94,280.4844
2020-01-14 11:00:00,12270.0,12274.07,12191.46,12271.33,36.294
2020-01-14 11:15:00,12315.51,12317.31,12256.82,12302.81,47.035
2020-01-14 11:30:00,12288.64,12316.24,12284.08,12306.45,52.2867
2020-01-14 11:45:00,12321.3,12346.76,12298.93,12303.41,19.9152
2020-01-14 12:00:00,12335.83,12373.23,12284.03,12337.95,47.9868
2020-01-14 12:15:00,12318.77,12333.97,12300.51,12327.82,386.4418
2020-01-14 12:30:00,12318.59,12341.39,12261.13,12338.33,67.2488
2020-01-14 12:45:00,12359.58,12360.68,12332.58,12350.85,304.9152
2020-01-14 13:00:00,12324.61,12342.81,12313.6,12326.72,7.414
2020-01-14 13:15:00,12366.13,12374.52,12348.1,12364.02,4.0078
2020-01-14 13:30:00,12347.02,12359.38,12326.24,12358.15,85.6443
2020-01-14 13:45:00,12326.81,12366.48,12286.16,12330.75,133.2768
2020-01-14 14:00:00,12345.2,12430.34,12316.06,12351.21,24.5209
2020-01-14 14:15:00,12317.3,12349.15,12290.51,12318.54,69.9887
2020-01-14 14:30:00,12311.95,12342.87,12288.91,12320.19,206.31
2020-01-14 14:45:00,12301.57,12365.71,12260.88,12320.47,143.4327
2020-01-14 15:00:00,12394.95,12417.99,12359.26,12361.23,26.3723
2020-01-14 15:15:00,12362.57,12405.65,12348.36,12379.45,40.7174
2020-01-14 15:30:00,12381.38,12395.29,12378.18,12379.14,36.4983
2020-01-14 15:45:00,12388.13,12448.82,12373.11,12410.13,127.1206
2020-01-14 16:00:00,12437.62,12479.52,12408.88,12462.5,344.7696
2020-01-14 16:15:00,12485.2,12510.35,12469.72,12483.98,32.8613
2020-01-14 16:30:00,12487.17,12501.46,12481.15,12484.99,88.7462
2020-01-14 16:45:00,12452.17,12463.16,12422.94,12436.48,447.0509
2020-01-14 17:00:00,12402.32,12411.08,12378.25,12397.37,17.1476
2020-01-14 17:15:00,12384.78,12408.57,12377.96,12386.63,107.6114
2020-01-14 17:30:00,12352.86,12372.36,12331.6,12364.6,40.3449
2020-01-14 17:45:00,12376.81,12391.17,12326.1,12358.29,478.7719
2020-01-14 18:00:00,12372.49,12373.46,12354.52,12361.01,11.5154
2020-01-14 18:15:00,12365.83,12414.49,12349.69,12381.27,60.0124
2020-01-14 18:30:00,12379.74,12383.17,12369.56,12379.27,29.4335
2020-01-14 18:45:00,12399.74,12408.72,12369.92,12397.95,3.2195
2020-01-14 19:00:00,12396.68,12422.55,12357.38,12400.97,331.3109
2020-01-14 19:15:00,12337.61,12343.76,12286.79,12328.1,83.9728
2020-01-14 19:30:00,12304.2,12339.45,12246.3,12293.97,120.66
2020-01-14 19:45:00,12286.93,12322.51,12253.1,12289.27,96.8308
2020-01-14 20:00:00,12241.85,12280.46,12235.68,12245.29,16.0725
2020-01-14 20:15:00,12286.33,12289.1,12254.92,12267.94,18.7005
2020-01-14 20:30:00,12336.39,12354.94,12316.8,12324.89,98.4691
2020-01-14 20:45:00,12371.47,12384.62,12357.43,12370.57,151.3262
2020-01-14 21:00:00,12343.13,12368.3,12323.8,12363.27,94.4356
2020-01-14 21:15:00,12423.45,12430.37,12411.3,12419.18,84.484
2020-01-14 21:30:00,12434.01,12441.58,12424.13,12425.34,137.0273
2020-01-14 21:45:00,12379.2,12434.7,12357.29,12413.39,27.9196
2020-01-14 22:00:00,12394.29,12419.65,12389.18,12391.17,131.5449
2020-01-14 22:15:00,12375.39,12386.92,12365.07,12380.55,52.9703
2020-01-14 22:30:00,12364.02,12392.78,12344.87,12366.75,112.1012
2020-01-14 22:45:00,12362.46,12380.9,12317.16,12373.69,32.1193
2020-01-14 23:00:00,12378.43,12384.28,12314.52,12380.27,14.7879
2020-01-14 23:15:00,12398.23,12416.04,12341.68,12381.0,2.9593
2020-01-14 23:30:00,12392.31,12427.48,12383.8,12397.85,162.6962
2020-01-14 23:45:00,12454.77,12458.13,12433.01,12442.75,21.9362
2020-01-15 00:00:00,12468.76,12484.23,12402.15,12478.82,45.1715
2020-01-15 00:15:00,12433.28,12435.36,12423.57,12423.86,146.471
2020-01-15 00:30:00,12329.31,12340.25,12320.54,12329.29,59.8168
2020-01-15 00:45:00,12368.82,12370.6,12361.08,12364.46,24.5324
2020-01-15 01:00:00,12314.47,12316.45,12267.4,12314.38,21.6618
2020-01-15 01:15:00,12314.59,12340.84,12242.32,12306.69,52.4139
2020-01-15 01:30:00,12232.62,12298.9,12231.82,12264.11,83.2815
2020-01-15 01:45:00,12181.1,12228.95,12151.45,12198.42,49.8159
2020-01-15 02:00:00,12223.94,12242.94,12215.68,12218.84,234.9358
2020-01-15 02:15:00,12222.26,12306.46,12185.72,12247.28,0.3841
2020-01-15 02:30:00,12220.23,12248.15,12188.78,12226.71,51.4184
2020-01-15 02:45:00,12131.63,12177.52,12095.36,12132.29,135.8037
2020-01-15 03:00:00,12102.98,12123.53,12100.12,12113.01,221.5409
2020-01-15 03:15:00,12119.47,12143.31,12118.67,12127.85,44.3793
2020-01-15 03:30:00,12077.93,12088.96,12057.52,12074.65,111.9598
2020-01-15 03:45:00,12094.09,12117.16,12046.25,12081.9,86.8331
2020-01-15 04:00:00,12070.37,12113.64,12051.54,12081.95,22.5061
2020-01-15 04:15:00,12096.59,12108.71,12063.02,12103.55,114.239
2020-01-15 04:30:00,12099.64,12109.15,12073.72,12108.5,28.7102
2020-01-15 04:45:00,12044.52,12090.15,12025.29,12073.75,153.2049
2020-01-15 05:00:00,12119.42,12133.04,12098.85,12117.7,200.9178
2020-01-15 05:15:00,12123.86,12144.31,12097.84,12112.54,65.0897
2020-01-15 05:30:00,12124.47,12135.86,12081.6,12112.15,5.5644
2020-01-15 05:45:00,12068.33,12098.14,12054.86,12078.85,133.6943
2020-01-15 06:00:00,12048.29,12071.52,12033.17,12063.39,62.9638
2020-01-15 06:15:00,12032.23,12053.25,12027.24,12031.97,9.9289
2020-01-15 06:30:00,12036.3,12046.49,11991.18,12026.33,40.2176
2020-01-15 06:45:00,12090.56,12113.58,12073.5,12088.69,34.3394
2020-01-15 07:00:00,12043.02,12050.53,12024.46,12039.54,129.594
2020-01-15 07:15:00,11995.54,12020.4,11952.52,11981.86,55.1763
2020-01-15 07:30:00,12026.45,12050.05,12012.01,12035.34,88.4423
2020-01-15 07:45:00,12025.74,12030.56,11979.13,12028.39,69.5347
2020-01-15 08:00:00,12024.47,12035.47,11994.77,12004.85,128.8286
2020-01-15 08:15:00,12040.53,12064.17,12030.87,12042.9,126.6029
2020-01-15 08:30:00,12006.38,12048.98,12002.0,12021.62,59.5639
2020-01-15 08:45:00,12079.98,12090.97,12070.69,12088.07,14.5064
2020-01-15 09:00:00,12101.9,12126.05,12095.64,12113.26,52.404
2020-01-15 09:15:00,12100.46,12126.65,12071.97,12096.14,17.4514
2020-01-15 09:30:00,12164.12,12220.61,12131.31,12175.03,319.8042
2020-01-15 09:45:00,12156.81,12162.21,12151.97,12153.51,299.8618
2020-01-15 10:00:00,12172.21,12214.76,12131.65,12181.18,61.0067
2020-01-15 10:15:00,12166.84,12210.09,12157.76,12192.72,2.8017
2020-01-15 10:30:00,12244.7,12245.43,12229.72,12240.95,46.9434
2020-01-15 10:45:00,12300.73,12339.07,12286.52,12298.91,225.4691
2020-01-15 11:00:00,12307.07,12312.56,12282.43,12300.7,33.9707
2020-01-15 11:15:00,12265.25,12291.35,12258.95,12273.51,97.2808
2020-01-15 11:30:00,12281.48,12337.28,12265.95,12291.06,20.3264
2020-01-15 11:45:00,12271.61,12291.41,12263.6,12266.69,174.3908
2020-01-15 12:00:00,12360.14,12392.25,12303.31,12341.39,222.4674
2020-01-15 12:15:00,12347.2,12357.28,12335.18,12347.07,95.4823
2020-01-15 12:30:00,12339.39,12380.7,12320.14,12334.15,97.7535
2020-01-15 12:45:00,12337.63,12356.68,12307.12,12341.6,47.5716
2020-01-15 13:00:00,12273.37,12301.93,12264.35,12292.34,122.7895
2020-01-15 13:15:00,12268.98,12292.16,12247.0,12257.13,65.0972
2020-01-15 13:30:00,12313.06,12335.39,12292.45,12301.88,136.8403
2020-01-15 13:45:00,12286.98,12325.83,12274.23,12278.25,345.8145
2020-01-15 14:00:00,12238.08,12255.05,12230.45,12240.3,172.8086
2020-01-15 14:15:00,12267.94,12277.18,12243.63,12260.62,72.8425
2020-01-15 14:30:00,12315.85,12338.57,12271.32,12304.85,385.7938
2020-01-15 14:45:00,12351.98,12352.79,12328.29,12332.0,93.4155
2020-01-15 15:00:00,12381.7,12384.97,12355.56,12369.47,6.7072
2020-01-15 15:15:00,12342.79,12386.11,12334.68,12342.0,131.0696
2020-01-15 15:30:00,12273.9,12306.05,12265.19,12289.98,171.5144
2020-01-15 15:45:00,12347.87,12383.41,12309.86,12345.95,14.484
2020-01-15 16:00:00,12337.78,12343.8,12330.44,12334.61,113.7218
2020-01-15 16:15:00,12334.69,12352.33,12304.68,12325.95,253.7253
2020-01-15 16:30:00,12392.43,12395.42,12328.18,12375.68,28.9585
2020-01-15 16:45:00,12395.77,12443.73,12392.41,12396.95,87.9498
2020-01-15 17:00:00,12440.6,12443.8,12411.89,12414.52,32.1016
2020-01-15 17:15:00,12473.79,12521.81,12472.0,12495.77,148.9025
2020-01-15 17:30:00,12477.51,12507.09,12441.21,12472.28,86.9073
2020-01-15 17:45:00,12497.63,12526.3,12496.49,12507.62,55.875
2020-01-15 18:00:00,12486.52,12552.96,12467.55,12510.38,2.9416
2020-01-15 18:15:00,12518.56,12521.59,12488.01,12521.09,289.6773
2020-01-15 18:30:00,12560.8,12592.83,12551.8,12579.13,68.8636
2020-01-15 18:45:00,12596.89,12606.78,12592.15,12598.92,163.02
2020-01-15 19:00:00,12620.33,12682.74,12588.65,12619.9,49.7408
2020-01-15 19:15:00,12675.29,12687.8,12660.18,12661.13,189.1162
2020-01-15 19:30:00,12628.84,12662.53,12610.66,12647.9,17.44
2020-01-15 19:45:00,12628.15,12633.32,12605.99,12616.69,26.3307
2020-01-15 20:00:00,12579.01,12598.0,12561.07,12577.78,40.5552
2020-01-15 20:15:00,12517.07,12553.16,12481.3,12504.21,9.2768
2020-01-15 20:30:00,12576.54,12609.59,12549.89,12581.97,58.6701
2020-01-15 20:45:00,12524.25,12559.97,12457.25,12540.96,66.5385
2020-01-15 21:00:00,12518.0,12540.9,12501.26,12533.26,12.1942
2020-01-15 21:15:00,12507.3,12566.11,12472.4,12523.48,55.7042
2020-01-15 21:30:00,12541.64,12552.71,12509.06,12535.65,21.9769
2020-01-15 21:45:00,12585.52,12603.4,12532.65,12566.96,208.1137
2020-01-15 22:00:00,12592.91,12612.9,12574.66,12600.03,71.1909
2020-01-15 22:15:00,12586.53,12598.01,12509.06,12578.62,303.5849
2020-01-15 22:30:00,12553.78,12595.04,12519.2,12572.94,41.7687
2020-01-15 22:45:00,12586.49,12630.09,12579.26,12584.22,41.7632
2020-01-15 23:00:00,12583.87,12597.79,12537.74,12575.47,41.3566
2020-01-15 23:15:00,12618.43,12667.02,12602.24,12636.73,31.2364
2020-01-15 23:30:00,12653.4,12696.22,12646.4,12655.98,153.3573
2020-01-15 23:45:00,12693.59,12703.0,12672.76,12684.51,33.2318
2020-01-16 00:00:00,12673.08,12727.33,12655.54,12710.37,33.9696
2020-01-16 00:15:00,12772.79,12786.87,12722.99,12755.75,4.8032
2020-01-16 00:30:00,12767.83,12776.22,12739.37,12763.32,336.2786
2020-01-16 00:45:00,12723.41,12757.08,12709.3,12714.3,217.4138
2020-01-16 01:00:00,12724.93,12739.97,12712.98,12730.18,34.6031
2020-01-16 01:15:00,12684.05,12737.36,12675.48,12705.94,73.5573
2020-01-16 01:30:00,12693.2,12705.1,12644.82,12686.43,65.9219
2020-01-16 01:45:00,12708.33,12718.49,12696.38,12709.38,9.179
2020-01-16 02:00:00,12757.64,12771.06,12724.74,12757.23,75.7573
2020-01-16 02:15:00,12772.56,12782.1,12741.84,12758.68,12.0279
2020-01-16 02:30:00,12780.87,12792.12,12728.67,12771.14,56.932
2020-01-16 02:45:00,12861.66,12881.99,12814.69,12837.0,9.1901
2020-01-16 03:00:00,12848.89,12856.46,12819.82,12846.91,88.8958
2020-01-16 03:15:00,12938.87,12968.15,12922.11,12947.82,5.0251
2020-01-16 03:30:00,12967.99,12992.4,12959.87,12970.44,99.0014
2020-01-16 03:45:00,12907.93,12940.84,12897.79,12902.57,122.8329
2020-01-16 04:00:00,12945.51,12964.03,12869.31,12932.38,84.598
2020-01-16 04:15:00,12928.82,12956.81,12909.34,12947.81,63.3917
2020-01-16 04:30:00,12998.67,13025.82,12984.16,12998.56,6.2719
2020-01-16 04:45:00,13046.42,13065.99,12976.21,13025.46,1.1418
2020-01-16 05:00:00,13017.57,13063.44,13011.66,13020.7,41.9206
2020-01-16 05:15:00,12985.6,12998.14,12952.82,12973.53,147.5136
2020-01-16 05:30:00,12972.43,12988.01,12954.67,12966.04,104.2075
2020-01-16 05:45:00,12945.97,12999.23,12922.61,12933.6,13.3853
2020-01-16 06:00:00,12901.27,12926.76,12891.52,12911.73,116.4557
2020-01-16 06:15:00,12924.75,12939.17,12909.62,12935.17,85.5468
2020-01-16 06:30:00,13000.88,13002.38,12986.23,13000.62,18.2389
2020-01-16 06:45:00,12996.72,13021.33,12984.25,13016.66,140.7729
2020-01-16 07:00:00,12967.11,12976.76,12931.28,12970.61,177.375
2020-01-16 07:15:00,12991.85,13027.6,12960.33,12988.56,26.4692
2020-01-16 07:30:00,13059.1,13101.59,13011.65,13035.84,101.0289
2020-01-16 07:45:00,13017.88,13018.45,12983.91,13012.64,47.5028
2020-01-16 08:00:00,13016.19,13020.97,12986.63,13008.06,6.024
2020-01-16 08:15:00,13024.43,13078.57,12985.95,13009.29,197.5826
2020-01-16 08:30:00,12966.78,12997.04,12939.91,12979.3,171.8943
2020-01-16 08:45:00,13003.05,13022.24,12995.98,13005.19,38.2641
2020-01-16 09:00:00,13032.66,13053.31,12995.54,13001.13,75.823
2020-01-16 09:15:00,13017.11,13026.5,12999.67,13018.14,71.8198
2020-01-16 09:30:00,12998.63,13003.86,12930.09,12984.13,19.5357
2020-01-16 09:45:00,12980.24,13000.76,12964.01,12967.74,15.7442
2020-01-16 10:00:00,12977.28,13027.89,12969.55,12996.49,185.9618
2020-01-16 10:15:00,12986.63,13001.69,12965.11,12982.6,202.0102
2020-01-16 10:30:00,13052.43,13089.41,13022.43,13050.51,129.1638
2020-01-16 10:45:00,13039.82,13078.61,13002.32,13035.52,7.5549
2020-01-16 11:00:00,13035.12,13051.48,13030.75,13044.96,239.8459
2020-01-16 11:15:00,13067.5,13082.28,13065.36,13082.11,395.0386
2020-01-16 11:30:00,13020.89,13039.98,12989.79,13027.1,149.4387
2020-01-16 11:45:00,12957.67,12966.85,12936.79,12958.93,43.6047
2020-01-16 12:00:00,12915.55,12946.64,12892.84,12900.27,52.0497
2020-01-16 12:15:00,12973.31,12993.48,12949.33,12949.78,203.743
2020-01-16 12:30:00,12947.04,13000.13,12914.77,12928.98,32.8763
2020-01-16 12:45:00,13040.06,13058.24,13006.99,13028.86,15.2985
2020-01-16 13:00:00,12994.39,13008.65,12962.21,13007.45,173.05
2020-01-16 13:15:00,13009.98,13049.14,12981.22,13015.3,21.4844
2020-01-16 13:30:00,13078.91,13093.18,13064.19,13076.17,237.8385
2020-01-16 13:45:00,13147.2,13166.78,13112.37,13155.52,90.5554
2020-01-16 14:00:00,13245.18,13247.32,13228.98,13237.54,81.0512
2020-01-16 14:15:00,13295.76,13320.89,13283.07,13286.19,149.4991
2020-01-16 14:30:00,13334.81,13344.83,13318.57,13327.67,1.6602
2020-01-16 14:45:00,13365.71,13387.91,13334.51,13352.02,125.0153
2020-01-16 15:00:00,13371.76,13398.61,13361.36,13383.87,91.2533
2020-01-16 15:15:00,13374.87,13402.0,13356.7,13362.41,74.1877
2020-01-16 15:30:00,13321.0,13340.07,13320.75,13330.28,24.5039
2020-01-16 15:45:00,13318.27,13343.81,13282.35,13330.81,176.8636
2020-01-16 16:00:00,13331.76,13332.57,13317.57,13324.67,28.855
2020-01-16 16:15:00,13323.4,13331.85,13307.19,13307.22,67.2899
2020-01-16 16:30:00,13342.19,13375.33,13294.29,13335.68,17.2071
2020-01-16 16:45:00,13374.85,13395.89,13365.86,13374.57,363.8575
2020-01-16 17:00:00,13382.94,13401.16,13377.0,13378.79,21.6333
2020-01-16 17:15:00,13440.59,13471.37,13421.81,13438.76,162.5661
2020-01-16 17:30:00,13378.32,13439.14,13372.24,13393.4,30.5275
2020-01-16 17:45:00,13369.66,13428.66,13349.89,13386.29,29.5772
2020-01-16 18:00:00,13357.12,13370.26,13350.57,13358.17,54.768
2020-01-16 18:15:00,13285.1,13302.24,13262.55,13284.04,186.9814
2020-01-16 18:30:00,13281.56,13325.09,13232.88,13281.41,116.3335
2020-01-16 18:45:00,13286.2,13291.24,13270.88,13277.22,205.2876
2020-01-16 19:00:00,13335.29,13338.9,13310.27,13338.17,4.8363
2020-01-16 19:15:00,13371.6,13395.0,13353.58,13364.08,311.6606
2020-01-16 19:30:00,13321.76,13327.06,13301.52,13323.68,8.0274
2020-01-16 19:45:00,13422.89,13453.77,13369.22,13398.46,127.6778
2020-01-16 20:00:00,13449.3,13469.48,13375.04,13448.21,23.215
2020-01-16 20:15:00,13503.9,13524.53,13433.16,13472.37,183.7876
2020-01-16 20:30:00,13468.63,13480.31,13438.96,13463.89,198.3126
2020-01-16 20:45:00,13422.94,13450.44,13409.87,13425.81,80.1289
2020-01-16 21:00:00,13399.42,13415.6,13377.75,13411.49,51.5622
2020-01-16 21:15:00,13436.55,13492.8,13422.1,13455.96,157.6831
2020-01-16 21:30:00,13519.29,13564.33,13507.02,13532.71,207.1722
2020-01-16 21:45:00,13584.08,13631.81,13540.84,13596.04,134.0402
2020-01-16 22:00:00,13582.14,13598.49,13538.73,13576.78,237.4261
2020-01-16 22:15:00,13524.74,13537.26,13509.53,13531.86,98.4922
2020-01-16 22:30:00,13540.78,13568.02,13530.8,13538.25,111.0094
2020-01-16 22:45:00,13484.37,13498.57,13459.13,13467.11,84.831
2020-01-16 23:00:00,13479.65,13505.82,13465.79,13480.84,66.9748
2020-01-16 23:15:00,13503.56,13507.95,13428.87,13475.54,106.3807
2020-01-16 23:30:00,13441.55,13463.13,13435.26,13457.37,82.361
2020-01-16 23:45:00,13391.65,13406.19,13362.48,13393.67,131.3936
2020-01-17 00:00:00,13407.74,13420.78,13395.23,13414.97,272.1658
2020-01-17 00:15:00,13406.75,13439.02,13384.33,13394.2,46.6884
2020-01-17 00:30:00,13317.97,13393.83,13280.31,13347.86,52.9615
2020-01-17 00:45:00,13214.42,13290.12,13200.99,13233.52,1.5148
2020-01-17 01:00:00,13231.66,13235.84,13182.02,13233.08,74.8733
2020-01-17 01:15:00,13324.74,13329.38,13286.49,13304.1,14.0874
2020-01-17 01:30:00,13374.09,13395.01,13340.11,13371.07,125.8784
2020-01-17 01:45:00,13335.36,13377.38,13310.47,13353.41,151.2252
2020-01-17 02:00:00,13313.99,13344.17,13303.52,13329.95,128.2802
2020-01-17 02:15:00,13371.7,13446.21,13346.95,13349.36,79.1078
2020-01-17 02:30:00,13301.78,13325.14,13278.67,13310.05,76.4036
2020-01-17 02:45:00,13310.2,13330.26,13268.15,13322.76,104.0024
2020-01-17 03:00:00,13373.78,13378.33,13336.64,13354.05,80.9009
2020-01-17 03:15:00,13417.42,13422.76,13370.12,13403.87,138.7459
2020-01-17 03:30:00,13417.58,13434.89,13399.13,13400.51,224.9308
2020-01-17 03:45:00,13380.27,13412.86,13358.49,13392.99,76.815
2020-01-17 04:00:00,13338.01,13366.35,13323.22,13358.39,11.6918
2020-01-17 04:15:00,13327.69,13371.55,13324.9,13325.92,14.045
2020-01-17 04:30:00,13321.99,13374.15,13310.25,13317.53,47.1474
2020-01-17 04:45:00,13337.73,13340.35,13320.61,13332.87,68.576
2020-01-17 05:00:00,13389.84,13392.92,13367.29,13370.08,25.4957
2020-01-17 05:15:00,13315.41,13361.99,13270.77,13338.53,60.285
2020-01-17 05:30:00,13410.45,13417.3,13379.69,13398.93,14.5875
2020-01-17 05:45:00,13374.02,13420.67,13322.06,13388.7,27.553
2020-01-17 06:00:00,13399.97,13451.95,13373.32,13388.51,132.4105
2020-01-17 06:15:00,13352.83,13382.96,13296.8,13359.17,423.8468
2020-01-17 06:30:00,13251.89,13273.89,13219.87,13262.68,20.6044
2020-01-17 06:45:00,13290.41,13336.86,13259.77,13298.52,41.4148
2020-01-17 07:00:00,13309.31,13330.02,13285.53,13328.58,43.184
2020-01-17 07:15:00,13318.54,13350.86,13283.58,13318.0,25.2735
2020-01-17 07:30:00,13311.05,13344.78,13308.34,13321.34,22.8228
2020-01-17 07:45:00,13353.12,13375.78,13316.02,13342.63,14.1211
2020-01-17 08:00:00,13289.25,13300.04,13261.75,13280.75,238.0704
2020-01-17 08:15:00,13282.72,13312.5,13243.64,13260.33,104.803
2020-01-17 08:30:00,13297.46,13329.35,13262.41,13292.59,34.315
2020-01-17 08:45:00,13250.13,13254.7,13227.83,13243.24,29.8533
2020-01-17 09:00:00,13274.12,13278.98,13241.97,13255.56,89.0923
2020-01-17 09:15:00,13193.99,13223.34,13176.81,13202.28,119.4757
2020-01-17 09:30:00,13201.74,13266.63,13164.22,13221.41,29.1702
2020-01-17 09:45:00,13223.31,13270.6,13193.21,13220.66,42.6428
2020-01-17 10:00:00,13138.55,13218.38,13052.14,13157.26,34.3353
2020-01-17 10:15:00,13236.3,13284.9,13183.34,13203.9,9.1796
2020-01-17 10:30:00,13194.63,13242.04,13167.29,13175.46,48.8621
2020-01-17 10:45:00,13172.53,13172.97,13121.39,13144.09,76.2736
2020-01-17 11:00:00,13153.48,13183.1,13141.91,13152.66,106.5273
2020-01-17 11:15:00,13205.9,13223.93,13191.32,13198.64,53.9117
2020-01-17 11:30:00,13153.03,13179.42,13152.22,13159.07,409.6554
2020-01-17 11:45:00,13173.79,13208.9,13116.31,13162.17,98.3066
2020-01-17 12:00:00,13163.74,13193.8,13153.77,13179.76,217.6698
2020-01-17 12:15:00,13174.23,13230.97,13161.25,13207.82,247.6793
2020-01-17 12:30:00,13205.02,13237.06,13150.84,13215.47,172.2603
2020-01-17 12:45:00,13182.37,13209.03,13182.07,13201.58,31.4691
2020-01-17 13:00:00,13188.93,13226.51,13114.8,13169.47,56.4362
2020-01-17 13:15:00,13197.45,13260.6,13136.99,13173.53,0.0385
2020-01-17 13:30:00,13113.39,13140.78,13098.75,13131.82,60.0398
2020-01-17 13:45:00,13034.2,13041.02,12971.11,13017.38,34.779
2020-01-17 14:00:00,13047.48,13094.25,13022.1,13035.08,11.8667
2020-01-17 14:15:00,13050.56,13084.93,13030.21,13071.08,182.3794
2020-01-17 14:30:00,12974.01,13006.19,12943.45,12979.08,111.9163
2020-01-17 14:45:00,12932.9,12958.64,12928.57,12940.41,701.7059
2020-01-17 15:00:00,12974.79,13013.31,12922.65,12965.1,68.9929
2020-01-17 15:15:00,13029.74,13075.28,13005.92,13045.77,40.1532
2020-01-17 15:30:00,13045.95,13058.84,13010.37,13047.24,30.6269
2020-01-17 15:45:00,13010.46,13021.19,12977.24,13019.39,57.1569
2020-01-17 16:00:00,13019.06,13021.62,12992.01,13012.9,37.0878
2020-01-17 16:15:00,13064.39,13094.1,13051.27,13067.22,468.4057
2020-01-17 16:30:00,13035.57,13050.24,13017.8,13042.56,20.1864
2020-01-17 16:45:00,13009.16,13028.74,12947.93,13011.94,1.9315
2020-01-17 17:00:00,13020.2,13038.23,12970.59,12993.74,13.9261
2020-01-17 17:15:00,12951.83,13006.92,12889.64,12957.23,222.1303
2020-01-17 17:30:00,12949.15,12978.77,12948.65,12962.65,118.3906
2020-01-17 17:45:00,13034.08,13062.77,13016.48,13026.48,153.2348
2020-01-17 18:00:00,13037.88,13045.61,13023.07,13039.75,38.6356
2020-01-17 18:15:00,13012.09,13053.67,12998.49,13030.53,97.4724
2020-01-17 18:30:00,13048.83,13057.58,13015.95,13019.78,123.0654
2020-01-17 18:45:00,12954.8,12961.72,12939.71,12959.37,39.5143
2020-01-17 19:00:00,12989.44,13039.9,12922.83,12994.35,128.9268
2020-01-17 19:15:00,12994.04,13001.62,12974.64,12991.97,99.333
2020-01-17 19:30:00,13008.05,13017.17,12957.62,12985.58,35.1311
2020-01-17 19:45:00,13088.6,13159.66,13086.7,13110.63,5.4304
2020-01-17 20:00:00,13126.65,13144.77,13120.97,13123.03,27.1631
2020-01-17 20:15:00,13121.42,13140.05,13074.1,13094.09,96.6364
2020-01-17 20:30:00,13079.68,13083.53,13069.29,13078.0,91.387
2020-01-17 20:45:00,13107.5,13131.98,13064.01,13123.71,70.8564
2020-01-17 21:00:00,13120.71,13140.53,13083.95,13128.82,28.9651
2020-01-17 21:15:00,13075.54,13078.62,13063.27,13072.83,58.7953
2020-01-17 21:30:00,13126.98,13128.06,13087.15,13109.54,15.5536
2020-01-17 21:45:00,13079.48,13114.69,13033.25,13083.91,108.5843
2020-01-17 22:00:00,13168.98,13209.02,13130.22,13158.1,203.378
2020-01-17 22:15:00,13182.44,13218.57,13143.4,13201.39,62.3035
2020-01-17 22:30:00,13165.3,13217.86,13119.04,13184.34,23.9524
2020-01-17 22:45:00,13229.27,13258.27,13191.56,13235.66,175.96
2020-01-17 23:00:00,13258.06,13271.17,13225.95,13239.02,37.5537
2020-01-17 23:15:00,13274.46,13313.1,13249.61,13273.55,90.1322
2020-01-17 23:30:00,13297.37,13332.17,13270.17,13293.52,7.8417
2020-01-17 23:45:00,13264.12,13282.27,13251.39,13260.43,126.5626
2020-01-18 00:00:00,13250.17,13271.93,13231.77,13235.49,61.7431
2020-01-18 00:15:00,13268.95,13285.05,13206.02,13277.05,55.0517
2020-01-18 00:30:00,13273.51,13291.72,13263.48,13264.38,273.0855
2020-01-18 00:45:00,13237.97,13278.53,13235.67,13248.98,67.6269
2020-01-18 01:00:00,13237.88,13251.19,13198.27,13211.68,1.6892
2020-01-18 01:15:00,13218.54,13244.66,13160.06,13229.13,321.4408
2020-01-18 01:30:00,13299.9,13320.88,13280.72,13311.64,1.2288
2020-01-18 01:45:00,13276.97,13282.29,13242.22,13269.68,76.7589
2020-01-18 02:00:00,13272.37,13316.99,13240.7,13271.31,100.4022
2020-01-18 02:15:00,13332.55,13351.55,13283.41,13328.2,224.8894
2020-01-18 02:30:00,13328.71,13330.84,13323.1,13325.68,113.6976
2020-01-18 02:45:00,13329.88,13373.21,13289.93,13344.43,166.6711
2020-01-18 03:00:00,13324.03,13343.27,13271.5,13302.56,146.934
2020-01-18 03:15:00,13332.22,13361.22,13291.86,13320.32,24.0207
2020-01-18 03:30:00,13331.6,13338.13,13289.79,13313.51,120.5534
2020-01-18 03:45:00,13346.49,13364.91,13306.68,13353.55,101.4958
2020-01-18 04:00:00,13407.36,13425.79,13362.37,13401.78,27.9675
2020-01-18 04:15:00,13509.23,13529.59,13479.49,13506.57,13.7345
2020-01-18 04:30:00,13545.99,13559.75,13513.72,13530.73,139.2873
2020-01-18 04:45:00,13560.34,13563.41,13500.2,13544.63,354.4823
2020-01-18 05:00:00,13555.82,13557.39,13551.5,13553.2,134.1114
2020-01-18 05:15:00,13518.97,13573.14,13469.71,13539.52,138.4096
2020-01-18 05:30:00,13578.07,13582.23,13536.94,13553.95,18.2367
2020-01-18 05:45:00,13550.14,13555.16,13539.57,13542.61,28.3764
2020-01-18 06:00:00,13541.89,13552.89,13526.35,13550.14,88.1316
2020-01-18 06:15:00,13609.91,13620.79,13557.32,13604.37,3.1935
2020-01-18 06:30:00,13543.48,13582.82,13487.84,13563.97,110.2388
2020-01-18 06:45:00,13625.4,13655.32,13603.98,13611.04,15.6433
2020-01-18 07:00:00,13645.39,13671.42,13645.0,13665.5,53.3406
2020-01-18 07:15:00,13658.33,13675.43,13605.51,13661.34,38.5939
2020-01-18 07:30:00,13578.38,13585.67,13537.62,13575.06,11.2559
2020-01-18 07:45:00,13565.07,13591.09,13540.89,13550.99,86.458
2020-01-18 08:00:00,13605.84,13608.3,13585.47,13604.39,44.8236
2020-01-18 08:15:00,13612.78,13666.0,13594.81,13604.14,4.4982
2020-01-18 08:30:00,13563.65,13586.81,13533.84,13564.04,58.7743
2020-01-18 08:45:00,13543.74,13547.35,13526.61,13544.17,89.223
2020-01-18 09:00:00,13580.17,13628.23,13556.41,13579.01,13.9738
2020-01-18 09:15:00,13599.39,13608.82,13584.11,13601.96,87.9462
2020-01-18 09:30:00,13569.96,13627.37,13538.32,13592.89,35.9571
2020-01-18 09:45:00,13568.18,13599.06,13554.31,13578.61,30.063
2020-01-18 10:00:00,13566.65,13567.62,13531.15,13563.33,158.7105
2020-01-18 10:15:00,13523.11,13551.47,13506.11,13526.48,63.0626
2020-01-18 10:30:00,13590.58,13614.75,13561.69,13592.7,47.4691
2020-01-18 10:45:00,13575.85,13592.69,13560.51,13580.24,167.6766
2020-01-18 11:00:00,13618.73,13636.93,13609.63,13630.51,241.1778
2020-01-18 11:15:00,13686.64,13727.51,13661.7,13693.4,37.8459
2020-01-18 11:30:00,13730.88,13758.23,13730.66,13735.09,5.1712
2020-01-18 11:45:00,13718.06,13741.59,13685.65,13717.99,77.809
2020-01-18 12:00:00,13740.7,13761.21,13733.28,13735.29,125.5806
2020-01-18 12:15:00,13732.5,13781.16,13718.9,13734.98,88.6224
2020-01-18 12:30:00,13684.33,13699.73,13681.01,13698.43,116.4931
2020-01-18 12:45:00,13693.28,13719.31,13682.5,13712.45,104.0506
2020-01-18 13:00:00,13700.12,13728.5,13653.2,13664.63,312.345
2020-01-18 13:15:00,13698.51,13720.39,13677.19,13714.0,200.9304
2020-01-18 13:30:00,13688.47,13710.23,13670.55,13695.57,14.1383
2020-01-18 13:45:00,13711.61,13726.01,13676.48,13704.52,60.2583
2020-01-18 14:00:00,13721.8,13755.59,13681.84,13716.85,60.6545
2020-01-18 14:15:00,13714.03,13722.95,13692.77,13706.89,60.942
2020-01-18 14:30:00,13725.62,13753.04,13721.38,13731.7,266.9367
2020-01-18 14:45:00,13716.09,13737.35,13666.08,13712.82,39.6297
2020-01-18 15:00:00,13750.19,13762.03,13744.35,13749.35,95.2626
2020-01-18 15:15:00,13690.24,13718.09,13650.5,13694.52,226.6383
2020-01-18 15:30:00,13703.76,13732.72,13687.01,13700.39,5.186
2020-01-18 15:45:00,13795.32,13799.09,13751.08,13780.77,210.8285
2020-01-18 16:00:00,13739.8,13743.86,13698.53,13740.1,144.7995
2020-01-18 16:15:00,13712.64,13753.26,13687.9,13712.85,23.3033
2020-01-18 16:30:00,13749.35,13752.74,13710.04,13734.68,39.38
2020-01-18 16:45:00,13755.98,13772.87,13696.9,13742.77,37.1914
2020-01-18 17:00:00,13779.7,13801.21,13734.17,13757.91,25.0138
2020-01-18 17:15:00,13754.59,13779.94,13746.96,13778.79,101.7552
2020-01-18 17:30:00,13818.21,13822.08,13755.77,13805.72,406.4493
2020-01-18 17:45:00,13860.7,13864.6,13824.79,13852.37,18.2256
2020-01-18 18:00:00,13857.81,13870.7,13808.69,13870.09,26.4211
2020-01-18 18:15:00,13864.23,13867.73,13834.65,13860.74,34.3017
2020-01-18 18:30:00,13904.0,13917.38,13879.38,13889.4,277.3726
2020-01-18 18:45:00,13957.68,14001.93,13944.66,13969.26,98.3023
2020-01-18 19:00:00,13970.58,14033.89,13923.12,13964.4,23.9106
2020-01-18 19:15:00,13936.41,13967.45,13919.55,13924.28,162.9585
2020-01-18 19:30:00,13956.25,14019.02,13931.02,13971.22,256.2298
2020-01-18 19:45:00,13964.88,13975.5,13947.49,13966.87,51.6579
2020-01-18 20:00:00,13880.71,13946.11,13856.41,13876.53,18.9729
2020-01-18 20:15:00,13901.43,13913.69,13891.27,13912.51,37.0943
2020-01-18 20:30:00,13878.65,13895.86,13860.04,13890.86,24.4769
2020-01-18 20:45:00,13885.9,13896.4,13884.49,13887.78,22.4929
2020-01-18 21:00:00,13913.45,13932.02,13889.29,13902.31,18.728
2020-01-18 21:15:00,13919.9,13929.98,13838.52,13910.95,208.7859
2020-01-18 21:30:00,13929.24,13960.1,13876.81,13941.25,8.9802
2020-01-18 21:45:00,13932.81,13936.0,13863.76,13923.73,53.3326
2020-01-18 22:00:00,13934.2,13977.06,13923.63,13945.86,1.4845
2020-01-18 22:15:00,13913.26,13939.01,13874.37,13935.7,34.7284
2020-01-18 22:30:00,13962.16,13979.0,13914.97,13967.28,122.7361
2020-01-18 22:45:00,14009.48,14013.31,13993.17,13993.77,22.6695
2020-01-18 23:00:00,13964.35,13984.18,13949.15,13955.2,666.8463
2020-01-18 23:15:00,14001.34,14007.36,13970.82,14001.36,4.9505
2020-01-18 23:30:00,13973.72,13979.79,13942.39,13979.55,14.6742
2020-01-18 23:45:00,14008.67,14016.33,13965.21,14014.13,154.5904
2020-01-19 00:00:00,14031.8,14039.5,13980.26,14030.28,372.9633
2020-01-19 00:15:00,14093.27,14113.26,14081.55,14108.35,307.9397
2020-01-19 00:30:00,14094.69,14121.78,14037.41,14099.6,160.0659
2020-01-19 00:45:00,14082.49,14087.84,14070.51,14085.53,361.1421
2020-01-19 01:00:00,14066.38,14090.45,14057.57,14085.41,183.7559
2020-01-19 01:15:00,14061.5,14102.14,14055.09,14073.3,5.9776
2020-01-19 01:30:00,14113.57,14146.05,14047.96,14107.78,186.843
2020-01-19 01:45:00,14040.21,14078.74,13988.14,14040.08,66.1222
2020-01-19 02:00:00,13992.08,14013.67,13968.7,13996.4,61.0192
2020-01-19 02:15:00,13939.54,13975.08,13902.15,13952.26,0.2531
2020-01-19 02:30:00,14014.8,14052.52,13991.87,13992.74,96.8261
2020-01-19 02:45:00,14053.46,14081.54,14020.17,14065.24,111.3549
2020-01-19 03:00:00,14065.08,14090.28,14047.11,14061.54,156.406
2020-01-19 03:15:00,14048.26,14081.82,14011.3,14055.12,39.4455
2020-01-19 03:30:00,14059.29,14065.93,14017.15,14058.78,13.7119
2020-01-19 03:45:00,14114.94,14120.2,14046.64,14108.48,57.9551
2020-01-19 04:00:00,14050.66,14085.99,14042.47,14069.94,44.9868
2020-01-19 04:15:00,14080.61,14108.54,14067.29,14080.7,139.8907
2020-01-19 04:30:00,14139.42,14172.14,14108.09,14122.6,26.0636
2020-01-19 04:45:00,14169.45,14226.96,14125.15,14144.54,14.8698
2020-01-19 05:00:00,14151.45,14190.76,14123.89,14153.29,58.015
2020-01-19 05:15:00,14197.09,14212.72,14177.91,14196.5,98.8833
2020-01-19 05:30:00,14113.22,14130.77,14061.55,14082.08,32.9891
2020-01-19 05:45:00,14127.44,14151.86,14100.38,14111.42,12.1527
2020-01-19 06:00:00,14075.75,14113.96,14038.33,14084.44,57.8242
2020-01-19 06:15:00,13999.12,14011.01,13972.23,14007.79,326.6947
2020-01-19 06:30:00,14043.4,14050.1,14023.99,14029.98,342.0823
2020-01-19 06:45:00,14074.25,14095.15,14067.7,14088.5,123.3352
2020-01-19 07:00:00,14098.71,14122.39,14073.32,14083.39,150.1272
2020-01-19 07:15:00,14129.08,14143.09,14101.7,14124.35,22.7541
2020-01-19 07:30:00,14200.73,14204.33,14168.37,14193.38,46.945
2020-01-19 07:45:00,14246.42,14270.79,14234.83,14250.08,92.8247
2020-01-19 08:00:00,14311.88,14328.67,14301.6,14320.9,138.7962
2020-01-19 08:15:00,14374.48,14392.14,14337.36,14353.5,18.2271
2020-01-19 08:30:00,14353.92,14386.18,14344.43,14357.46,61.1804
2020-01-19 08:45:00,14283.31,14333.84,14246.6,14289.18,17.7638
2020-01-19 09:00:00,14278.2,14287.84,14207.43,14279.35,100.3371
2020-01-19 09:15:00,14246.69,14272.91,14205.47,14243.94,147.9121
2020-01-19 09:30:00,14322.64,14343.51,14295.24,14337.42,179.161
2020-01-19 09:45:00,14322.48,14357.41,14310.78,14330.57,131.8132
2020-01-19 10:00:00,14327.72,14348.79,14316.0,14336.58,17.3336
2020-01-19 10:15:00,14373.16,14375.62,14312.48,14361.02,176.2659
2020-01-19 10:30:00,14350.89,14414.95,14314.77,14363.62,40.7087
2020-01-19 10:45:00,14412.03,14455.44,14379.34,14437.38,180.6465
2020-01-19 11:00:00,14382.78,14413.61,14381.1,14411.13,28.8884
2020-01-19 11:15:00,14399.06,14449.12,14390.95,14420.26,64.5697
2020-01-19 11:30:00,14408.46,14425.98,14365.52,14388.86,85.9371
2020-01-19 11:45:00,14332.84,14336.27,14304.93,14332.6,3.5339
2020-01-19 12:00:00,14314.19,14324.37,14277.64,14307.02,234.0231
2020-01-19 12:15:00,14313.82,14357.41,14282.67,14306.14,71.6504
2020-01-19 12:30:00,14289.23,14351.25,14276.49,14288.43,21.3245
2020-01-19 12:45:00,14258.4,14269.14,14232.86,14259.46,17.532
2020-01-19 13:00:00,14214.85,14244.48,14185.69,14200.02,116.011
2020-01-19 13:15:00,14199.26,14219.33,14161.65,14197.19,8.5267
2020-01-19 13:30:00,14153.58,14170.22,14103.73,14133.81,57.95
2020-01-19 13:45:00,14175.54,14186.49,14164.22,14166.74,77.713
2020-01-19 14:00:00,14162.2,14190.36,14101.52,14170.96,26.5439
2020-01-19 14:15:00,14102.68,14140.03,14078.92,14109.7,13.8343
2020-01-19 14:30:00,14087.06,14141.02,14075.52,14097.32,67.4731
2020-01-19 14:45:00,14083.34,14109.75,14033.31,14066.21,41.6012
2020-01-19 15:00:00,14074.68,14099.01,14036.88,14080.38,15.1104
2020-01-19 15:15:00,14126.42,14146.02,14115.83,14137.71,23.6195
2020-01-19 15:30:00,14063.38,14086.71,14045.94,14058.88,63.6653
2020-01-19 15:45:00,14063.07,14146.5,14057.26,14064.44,14.2774
2020-01-19 16:00:00,14062.53,14074.93,14038.54,14058.39,275.0738
2020-01-19 16:15:00,14114.02,14118.54,14040.26,14087.4,149.3683
2020-01-19 16:30:00,14109.99,14163.22,14078.07,14097.12,39.3869
2020-01-19 16:45:00,14066.4,14077.83,14017.0,14066.02,29.8886
2020-01-19 17:00:00,14033.47,14069.87,14013.76,14053.26,207.3821
2020-01-19 17:15:00,14013.39,14072.38,14009.71,14020.4,55.6744
2020-01-19 17:30:00,14076.36,14109.77,14057.32,14066.36,198.5717
2020-01-19 17:45:00,14051.49,14126.05,13977.71,14067.96,135.6566
2020-01-19 18:00:00,14179.2,14184.48,14136.02,14148.9,9.6641
2020-01-19 18:15:00,14147.24,14174.85,14142.97,14147.04,167.9881
2020-01-19 18:30:00,14118.37,14150.19,14105.31,14117.68,77.627
2020-01-19 18:45:00,14044.91,14065.35,14044.19,14054.27,113.1963
2020-01-19 19:00:00,13985.9,14014.35,13969.62,13978.95,24.7186
2020-01-19 19:15:00,13897.11,13972.01,13860.33,13913.22,0.0271
2020-01-19 19:30:00,13955.21,13961.64,13881.02,13925.06,40.5997
2020-01-19 19:45:00,13965.38,14051.43,13914.01,13947.01,21.1496
2020-01-19 20:00:00,13895.21,13943.74,13837.93,13881.55,57.1313
2020-01-19 20:15:00,13900.16,13934.72,13864.91,13919.52,9.5298
2020-01-19 20:30:00,13902.9,13921.4,13878.12,13900.04,225.4236
2020-01-19 20:45:00,13923.67,13924.83,13903.93,13906.86,12.6384
2020-01-19 21:00:00,13983.1,13983.68,13930.33,13974.82,144.4707
2020-01-19 21:15:00,13999.07,14016.86,13974.65,14013.11,280.2216
2020-01-19 21:30:00,13993.42,14007.42,13974.48,14002.53,16.0437
2020-01-19 21:45:00,13959.48,13975.09,13947.25,13965.79,42.5377
2020-01-19 22:00:00,13867.96,13902.95,13821.27,13876.33,131.3276
2020-01-19 22:15:00,13868.26,13888.36,13800.05,13847.09,125.338
2020-01-19 22:30:00,13812.42,13840.03,13802.88,13839.01,3.8112
2020-01-19 22:45:00,13807.77,13808.36,13786.64,13798.72,7.3317
2020-01-19 23:00:00,13776.15,13823.82,13775.9,13793.97,12.7992
2020-01-19 23:15:00,13784.58,13827.69,13750.76,13797.84,83.938
2020-01-19 23:30:00,13761.51,13809.21,13745.54,13789.23,5.6616
2020-01-19 23:45:00,13755.47,13786.69,13733.76,13763.03,88.7727
2020-01-20 00:00:00,13791.48,13797.23,13763.26,13770.68,41.9253
2020-01-20 00:15:00,13793.28,13848.71,13760.12,13789.62,110.6878
2020-01-20 00:30:00,13728.73,13749.62,13671.62,13745.2,152.3454
2020-01-20 00:45:00,13818.11,13829.05,13802.72,13804.07,156.7333
2020-01-20 01:00:00,13817.67,13834.5,13783.75,13800.68,3.8361
2020-01-20 01:15:00,13803.59,13812.23,13781.06,13802.15,294.1156
2020-01-20 01:30:00,13860.31,13902.2,13830.21,13832.17,88.3452
2020-01-20 01:45:00,13853.91,13857.05,13820.67,13842.53,226.0475
2020-01-20 02:00:00,13892.29,13894.26,13877.28,13882.81,95.4889
2020-01-20 02:15:00,13884.3,13895.67,13864.86,13895.46,66.1875
2020-01-20 02:30:00,13879.33,13949.98,13860.32,13870.62,130.8329
2020-01-20 02:45:00,13889.37,13890.48,13881.8,13886.36,24.772
2020-01-20 03:00:00,13846.6,13869.59,13810.92,13839.41,10.8952
2020-01-20 03:15:00,13835.13,13862.75,13803.54,13844.61,9.4858
2020-01-20 03:30:00,13845.69,13867.31,13824.03,13843.92,189.1377
2020-01-20 03:45:00,13824.67,13875.5,13807.7,13835.97,243.5486
2020-01-20 04:00:00,13801.63,13843.79,13795.03,13831.33,168.4237
2020-01-20 04:15:00,13767.66,13787.59,13733.85,13753.93,234.7934
2020-01-20 04:30:00,13711.35,13783.03,13699.86,13731.98,418.4866
2020-01-20 04:45:00,13737.96,13764.89,13718.16,13736.49,74.6672
2020-01-20 05:00:00,13748.34,13749.1,13727.17,13743.76,16.7095
2020-01-20 05:15:00,13706.55,13744.8,13700.71,13702.08,93.6306
2020-01-20 05:30:00,13750.9,13779.92,13734.5,13754.79,43.6791
2020-01-20 05:45:00,13723.46,13731.52,13703.06,13719.74,42.5334
2020-01-20 06:00:00,13766.81,13793.57,13754.42,13760.33,130.1248
2020-01-20 06:15:00,13788.78,13798.61,13755.41,13778.65,9.5026
2020-01-20 06:30:00,13776.46,13816.87,13735.24,13752.63,3.8254
2020-01-20 06:45:00,13829.8,13830.38,13798.74,13826.56,118.8344
2020-01-20 07:00:00,13778.62,13820.12,13747.25,13777.74,30.2092
2020-01-20 07:15:00,13803.89,13838.29,13797.9,13816.42,48.6948
2020-01-20 07:30:00,13864.62,13886.97,13804.19,13858.58,36.7639
2020-01-20 07:45:00,13840.63,13864.98,13828.52,13831.39,95.41
2020-01-20 08:00:00,13887.19,13893.91,13873.48,13889.87,16.7845
2020-01-20 08:15:00,13887.7,13891.48,13870.89,13880.14,127.5068
2020-01-20 08:30:00,13888.79,13917.08,13875.36,13892.86,258.9294
2020-01-20 08:45:00,13913.73,13948.38,13883.78,13904.4,180.8552
2020-01-20 09:00:00,13912.18,13928.86,13895.08,13899.49,237.5553
2020-01-20 09:15:00,13946.52,13983.25,13921.54,13934.0,276.5746
2020-01-20 09:30:00,13969.51,13991.22,13963.91,13967.86,46.5747
2020-01-20 09:45:00,13880.84,13924.82,13858.75,13895.29,158.8362
2020-01-20 10:00:00,13941.82,13969.04,13934.41,13950.36,68.2852
2020-01-20 10:15:00,13889.74,13923.61,13865.58,13881.48,31.44
2020-01-20 10:30:00,13959.27,14003.22,13886.49,13925.17,137.39
2020-01-20 10:45:00,13968.18,14003.67,13943.32,13972.94,27.9884
2020-01-20 11:00:00,13934.25,13974.34,13915.27,13927.91,11.6108
2020-01-20 11:15:00,13903.7,13921.06,13890.6,13911.44,121.9491
2020-01-20 11:30:00,13852.48,13871.41,13841.39,13865.99,33.9053
2020-01-20 11:45:00,13848.37,13866.4,13835.82,13857.74,36.5166
2020-01-20 12:00:00,13816.79,13862.34,13813.69,13845.63,212.9665
2020-01-20 12:15:00,13897.49,13970.44,13854.03,13878.7,14.5649
2020-01-20 12:30:00,13902.88,13950.3,13889.54,13933.95,144.7515
2020-01-20 12:45:00,13989.3,14029.86,13986.64,13992.99,48.8107
2020-01-20 13:00:00,13953.63,13990.8,13939.96,13970.09,223.5023
2020-01-20 13:15:00,13949.67,14006.61,13926.71,13962.02,58.0433
2020-01-20 13:30:00,13911.33,13967.32,13874.42,13892.21,52.5978
2020-01-20 13:45:00,13862.1,13872.8,13852.03,13859.32,56.1884
2020-01-20 14:00:00,13886.71,13908.1,13884.4,13900.13,181.825
2020-01-20 14:15:00,13959.96,13994.91,13955.87,13968.19,1.0566
2020-01-20 14:30:00,13906.51,13947.11,13833.8,13917.16,122.0316
2020-01-20 14:45:00,13892.52,13901.4,13884.33,13893.12,22.9715
2020-01-20 15:00:00,13895.12,13935.64,13869.01,13892.72,213.8135
2020-01-20 15:15:00,13931.45,13946.72,13887.96,13905.09,47.1487
2020-01-20 15:30:00,13845.43,13933.27,13831.96,13872.01,41.3934
2020-01-20 15:45:00,13889.87,13907.3,13856.29,13890.35,124.6965
2020-01-20 16:00:00,13866.93,13877.67,13823.58,13871.3,128.1751
2020-01-20 16:15:00,13884.52,13890.97,13859.8,13871.39,100.4333
2020-01-20 16:30:00,13899.75,13902.57,13893.31,13894.82,40.0191
2020-01-20 16:45:00,13903.99,13960.82,13886.45,13895.78,94.2514
2020-01-20 17:00:00,13883.08,13900.27,13854.79,13878.29,5.5794
2020-01-20 17:15:00,13861.49,13879.96,13852.84,13874.42,310.5097
2020-01-20 17:30:00,13888.24,13890.9,13853.88,13871.43,60.278
2020-01-20 17:45:00,13867.79,13885.44,13836.2,13856.73,36.3092
2020-01-20 18:00:00,13859.34,13880.32,13820.29,13846.66,197.1693
2020-01-20 18:15:00,13931.35,13938.04,13900.78,13913.76,39.1817
2020-01-20 18:30:00,13943.69,13970.53,13929.17,13937.87,586.8689
2020-01-20 18:45:00,13946.84,13990.03,13894.39,13926.21,117.3119
2020-01-20 19:00:00,13961.3,13999.15,13873.62,13956.03,104.8617
2020-01-20 19:15:00,13939.7,13959.35,13913.97,13942.75,16.4706
2020-01-20 19:30:00,13992.42,14016.3,13982.36,13992.52,94.1257
2020-01-20 19:45:00,14008.4,14029.65,14005.85,14008.73,16.8567
2020-01-20 20:00:00,13997.65,14041.81,13961.5,14004.92,153.0646
2020-01-20 20:15:00,14047.32,14052.2,13977.88,14024.44,14.8967
2020-01-20 20:30:00,13963.18,13969.6,13938.08,13959.04,44.4465
2020-01-20 20:45:00,13913.87,13925.81,13905.82,13912.56,64.7663
2020-01-20 21:00:00,13868.8,13918.84,13857.23,13863.42,163.5749
2020-01-20 21:15:00,13911.39,13960.74,13867.22,13870.06,100.174
2020-01-20 21:30:00,13927.06,13963.6,13903.39,13942.84,137.8197
2020-01-20 21:45:00,14025.01,14047.44,14008.58,14036.87,27.968
2020-01-20 22:00:00,14045.03,14074.87,14035.58,14064.44,27.0843
2020-01-20 22:15:00,14083.0,14095.47,14078.03,14086.28,47.9036
2020-01-20 22:30:00,14014.31,14035.08,14004.88,14010.87,1.8858
2020-01-20 22:45:00,13982.25,14005.08,13944.88,13988.76,177.6107
2020-01-20 23:00:00,13948.87,14016.65,13913.87,13956.4,46.1986
2020-01-20 23:15:00,13933.09,13936.64,13876.65,13931.1,6.9944
2020-01-20 23:30:00,13917.78,13925.52,13877.31,13924.77,205.741
2020-01-20 23:45:00,13910.06,13915.11,13886.74,13905.75,343.6609
2020-01-21 00:00:00,13839.28,13854.58,13821.09,13823.87,104.0111
2020-01-21 00:15:00,13864.96,13865.85,13811.28,13855.58,44.097
2020-01-21 00:30:00,13823.85,13824.22,13808.93,13811.68,53.4021
2020-01-21 00:45:00,13837.3,13837.79,13813.33,13822.29,29.5923
2020-01-21 01:00:00,13912.92,13916.66,13893.42,13908.98,124.2282
2020-01-21 01:15:00,13869.12,13888.2,13847.08,13871.32,44.0168
2020-01-21 01:30:00,13756.08,13778.23,13686.8,13766.72,3.3023
2020-01-21 01:45:00,13750.21,13763.43,13717.7,13755.59,4.7262
2020-01-21 02:00:00,13794.48,13818.65,13743.09,13801.71,95.3862
2020-01-21 02:15:00,13893.65,13896.72,13867.13,13883.49,34.3031
2020-01-21 02:30:00,13837.77,13848.47,13805.67,13832.97,18.4634
2020-01-21 02:45:00,13863.93,13907.32,13818.93,13854.27,80.3777
2020-01-21 03:00:00,13819.57,13838.46,13784.34,13835.63,32.6335
2020-01-21 03:15:00,13851.73,13868.98,13822.4,13831.92,7.6163
2020-01-21 03:30:00,13936.39,13961.86,13888.6,13942.34,21.5154
2020-01-21 03:45:00,13864.91,13936.4,13840.6,13880.18,150.4658
2020-01-21 04:00:00,13885.33,13907.19,13882.92,13891.44,191.062
2020-01-21 04:15:00,13946.17,14005.79,13858.78,13911.62,205.6879
2020-01-21 04:30:00,13952.22,13964.24,13946.68,13957.63,76.5359
2020-01-21 04:45:00,13957.89,14003.44,13954.72,13962.43,301.4938
2020-01-21 05:00:00,13973.35,14001.34,13932.34,13976.03,16.4484
2020-01-21 05:15:00,13958.24,14019.11,13938.51,13960.31,113.431
2020-01-21 05:30:00,13961.36,14014.2,13942.2,13972.28,121.828
2020-01-21 05:45:00,13960.59,13973.87,13937.05,13958.59,5.4652
2020-01-21 06:00:00,14000.36,14000.8,13982.79,13985.32,33.1909
2020-01-21 06:15:00,13974.9,13996.94,13912.47,13970.51,297.6874
2020-01-21 06:30:00,13971.47,14001.65,13921.37,13987.02,142.3078
2020-01-21 06:45:00,13981.67,14007.48,13926.85,13986.49,5.6247
2020-01-21 07:00:00,14026.69,14059.71,14015.54,14034.43,77.8256
2020-01-21 07:15:00,14033.72,14082.72,14027.07,14032.97,104.5893
2020-01-21 07:30:00,13977.6,14017.14,13951.08,13959.03,361.5012
2020-01-21 07:45:00,14010.49,14045.4,13997.43,14012.58,126.0311
2020-01-21 08:00:00,13973.97,13997.05,13963.09,13975.2,101.7919
2020-01-21 08:15:00,13973.29,13992.08,13928.64,13948.49,239.1717
2020-01-21 08:30:00,13936.46,13971.66,13903.33,13924.26,108.157
2020-01-21 08:45:00,13990.4,14001.73,13965.7,13982.37,269.0044
2020-01-21 09:00:00,13920.69,13930.42,13863.74,13893.49,67.8803
2020-01-21 09:15:00,14031.83,14058.14,13991.89,14024.96,126.7854
2020-01-21 09:30:00,14042.15,14099.73,13952.74,14070.1,99.9006
2020-01-21 09:45:00,14091.95,14100.93,14068.24,14080.22,80.4137
2020-01-21 10:00:00,14056.2,14101.35,14034.03,14078.61,39.1702
2020-01-21 10:15:00,14097.74,14114.84,14077.88,14091.37,234.1102
2020-01-21 10:30:00,14089.92,14175.82,14085.48,14114.11,31.4772
2020-01-21 10:45:00,14135.53,14196.96,14092.95,14142.13,17.3627
2020-01-21 11:00:00,14161.26,14193.1,14140.5,14166.41,124.4969
2020-01-21 11:15:00,14160.02,14184.95,14121.87,14170.93,79.0877
2020-01-21 11:30:00,14158.31,14188.72,14156.7,14163.25,30.4978
2020-01-21 11:45:00,14172.15,14172.46,14115.86,14157.53,204.259
2020-01-21 12:00:00,14139.86,14150.43,14123.1,14149.96,33.7162
2020-01-21 12:15:00,14206.53,14242.79,14178.72,14198.79,6.5907
2020-01-21 12:30:00,14211.05,14297.35,14193.68,14224.79,1.5486
2020-01-21 12:45:00,14097.35,14114.86,14044.38,14100.02,256.2069
2020-01-21 13:00:00,14133.04,14177.24,14107.08,14128.47,51.4462
2020-01-21 13:15:00,14123.34,14142.28,14089.2,14137.43,24.0148
2020-01-21 13:30:00,14118.8,14142.38,14099.23,14137.34,83.7252
2020-01-21 13:45:00,14128.52,14156.02,14117.0,14121.57,66.9207
2020-01-21 14:00:00,14185.82,14200.98,14156.32,14169.9,875.7059
2020-01-21 14:15:00,14209.77,14261.0,14203.56,14210.89,219.3775
2020-01-21 14:30:00,14172.17,14200.63,14148.93,14178.65,31.6222
2020-01-21 14:45:00,14198.88,14211.73,14165.43,14196.67,119.6367
2020-01-21 15:00:00,14156.79,14221.68,14117.25,14156.0,48.9675
2020-01-21 15:15:00,14101.54,14135.3,14023.69,14098.12,45.3245
2020-01-21 15:30:00,14036.74,14095.19,14022.59,14072.32,45.7454
2020-01-21 15:45:00,14094.34,14112.55,14086.36,14109.43,101.9584
2020-01-21 16:00:00,14138.52,14193.81,14091.75,14150.48,77.2155
2020-01-21 16:15:00,14175.1,14225.86,14166.27,14172.97,140.6701
2020-01-21 16:30:00,14207.14,14212.35,14193.96,14204.5,16.6038
2020-01-21 16:45:00,14236.26,14258.75,14204.21,14227.21,55.4128
2020-01-21 17:00:00,14204.2,14216.92,14190.44,14200.54,196.8423
2020-01-21 17:15:00,14201.16,14223.81,14181.04,14219.65,0.3169
2020-01-21 17:30:00,14275.14,14283.83,14222.33,14254.51,97.6817
2020-01-21 17:45:00,14305.65,14340.23,14266.42,14287.48,154.0551
2020-01-21 18:00:00,14321.11,14380.34,14293.99,14339.15,48.4272
2020-01-21 18:15:00,14375.12,14437.99,14341.43,14370.34,215.086
2020-01-21 18:30:00,14377.64,14425.13,14375.19,14386.21,133.0639
2020-01-21 18:45:00,14435.12,14484.14,14427.5,14433.11,93.1527
2020-01-21 19:00:00,14447.89,14472.3,14416.82,14432.69,22.1049
2020-01-21 19:15:00,14425.89,14448.68,14390.99,14395.23,110.8978
2020-01-21 19:30:00,14399.71,14413.12,14354.29,14388.9,179.4364
2020-01-21 19:45:00,14361.7,14380.82,14296.52,14357.47,130.8997
2020-01-21 20:00:00,14324.23,14350.08,14293.98,14329.1,85.5329
2020-01-21 20:15:00,14326.22,14372.39,14301.73,14323.61,125.3782
2020-01-21 20:30:00,14309.7,14329.06,14269.09,14290.27,376.7428
2020-01-21 20:45:00,14277.15,14316.85,14249.03,14277.78,1.0863
2020-01-21 21:00:00,14184.81,14202.76,14161.04,14197.39,109.0432
2020-01-21 21:15:00,14184.17,14244.79,14153.33,14207.18,157.5001
2020-01-21 21:30:00,14215.23,14271.56,14196.4,14207.95,101.8577
2020-01-21 21:45:00,14177.33,14184.07,14122.72,14173.83,31.8955
2020-01-21 22:00:00,14193.4,14265.32,14185.06,14202.57,173.0236
2020-01-21 22:15:00,14257.84,14265.22,14186.27,14243.23,244.5291
2020-01-21 22:30:00,14169.27,14210.9,14151.52,14175.25,115.0447
2020-01-21 22:45:00,14141.62,14167.3,14123.18,14143.52,71.5442
2020-01-21 23:00:00,14111.36,14175.95,14105.93,14111.59,45.6213
2020-01-21 23:15:00,14067.57,14118.95,14066.52,14072.51,40.0562
2020-01-21 23:30:00,14111.56,14152.85,14099.17,14108.23,128.456
2020-01-21 23:45:00,14116.97,14127.25,14085.51,14100.73,93.426
2020-01-22 00:00:00,14074.15,14140.74,14071.27,14090.25,17.0611
2020-01-22 00:15:00,14013.09,14036.51,13989.24,14006.25,15.2099
2020-01-22 00:30:00,14036.06,14085.24,14022.53,14033.65,7.3753
2020-01-22 00:45:00,13984.33,13992.65,13948.13,13982.18,115.047
2020-01-22 01:00:00,13997.58,14017.84,13976.52,13985.39,37.7409
2020-01-22 01:15:00,13998.42,13999.37,13950.8,13997.73,2.045
2020-01-22 01:30:00,14062.31,14078.08,14013.1,14055.56,41.2026
2020-01-22 01:45:00,14011.1,14013.69,13988.94,14001.08,178.4486
2020-01-22 02:00:00,13867.95,13895.59,13850.22,13874.95,28.457
2020-01-22 02:15:00,13887.45,13896.64,13857.5,13883.29,100.3892
2020-01-22 02:30:00,13955.48,13965.12,13928.11,13958.98,57.9231
2020-01-22 02:45:00,14009.7,14018.19,13983.95,14011.56,79.6057
2020-01-22 03:00:00,14016.56,14030.22,13986.56,14021.07,90.5778
2020-01-22 03:15:00,14007.69,14028.31,13933.99,14001.1,60.6623
2020-01-22 03:30:00,14036.84,14051.59,14016.1,14035.7,5.9597
2020-01-22 03:45:00,14000.93,14020.51,13984.81,13995.41,83.8625
2020-01-22 04:00:00,14015.86,14038.04,13970.13,14016.11,50.6709
2020-01-22 04:15:00,14015.54,14070.01,14003.11,14038.06,22.2993
2020-01-22 04:30:00,14083.86,14091.21,14073.27,14083.41,226.8263
2020-01-22 04:45:00,14201.62,14223.0,14174.4,14200.71,133.2061
2020-01-22 05:00:00,14221.59,14244.34,14212.09,14218.14,33.417
2020-01-22 05:15:00,14188.71,14210.52,14174.66,14197.14,77.4264
2020-01-22 05:30:00,14179.79,14259.26,14177.51,14196.76,329.9901
2020-01-22 05:45:00,14130.95,14137.11,14107.26,14122.13,28.1649
2020-01-22 06:00:00,14089.55,14126.72,14080.16,14093.4,294.4744
2020-01-22 06:15:00,14079.21,14107.78,14043.19,14076.8,114.9994
2020-01-22 06:30:00,14051.42,14055.7,14043.11,14055.37,77.8349
2020-01-22 06:45:00,14062.42,14079.83,14050.36,14062.5,408.6834
2020-01-22 07:00:00,14022.2,14057.5,13995.04,14028.51,40.6029
2020-01-22 07:15:00,14062.76,14076.96,14005.38,14076.39,32.605
2020-01-22 07:30:00,14083.77,14113.4,14068.12,14077.1,41.4899
2020-01-22 07:45:00,14068.92,14086.63,14059.37,14077.41,138.9734
2020-01-22 08:00:00,14066.57,14090.54,14038.21,14064.27,41.099
2020-01-22 08:15:00,14077.29,14128.06,14057.99,14071.52,10.8435
2020-01-22 08:30:00,14098.78,14140.11,14065.11,14107.05,103.3702
2020-01-22 08:45:00,14054.12,14075.45,14011.5,14071.06,25.2294
2020-01-22 09:00:00,14078.06,14098.0,14026.73,14043.98,0.4172
2020-01-22 09:15:00,14024.48,14058.18,14002.01,14031.89,22.2091
2020-01-22 09:30:00,13984.65,14005.39,13923.37,13975.94,171.0062
2020-01-22 09:45:00,13969.33,13975.07,13927.54,13942.28,281.7554
2020-01-22 10:00:00,13934.06,13945.37,13921.62,13923.06,108.457
2020-01-22 10:15:00,13956.09,14023.25,13925.67,13960.28,37.1774
2020-01-22 10:30:00,13971.04,13986.04,13936.55,13971.98,57.3583
2020-01-22 10:45:00,13969.15,14000.94,13968.0,13980.79,21.6353
2020-01-22 11:00:00,14029.54,14082.25,14014.93,14017.18,212.6767
2020-01-22 11:15:00,14020.04,14072.88,14004.65,14012.1,109.5362
2020-01-22 11:30:00,14022.0,14046.08,13986.49,14029.22,8.8189
2020-01-22 11:45:00,14010.96,14031.95,13999.9,14025.57,45.718
2020-01-22 12:00:00,14018.89,14072.52,14000.21,14037.44,77.2239
2020-01-22 12:15:00,14027.42,14034.37,14011.19,14013.6,159.6177
2020-01-22 12:30:00,13913.45,13935.67,13896.22,13911.77,253.2056
2020-01-22 12:45:00,13909.85,13914.72,13905.78,13906.86,14.234
2020-01-22 13:00:00,13955.42,13985.86,13918.84,13966.92,179.912
2020-01-22 13:15:00,13985.92,14020.44,13946.85,14006.42,6.8047
2020-01-22 13:30:00,14061.21,14096.58,14032.02,14047.69,27.5082
2020-01-22 13:45:00,14101.08,14128.43,14078.9,14100.49,2.1236
2020-01-22 14:00:00,14117.74,14143.0,14093.86,14104.94,6.5956
2020-01-22 14:15:00,14108.55,14123.37,14107.77,14114.0,3.2957
2020-01-22 14:30:00,14085.21,14102.72,14072.54,14088.55,15.7833
2020-01-22 14:45:00,14085.93,14114.9,14045.0,14075.89,209.1741
2020-01-22 15:00:00,14112.93,14124.37,14096.87,14102.6,33.3833
2020-01-22 15:15:00,14165.53,14213.23,14140.12,14154.24,65.3379
2020-01-22 15:30:00,14144.85,14152.61,14117.51,14149.03,66.7706
2020-01-22 15:45:00,14139.31,14166.04,14108.75,14130.62,535.2337
2020-01-22 16:00:00,14147.03,14214.0,14126.93,14131.35,45.3615
2020-01-22 16:15:00,14156.06,14188.79,14126.38,14157.55,30.802
2020-01-22 16:30:00,14089.69,14122.41,14070.96,14096.93,330.3473
2020-01-22 16:45:00,14019.33,14039.16,13977.69,14000.53,89.7777
2020-01-22 17:00:00,13968.96,14009.65,13932.95,13978.1,34.176
2020-01-22 17:15:00,13936.38,13967.85,13887.37,13927.61,33.8956
2020-01-22 17:30:00,13906.27,13910.99,13898.24,13907.08,9.0322
2020-01-22 17:45:00,13876.01,13927.49,13822.15,13901.61,81.3889
2020-01-22 18:00:00,13899.07,13915.94,13858.86,13883.4,128.6224
2020-01-22 18:15:00,13906.13,13956.87,13900.23,13944.59,64.3812
2020-01-22 18:30:00,13931.26,13979.61,13907.46,13958.96,215.7938
2020-01-22 18:45:00,13979.61,14002.32,13938.25,13972.24,66.158
2020-01-22 19:00:00,14006.4,14074.44,13978.94,13999.02,42.5196
2020-01-22 19:15:00,13942.99,13954.32,13917.26,13951.89,28.8726
2020-01-22 19:30:00,13998.15,14000.04,13978.41,13996.08,27.878
2020-01-22 19:45:00,13958.17,14015.91,13951.29,13993.6,38.0549
2020-01-22 20:00:00,14032.36,14042.47,14021.13,14022.44,482.5181
2020-01-22 20:15:00,13981.55,14020.61,13927.38,13978.06,44.7579
2020-01-22 20:30:00,13912.96,13914.26,13911.15,13913.6,74.3599
2020-01-22 20:45:00,13948.72,13985.84,13921.07,13948.43,32.1136
2020-01-22 21:00:00,13971.77,14034.31,13932.58,13964.88,15.4943
2020-01-22 21:15:00,13927.39,13998.28,13902.01,13927.79,103.7988
2020-01-22 21:30:00,13866.11,13925.16,13831.06,13892.15,78.7942
2020-01-22 21:45:00,13970.36,14003.42,13925.44,13939.75,7.0236
2020-01-22 22:00:00,13907.38,13919.75,13881.11,13890.7,214.3762
2020-01-22 22:15:00,13941.91,13963.45,13860.35,13959.85,70.8687
2020-01-22 22:30:00,13918.03,13967.01,13894.29,13922.83,40.8449
2020-01-22 22:45:00,13946.9,13967.69,13937.31,13950.19,151.1219
2020-01-22 23:00:00,13952.17,13985.75,13927.32,13937.14,11.8885
2020-01-22 23:15:00,13932.91,13980.14,13923.33,13963.06,64.2036
2020-01-22 23:30:00,13934.0,13942.13,13896.46,13940.96,79.5784
2020-01-22 23:45:00,13910.32,13976.35,13905.39,13934.85,149.2211
2020-01-23 00:00:00,13933.28,13937.64,13906.09,13937.26,46.2424
2020-01-23 00:15:00,13889.48,13929.08,13889.43,13896.05,193.0773
2020-01-23 00:30:00,13928.74,13974.72,13906.24,13927.63,119.6246
2020-01-23 00:45:00,13898.47,13933.22,13868.71,13906.88,147.4362
2020-01-23 01:00:00,13887.6,13909.46,13878.23,13898.04,347.6276
2020-01-23 01:15:00,13865.86,13877.07,13853.31,13857.28,186.2742
2020-01-23 01:30:00,13757.7,13760.36,13713.48,13751.45,42.5854
2020-01-23 01:45:00,13751.83,13779.11,13734.02,13744.25,103.7925
2020-01-23 02:00:00,13841.97,13868.94,13802.8,13844.42,202.9597
2020-01-23 02:15:00,13869.77,13883.37,13840.48,13877.7,74.4696
2020-01-23 02:30:00,13875.94,13879.43,13868.94,13877.59,114.8222
2020-01-23 02:45:00,13874.29,13877.89,13858.5,13867.34,18.9058
2020-01-23 03:00:00,13838.78,13873.06,13820.96,13868.97,169.2354
2020-01-23 03:15:00,13897.9,13958.34,13878.23,13892.43,141.6591
2020-01-23 03:30:00,13848.19,13879.64,13821.38,13843.91,219.7269
2020-01-23 03:45:00,13891.74,13902.79,13869.58,13890.88,123.8387
2020-01-23 04:00:00,13919.31,13955.25,13903.57,13921.39,209.4763
2020-01-23 04:15:00,13916.27,13991.92,13909.3,13952.08,17.6995
2020-01-23 04:30:00,13964.98,13987.61,13941.82,13971.13,168.0114
2020-01-23 04:45:00,13997.65,14000.67,13972.54,13972.65,305.6911
2020-01-23 05:00:00,14001.73,14030.4,13986.24,14001.55,169.0148
2020-01-23 05:15:00,14022.8,14033.29,13988.01,14027.11,95.5104
2020-01-23 05:30:00,14013.15,14050.58,13994.73,14012.91,261.0471
2020-01-23 05:45:00,13994.46,14004.32,13947.28,13989.5,9.9253
2020-01-23 06:00:00,14003.69,14051.06,13990.8,13994.48,1.7008
2020-01-23 06:15:00,14056.99,14082.08,14007.92,14060.21,336.1598
2020-01-23 06:30:00,14014.6,14051.53,13947.76,14008.64,114.887
2020-01-23 06:45:00,13971.06,14034.35,13941.85,13947.67,12.1226
2020-01-23 07:00:00,13969.3,14000.04,13918.04,13955.26,41.5534
2020-01-23 07:15:00,13990.76,13999.09,13923.74,13958.09,138.1514
2020-01-23 07:30:00,13956.87,13977.23,13952.23,13966.05,138.7846
2020-01-23 07:45:00,14000.39,14002.49,13956.36,13976.97,18.6319
2020-01-23 08:00:00,13957.26,13969.47,13945.61,13968.31,63.5157
2020-01-23 08:15:00,14036.4,14069.83,14025.62,14031.44,164.6678
2020-01-23 08:30:00,13974.98,14006.17,13934.38,13964.75,340.5123
2020-01-23 08:45:00,13923.62,13937.21,13907.77,13930.74,97.4358
2020-01-23 09:00:00,13928.35,13946.91,13900.15,13927.12,101.6479
2020-01-23 09:15:00,13871.78,13908.99,13841.32,13859.16,63.3651
2020-01-23 09:30:00,13842.7,13857.86,13816.71,13852.54,77.4483
2020-01-23 09:45:00,13945.52,13965.57,13859.32,13922.28,10.4176
2020-01-23 10:00:00,13904.57,13936.18,13879.75,13923.85,43.0149
2020-01-23 10:15:00,13961.21,13978.0,13903.39,13934.18,70.7842
2020-01-23 10:30:00,13896.1,13951.14,13848.89,13882.2,32.1558
2020-01-23 10:45:00,13855.98,13890.07,13855.83,13857.23,44.602
2020-01-23 11:00:00,13836.75,13869.42,13796.7,13842.32,354.7263
2020-01-23 11:15:00,13822.81,13840.99,13796.72,13829.82,0.5216
2020-01-23 11:30:00,13881.8,13887.88,13879.06,13883.69,36.0458
2020-01-23 11:45:00,13906.94,13909.03,13862.33,13907.61,87.6959
2020-01-23 12:00:00,13879.33,13906.03,13848.45,13861.93,32.707
2020-01-23 12:15:00,13900.19,13900.35,13855.15,13872.88,112.8444
2020-01-23 12:30:00,13897.08,13900.62,13860.25,13894.31,35.564
2020-01-23 12:45:00,13930.73,13970.92,13908.55,13942.52,101.6685
2020-01-23 13:00:00,14001.69,14026.16,13979.11,14009.33,189.6204
2020-01-23 13:15:00,13964.81,13987.92,13957.23,13967.37,107.4829
2020-01-23 13:30:00,13919.74,13966.06,13888.94,13934.09,5.1172
2020-01-23 13:45:00,13865.85,13905.09,13853.28,13882.22,158.5787
2020-01-23 14:00:00,13902.26,13903.63,13864.74,13873.17,23.9275
2020-01-23 14:15:00,13897.47,13932.11,13880.32,13893.27,100.7287
2020-01-23 14:30:00,13923.51,13937.65,13908.32,13935.12,104.0533
2020-01-23 14:45:00,13944.02,13947.62,13917.14,13932.64,162.83
2020-01-23 15:00:00,13903.56,13990.75,13880.01,13919.97,70.4862
2020-01-23 15:15:00,13911.74,13966.17,13908.4,13927.0,47.1546
2020-01-23 15:30:00,13881.65,13972.99,13868.33,13892.8,72.987
2020-01-23 15:45:00,14003.72,14013.35,13974.05,13980.59,78.9123
2020-01-23 16:00:00,13910.34,13943.74,13875.17,13913.86,172.338
2020-01-23 16:15:00,13888.27,13974.91,13882.63,13922.26,22.9502
2020-01-23 16:30:00,14024.43,14061.52,13990.03,14007.48,187.6221
2020-01-23 16:45:00,14004.17,14013.05,13960.31,14008.47,45.5245
2020-01-23 17:00:00,13975.29,14030.97,13938.72,14001.18,136.204
2020-01-23 17:15:00,13982.44,14016.76,13955.11,13986.87,40.904
2020-01-23 17:30:00,13987.28,14002.43,13974.07,13980.0,123.4038
2020-01-23 17:45:00,14043.94,14057.84,14034.54,14038.27,160.5343
2020-01-23 18:00:00,13970.9,14012.44,13911.85,13945.82,81.6594
2020-01-23 18:15:00,13998.73,14069.17,13978.87,14010.67,96.6386
2020-01-23 18:30:00,13952.17,14013.8,13927.02,13951.52,123.0182
2020-01-23 18:45:00,13931.31,13972.52,13903.81,13941.06,116.6123
2020-01-23 19:00:00,13902.33,13936.38,13899.38,13923.8,129.9807
2020-01-23 19:15:00,13961.44,13963.89,13924.41,13949.09,189.4958
2020-01-23 19:30:00,13889.34,13902.91,13828.34,13882.91,24.9124
2020-01-23 19:45:00,13906.79,13920.99,13877.7,13902.85,24.173
2020-01-23 20:00:00,13993.94,14017.85,13980.77,13987.97,352.9568
2020-01-23 20:15:00,13921.92,13946.6,13882.21,13931.47,190.5963
2020-01-23 20:30:00,13926.08,13952.79,13895.79,13940.1,89.5766
2020-01-23 20:45:00,13913.63,13954.09,13896.25,13913.11,0.8212
2020-01-23 21:00:00,13947.76,13968.44,13891.45,13931.58,192.9356
2020-01-23 21:15:00,13955.48,13989.92,13900.88,13933.08,139.2701
2020-01-23 21:30:00,13918.02,13926.72,13894.15,13906.96,313.2152
2020-01-23 21:45:00,13928.42,13945.77,13918.58,13928.01,1.3249
2020-01-23 22:00:00,14007.88,14062.18,13994.36,14004.1,2.8941
2020-01-23 22:15:00,13996.94,13998.96,13942.18,13996.78,72.8672
2020-01-23 22:30:00,14013.31,14038.34,13972.21,14027.7,193.8284
2020-01-23 22:45:00,13974.32,13982.71,13947.38,13973.98,474.6316
2020-01-23 23:00:00,13915.98,13956.23,13898.84,13934.58,38.57
2020-01-23 23:15:00,13953.29,13989.73,13883.55,13955.03,3.7041
2020-01-23 23:30:00,14040.79,14058.53,14002.68,14017.86,21.7544
2020-01-23 23:45:00,14045.06,14081.94,14023.88,14033.51,209.5655
2020-01-24 00:00:00,14008.09,14047.77,13957.24,14021.03,62.8203
2020-01-24 00:15:00,14020.69,14041.57,14011.8,14021.71,191.9413
2020-01-24 00:30:00,13958.15,14003.42,13925.66,13969.81,58.6822
2020-01-24 00:45:00,13994.97,13997.17,13965.0,13995.84,5.4868
2020-01-24 01:00:00,14048.2,14064.19,14018.1,14033.59,96.1223
2020-01-24 01:15:00,14024.41,14038.42,13937.86,14015.26,57.2135
2020-01-24 01:30:00,14030.96,14031.27,13987.07,13996.19,67.6001
2020-01-24 01:45:00,14024.76,14052.89,14000.83,14008.06,297.5356
2020-01-24 02:00:00,13993.26,13997.75,13977.06,13990.41,61.0784
2020-01-24 02:15:00,13997.8,14019.93,13977.89,13988.33,159.2224
2020-01-24 02:30:00,14074.29,14090.3,14055.01,14077.14,6.0719
2020-01-24 02:45:00,14051.55,14092.13,13990.97,14067.41,65.208
2020-01-24 03:00:00,14071.35,14096.09,13990.21,14053.0,88.3569
2020-01-24 03:15:00,14040.55,14053.19,13998.4,14026.4,12.0171
2020-01-24 03:30:00,14055.03,14096.0,14050.7,14058.41,35.9871
2020-01-24 03:45:00,14055.32,14069.78,14049.35,14051.47,134.5512
2020-01-24 04:00:00,14042.21,14084.71,13977.02,14024.8,20.3227
2020-01-24 04:15:00,14093.01,14093.9,14075.33,14081.1,13.7484
2020-01-24 04:30:00,14121.08,14163.45,14119.05,14141.77,35.564
2020-01-24 04:45:00,14120.44,14174.55,14093.01,14117.0,195.8724
2020-01-24 05:00:00,14036.31,14064.79,14021.3,14038.66,143.9457
2020-01-24 05:15:00,14097.47,14124.59,14061.33,14081.79,149.9694
2020-01-24 05:30:00,14068.07,14102.66,14040.53,14053.58,38.9283
2020-01-24 05:45:00,14106.19,14124.85,14087.42,14087.61,10.4182
2020-01-24 06:00:00,13989.4,14008.7,13957.44,14005.05,3.2474
2020-01-24 06:15:00,14032.25,14066.62,14005.44,14043.26,88.2369
2020-01-24 06:30:00,14008.52,14016.94,13954.67,13992.93,121.1621
2020-01-24 06:45:00,14016.01,14057.58,13968.0,14024.31,47.464
2020-01-24 07:00:00,14004.27,14092.87,13997.41,14025.61,75.2604
2020-01-24 07:15:00,13993.62,14009.5,13979.17,13986.17,32.7122
2020-01-24 07:30:00,13962.15,14000.11,13960.12,13969.79,45.3032
2020-01-24 07:45:00,14024.31,14036.33,13966.18,13999.26,130.8653
2020-01-24 08:00:00,14008.55,14021.44,13979.39,14004.4,126.6629
2020-01-24 08:15:00,14031.9,14037.08,13981.54,14029.66,2.8494
2020-01-24 08:30:00,14108.33,14161.35,14107.72,14113.54,288.6547
2020-01-24 08:45:00,14070.37,14081.8,14039.14,14048.02,31.3358
2020-01-24 09:00:00,14121.94,14132.07,14057.16,14116.88,238.1482
2020-01-24 09:15:00,14116.23,14144.23,14103.96,14122.0,71.7228
2020-01-24 09:30:00,14073.45,14094.84,14053.86,14084.63,69.1513
2020-01-24 09:45:00,14028.09,14040.12,14004.02,14029.12,59.8952
2020-01-24 10:00:00,14008.16,14023.9,13989.74,14021.87,255.6541
2020-01-24 10:15:00,14075.8,14105.28,14045.65,14061.34,23.333
2020-01-24 10:30:00,14031.24,14067.45,13990.41,14056.66,94.5836
2020-01-24 10:45:00,14119.12,14148.08,14105.36,14121.09,38.2405
2020-01-24 11:00:00,14068.9,14082.33,14031.02,14060.32,246.7915
2020-01-24 11:15:00,14065.32,14065.89,14038.34,14060.51,18.5535
2020-01-24 11:30:00,13998.34,14045.88,13989.09,14008.39,112.7598
2020-01-24 11:45:00,14033.63,14046.92,14015.06,14024.37,54.7764
2020-01-24 12:00:00,14049.92,14111.11,14022.48,14062.38,108.2413
2020-01-24 12:15:00,14045.02,14057.71,14021.81,14045.34,17.1509
2020-01-24 12:30:00,13945.39,13966.46,13928.79,13936.31,50.0313
2020-01-24 12:45:00,13951.78,13987.64,13915.47,13945.32,11.3463
2020-01-24 13:00:00,13954.86,13964.81,13929.85,13964.29,346.66
2020-01-24 13:15:00,13998.67,14025.91,13925.18,13981.92,24.0789
2020-01-24 13:30:00,14035.68,14051.79,14015.07,14034.46,499.4682
2020-01-24 13:45:00,14000.46,14014.37,13963.3,13990.07,54.2141
2020-01-24 14:00:00,14040.75,14059.9,13992.59,14019.31,7.4238
2020-01-24 14:15:00,14085.89,14108.2,14057.08,14070.17,1.7731
2020-01-24 14:30:00,14011.48,14032.0,13973.97,13995.8,91.3685
2020-01-24 14:45:00,14012.62,14044.04,14004.59,14009.92,95.381
2020-01-24 15:00:00,14000.54,14028.11,13960.09,13989.43,74.4005
2020-01-24 15:15:00,13989.7,14011.83,13945.22,13986.71,6.8706
2020-01-24 15:30:00,13985.06,14020.69,13972.73,14002.0,40.2725
2020-01-24 15:45:00,13986.46,14013.24,13974.67,13982.23,44.4836
2020-01-24 16:00:00,13958.16,14017.7,13923.42,13954.58,122.0159
2020-01-24 16:15:00,13964.86,13994.92,13954.86,13956.71,54.2755
2020-01-24 16:30:00,13910.11,13939.7,13877.51,13911.89,85.0894
2020-01-24 16:45:00,13856.71,13909.41,13836.43,13867.26,33.7335
2020-01-24 17:00:00,13905.34,13908.4,13876.39,13896.22,129.4561
2020-01-24 17:15:00,13830.84,13870.34,13819.11,13849.02,4.7895
2020-01-24 17:30:00,13897.64,13918.43,13847.06,13877.4,446.5778
2020-01-24 17:45:00,13894.14,13904.64,13891.85,13897.35,102.5806
2020-01-24 18:00:00,13829.49,13859.39,13804.25,13826.1,16.118
2020-01-24 18:15:00,13806.39,13839.52,13785.49,13798.68,126.4044
2020-01-24 18:30:00,13856.98,13907.94,13838.75,13848.8,154.4386
2020-01-24 18:45:00,13789.28,13818.73,13757.63,13808.73,155.3984
2020-01-24 19:00:00,13801.55,13817.6,13740.95,13790.18,31.5714
2020-01-24 19:15:00,13814.18,13868.55,13806.59,13809.99,318.5386
2020-01-24 19:30:00,13834.34,13881.41,13760.64,13843.14,1.7897
2020-01-24 19:45:00,13823.01,13837.11,13812.49,13833.38,47.7777
2020-01-24 20:00:00,13804.66,13841.36,13732.93,13809.28,11.0058
2020-01-24 20:15:00,13850.88,13872.24,13822.08,13868.89,48.5904
2020-01-24 20:30:00,13965.95,13971.41,13940.34,13941.94,5.8928
2020-01-24 20:45:00,14004.36,14026.48,13979.49,13983.57,103.558
2020-01-24 21:00:00,13994.17,14010.95,13985.48,13987.85,6.4497
2020-01-24 21:15:00,13951.52,13978.4,13937.52,13954.63,95.6714
2020-01-24 21:30:00,13917.82,13955.47,13902.09,13920.57,26.6683
2020-01-24 21:45:00,13953.65,13996.06,13940.44,13943.08,19.7412
2020-01-24 22:00:00,13985.82,13993.48,13960.35,13961.28,42.6179
2020-01-24 22:15:00,14012.69,14092.56,13929.57,14020.68,102.4324
2020-01-24 22:30:00,14033.04,14051.12,14018.75,14048.74,86.3225
2020-01-24 22:45:00,14007.74,14056.28,13967.13,13986.1,114.0909
2020-01-24 23:00:00,14005.86,14038.86,13995.57,14030.94,251.3071
2020-01-24 23:15:00,13975.52,13994.81,13967.22,13989.63,22.7281
2020-01-24 23:30:00,13970.76,13976.11,13928.53,13974.21,53.3339
2020-01-24 23:45:00,13963.57,13997.6,13959.97,13985.4,30.9002
2020-01-25 00:00:00,14085.48,14091.23,14067.17,14069.83,88.273
2020-01-25 00:15:00,14213.97,14222.3,14180.86,14201.8,33.3239
2020-01-25 00:30:00,14220.18,14280.46,14163.34,14228.36,81.6483
2020-01-25 00:45:00,14239.45,14250.65,14210.64,14221.25,173.2531
2020-01-25 01:00:00,14265.41,14287.43,14226.84,14244.77,80.0611
2020-01-25 01:15:00,14281.8,14314.07,14224.39,14283.41,182.0956
2020-01-25 01:30:00,14263.95,14289.45,14259.38,14270.39,94.5077
2020-01-25 01:45:00,14380.37,14439.7,14342.55,14347.95,204.253
2020-01-25 02:00:00,14368.93,14373.7,14349.52,14358.57,266.5236
2020-01-25 02:15:00,14384.42,14384.62,14379.28,14380.73,70.8896
2020-01-25 02:30:00,14429.83,14448.58,14362.74,14410.18,156.3729
2020-01-25 02:45:00,14433.48,14440.88,14402.95,14429.13,63.2646
2020-01-25 03:00:00,14458.85,14487.32,14448.77,14466.16,122.1437
2020-01-25 03:15:00,14441.26,14460.82,14406.66,14440.1,3.8229
2020-01-25 03:30:00,14431.61,14457.94,14398.19,14416.64,340.8598
2020-01-25 03:45:00,14341.15,14371.9,14331.25,14369.78,224.7467
2020-01-25 04:00:00,14385.3,14405.54,14329.09,14389.44,223.7616
2020-01-25 04:15:00,14443.73,14448.08,14397.29,14423.78,33.0243
2020-01-25 04:30:00,14436.92,14470.2,14394.85,14444.31,33.2913
2020-01-25 04:45:00,14540.04,14560.37,14512.52,14517.6,51.517
2020-01-25 05:00:00,14538.62,14541.1,14483.54,14518.08,212.1844
2020-01-25 05:15:00,14546.98,14631.52,14531.78,14547.93,195.6439
2020-01-25 05:30:00,14492.77,14529.53,14490.19,14501.01,34.173
2020-01-25 05:45:00,14480.74,14525.49,14466.47,14484.9,78.0398
2020-01-25 06:00:00,14554.53,14597.73,14475.17,14515.85,64.4681
2020-01-25 06:15:00,14580.83,14596.17,14508.11,14553.55,105.1753
2020-01-25 06:30:00,14543.27,14566.07,14540.56,14541.44,24.0671
2020-01-25 06:45:00,14530.2,14561.68,14484.58,14539.05,8.8887
2020-01-25 07:00:00,14475.26,14482.79,14441.24,14473.57,2.7633
2020-01-25 07:15:00,14462.31,14498.05,14445.47,14458.79,48.0324
2020-01-25 07:30:00,14480.11,14510.48,14480.05,14498.13,293.0166
2020-01-25 07:45:00,14525.04,14526.93,14481.83,14523.88,115.4593
2020-01-25 08:00:00,14565.65,14571.1,14500.94,14546.42,138.2821
2020-01-25 08:15:00,14523.14,14583.49,14508.06,14549.32,290.3402
2020-01-25 08:30:00,14562.38,14595.06,14526.65,14550.35,54.8271
2020-01-25 08:45:00,14542.22,14561.12,14519.63,14522.26,64.3154
2020-01-25 09:00:00,14545.27,14555.36,14512.82,14553.43,44.557
2020-01-25 09:15:00,14597.22,14607.64,14571.05,14572.54,20.0126
2020-01-25 09:30:00,14584.7,14615.0,14577.89,14594.77,145.4119
2020-01-25 09:45:00,14578.9,14611.03,14540.23,14572.47,237.1783
2020-01-25 10:00:00,14474.62,14504.97,14447.27,14479.06,168.134
2020-01-25 10:15:00,14522.98,14569.6,14494.42,14527.44,4.8896
2020-01-25 10:30:00,14498.35,14543.14,14480.31,14507.3,35.5454
2020-01-25 10:45:00,14480.58,14501.46,14431.35,14470.48,89.6698
2020-01-25 11:00:00,14513.61,14525.34,14466.07,14501.3,39.6285
2020-01-25 11:15:00,14484.04,14488.61,14418.89,14484.98,16.2659
2020-01-25 11:30:00,14512.0,14615.97,14481.22,14531.76,77.2977
2020-01-25 11:45:00,14565.25,14578.13,14554.72,14559.38,73.7083
2020-01-25 12:00:00,14596.13,14650.49,14557.59,14589.97,123.751
2020-01-25 12:15:00,14527.76,14565.07,14517.67,14530.91,892.667
2020-01-25 12:30:00,14611.7,14623.02,14570.62,14584.47,104.4802
2020-01-25 12:45:00,14573.8,14602.5,14556.55,14596.63,38.1093
2020-01-25 13:00:00,14548.86,14600.8,14523.77,14581.19,313.2266
2020-01-25 13:15:00,14577.53,14593.9,14564.13,14588.19,84.6999
2020-01-25 13:30:00,14521.49,14526.79,14485.55,14511.18,103.7713
2020-01-25 13:45:00,14514.36,14548.46,14501.53,14529.7,44.2483
2020-01-25 14:00:00,14471.35,14500.28,14450.19,14485.56,60.1181
2020-01-25 14:15:00,14441.22,14444.14,14426.98,14427.5,54.237
2020-01-25 14:30:00,14368.97,14436.3,14309.94,14362.33,275.2249
2020-01-25 14:45:00,14416.42,14457.98,14389.75,14410.99,165.8576
2020-01-25 15:00:00,14395.74,14443.83,14360.1,14384.5,9.5085
2020-01-25 15:15:00,14445.26,14460.88,14436.49,14451.41,37.6683
2020-01-25 15:30:00,14423.43,14444.05,14388.43,14428.9,5.7299
2020-01-25 15:45:00,14367.34,14416.08,14320.88,14355.72,72.7241
2020-01-25 16:00:00,14289.11,14309.96,14269.21,14308.35,32.7705
2020-01-25 16:15:00,14331.34,14390.41,14329.98,14362.11,7.6234
2020-01-25 16:30:00,14349.89,14431.89,14342.81,14356.11,147.845
2020-01-25 16:45:00,14346.56,14400.85,14299.44,14333.22,9.5551
2020-01-25 17:00:00,14344.48,14369.93,14334.79,14340.82,31.6855
2020-01-25 17:15:00,14375.43,14389.69,14334.14,14363.12,147.682
2020-01-25 17:30:00,14382.93,14454.4,14364.63,14411.99,71.6563
2020-01-25 17:45:00,14479.9,14504.28,14471.26,14475.33,169.8902
2020-01-25 18:00:00,14469.89,14476.05,14449.86,14460.43,53.5257
2020-01-25 18:15:00,14384.18,14414.21,14354.61,14403.63,168.6655
2020-01-25 18:30:00,14398.89,14458.05,14311.96,14386.49,77.2545
2020-01-25 18:45:00,14396.83,14436.32,14391.7,14398.44,9.2065
2020-01-25 19:00:00,14401.63,14402.92,14347.11,14357.53,63.7694
2020-01-25 19:15:00,14285.85,14376.1,14285.6,14317.02,80.6414
2020-01-25 19:30:00,14352.12,14361.62,14316.9,14332.5,94.7012
2020-01-25 19:45:00,14325.48,14369.58,14296.14,14331.13,262.9469
2020-01-25 20:00:00,14310.07,14364.86,14302.7,14333.25,20.2798
2020-01-25 20:15:00,14293.82,14309.68,14290.02,14301.35,93.1475
2020-01-25 20:30:00,14296.15,14336.24,14266.68,14292.18,139.4417
2020-01-25 20:45:00,14268.06,14328.06,14251.79,14253.27,220.6866
2020-01-25 21:00:00,14316.66,14344.68,14255.77,14292.05,74.5085
2020-01-25 21:15:00,14357.54,14364.41,14324.92,14337.15,24.0736
2020-01-25 21:30:00,14244.7,14270.48,14241.16,14258.46,170.2004
2020-01-25 21:45:00,14235.48,14249.67,14172.59,14219.41,235.4383
2020-01-25 22:00:00,14161.82,14188.05,14136.13,14156.28,11.2461
2020-01-25 22:15:00,14120.14,14161.48,14118.21,14129.39,26.0997
2020-01-25 22:30:00,14123.56,14209.25,14066.72,14126.56,205.1541
2020-01-25 22:45:00,14055.84,14073.78,14045.41,14065.83,66.2454
2020-01-25 23:00:00,14028.15,14064.35,14023.2,14027.63,18.5246
2020-01-25 23:15:00,13975.88,14022.43,13928.62,13986.08,103.6468
2020-01-25 23:30:00,13981.09,14031.86,13964.65,13995.48,61.3022
2020-01-25 23:45:00,14005.8,14021.05,13978.68,13999.09,344.0751
2020-01-26 00:00:00,13978.26,13998.5,13958.11,13969.48,25.1947
2020-01-26 00:15:00,13974.96,13995.12,13939.6,13977.59,44.9671
2020-01-26 00:30:00,13974.45,13977.39,13948.06,13955.36,18.1703
2020-01-26 00:45:00,13941.06,13964.67,13890.25,13944.69,5.1012
2020-01-26 01:00:00,14011.15,14045.93,13968.75,14015.39,32.0072
2020-01-26 01:15:00,14081.75,14106.99,14053.94,14072.45,171.3843
2020-01-26 01:30:00,14016.44,14045.09,13997.19,14018.29,31.0927
2020-01-26 01:45:00,14055.08,14055.47,14010.3,14053.89,119.1857
2020-01-26 02:00:00,14053.29,14124.64,14030.18,14088.8,74.6597
2020-01-26 02:15:00,14041.21,14055.82,14034.86,14040.97,73.3365
2020-01-26 02:30:00,14050.44,14121.39,14037.21,14076.16,152.1167
2020-01-26 02:45:00,14124.54,14164.95,14096.24,14141.81,96.1727
2020-01-26 03:00:00,14076.07,14116.3,14034.15,14094.89,17.4182
2020-01-26 03:15:00,14042.15,14060.19,14038.53,14056.8,24.9442
2020-01-26 03:30:00,14092.68,14185.28,14071.07,14100.42,78.479
2020-01-26 03:45:00,14105.74,14115.79,14077.78,14112.61,186.6362
2020-01-26 04:00:00,14146.05,14201.89,14121.32,14136.66,16.5251
2020-01-26 04:15:00,14154.96,14162.55,14128.29,14151.81,11.3051
2020-01-26 04:30:00,14142.17,14196.95,14118.01,14169.11,72.8854
2020-01-26 04:45:00,14114.61,14143.32,14067.63,14113.43,20.9057
2020-01-26 05:00:00,14162.99,14183.55,14107.89,14158.48,515.6065
2020-01-26 05:15:00,14204.2,14214.31,14179.05,14208.87,0.4368
2020-01-26 05:30:00,14198.94,14225.02,14142.63,14199.8,59.5772
2020-01-26 05:45:00,14201.36,14205.52,14195.46,14198.66,17.7384
2020-01-26 06:00:00,14144.96,14163.1,14131.87,14134.15,114.2811
2020-01-26 06:15:00,14134.37,14178.97,14122.9,14156.66,99.4616
2020-01-26 06:30:00,14178.2,14197.44,14162.92,14181.67,164.5417
2020-01-26 06:45:00,14201.12,14284.51,14159.21,14179.73,82.8745
2020-01-26 07:00:00,14248.42,14261.11,14191.34,14228.27,20.9942
2020-01-26 07:15:00,14226.81,14235.45,14192.05,14214.72,5.4789
2020-01-26 07:30:00,14247.15,14251.56,14204.75,14239.51,128.0662
2020-01-26 07:45:00,14220.15,14223.31,14179.29,14196.66,57.9679
2020-01-26 08:00:00,14223.59,14252.81,14179.44,14196.37,25.1302
2020-01-26 08:15:00,14187.82,14197.49,14137.98,14189.65,29.0114
2020-01-26 08:30:00,14186.19,14255.97,14176.55,14199.95,16.1375
2020-01-26 08:45:00,14181.09,14201.44,14153.93,14184.92,33.3489
2020-01-26 09:00:00,14223.95,14237.76,14149.64,14180.03,157.032
2020-01-26 09:15:00,14193.57,14236.96,14174.21,14215.88,96.9323
2020-01-26 09:30:00,14191.29,14227.52,14128.47,14197.97,437.3924
2020-01-26 09:45:00,14110.29,14131.05,14080.61,14130.25,74.2928
2020-01-26 10:00:00,14206.89,14207.15,14198.63,14205.12,73.7077
2020-01-26 10:15:00,14247.54,14281.78,14214.2,14264.7,21.2434
2020-01-26 10:30:00,14208.57,14211.86,14196.26,14210.11,88.299
2020-01-26 10:45:00,14212.46,14258.42,14132.83,14240.23,93.7432
2020-01-26 11:00:00,14228.23,14266.98,14167.02,14219.45,23.1341
2020-01-26 11:15:00,14248.8,14269.23,14207.31,14231.4,9.2078
2020-01-26 11:30:00,14239.21,14249.65,14221.91,14244.67,46.0087
2020-01-26 11:45:00,14233.45,14240.76,14228.67,14235.37,18.8867
2020-01-26 12:00:00,14200.29,14205.23,14168.59,14202.61,69.9577
2020-01-26 12:15:00,14176.46,14176.62,14152.65,14173.9,74.678
2020-01-26 12:30:00,14135.11,14162.7,14132.76,14135.65,93.6891
2020-01-26 12:45:00,14111.91,14165.56,14097.08,14101.08,92.3393
2020-01-26 13:00:00,14116.33,14138.85,14069.17,14098.94,112.3555
2020-01-26 13:15:00,14057.92,14072.99,14021.27,14069.37,26.1956
2020-01-26 13:30:00,14094.5,14119.67,14052.2,14098.87,131.2461
2020-01-26 13:45:00,14175.24,14198.47,14156.05,14162.48,74.4069
2020-01-26 14:00:00,14118.44,14145.02,14102.11,14138.54,57.5019
2020-01-26 14:15:00,14121.52,14202.42,14106.49,14149.4,104.3827
2020-01-26 14:30:00,14174.53,14190.44,14135.07,14171.32,69.5672
2020-01-26 14:45:00,14199.14,14203.13,14183.9,14192.09,74.5848
2020-01-26 15:00:00,14185.78,14204.24,14148.71,14196.04,2.3522
2020-01-26 15:15:00,14220.14,14240.89,14209.67,14228.38,161.9674
2020-01-26 15:30:00,14238.84,14280.05,14231.45,14249.67,55.1953
2020-01-26 15:45:00,14185.17,14214.75,14178.44,14197.48,72.997
2020-01-26 16:00:00,14245.08,14302.94,14187.87,14235.21,49.415
2020-01-26 16:15:00,14256.96,14288.08,14235.83,14273.81,80.1915
2020-01-26 16:30:00,14238.06,14270.63,14225.02,14241.84,5.5558
2020-01-26 16:45:00,14231.28,14253.0,14223.53,14244.17,48.4361
2020-01-26 17:00:00,14253.31,14293.76,14245.44,14274.08,110.4664
2020-01-26 17:15:00,14278.25,14310.22,14265.31,14265.83,278.7842
2020-01-26 17:30:00,14305.03,14345.56,14278.0,14312.47,189.167
2020-01-26 17:45:00,14417.4,14427.59,14412.34,14414.68,329.1931
2020-01-26 18:00:00,14359.73,14443.86,14320.44,14381.41,152.1036
2020-01-26 18:15:00,14311.92,14324.52,14274.03,14322.55,100.1351
2020-01-26 18:30:00,14347.16,14396.09,14291.45,14336.32,55.0385
2020-01-26 18:45:00,14405.24,14439.75,14318.55,14368.07,13.1411
2020-01-26 19:00:00,14330.46,14376.39,14313.46,14358.84,28.8752
2020-01-26 19:15:00,14419.26,14459.7,14367.95,14422.16,31.6322
2020-01-26 19:30:00,14370.88,14374.15,14328.66,14364.96,55.8412
2020-01-26 19:45:00,14386.67,14412.32,14376.57,14395.54,94.1201
2020-01-26 20:00:00,14382.3,14427.74,14369.01,14370.1,96.4069
2020-01-26 20:15:00,14432.42,14452.07,14382.74,14444.94,60.7966
2020-01-26 20:30:00,14534.24,14542.97,14498.0,14532.0,32.1092
2020-01-26 20:45:00,14491.74,14539.79,14479.51,14499.31,5.8153
2020-01-26 21:00:00,14493.78,14505.93,14461.12,14476.13,449.5095
2020-01-26 21:15:00,14504.37,14548.27,14474.88,14514.18,280.6102
2020-01-26 21:30:00,14492.95,14510.88,14481.04,14498.05,20.2026
2020-01-26 21:45:00,14510.51,14527.35,14495.57,14496.8,92.9872
2020-01-26 22:00:00,14483.72,14520.37,14469.4,14498.63,35.0486
2020-01-26 22:15:00,14416.85,14444.43,14399.43,14415.86,21.6203
2020-01-26 22:30:00,14389.71,14423.9,14377.25,14415.98,115.3316
2020-01-26 22:45:00,14371.22,14429.2,14364.65,14386.87,154.268
2020-01-26 23:00:00,14371.8,14416.21,14332.5,14366.31,52.1875
2020-01-26 23:15:00,14414.95,14455.89,14382.01,14429.24,6.088
2020-01-26 23:30:00,14367.75,14390.15,14323.13,14375.57,51.3322
2020-01-26 23:45:00,14418.47,14430.75,14405.26,14411.36,75.9702
2020-01-27 00:00:00,14391.68,14411.23,14377.69,14400.02,223.6952
2020-01-27 00:15:00,14400.5,14411.21,14361.74,14388.66,106.945
2020-01-27 00:30:00,14426.61,14454.6,14406.51,14423.49,123.9588
2020-01-27 00:45:00,14445.22,14494.08,14426.11,14438.93,22.6438
2020-01-27 01:00:00,14482.32,14510.02,14431.07,14464.37,127.3936
2020-01-27 01:15:00,14511.74,14525.53,14494.79,14507.1,69.6804
2020-01-27 01:30:00,14515.71,14554.41,14456.13,14493.41,171.7087
2020-01-27 01:45:00,14480.7,14509.03,14465.61,14467.52,24.3818
2020-01-27 02:00:00,14413.59,14440.1,14382.33,14421.14,72.3323
2020-01-27 02:15:00,14404.76,14462.48,14383.19,14386.15,23.5061
2020-01-27 02:30:00,14517.98,14527.81,14480.11,14514.15,33.6755
2020-01-27 02:45:00,14563.32,14607.86,14551.58,14569.07,178.5007
2020-01-27 03:00:00,14514.79,14539.99,14476.03,14510.75,116.4093
2020-01-27 03:15:00,14469.98,14510.82,14445.99,14453.9,130.3749
2020-01-27 03:30:00,14482.11,14489.24,14474.97,14475.52,7.0999
2020-01-27 03:45:00,14526.44,14558.87,14496.23,14500.01,130.4739
2020-01-27 04:00:00,14540.39,14550.51,14493.24,14524.61,67.6107
2020-01-27 04:15:00,14521.82,14535.12,14484.77,14514.23,61.4602
2020-01-27 04:30:00,14494.6,14514.37,14453.99,14509.49,53.2095
2020-01-27 04:45:00,14521.88,14544.32,14494.58,14524.49,190.9158
2020-01-27 05:00:00,14530.0,14543.57,14513.95,14528.96,19.5363
2020-01-27 05:15:00,14443.01,14521.44,14386.97,14432.95,168.2625
2020-01-27 05:30:00,14432.92,14459.08,14421.73,14423.72,263.5597
2020-01-27 05:45:00,14390.04,14413.1,14354.94,14387.6,18.421
2020-01-27 06:00:00,14397.62,14408.05,14382.38,14395.89,781.4092
2020-01-27 06:15:00,14536.0,14593.39,14493.17,14525.53,466.0074
2020-01-27 06:30:00,14529.79,14549.32,14500.13,14542.27,97.1061
2020-01-27 06:45:00,14553.96,14563.46,14505.8,14529.32,31.2706
2020-01-27 07:00:00,14540.4,14583.06,14521.5,14570.23,56.1461
2020-01-27 07:15:00,14613.29,14618.75,14583.61,14592.05,18.6791
2020-01-27 07:30:00,14610.51,14642.5,14548.92,14611.17,12.8063
2020-01-27 07:45:00,14653.18,14723.44,14624.36,14638.5,121.7496
2020-01-27 08:00:00,14734.91,14739.24,14708.16,14729.55,86.7134
2020-01-27 08:15:00,14685.39,14695.2,14648.17,14680.31,82.9136
2020-01-27 08:30:00,14710.06,14734.29,14685.14,14701.91,28.4701
2020-01-27 08:45:00,14673.65,14688.36,14638.02,14661.78,26.7757
2020-01-27 09:00:00,14682.12,14690.95,14674.59,14686.95,457.8942
2020-01-27 09:15:00,14662.37,14696.9,14641.31,14647.21,99.0944
2020-01-27 09:30:00,14613.74,14653.56,14563.98,14629.6,171.1778
2020-01-27 09:45:00,14617.3,14673.79,14590.35,14617.38,47.5639
2020-01-27 10:00:00,14673.16,14716.89,14656.62,14660.9,185.5857
2020-01-27 10:15:00,14716.66,14755.62,14687.57,14702.03,128.1505
2020-01-27 10:30:00,14654.57,14686.87,14622.29,14647.82,43.0974
2020-01-27 10:45:00,14645.21,14693.43,14630.29,14650.97,126.4765
2020-01-27 11:00:00,14633.63,14634.6,14589.09,14620.52,259.8605
2020-01-27 11:15:00,14556.3,14696.14,14552.96,14566.05,24.0457
2020-01-27 11:30:00,14582.79,14604.47,14537.34,14557.29,79.3261
2020-01-27 11:45:00,14543.32,14554.31,14534.23,14544.55,340.0709
2020-01-27 12:00:00,14628.6,14677.52,14550.24,14651.16,172.2595
2020-01-27 12:15:00,14653.4,14676.36,14623.91,14670.92,96.8351
2020-01-27 12:30:00,14611.66,14667.14,14603.29,14611.02,7.2319
2020-01-27 12:45:00,14589.04,14630.65,14581.85,14587.0,52.142
2020-01-27 13:00:00,14661.25,14684.96,14583.65,14632.43,105.2012
2020-01-27 13:15:00,14709.54,14726.73,14676.92,14724.83,52.706
2020-01-27 13:30:00,14656.09,14670.59,14642.68,14655.51,583.7474
2020-01-27 13:45:00,14558.15,14595.68,14541.69,14573.59,139.9958
2020-01-27 14:00:00,14648.9,14656.86,14648.56,14656.12,20.7125
2020-01-27 14:15:00,14698.69,14700.45,14626.59,14673.98,67.4102
2020-01-27 14:30:00,14619.86,14681.9,14582.77,14636.49,48.4463
2020-01-27 14:45:00,14669.3,14690.27,14629.07,14660.7,90.1016
2020-01-27 15:00:00,14551.22,14573.1,14523.28,14545.51,59.161
2020-01-27 15:15:00,14546.03,14578.41,14536.87,14546.38,27.1678
2020-01-27 15:30:00,14568.98,14576.72,14526.54,14561.41,128.87
2020-01-27 15:45:00,14585.58,14614.56,14560.23,14602.52,11.2789
2020-01-27 16:00:00,14582.95,14596.68,14494.63,14558.83,75.9573
2020-01-27 16:15:00,14591.33,14607.68,14559.92,14563.3,37.1296
2020-01-27 16:30:00,14524.28,14542.52,14519.66,14523.6,339.7137
2020-01-27 16:45:00,14570.67,14588.85,14503.42,14535.45,36.1776
2020-01-27 17:00:00,14491.35,14539.69,14431.34,14497.14,41.6943
2020-01-27 17:15:00,14485.91,14511.22,14469.71,14480.11,122.788
2020-01-27 17:30:00,14458.25,14479.36,14394.79,14437.58,13.7511
2020-01-27 17:45:00,14459.86,14501.25,14421.0,14466.5,39.2487
2020-01-27 18:00:00,14484.44,14534.67,14482.55,14504.48,119.0447
2020-01-27 18:15:00,14471.64,14525.32,14459.19,14495.0,3.1237
2020-01-27 18:30:00,14527.26,14580.89,14462.06,14497.38,37.2515
2020-01-27 18:45:00,14427.47,14468.22,14424.26,14435.11,0.829
2020-01-27 19:00:00,14420.17,14451.71,14405.05,14422.85,16.2789
2020-01-27 19:15:00,14405.35,14442.07,14403.78,14421.4,92.684
2020-01-27 19:30:00,14549.29,14600.18,14527.52,14535.51,61.0121
2020-01-27 19:45:00,14476.42,14502.57,14467.95,14487.75,16.9633
2020-01-27 20:00:00,14544.96,14566.97,14515.97,14552.11,8.1238
2020-01-27 20:15:00,14600.73,14654.19,14539.02,14596.35,5.7973
2020-01-27 20:30:00,14593.83,14637.23,14588.88,14609.37,8.9223
2020-01-27 20:45:00,14684.56,14729.51,14642.89,14687.18,10.1011
2020-01-27 21:00:00,14724.93,14736.58,14667.8,14704.31,9.0267
2020-01-27 21:15:00,14728.52,14740.54,14719.5,14722.21,5.6655
2020-01-27 21:30:00,14722.52,14739.06,14682.44,14720.6,119.4124
2020-01-27 21:45:00,14778.55,14780.46,14766.14,14775.37,283.4749
2020-01-27 22:00:00,14818.95,14847.8,14797.73,14824.71,193.7795
2020-01-27 22:15:00,14827.17,14828.38,14764.52,14797.63,30.9047
2020-01-27 22:30:00,14727.83,14757.66,14704.9,14739.8,22.8507
2020-01-27 22:45:00,14734.67,14748.15,14718.07,14731.57,4.9098
2020-01-27 23:00:00,14698.63,14704.73,14660.79,14696.94,16.9643
2020-01-27 23:15:00,14709.7,14729.4,14662.91,14694.88,83.88
2020-01-27 23:30:00,14766.44,14767.69,14742.53,14750.17,627.9068
2020-01-27 23:45:00,14730.2,14752.83,14712.84,14730.67,195.9239
2020-01-28 00:00:00,14733.79,14759.3,14709.22,14729.51,72.3445
2020-01-28 00:15:00,14737.65,14761.4,14707.98,14732.81,55.0702
2020-01-28 00:30:00,14737.49,14784.25,14736.55,14771.05,15.9964
2020-01-28 00:45:00,14648.91,14694.83,14624.79,14672.22,54.2301
2020-01-28 01:00:00,14637.39,14664.85,14617.54,14646.25,90.3518
2020-01-28 01:15:00,14648.03,14682.27,14641.34,14656.26,90.5041
2020-01-28 01:30:00,14692.12,14739.22,14686.74,14709.76,81.542
2020-01-28 01:45:00,14699.8,14708.55,14634.72,14688.79,173.7378
2020-01-28 02:00:00,14606.86,14634.01,14606.02,14606.83,71.3521
2020-01-28 02:15:00,14631.58,14638.38,14618.14,14634.72,64.0269
2020-01-28 02:30:00,14589.21,14616.7,14525.99,14607.56,36.4958
2020-01-28 02:45:00,14555.5,14566.14,14518.24,14556.15,19.8746
2020-01-28 03:00:00,14491.45,14553.25,14485.5,14529.61,0.1405
2020-01-28 03:15:00,14519.93,14569.77,14508.81,14522.3,38.8753
2020-01-28 03:30:00,14497.59,14543.3,14468.48,14496.68,100.2614
2020-01-28 03:45:00,14404.97,14424.32,14345.94,14401.48,81.8478
2020-01-28 04:00:00,14418.37,14451.25,14362.18,14440.96,75.6122
2020-01-28 04:15:00,14500.17,14522.67,14472.02,14496.91,148.0064
2020-01-28 04:30:00,14510.85,14536.56,14493.67,14525.97,26.5069
2020-01-28 04:45:00,14465.36,14517.89,14403.25,14477.12,113.4876
2020-01-28 05:00:00,14479.48,14574.01,14428.72,14469.09,93.4365
2020-01-28 05:15:00,14498.68,14536.71,14458.85,14469.53,41.3988
2020-01-28 05:30:00,14497.0,14515.04,14483.74,14496.25,24.6596
2020-01-28 05:45:00,14514.17,14528.24,14473.92,14526.04,82.7113
2020-01-28 06:00:00,14497.51,14515.45,14431.09,14494.77,290.3118
2020-01-28 06:15:00,14512.68,14550.71,14496.95,14499.06,7.9423
2020-01-28 06:30:00,14528.7,14532.0,14502.67,14519.68,305.7285
2020-01-28 06:45:00,14623.82,14648.97,14556.55,14583.82,62.5037
2020-01-28 07:00:00,14604.92,14638.8,14571.73,14615.37,123.8024
2020-01-28 07:15:00,14654.39,14695.92,14637.48,14650.7,162.5591
2020-01-28 07:30:00,14677.82,14685.14,14598.95,14655.12,16.4303
2020-01-28 07:45:00,14739.73,14750.85,14701.95,14717.86,4.6
2020-01-28 08:00:00,14707.95,14752.46,14679.15,14736.69,13.753
2020-01-28 08:15:00,14699.31,14712.79,14690.34,14699.36,41.696
2020-01-28 08:30:00,14783.89,14790.68,14713.64,14761.98,313.6242
2020-01-28 08:45:00,14836.39,14915.3,14774.73,14793.62,4.3717
2020-01-28 09:00:00,14785.1,14809.46,14767.32,14774.7,252.3208
2020-01-28 09:15:00,14748.76,14791.38,14724.06,14754.19,82.3927
2020-01-28 09:30:00,14753.15,14781.6,14725.28,14768.05,10.7965
2020-01-28 09:45:00,14822.12,14823.72,14780.9,14789.31,16.5758
2020-01-28 10:00:00,14809.59,14849.32,14766.34,14798.8,116.9028
2020-01-28 10:15:00,14800.8,14855.48,14785.15,14813.36,93.7651
2020-01-28 10:30:00,14886.63,14903.15,14886.14,14889.65,18.327
2020-01-28 10:45:00,14942.89,14963.74,14911.3,14938.26,234.6862
2020-01-28 11:00:00,14955.68,14986.97,14924.69,14947.55,14.2606
2020-01-28 11:15:00,14977.02,15019.59,14945.66,14990.51,71.6566
2020-01-28 11:30:00,14935.64,14953.34,14891.33,14944.82,75.14
2020-01-28 11:45:00,14938.68,14999.2,14928.36,14963.41,204.4093
2020-01-28 12:00:00,15061.02,15093.85,15003.99,15045.38,2.2399
2020-01-28 12:15:00,15031.15,15041.06,15029.6,15036.29,14.6705
2020-01-28 12:30:00,15005.8,15054.89,14991.38,14998.81,18.7148
2020-01-28 12:45:00,14991.51,15025.21,14958.27,14970.21,6.4945
2020-01-28 13:00:00,14925.31,14996.66,14905.71,14922.03,99.8269
2020-01-28 13:15:00,14885.96,14913.81,14840.46,14887.64,26.0845
2020-01-28 13:30:00,14874.72,14876.15,14857.97,14871.84,85.9603
2020-01-28 13:45:00,14810.81,14827.61,14809.04,14809.87,152.6072
2020-01-28 14:00:00,14829.76,14840.94,14781.4,14811.31,52.5142
2020-01-28 14:15:00,14856.76,14943.62,14839.35,14852.14,146.469
2020-01-28 14:30:00,14804.37,14826.14,14716.86,14812.44,150.4486
2020-01-28 14:45:00,14896.28,14921.64,14872.02,14880.69,30.5742
2020-01-28 15:00:00,14922.58,14929.6,14867.34,14904.24,1.587
2020-01-28 15:15:00,14931.05,14979.07,14904.71,14951.06,10.9014
2020-01-28 15:30:00,14945.18,14961.44,14861.12,14922.3,173.4569
2020-01-28 15:45:00,14966.76,14974.43,14939.26,14961.3,51.9711
2020-01-28 16:00:00,14917.27,14936.02,14899.93,14913.04,182.6947
2020-01-28 16:15:00,14968.67,14990.28,14908.77,14953.62,79.2999
2020-01-28 16:30:00,14953.59,15044.59,14941.77,14962.07,21.9893
2020-01-28 16:45:00,15001.95,15022.39,14946.55,14987.65,124.5619
2020-01-28 17:00:00,14929.92,14942.29,14896.8,14935.54,81.6867
2020-01-28 17:15:00,14874.22,14916.96,14867.03,14896.19,43.3564
2020-01-28 17:30:00,14908.73,14926.36,14851.5,14923.62,9.1805
2020-01-28 17:45:00,14890.35,14926.56,14841.36,14881.91,10.7918
2020-01-28 18:00:00,14889.24,14956.46,14853.05,14903.33,20.8885
2020-01-28 18:15:00,14866.85,14879.67,14827.14,14842.95,111.7584
2020-01-28 18:30:00,14899.16,14901.78,14877.08,14881.46,130.1848
2020-01-28 18:45:00,14846.95,14878.01,14781.45,14827.18,99.6731
2020-01-28 19:00:00,14854.34,14875.78,14831.72,14852.49,41.1385
2020-01-28 19:15:00,14884.95,14919.36,14857.55,14881.11,58.0658
2020-01-28 19:30:00,14833.02,14854.61,14823.58,14850.75,123.6357
2020-01-28 19:45:00,14892.24,14896.03,14864.76,14877.42,107.8383
2020-01-28 20:00:00,14895.44,14911.25,14885.24,14889.79,148.2865
2020-01-28 20:15:00,14874.9,14918.82,14855.23,14866.46,27.5935
2020-01-28 20:30:00,14847.25,14860.8,14801.19,14822.23,0.4499
2020-01-28 20:45:00,14726.77,14826.57,14725.25,14735.7,30.9849
2020-01-28 21:00:00,14750.03,14786.77,14721.23,14751.89,42.7544
2020-01-28 21:15:00,14688.17,14709.18,14637.94,14683.38,323.1796
2020-01-28 21:30:00,14674.57,14716.54,14630.61,14688.31,24.5558
2020-01-28 21:45:00,14674.68,14710.96,14655.42,14677.44,175.1027
2020-01-28 22:00:00,14715.32,14724.88,14682.53,14708.07,97.4215
2020-01-28 22:15:00,14690.7,14696.23,14678.99,14695.48,18.3366
2020-01-28 22:30:00,14700.91,14732.61,14661.96,14681.69,51.6684
2020-01-28 22:45:00,14692.43,14759.66,14641.97,14714.66,71.3674
2020-01-28 23:00:00,14746.73,14751.24,14705.64,14730.19,42.1823
2020-01-28 23:15:00,14754.64,14762.34,14709.45,14744.9,25.6377
2020-01-28 23:30:00,14757.99,14809.03,14723.92,14766.39,29.1491
2020-01-28 23:45:00,14685.52,14702.28,14680.01,14699.1,87.9973
2020-01-29 00:00:00,14702.56,14794.35,14689.53,14733.21,116.5092
2020-01-29 00:15:00,14749.28,14799.11,14713.7,14761.02,63.2939
2020-01-29 00:30:00,14732.15,14737.3,14693.63,14716.74,284.2768
2020-01-29 00:45:00,14705.87,14715.62,14691.61,14706.7,130.4038
2020-01-29 01:00:00,14722.8,14743.07,14698.32,14705.7,222.3386
2020-01-29 01:15:00,14691.39,14711.0,14683.43,14700.5,64.5622
2020-01-29 01:30:00,14726.36,14730.71,14671.94,14715.96,1.4995
2020-01-29 01:45:00,14769.28,14784.34,14766.21,14779.88,89.6661
2020-01-29 02:00:00,14814.27,14858.56,14809.74,14828.59,170.5175
2020-01-29 02:15:00,14769.37,14799.38,14742.45,14770.95,76.9025
2020-01-29 02:30:00,14789.42,14814.67,14742.36,14799.26,83.9101
2020-01-29 02:45:00,14836.08,14888.69,14835.03,14859.0,368.7716
2020-01-29 03:00:00,14874.27,14905.59,14836.81,14876.99,45.5931
2020-01-29 03:15:00,14928.01,14954.52,14871.86,14926.42,161.8846
2020-01-29 03:30:00,15036.32,15043.41,15013.96,15017.28,70.3348
2020-01-29 03:45:00,15078.26,15139.37,15047.17,15064.15,62.3082
2020-01-29 04:00:00,15094.56,15094.75,15010.22,15076.17,15.7329
2020-01-29 04:15:00,15135.08,15177.72,15090.28,15124.19,137.9895
2020-01-29 04:30:00,15136.55,15156.74,15131.14,15131.52,173.327
2020-01-29 04:45:00,15114.76,15143.98,15095.11,15133.36,56.3659
2020-01-29 05:00:00,15120.43,15141.54,15086.57,15118.16,144.1936
2020-01-29 05:15:00,15198.89,15223.38,15156.12,15189.83,87.0173
2020-01-29 05:30:00,15175.38,15184.66,15098.74,15153.29,29.7806
2020-01-29 05:45:00,15234.16,15241.67,15191.11,15223.71,257.3286
2020-01-29 06:00:00,15266.21,15284.2,15225.29,15247.3,119.3268
2020-01-29 06:15:00,15168.39,15186.38,15118.21,15184.06,210.6481
2020-01-29 06:30:00,15196.6,15210.78,15135.77,15201.56,33.054
2020-01-29 06:45:00,15113.04,15136.75,15092.16,15106.55,248.1272
2020-01-29 07:00:00,15153.23,15190.84,15114.13,15135.65,45.3606
2020-01-29 07:15:00,15174.4,15218.11,15132.22,15176.61,0.9578
2020-01-29 07:30:00,15149.15,15187.54,15111.71,15150.4,7.7992
2020-01-29 07:45:00,15167.18,15208.08,15141.79,15156.77,9.3584
2020-01-29 08:00:00,15229.22,15251.44,15204.62,15246.38,23.2113
2020-01-29 08:15:00,15248.48,15283.0,15195.62,15224.01,20.6436
2020-01-29 08:30:00,15163.07,15206.26,15158.83,15176.41,5.9637
2020-01-29 08:45:00,15215.38,15255.05,15185.46,15244.63,225.7539
2020-01-29 09:00:00,15335.3,15402.88,15314.06,15335.15,176.2065
2020-01-29 09:15:00,15362.13,15369.36,15323.29,15336.08,143.895
2020-01-29 09:30:00,15392.41,15426.54,15355.4,15383.39,65.2261
2020-01-29 09:45:00,15457.67,15502.46,15406.39,15446.07,55.3643
2020-01-29 10:00:00,15413.07,15456.1,15397.44,15412.43,55.4019
2020-01-29 10:15:00,15388.42,15419.83,15352.53,15390.76,30.3496
2020-01-29 10:30:00,15424.5,15497.93,15420.09,15448.37,93.7151
2020-01-29 10:45:00,15492.15,15561.72,15454.39,15527.23,6.0897
2020-01-29 11:00:00,15557.28,15560.36,15547.59,15554.23,107.5239
2020-01-29 11:15:00,15534.31,15570.7,15513.56,15513.95,72.1253
2020-01-29 11:30:00,15612.58,15631.38,15600.15,15607.21,169.5651
2020-01-29 11:45:00,15592.84,15647.77,15562.45,15583.13,360.2406
2020-01-29 12:00:00,15592.89,15621.61,15501.79,15568.24,209.2406
2020-01-29 12:15:00,15590.13,15603.41,15564.67,15585.01,127.2695
2020-01-29 12:30:00,15656.53,15659.94,15640.79,15658.45,56.7014
2020-01-29 12:45:00,15686.5,15706.37,15679.95,15699.35,24.1466
2020-01-29 13:00:00,15751.46,15776.45,15691.34,15719.67,109.3247
2020-01-29 13:15:00,15750.6,15806.43,15703.29,15742.31,22.5144
2020-01-29 13:30:00,15730.29,15750.88,15653.76,15745.15,2.0467
2020-01-29 13:45:00,15753.83,15784.26,15739.28,15772.3,85.1517
2020-01-29 14:00:00,15673.01,15704.09,15609.43,15653.4,50.1091
2020-01-29 14:15:00,15624.03,15656.94,15620.99,15640.25,208.7624
2020-01-29 14:30:00,15681.37,15729.74,15636.41,15652.36,103.7837
2020-01-29 14:45:00,15556.09,15635.27,15522.32,15599.09,104.1996
2020-01-29 15:00:00,15640.17,15686.6,15552.24,15617.95,155.0665
2020-01-29 15:15:00,15616.75,15619.39,15598.24,15609.15,40.8949
2020-01-29 15:30:00,15694.0,15739.66,15637.14,15692.14,317.4188
2020-01-29 15:45:00,15764.21,15773.8,15741.94,15766.97,25.0157
2020-01-29 16:00:00,15775.5,15783.98,15737.7,15745.73,205.3227
2020-01-29 16:15:00,15750.52,15784.94,15732.25,15739.39,241.7334
2020-01-29 16:30:00,15722.47,15767.75,15676.85,15736.68,3.9823
2020-01-29 16:45:00,15689.13,15745.55,15688.83,15716.15,99.9189
2020-01-29 17:00:00,15728.92,15737.16,15713.99,15726.13,138.398
2020-01-29 17:15:00,15691.12,15711.94,15669.55,15691.14,307.5434
2020-01-29 17:30:00,15614.94,15685.46,15598.79,15638.7,28.9522
2020-01-29 17:45:00,15667.83,15670.26,15651.81,15668.7,82.5194
2020-01-29 18:00:00,15690.07,15711.74,15688.77,15699.08,148.3323
2020-01-29 18:15:00,15662.13,15700.66,15619.8,15661.98,16.0586
2020-01-29 18:30:00,15716.23,15780.53,15648.76,15704.83,191.7201
2020-01-29 18:45:00,15699.26,15765.67,15670.82,15675.86,51.6907
2020-01-29 19:00:00,15702.81,15714.57,15682.25,15688.55,102.0959
2020-01-29 19:15:00,15716.6,15736.57,15651.04,15727.95,4.2947
2020-01-29 19:30:00,15732.95,15765.33,15692.5,15727.15,25.2233
2020-01-29 19:45:00,15750.38,15754.1,15701.0,15749.39,65.0442
2020-01-29 20:00:00,15704.83,15759.56,15679.28,15725.77,34.1378
2020-01-29 20:15:00,15723.55,15740.11,15682.18,15717.29,316.6361
2020-01-29 20:30:00,15737.54,15759.6,15702.86,15708.37,158.4416
2020-01-29 20:45:00,15674.48,15686.71,15672.22,15673.97,200.1591
2020-01-29 21:00:00,15641.47,15723.18,15630.73,15666.45,62.7955
2020-01-29 21:15:00,15594.92,15643.89,15563.37,15594.44,64.1774
2020-01-29 21:30:00,15553.35,15606.1,15541.16,15572.25,163.5725
2020-01-29 21:45:00,15573.15,15603.08,15542.34,15559.72,49.026
2020-01-29 22:00:00,15556.7,15595.24,15532.6,15548.54,65.5561
2020-01-29 22:15:00,15535.39,15558.6,15534.93,15538.05,75.2027
2020-01-29 22:30:00,15530.8,15563.81,15520.48,15535.95,93.4347
2020-01-29 22:45:00,15555.77,15586.22,15510.91,15559.07,104.9738
2020-01-29 23:00:00,15600.8,15677.69,15575.45,15600.67,114.1786
2020-01-29 23:15:00,15559.01,15575.08,15533.93,15571.04,58.7004
2020-01-29 23:30:00,15494.08,15522.81,15486.83,15515.61,34.9766
2020-01-29 23:45:00,15485.5,15555.01,15442.31,15467.88,252.7657
2020-01-30 00:00:00,15440.09,15461.07,15418.6,15446.05,175.2856
2020-01-30 00:15:00,15433.09,15448.42,15365.76,15430.51,0.3443
2020-01-30 00:30:00,15400.03,15437.01,15390.28,15395.64,71.9334
2020-01-30 00:45:00,15341.48,15344.44,15311.64,15336.55,32.1036
2020-01-30 01:00:00,15298.35,15330.07,15271.14,15316.33,102.9261
2020-01-30 01:15:00,15299.75,15340.86,15285.57,15325.43,69.8441
2020-01-30 01:30:00,15344.51,15355.43,15341.94,15353.55,2.1394
2020-01-30 01:45:00,15334.71,15392.9,15327.93,15328.65,130.1117
2020-01-30 02:00:00,15299.27,15322.18,15275.09,15310.42,32.2117
2020-01-30 02:15:00,15263.2,15326.24,15257.89,15268.62,30.1425
2020-01-30 02:30:00,15300.42,15327.15,15264.84,15267.94,3.2447
2020-01-30 02:45:00,15201.74,15239.42,15159.31,15229.85,176.2217
2020-01-30 03:00:00,15245.27,15308.94,15206.69,15256.79,86.4741
2020-01-30 03:15:00,15204.6,15217.6,15167.1,15175.82,66.3283
2020-01-30 03:30:00,15159.53,15190.46,15140.4,15160.2,112.6434
2020-01-30 03:45:00,15163.94,15188.05,15156.04,15174.65,42.3685
2020-01-30 04:00:00,15201.53,15259.52,15155.45,15183.78,84.2749
2020-01-30 04:15:00,15308.06,15313.48,15264.11,15307.21,28.6714
2020-01-30 04:30:00,15318.7,15357.24,15306.49,15324.04,6.5024
2020-01-30 04:45:00,15281.59,15319.14,15252.62,15278.65,82.4038
2020-01-30 05:00:00,15264.99,15321.46,15236.57,15275.04,24.999
2020-01-30 05:15:00,15178.94,15255.71,15155.72,15194.4,138.6463
2020-01-30 05:30:00,15189.76,15200.84,15187.31,15191.49,60.1194
2020-01-30 05:45:00,15138.96,15173.58,15125.67,15154.28,28.8214
2020-01-30 06:00:00,15196.82,15231.83,15185.63,15196.66,93.7376
2020-01-30 06:15:00,15177.74,15193.76,15163.55,15172.36,12.4001
2020-01-30 06:30:00,15180.75,15205.8,15148.63,15167.81,143.3067
2020-01-30 06:45:00,15156.72,15177.14,15088.57,15139.65,60.1805
2020-01-30 07:00:00,15213.21,15258.79,15209.57,15219.38,167.4753
2020-01-30 07:15:00,15213.07,15259.1,15202.59,15205.47,14.8612
2020-01-30 07:30:00,15297.36,15337.34,15271.12,15289.83,48.2145
2020-01-30 07:45:00,15332.96,15372.33,15315.92,15327.94,19.8487
2020-01-30 08:00:00,15343.51,15357.02,15305.2,15350.87,6.3148
2020-01-30 08:15:00,15352.82,15375.72,15314.17,15368.62,310.8848
2020-01-30 08:30:00,15395.27,15438.94,15381.36,15387.55,129.6997
2020-01-30 08:45:00,15273.21,15342.49,15258.24,15299.33,39.394
2020-01-30 09:00:00,15283.2,15397.44,15255.06,15287.29,28.2562
2020-01-30 09:15:00,15287.68,15332.17,15274.03,15326.82,22.8561
2020-01-30 09:30:00,15304.85,15347.97,15264.88,15325.34,4.3963
2020-01-30 09:45:00,15248.11,15303.85,15227.09,15261.5,10.8331
2020-01-30 10:00:00,15276.6,15282.58,15232.5,15259.86,10.8596
2020-01-30 10:15:00,15349.19,15352.72,15315.65,15338.64,109.7408
2020-01-30 10:30:00,15388.25,15412.26,15376.74,15396.78,90.3147
2020-01-30 10:45:00,15405.91,15433.2,15347.79,15394.69,83.9777
2020-01-30 11:00:00,15453.1,15461.5,15430.62,15439.4,132.6001
2020-01-30 11:15:00,15420.72,15427.37,15385.32,15423.19,28.9246
2020-01-30 11:30:00,15323.88,15360.76,15274.97,15345.13,41.9273
2020-01-30 11:45:00,15300.16,15317.14,15291.06,15303.34,13.5478
2020-01-30 12:00:00,15374.35,15393.57,15367.44,15375.85,88.603
2020-01-30 12:15:00,15345.05,15388.49,15336.21,15363.98,270.1654
2020-01-30 12:30:00,15359.17,15366.76,15292.32,15353.53,198.8781
2020-01-30 12:45:00,15344.78,15372.36,15328.1,15340.49,80.9678
2020-01-30 13:00:00,15435.76,15443.39,15398.86,15428.89,103.4533
2020-01-30 13:15:00,15509.25,15541.8,15434.52,15504.92,486.7701
2020-01-30 13:30:00,15620.29,15621.04,15601.57,15608.9,72.8473
2020-01-30 13:45:00,15599.44,15615.87,15568.58,15602.24,204.4756
2020-01-30 14:00:00,15620.0,15650.91,15558.64,15616.85,69.4463
2020-01-30 14:15:00,15540.39,15570.07,15534.1,15546.58,4.9052
2020-01-30 14:30:00,15607.11,15633.68,15553.36,15616.24,272.8173
2020-01-30 14:45:00,15583.14,15604.8,15520.02,15562.31,11.8649
2020-01-30 15:00:00,15541.38,15593.32,15530.69,15573.21,121.8031
2020-01-30 15:15:00,15536.33,15548.92,15491.23,15522.72,27.1755
2020-01-30 15:30:00,15486.46,15514.5,15461.93,15496.08,231.3006
2020-01-30 15:45:00,15446.33,15490.42,15406.14,15457.93,22.3755
2020-01-30 16:00:00,15434.55,15437.36,15418.11,15430.51,15.0909
2020-01-30 16:15:00,15383.38,15449.63,15345.17,15406.33,57.7523
2020-01-30 16:30:00,15369.2,15402.35,15315.17,15381.76,68.6531
2020-01-30 16:45:00,15407.89,15425.89,15396.35,15420.98,170.8858
2020-01-30 17:00:00,15367.23,15372.48,15355.62,15370.64,143.7178
2020-01-30 17:15:00,15369.21,15421.06,15314.22,15381.58,39.7897
2020-01-30 17:30:00,15463.27,15469.32,15392.39,15438.55,48.6051
2020-01-30 17:45:00,15443.25,15480.12,15391.7,15415.55,85.9604
2020-01-30 18:00:00,15352.01,15397.95,15325.9,15383.12,80.2016
2020-01-30 18:15:00,15381.62,15394.84,15352.98,15373.25,198.0839
2020-01-30 18:30:00,15441.67,15457.72,15394.94,15428.43,63.9557
2020-01-30 18:45:00,15446.57,15494.05,15391.57,15438.18,223.9695
2020-01-30 19:00:00,15404.21,15446.02,15388.59,15414.35,22.9503
2020-01-30 19:15:00,15433.73,15445.48,15416.45,15437.5,202.2122
2020-01-30 19:30:00,15375.71,15389.9,15350.86,15387.22,36.2826
2020-01-30 19:45:00,15412.96,15442.12,15396.4,15419.44,155.7119
2020-01-30 20:00:00,15420.43,15490.08,15416.84,15439.11,83.33
2020-01-30 20:15:00,15423.86,15442.03,15403.47,15425.63,208.3947
2020-01-30 20:30:00,15364.47,15399.03,15329.97,15387.59,26.2994
2020-01-30 20:45:00,15344.36,15356.42,15328.37,15347.43,120.8982
2020-01-30 21:00:00,15353.63,15383.74,15334.18,15372.82,189.0209
2020-01-30 21:15:00,15433.46,15455.64,15374.01,15430.27,149.9197
2020-01-30 21:30:00,15391.08,15447.85,15369.62,15401.54,83.4709
2020-01-30 21:45:00,15427.97,15429.47,15416.89,15423.49,112.5159
2020-01-30 22:00:00,15344.27,15368.72,15309.88,15327.69,21.8799
2020-01-30 22:15:00,15325.9,15366.38,15249.32,15301.58,24.3938
2020-01-30 22:30:00,15262.24,15305.51,15235.67,15300.92,31.1006
2020-01-30 22:45:00,15247.2,15277.08,15234.05,15259.92,176.034
2020-01-30 23:00:00,15213.2,15225.39,15169.08,15217.81,18.325
2020-01-30 23:15:00,15195.08,15201.2,15179.27,15188.09,35.5137
2020-01-30 23:30:00,15177.07,15229.24,15153.87,15202.16,253.1171
2020-01-30 23:45:00,15179.46,15230.18,15140.32,15194.38,140.7458
2020-01-31 00:00:00,15095.08,15095.54,15055.2,15093.11,132.0977
2020-01-31 00:15:00,14999.12,15016.23,14985.59,14997.84,60.7229
2020-01-31 00:30:00,14976.94,15035.23,14935.22,14971.29,121.1876
2020-01-31 00:45:00,14999.25,15014.22,14988.8,14992.59,83.4084
2020-01-31 01:00:00,14874.8,14929.6,14809.73,14869.77,7.4147
2020-01-31 01:15:00,14851.09,14865.33,14833.07,14848.22,85.9263
2020-01-31 01:30:00,14826.34,14871.94,14801.96,14825.52,60.1931
2020-01-31 01:45:00,14897.91,14916.8,14850.0,14888.01,12.0996
2020-01-31 02:00:00,14838.25,14885.18,14836.74,14871.56,42.1999
2020-01-31 02:15:00,14912.38,14941.21,14874.98,14889.39,225.1867
2020-01-31 02:30:00,14863.6,14915.02,14852.63,14896.44,162.8124
2020-01-31 02:45:00,14786.0,14804.77,14759.29,14801.97,245.2284
2020-01-31 03:00:00,14833.46,14874.29,14791.18,14836.83,126.259
2020-01-31 03:15:00,14857.14,14891.52,14824.34,14847.15,100.1178
2020-01-31 03:30:00,14825.99,14945.19,14822.49,14870.54,14.9937
2020-01-31 03:45:00,15046.01,15093.74,15032.95,15046.43,11.3403
2020-01-31 04:00:00,14964.96,15006.97,14924.63,14953.11,28.3363
2020-01-31 04:15:00,15046.18,15060.27,15030.4,15031.23,37.7165
2020-01-31 04:30:00,15008.54,15029.03,14984.52,15019.02,93.4036
2020-01-31 04:45:00,15028.19,15040.82,15017.06,15032.71,209.8087
2020-01-31 05:00:00,15022.15,15067.66,14979.51,15031.41,221.3939
2020-01-31 05:15:00,15007.14,15014.15,14986.13,15013.03,114.6826
2020-01-31 05:30:00,14972.66,15036.42,14957.73,14988.12,85.3114
2020-01-31 05:45:00,14990.34,15017.97,14948.24,15003.69,28.0228
2020-01-31 06:00:00,14942.63,15009.39,14922.4,14936.15,277.9726
2020-01-31 06:15:00,14972.5,14991.65,14966.34,14970.53,111.2041
2020-01-31 06:30:00,14959.93,14964.98,14912.09,14952.58,76.2406
2020-01-31 06:45:00,14905.83,14909.39,14895.74,14902.64,10.9766
2020-01-31 07:00:00,14893.75,14923.13,14828.65,14883.26,174.803
2020-01-31 07:15:00,14953.26,14965.39,14858.59,14940.14,42.9234
2020-01-31 07:30:00,14890.91,14944.35,14810.81,14916.89,230.8469
2020-01-31 07:45:00,14920.92,14948.8,14898.02,14933.68,18.4422
2020-01-31 08:00:00,14898.23,14914.6,14891.19,14901.68,4.9815
2020-01-31 08:15:00,14935.97,15036.91,14915.88,14936.31,57.0448
2020-01-31 08:30:00,14957.74,14987.75,14941.99,14967.77,8.1539
2020-01-31 08:45:00,15065.25,15101.95,14987.05,15051.53,6.3795
2020-01-31 09:00:00,15074.14,15084.02,15019.32,15044.35,125.0828
2020-01-31 09:15:00,15078.09,15100.56,15028.25,15075.28,29.7565
2020-01-31 09:30:00,15081.74,15128.08,15066.85,15080.47,101.8464
2020-01-31 09:45:00,15152.71,15185.73,15126.44,15139.85,84.5908
2020-01-31 10:00:00,15079.77,15111.72,15000.47,15107.96,15.1699
2020-01-31 10:15:00,15142.91,15186.92,15087.83,15142.48,48.7401
2020-01-31 10:30:00,15149.21,15176.57,15100.79,15134.4,6.8347
2020-01-31 10:45:00,15122.51,15187.1,15114.66,15132.24,54.7616
2020-01-31 11:00:00,15118.59,15138.04,15088.62,15137.16,20.1336
2020-01-31 11:15:00,15146.56,15167.16,15123.72,15149.37,10.1268
2020-01-31 11:30:00,15143.93,15165.17,15099.47,15144.85,38.1239
2020-01-31 11:45:00,15141.59,15189.78,15133.69,15155.36,0.3425
2020-01-31 12:00:00,15259.79,15309.37,15210.42,15227.87,141.7864
2020-01-31 12:15:00,15266.34,15283.19,15240.9,15273.65,17.2193
2020-01-31 12:30:00,15296.57,15330.05,15271.88,15314.24,98.3063
2020-01-31 12:45:00,15292.64,15308.32,15288.51,15294.07,178.7263
2020-01-31 13:00:00,15267.89,15315.89,15239.04,15254.04,249.179
2020-01-31 13:15:00,15298.78,15310.21,15269.99,15298.52,81.5484
2020-01-31 13:30:00,15346.94,15403.56,15284.12,15339.49,155.2509
2020-01-31 13:45:00,15394.6,15444.9,15380.5,15408.03,60.6551
2020-01-31 14:00:00,15403.76,15409.77,15376.0,15380.88,67.3699
2020-01-31 14:15:00,15379.69,15388.37,15369.01,15371.06,79.136
2020-01-31 14:30:00,15312.25,15335.74,15275.86,15296.22,110.9078
2020-01-31 14:45:00,15284.56,15323.18,15262.73,15278.98,110.8412
2020-01-31 15:00:00,15338.06,15338.77,15293.72,15325.42,153.8877
2020-01-31 15:15:00,15291.38,15340.75,15244.52,15304.74,95.9574
2020-01-31 15:30:00,15327.38,15351.85,15257.66,15334.91,214.2459
2020-01-31 15:45:00,15347.55,15367.67,15271.98,15326.91,123.5244
2020-01-31 16:00:00,15366.51,15373.68,15328.92,15342.58,264.4409
2020-01-31 16:15:00,15272.98,15309.38,15254.9,15290.52,138.8043
2020-01-31 16:30:00,15299.02,15320.7,15289.01,15295.2,134.2103
2020-01-31 16:45:00,15152.18,15185.59,15124.52,15158.71,196.8954
2020-01-31 17:00:00,15140.41,15155.76,15138.45,15150.97,106.6562
2020-01-31 17:15:00,15081.91,15093.42,15037.57,15077.62,19.7933
2020-01-31 17:30:00,15150.19,15193.84,15101.53,15132.92,8.6613
2020-01-31 17:45:00,15175.82,15186.64,15158.33,15168.97,37.9543
2020-01-31 18:00:00,15186.11,15193.14,15137.96,15190.97,168.4128
2020-01-31 18:15:00,15268.9,15271.42,15234.97,15261.04,2.1947
2020-01-31 18:30:00,15212.88,15222.46,15176.41,15218.36,16.2566
2020-01-31 18:45:00,15305.2,15314.76,15288.84,15298.9,11.2179
2020-01-31 19:00:00,15363.87,15405.76,15327.23,15342.45,3.7884
2020-01-31 19:15:00,15300.48,15351.09,15296.82,15332.33,166.2226
2020-01-31 19:30:00,15397.59,15418.76,15359.04,15385.33,32.7929
2020-01-31 19:45:00,15311.43,15374.45,15304.0,15335.04,130.5364
2020-01-31 20:00:00,15316.66,15334.0,15251.9,15297.87,15.3049
2020-01-31 20:15:00,15260.98,15277.3,15198.46,15270.71,52.5827
2020-01-31 20:30:00,15228.67,15265.28,15223.73,15247.23,12.3825
2020-01-31 20:45:00,15210.24,15261.33,15179.44,15199.67,0.2483
2020-01-31 21:00:00,15261.76,15267.81,15251.4,15256.2,94.975
2020-01-31 21:15:00,15229.88,15279.12,15219.84,15245.12,65.5817
2020-01-31 21:30:00,15242.88,15263.89,15198.88,15262.0,53.8944
2020-01-31 21:45:00,15233.79,15281.8,15180.55,15236.65,8.1926
2020-01-31 22:00:00,15135.94,15157.5,15105.29,15154.19,88.7229
2020-01-31 22:15:00,15151.13,15190.16,15148.54,15167.23,151.4132
2020-01-31 22:30:00,15082.72,15161.74,15046.58,15080.97,6.9612
2020-01-31 22:45:00,15064.06,15081.06,15019.2,15078.62,53.3512
2020-01-31 23:00:00,15023.88,15039.44,14978.15,15017.48,37.3322
2020-01-31 23:15:00,15130.27,15165.91,15076.1,15107.76,222.4483
2020-01-31 23:30:00,15147.57,15203.06,15107.91,15149.82,30.47
2020-01-31 23:45:00,15157.36,15177.09,15120.59,15155.39,288.7428
2020-02-01 00:00:00,15244.3,15272.77,15180.56,15213.6,176.2603
2020-02-01 00:15:00,15157.71,15214.72,15136.63,15175.73,10.5537
2020-02-01 00:30:00,15219.35,15268.71,15159.11,15201.24,65.5154
2020-02-01 00:45:00,15227.4,15266.0,15185.55,15211.11,104.6973
2020-02-01 01:00:00,15236.92,15248.11,15222.45,15223.92,89.9118
2020-02-01 01:15:00,15302.53,15323.39,15255.53,15282.79,113.7032
2020-02-01 01:30:00,15321.43,15339.24,15292.39,15317.14,55.566
2020-02-01 01:45:00,15322.23,15376.25,15298.4,15331.17,235.1174
2020-02-01 02:00:00,15272.52,15277.14,15239.62,15255.82,31.5205
2020-02-01 02:15:00,15229.88,15252.61,15148.67,15212.65,9.8827
2020-02-01 02:30:00,15224.62,15239.54,15177.52,15207.81,381.5527
2020-02-01 02:45:00,15213.5,15240.79,15205.17,15212.83,105.5435
2020-02-01 03:00:00,15151.15,15220.23,15081.6,15162.01,107.6452
2020-02-01 03:15:00,15275.39,15366.95,15258.45,15272.46,170.1151
2020-02-01 03:30:00,15357.16,15384.63,15302.0,15342.7,54.7216
2020-02-01 03:45:00,15386.93,15395.39,15344.66,15371.19,48.8144
2020-02-01 04:00:00,15368.67,15375.84,15339.0,15375.28,297.8777
2020-02-01 04:15:00,15371.1,15411.24,15359.15,15366.26,48.9034
2020-02-01 04:30:00,15303.09,15375.54,15300.95,15323.14,8.1728
2020-02-01 04:45:00,15342.57,15362.04,15305.04,15327.47,36.7923
2020-02-01 05:00:00,15328.07,15351.19,15288.9,15340.09,206.784
2020-02-01 05:15:00,15295.71,15313.63,15278.24,15283.71,9.9776
2020-02-01 05:30:00,15282.21,15327.34,15266.98,15299.8,126.1268
2020-02-01 05:45:00,15309.21,15338.42,15235.39,15293.43,30.9793
2020-02-01 06:00:00,15211.56,15227.36,15188.19,15206.67,136.9517
2020-02-01 06:15:00,15156.33,15189.51,15134.23,15168.18,72.2688
2020-02-01 06:30:00,15160.59,15172.02,15141.95,15150.12,101.2184
2020-02-01 06:45:00,15227.67,15246.64,15220.98,15236.67,27.8651
2020-02-01 07:00:00,15274.31,15293.97,15262.4,15262.87,18.4065
2020-02-01 07:15:00,15198.32,15227.69,15193.88,15202.48,6.5401
2020-02-01 07:30:00,15199.21,15236.2,15159.55,15225.41,174.6271
2020-02-01 07:45:00,15140.61,15170.16,15131.15,15155.5,123.9547
2020-02-01 08:00:00,15198.94,15212.39,15188.48,15205.48,34.7223
2020-02-01 08:15:00,15205.53,15224.27,15151.82,15184.75,181.3474
2020-02-01 08:30:00,15194.92,15201.05,15156.5,15181.24,179.3942
2020-02-01 08:45:00,15267.14,15315.87,15202.06,15242.39,14.8221
2020-02-01 09:00:00,15209.4,15252.63,15155.79,15184.29,125.0671
2020-02-01 09:15:00,15113.32,15178.44,15074.43,15121.41,34.5709
2020-02-01 09:30:00,15092.84,15098.7,15090.0,15095.69,62.9589
2020-02-01 09:45:00,15137.24,15148.92,15116.34,15143.47,56.2373
2020-02-01 10:00:00,15065.08,15103.94,15044.76,15075.2,91.675
2020-02-01 10:15:00,14920.34,15009.67,14906.64,14947.87,42.638
2020-02-01 10:30:00,14928.16,14969.6,14895.67,14928.38,7.6076
2020-02-01 10:45:00,14934.62,15009.4,14906.09,14953.84,111.6726
2020-02-01 11:00:00,15007.92,15041.09,14997.36,15008.43,323.3253
2020-02-01 11:15:00,15020.04,15083.19,14944.17,14988.33,110.2222
2020-02-01 11:30:00,14962.95,14993.46,14948.48,14970.58,77.5671
2020-02-01 11:45:00,15026.08,15075.54,14986.7,15023.15,17.8674
2020-02-01 12:00:00,14953.18,14999.32,14897.02,14939.63,98.1304
2020-02-01 12:15:00,14927.15,14969.19,14897.5,14922.97,94.4399
2020-02-01 12:30:00,14936.61,14966.97,14888.06,14932.24,96.4308
2020-02-01 12:45:00,14947.69,15006.81,14908.19,14953.11,222.8527
2020-02-01 13:00:00,14927.53,14931.87,14868.47,14930.99,125.9909
2020-02-01 13:15:00,14918.94,14976.66,14905.58,14933.28,152.9702
2020-02-01 13:30:00,14835.09,14859.67,14803.05,14822.55,37.5914
2020-02-01 13:45:00,14768.25,14825.2,14735.03,14794.02,31.5225
2020-02-01 14:00:00,14829.27,14833.4,14791.94,14814.88,23.1656
2020-02-01 14:15:00,14751.23,14807.15,14746.82,14771.97,150.675
2020-02-01 14:30:00,14789.54,14818.59,14774.22,14775.32,119.9279
2020-02-01 14:45:00,14790.63,14818.62,14774.73,14795.87,41.8693
2020-02-01 15:00:00,14763.19,14793.15,14756.56,14781.4,15.211
2020-02-01 15:15:00,14798.27,14844.38,14769.15,14789.7,187.5145
2020-02-01 15:30:00,14761.42,14810.39,14740.09,14747.72,48.496
2020-02-01 15:45:00,14732.86,14766.08,14728.57,14739.32,21.0411
2020-02-01 16:00:00,14777.68,14783.79,14711.46,14767.04,15.5965
2020-02-01 16:15:00,14740.97,14780.07,14726.81,14774.73,252.1735
2020-02-01 16:30:00,14729.99,14764.64,14729.43,14749.47,13.945
2020-02-01 16:45:00,14779.21,14802.01,14747.42,14760.13,44.5777
2020-02-01 17:00:00,14789.2,14827.28,14774.57,14792.51,100.0193
2020-02-01 17:15:00,14674.9,14754.74,14666.31,14702.28,52.4378
2020-02-01 17:30:00,14743.83,14790.49,14706.96,14754.14,64.9055
2020-02-01 17:45:00,14726.38,14750.95,14721.61,14739.99,162.2634
2020-02-01 18:00:00,14757.1,14776.37,14749.93,14759.55,717.4956
2020-02-01 18:15:00,14807.8,14827.67,14774.04,14813.3,62.9643
2020-02-01 18:30:00,14755.72,14790.0,14731.27,14753.08,47.6146
2020-02-01 18:45:00,14721.4,14741.63,14685.89,14722.42,52.2161
2020-02-01 19:00:00,14730.41,14740.07,14680.89,14710.41,46.0621
2020-02-01 19:15:00,14682.79,14689.75,14647.32,14676.56,64.202
2020-02-01 19:30:00,14760.43,14769.34,14744.0,14753.68,40.5127
2020-02-01 19:45:00,14733.64,14761.95,14683.15,14716.5,62.1043
2020-02-01 20:00:00,14686.99,14723.87,14681.11,14692.7,290.8769
2020-02-01 20:15:00,14683.9,14740.45,14662.16,14702.45,33.7171
2020-02-01 20:30:00,14667.84,14690.12,14603.24,14650.16,105.5193
2020-02-01 20:45:00,14635.49,14646.38,14622.88,14633.5,66.735
2020-02-01 21:00:00,14650.21,14651.95,14644.86,14648.17,131.8248
2020-02-01 21:15:00,14625.01,14680.19,14612.31,14634.28,63.9212
2020-02-01 21:30:00,14621.88,14668.4,14595.41,14630.91,17.4999
2020-02-01 21:45:00,14620.77,14679.08,14605.87,14608.4,205.9002
2020-02-01 22:00:00,14557.08,14579.81,14542.74,14542.76,112.6293
2020-02-01 22:15:00,14568.93,14594.29,14531.32,14557.52,74.6275
2020-02-01 22:30:00,14646.5,14650.43,14570.77,14634.89,177.8352
2020-02-01 22:45:00,14644.76,14656.68,14623.42,14636.43,373.7465
2020-02-01 23:00:00,14648.98,14653.15,14621.39,14647.05,52.6615
2020-02-01 23:15:00,14675.65,14689.66,14646.62,14678.23,43.5504
2020-02-01 23:30:00,14640.76,14677.87,14609.12,14623.06,140.0768
2020-02-01 23:45:00,14692.99,14701.15,14660.94,14698.48,60.6246
2020-02-02 00:00:00,14713.58,14749.34,14697.16,14708.14,8.9672
2020-02-02 00:15:00,14769.0,14813.39,14760.57,14780.88,43.7598
2020-02-02 00:30:00,14739.39,14756.4,14693.51,14749.11,165.3558
2020-02-02 00:45:00,14826.79,14919.36,14791.42,14830.3,122.6539
2020-02-02 01:00:00,14853.57,14894.54,14807.92,14865.53,198.6634
2020-02-02 01:15:00,14902.81,14912.2,14843.73,14890.93,15.8558
2020-02-02 01:30:00,14882.04,14973.81,14845.85,14902.13,27.961
2020-02-02 01:45:00,14893.24,14907.67,14886.99,14891.77,24.1734
2020-02-02 02:00:00,14948.13,14961.74,14921.2,14946.14,355.2002
2020-02-02 02:15:00,14926.11,15009.29,14914.52,14953.19,18.5035
2020-02-02 02:30:00,14859.14,14893.98,14830.0,14865.69,91.1129
2020-02-02 02:45:00,14820.4,14829.57,14766.96,14816.61,100.2158
2020-02-02 03:00:00,14815.44,14829.79,14804.94,14809.09,96.4676
2020-02-02 03:15:00,14820.58,14868.61,14813.89,14823.6,117.6562
2020-02-02 03:30:00,14831.86,14878.41,14790.04,14821.83,66.1497
2020-02-02 03:45:00,14875.15,14894.19,14833.05,14876.77,8.7399
2020-02-02 04:00:00,14790.64,14816.56,14777.3,14790.44,120.8102
2020-02-02 04:15:00,14801.27,14814.43,14782.12,14797.55,33.004
2020-02-02 04:30:00,14731.23,14758.59,14714.01,14717.58,7.8905
2020-02-02 04:45:00,14741.89,14755.19,14713.16,14751.86,18.6072
2020-02-02 05:00:00,14741.24,14771.77,14737.58,14748.42,33.8582
2020-02-02 05:15:00,14757.84,14779.81,14757.65,14767.72,56.6408
2020-02-02 05:30:00,14725.3,14754.13,14709.54,14730.19,197.5612
2020-02-02 05:45:00,14808.56,14809.26,14784.5,14787.47,76.8954
2020-02-02 06:00:00,14842.91,14849.88,14806.41,14834.42,63.8597
2020-02-02 06:15:00,14844.32,14891.32,14827.84,14861.13,21.2275
2020-02-02 06:30:00,14847.18,14861.42,14820.13,14856.1,320.0612
2020-02-02 06:45:00,14888.23,14936.12,14861.36,14882.68,239.159
2020-02-02 07:00:00,14838.4,14874.37,14798.04,14851.87,169.3239
2020-02-02 07:15:00,14879.93,14913.99,14855.26,14890.73,39.0307
2020-02-02 07:30:00,14985.29,15012.37,14912.85,14965.16,82.4687
2020-02-02 07:45:00,15004.76,15021.15,14988.52,15013.97,49.2408
2020-02-02 08:00:00,14996.16,14996.24,14956.85,14981.86,51.5694
2020-02-02 08:15:00,15017.68,15057.5,14957.44,14998.85,7.4865
2020-02-02 08:30:00,14930.46,14944.31,14902.18,14941.42,15.0875
2020-02-02 08:45:00,14954.5,14984.75,14952.81,14967.82,324.8531
2020-02-02 09:00:00,14984.67,15032.74,14956.59,14988.8,94.1823
2020-02-02 09:15:00,14889.25,14921.01,14839.23,14905.47,0.633
2020-02-02 09:30:00,14856.07,14872.93,14830.47,14854.27,165.6456
2020-02-02 09:45:00,14839.34,14874.73,14827.09,14842.39,9.1065
2020-02-02 10:00:00,14835.09,14844.46,14797.47,14829.74,123.1535
2020-02-02 10:15:00,14797.31,14829.52,14760.83,14776.67,96.9821
2020-02-02 10:30:00,14806.75,14859.91,14786.19,14794.66,6.502
2020-02-02 10:45:00,14813.8,14826.83,14786.9,14806.56,75.7023
2020-02-02 11:00:00,14769.57,14803.68,14754.6,14798.67,4.8597
2020-02-02 11:15:00,14772.4,14787.21,14738.4,14765.85,6.6556
2020-02-02 11:30:00,14838.56,14865.59,14805.88,14813.05,5.2535
2020-02-02 11:45:00,14842.53,14921.1,14827.66,14887.35,29.4964
2020-02-02 12:00:00,14876.75,14911.16,14862.87,14866.5,161.8324
2020-02-02 12:15:00,14837.58,14866.96,14813.45,14839.94,45.013
2020-02-02 12:30:00,14849.92,14880.6,14796.45,14862.55,102.0369
2020-02-02 12:45:00,14859.22,14884.77,14843.21,14847.33,13.3359
2020-02-02 13:00:00,14867.24,14871.81,14774.72,14841.86,270.1046
2020-02-02 13:15:00,14887.07,14916.6,14847.8,14875.54,70.1665
2020-02-02 13:30:00,14785.58,14800.23,14785.26,14791.07,2.4902
2020-02-02 13:45:00,14836.3,14858.7,14831.24,14850.31,77.0907
2020-02-02 14:00:00,14856.44,14866.91,14848.64,14854.29,20.3991
2020-02-02 14:15:00,14849.65,14863.54,14831.22,14836.7,21.7928
2020-02-02 14:30:00,14827.73,14836.85,14778.23,14833.47,91.7227
2020-02-02 14:45:00,14828.23,14851.28,14814.45,14832.54,25.6679
2020-02-02 15:00:00,14797.89,14817.41,14748.56,14756.24,24.0774
2020-02-02 15:15:00,14839.15,14858.47,14815.37,14823.16,77.8618
2020-02-02 15:30:00,14842.79,14868.23,14774.49,14825.74,26.848
2020-02-02 15:45:00,14824.51,14866.94,14799.51,14846.19,11.711
2020-02-02 16:00:00,14878.78,14911.67,14849.35,14889.31,52.4683
2020-02-02 16:15:00,14845.55,14859.35,14836.18,14844.44,5.3399
2020-02-02 16:30:00,14851.38,14901.16,14821.68,14866.27,235.7285
2020-02-02 16:45:00,14878.85,14946.45,14843.39,14855.07,60.0636
2020-02-02 17:00:00,14914.56,14940.02,14882.49,14893.55,1.3181
2020-02-02 17:15:00,14791.36,14857.72,14780.43,14799.25,25.4443
2020-02-02 17:30:00,14821.99,14840.42,14733.54,14795.59,316.5758
2020-02-02 17:45:00,14769.51,14791.25,14763.49,14769.57,68.5955
2020-02-02 18:00:00,14827.76,14865.91,14751.9,14789.47,44.4554
2020-02-02 18:15:00,14813.2,14840.66,14775.77,14811.06,37.8499
2020-02-02 18:30:00,14788.88,14808.6,14763.72,14780.36,53.9518
2020-02-02 18:45:00,14770.17,14775.19,14700.65,14749.52,23.7958
2020-02-02 19:00:00,14764.2,14787.79,14681.28,14745.36,138.2809
2020-02-02 19:15:00,14713.94,14739.7,14652.42,14706.43,70.9897
2020-02-02 19:30:00,14742.24,14767.64,14691.29,14744.32,139.2046
2020-02-02 19:45:00,14736.3,14746.92,14709.65,14728.72,29.3541
2020-02-02 20:00:00,14589.09,14609.32,14585.83,14601.01,0.1453
2020-02-02 20:15:00,14587.54,14636.09,14534.26,14585.32,338.8153
2020-02-02 20:30:00,14524.48,14574.5,14518.68,14540.61,71.7575
2020-02-02 20:45:00,14444.41,14485.5,14395.6,14470.18,8.3098
2020-02-02 21:00:00,14417.91,14454.37,14405.99,14417.18,10.9537
2020-02-02 21:15:00,14440.84,14465.04,14404.87,14422.64,57.036
2020-02-02 21:30:00,14494.25,14513.19,14479.16,14480.84,118.831
2020-02-02 21:45:00,14493.99,14504.91,14450.78,14495.17,50.5244
2020-02-02 22:00:00,14494.8,14525.53,14461.95,14469.52,171.5646
2020-02-02 22:15:00,14481.79,14509.72,14453.86,14490.04,39.9075
2020-02-02 22:30:00,14443.05,14489.52,14429.55,14470.81,4.6678
2020-02-02 22:45:00,14409.86,14442.39,14397.67,14441.38,0.8326
2020-02-02 23:00:00,14375.09,14392.65,14356.48,14392.09,196.2151
2020-02-02 23:15:00,14328.86,14334.12,14297.45,14317.17,416.4484
2020-02-02 23:30:00,14292.06,14320.06,14259.99,14301.14,14.2484
2020-02-02 23:45:00,14315.23,14322.18,14268.34,14308.63,6.4049
2020-02-03 00:00:00,14328.75,14350.0,14293.99,14305.2,245.8159
2020-02-03 00:15:00,14272.35,14341.2,14253.87,14288.06,10.6201
2020-02-03 00:30:00,14255.06,14257.98,14231.6,14248.24,25.9294
2020-02-03 00:45:00,14282.65,14287.13,14215.77,14274.95,161.7707
2020-02-03 01:00:00,14207.02,14239.46,14196.23,14219.26,620.68
2020-02-03 01:15:00,14272.38,14274.16,14233.61,14253.07,66.5559
2020-02-03 01:30:00,14206.84,14235.26,14165.04,14210.93,23.6698
2020-02-03 01:45:00,14174.12,14211.1,14135.06,14179.56,188.2021
2020-02-03 02:00:00,14147.69,14191.13,14101.15,14117.88,50.1389
2020-02-03 02:15:00,14104.72,14114.9,14094.65,14097.35,31.8337
2020-02-03 02:30:00,14152.38,14179.59,14126.14,14139.3,67.4162
2020-02-03 02:45:00,14181.07,14226.33,14110.81,14161.88,193.6542
2020-02-03 03:00:00,14194.92,14227.37,14156.01,14204.16,26.527
2020-02-03 03:15:00,14244.9,14284.17,14218.53,14227.12,55.136
2020-02-03 03:30:00,14173.6,14219.01,14133.12,14180.72,58.7425
2020-02-03 03:45:00,14159.64,14199.89,14137.27,14167.36,178.8351
2020-02-03 04:00:00,14131.06,14142.87,14112.78,14134.91,112.7028
2020-02-03 04:15:00,14183.21,14236.4,14180.28,14192.04,151.6342
2020-02-03 04:30:00,14153.42,14166.55,14136.92,14141.79,118.2165
2020-02-03 04:45:00,14184.2,14192.99,14177.12,14180.41,89.8146
2020-02-03 05:00:00,14212.13,14222.9,14207.68,14219.11,14.2035
2020-02-03 05:15:00,14307.51,14351.49,14270.08,14297.87,178.9457
2020-02-03 05:30:00,14277.08,14331.35,14274.66,14281.01,93.4655
2020-02-03 05:45:00,14307.55,14326.84,14284.81,14312.24,120.7886
2020-02-03 06:00:00,14411.63,14440.12,14387.45,14410.92,150.8453
2020-02-03 06:15:00,14391.61,14409.1,14383.29,14384.94,37.353
2020-02-03 06:30:00,14325.0,14360.93,14289.64,14319.42,57.5034
2020-02-03 06:45:00,14234.2,14253.05,14165.68,14239.37,77.9339
2020-02-03 07:00:00,14282.62,14310.9,14223.18,14270.53,41.9801
2020-02-03 07:15:00,14187.47,14202.19,14118.13,14190.62,29.913
2020-02-03 07:30:00,14166.2,14207.55,14156.48,14175.48,149.9834
2020-02-03 07:45:00,14173.95,14205.22,14150.27,14194.79,140.1335
2020-02-03 08:00:00,14217.35,14259.1,14180.47,14203.38,178.2597
2020-02-03 08:15:00,14222.4,14226.66,14190.7,14222.22,119.3016
2020-02-03 08:30:00,14235.42,14241.59,14226.82,14232.42,37.357
2020-02-03 08:45:00,14302.67,14304.6,14227.62,14287.73,39.6013
2020-02-03 09:00:00,14240.83,14285.89,14212.88,14247.63,75.034
2020-02-03 09:15:00,14199.86,14230.86,14187.86,14219.4,180.5425
2020-02-03 09:30:00,14188.14,14197.09,14168.42,14187.15,42.5096
2020-02-03 09:45:00,14227.58,14235.66,14184.37,14223.2,145.2174
2020-02-03 10:00:00,14258.58,14269.98,14251.23,14262.33,36.484
2020-02-03 10:15:00,14303.4,14345.74,14189.61,14282.35,41.3284
2020-02-03 10:30:00,14298.13,14366.61,14280.88,14333.77,139.5803
2020-02-03 10:45:00,14299.83,14332.21,14271.66,14283.83,113.4992
2020-02-03 11:00:00,14367.35,14425.02,14347.08,14355.99,23.3482
2020-02-03 11:15:00,14428.9,14446.68,14406.51,14422.31,175.4586
2020-02-03 11:30:00,14406.64,14465.66,14395.75,14454.86,153.5307
2020-02-03 11:45:00,14551.51,14556.17,14506.77,14532.85,159.6611
2020-02-03 12:00:00,14446.5,14506.41,14441.65,14461.35,63.5541
2020-02-03 12:15:00,14431.99,14443.11,14389.97,14439.32,39.8449
2020-02-03 12:30:00,14405.73,14426.21,14404.46,14408.19,189.5666
2020-02-03 12:45:00,14445.98,14447.67,14414.81,14440.09,88.7249
2020-02-03 13:00:00,14404.53,14407.68,14356.26,14395.32,267.335
2020-02-03 13:15:00,14441.64,14448.37,14412.05,14428.76,29.2798
2020-02-03 13:30:00,14500.62,14520.96,14447.86,14488.8,371.4264
2020-02-03 13:45:00,14523.42,14544.67,14499.99,14519.75,47.6775
2020-02-03 14:00:00,14538.88,14571.79,14495.27,14532.83,48.5275
2020-02-03 14:15:00,14474.68,14492.65,14466.27,14490.49,27.2881
2020-02-03 14:30:00,14443.54,14459.97,14427.25,14454.4,335.3132
2020-02-03 14:45:00,14522.3,14575.28,14476.32,14509.31,4.0524
2020-02-03 15:00:00,14556.13,14556.44,14526.67,14543.96,64.1234
2020-02-03 15:15:00,14553.51,14589.22,14519.01,14542.98,45.4889
2020-02-03 15:30:00,14518.0,14543.69,14513.43,14525.48,17.3477
2020-02-03 15:45:00,14451.07,14503.2,14399.54,14437.93,124.9122
2020-02-03 16:00:00,14375.55,14447.68,14332.63,14392.26,228.5935
2020-02-03 16:15:00,14491.11,14500.91,14435.89,14475.51,27.9144
2020-02-03 16:30:00,14416.87,14445.58,14378.92,14420.63,68.8468
2020-02-03 16:45:00,14453.85,14462.03,14393.77,14429.55,86.3257
2020-02-03 17:00:00,14451.86,14489.98,14446.7,14473.88,49.5098
2020-02-03 17:15:00,14445.54,14471.27,14417.5,14420.12,254.5143
2020-02-03 17:30:00,14423.61,14436.74,14407.73,14428.83,61.8998
2020-02-03 17:45:00,14464.66,14511.78,14428.4,14470.15,406.1698
2020-02-03 18:00:00,14474.23,14509.33,14461.6,14471.41,34.9849
2020-02-03 18:15:00,14586.49,14605.03,14581.53,14596.67,7.6069
2020-02-03 18:30:00,14523.28,14553.01,14510.64,14524.33,85.5589
2020-02-03 18:45:00,14560.44,14603.75,14547.08,14571.19,173.3529
2020-02-03 19:00:00,14554.15,14569.26,14480.86,14564.36,49.1663
2020-02-03 19:15:00,14605.93,14634.18,14563.88,14598.82,20.4688
2020-02-03 19:30:00,14605.69,14674.79,14589.72,14618.87,134.0327
2020-02-03 19:45:00,14576.25,14622.18,14513.95,14587.45,31.5924
2020-02-03 20:00:00,14578.16,14625.12,14566.72,14598.2,146.8536
2020-02-03 20:15:00,14510.25,14540.99,14464.33,14517.57,30.4247
2020-02-03 20:30:00,14563.64,14591.68,14532.15,14544.57,81.4836
2020-02-03 20:45:00,14545.99,14571.73,14482.26,14558.3,218.6378
2020-02-03 21:00:00,14576.25,14605.91,14560.4,14586.92,22.8932
2020-02-03 21:15:00,14636.8,14673.71,14625.34,14633.96,171.8664
2020-02-03 21:30:00,14645.4,14661.33,14616.38,14650.83,30.847
2020-02-03 21:45:00,14690.73,14693.74,14613.99,14658.07,108.0767
2020-02-03 22:00:00,14617.68,14651.34,14593.4,14620.06,27.9334
2020-02-03 22:15:00,14594.44,14603.1,14573.08,14589.55,12.1681
2020-02-03 22:30:00,14656.04,14662.28,14587.14,14642.22,109.0713
2020-02-03 22:45:00,14719.64,14727.82,14679.69,14706.05,90.3592
2020-02-03 23:00:00,14699.71,14706.88,14679.01,14696.28,51.3301
2020-02-03 23:15:00,14696.67,14727.25,14696.37,14699.04,3.7372
2020-02-03 23:30:00,14689.56,14714.98,14638.18,14659.89,64.4889
2020-02-03 23:45:00,14710.73,14714.02,14691.72,14712.2,16.0998
2020-02-04 00:00:00,14735.79,14767.28,14725.02,14742.3,44.5462
2020-02-04 00:15:00,14819.31,14840.26,14796.05,14828.89,88.2368
2020-02-04 00:30:00,14765.02,14857.01,14714.37,14790.56,280.2675
2020-02-04 00:45:00,14786.67,14796.17,14769.28,14774.53,71.6031
2020-02-04 01:00:00,14750.81,14794.27,14712.21,14785.52,21.6644
2020-02-04 01:15:00,14814.85,14830.82,14810.03,14814.94,292.2971
2020-02-04 01:30:00,14803.06,14823.74,14798.31,14806.09,2.6252
2020-02-04 01:45:00,14801.14,14818.45,14756.18,14768.06,102.9516
2020-02-04 02:00:00,14780.72,14848.51,14749.79,14807.85,30.4343
2020-02-04 02:15:00,14827.25,14852.08,14798.0,14840.62,141.6795
2020-02-04 02:30:00,14798.56,14839.8,14743.86,14800.57,40.2305
2020-02-04 02:45:00,14858.56,14868.34,14851.86,14861.49,55.9922
2020-02-04 03:00:00,14906.21,14959.53,14884.16,14914.41,147.1489
2020-02-04 03:15:00,14919.96,14957.18,14916.33,14921.17,228.1005
2020-02-04 03:30:00,14906.67,14952.99,14879.44,14925.47,20.157
2020-02-04 03:45:00,14956.37,14979.98,14938.45,14951.03,35.1392
2020-02-04 04:00:00,14878.51,14981.77,14849.56,14913.13,0.4334
2020-02-04 04:15:00,14914.83,14947.33,14885.49,14915.22,194.1919
2020-02-04 04:30:00,14810.76,14844.83,14792.5,14819.65,293.9886
2020-02-04 04:45:00,14874.46,14881.78,14857.98,14859.36,32.7734
2020-02-04 05:00:00,14816.46,14824.3,14755.38,14790.49,48.541
2020-02-04 05:15:00,14853.02,14919.29,14824.75,14857.94,56.029
2020-02-04 05:30:00,14864.61,14901.82,14832.9,14843.97,52.7212
2020-02-04 05:45:00,14830.6,14895.58,14796.7,14835.29,49.9021
2020-02-04 06:00:00,14793.78,14830.6,14785.27,14808.09,64.6024
2020-02-04 06:15:00,14821.87,14854.53,14788.56,14796.04,16.698
2020-02-04 06:30:00,14867.48,14908.05,14832.49,14859.74,5.941
2020-02-04 06:45:00,14749.65,14796.61,14730.4,14749.58,128.564
2020-02-04 07:00:00,14817.0,14828.76,14776.6,14806.82,187.4485
2020-02-04 07:15:00,14826.64,14871.49,14785.65,14822.58,166.1746
2020-02-04 07:30:00,14768.62,14798.97,14762.17,14769.64,98.5176
2020-02-04 07:45:00,14703.21,14723.23,14683.81,14722.74,346.7697
2020-02-04 08:00:00,14793.51,14832.7,14777.55,14797.52,0.1544
2020-02-04 08:15:00,14765.48,14790.47,14755.27,14756.28,38.499
2020-02-04 08:30:00,14704.16,14771.15,14681.81,14705.96,37.1087
2020-02-04 08:45:00,14770.19,14770.29,14697.82,14756.87,43.028
2020-02-04 09:00:00,14778.27,14791.32,14757.33,14772.6,160.9386
2020-02-04 09:15:00,14718.84,14764.02,14703.55,14731.77,43.3088
2020-02-04 09:30:00,14722.63,14752.93,14721.53,14742.08,74.8837
2020-02-04 09:45:00,14695.14,14729.89,14692.55,14697.45,95.1762
2020-02-04 10:00:00,14739.0,14799.71,14699.3,14746.73,186.6806
2020-02-04 10:15:00,14799.4,14857.51,14739.37,14794.42,95.6752
2020-02-04 10:30:00,14808.13,14820.22,14760.33,14818.77,48.0145
2020-02-04 10:45:00,14826.46,14912.48,14805.51,14835.59,118.6598
2020-02-04 11:00:00,14930.42,14955.48,14910.18,14914.72,72.4711
2020-02-04 11:15:00,14917.66,14930.45,14872.69,14915.45,75.1629
2020-02-04 11:30:00,14852.86,14886.36,14803.19,14863.31,40.8198
2020-02-04 11:45:00,14884.36,14903.43,14867.4,14884.09,0.1609
2020-02-04 12:00:00,14998.64,15024.85,14958.96,14977.99,43.9819
2020-02-04 12:15:00,14937.52,14954.44,14932.96,14933.14,36.0565
2020-02-04 12:30:00,14926.54,14952.67,14900.44,14917.69,10.5737
2020-02-04 12:45:00,14925.84,14977.17,14882.15,14937.07,22.144
2020-02-04 13:00:00,14950.74,14983.85,14934.08,14935.41,395.7548
2020-02-04 13:15:00,14926.66,14956.77,14859.51,14892.14,32.825
2020-02-04 13:30:00,14931.18,14958.66,14887.82,14943.0,73.0139
2020-02-04 13:45:00,15029.97,15051.41,14992.28,15047.76,79.7026
2020-02-04 14:00:00,15060.01,15172.29,15046.76,15057.36,82.1049
2020-02-04 14:15:00,15030.42,15053.64,15007.04,15017.28,4.8485
2020-02-04 14:30:00,14946.88,14951.43,14928.15,14948.24,147.6054
2020-02-04 14:45:00,14944.8,14980.71,14917.67,14960.56,131.0612
2020-02-04 15:00:00,15009.22,15028.96,14923.03,15010.85,378.065
2020-02-04 15:15:00,15041.99,15049.89,14999.52,15033.0,20.4188
2020-02-04 15:30:00,15027.53,15062.35,15014.76,15033.64,80.6969
2020-02-04 15:45:00,15016.93,15017.8,14998.95,15007.82,162.8775
2020-02-04 16:00:00,14976.82,14999.48,14949.91,14959.4,13.2784
2020-02-04 16:15:00,15001.21,15003.55,14957.62,14997.61,155.8606
2020-02-04 16:30:00,15039.05,15049.08,15027.82,15039.47,31.466
2020-02-04 16:45:00,14982.9,15023.56,14906.52,14970.48,32.968
2020-02-04 17:00:00,15029.75,15059.83,14986.56,15042.63,291.1309
2020-02-04 17:15:00,15054.9,15111.27,15022.78,15069.29,37.6693
2020-02-04 17:30:00,15129.28,15170.75,15106.63,15133.32,87.7641
2020-02-04 17:45:00,15065.73,15107.54,15061.52,15073.14,57.9984
2020-02-04 18:00:00,15000.07,15040.76,14993.63,15012.13,8.1383
2020-02-04 18:15:00,15033.64,15078.42,14951.45,15006.17,300.543
2020-02-04 18:30:00,15062.2,15108.48,14981.2,15029.56,24.0449
2020-02-04 18:45:00,15105.96,15159.06,15041.94,15111.31,31.1558
2020-02-04 19:00:00,15145.46,15179.59,15097.0,15144.07,47.3605
2020-02-04 19:15:00,15130.96,15156.41,15100.97,15133.8,69.0223
2020-02-04 19:30:00,15104.67,15112.48,15079.8,15087.96,15.5819
2020-02-04 19:45:00,15164.16,15183.45,15115.53,15144.39,99.4081
2020-02-04 20:00:00,15074.48,15136.53,15016.67,15101.32,72.2993
2020-02-04 20:15:00,15183.07,15238.11,15145.11,15175.85,36.0985
2020-02-04 20:30:00,15143.84,15188.01,15125.45,15163.66,117.9774
2020-02-04 20:45:00,15263.57,15276.6,15222.28,15236.78,72.1712
2020-02-04 21:00:00,15275.29,15335.08,15260.86,15268.57,183.6876
2020-02-04 21:15:00,15250.49,15294.49,15242.35,15263.06,193.3817
2020-02-04 21:30:00,15236.36,15243.05,15182.39,15240.04,391.7372
2020-02-04 21:45:00,15220.82,15248.03,15197.19,15225.22,6.971
2020-02-04 22:00:00,15253.55,15254.07,15228.6,15245.54,51.9494
2020-02-04 22:15:00,15265.72,15324.67,15229.25,15249.83,69.619
2020-02-04 22:30:00,15205.95,15269.04,15156.57,15223.43,26.6325
2020-02-04 22:45:00,15244.6,15245.34,15179.93,15216.62,255.1498
2020-02-04 23:00:00,15245.41,15273.38,15207.16,15220.97,9.2256
2020-02-04 23:15:00,15111.29,15131.55,15103.27,15124.53,55.9501
2020-02-04 23:30:00,15147.18,15152.95,15078.73,15146.07,20.4801
2020-02-04 23:45:00,15128.15,15162.31,15076.73,15102.31,114.6141
2020-02-05 00:00:00,15069.37,15073.34,15048.7,15050.82,122.0754
2020-02-05 00:15:00,14970.34,14980.4,14964.78,14975.38,205.9749
2020-02-05 00:30:00,14907.67,14931.34,14891.1,14895.54,52.5889
2020-02-05 00:45:00,14880.18,14896.08,14835.21,14835.71,149.2146
2020-02-05 01:00:00,14806.45,14836.45,14773.18,14804.9,79.7576
2020-02-05 01:15:00,14882.97,14914.37,14870.99,14892.39,167.2755
2020-02-05 01:30:00,14872.2,14909.42,14826.93,14869.64,8.9245
2020-02-05 01:45:00,14881.98,14935.81,14856.74,14878.31,62.2591
2020-02-05 02:00:00,14889.12,14934.09,14885.17,14896.93,16.3179
2020-02-05 02:15:00,14910.12,14921.9,14880.42,14903.53,156.2342
2020-02-05 02:30:00,14882.12,14910.28,14844.19,14900.82,16.5667
2020-02-05 02:45:00,14838.25,14889.61,14796.04,14848.13,0.8093
2020-02-05 03:00:00,14924.81,14928.84,14874.8,14913.5,265.2479
2020-02-05 03:15:00,14968.79,14995.33,14921.65,14995.1,66.2809
2020-02-05 03:30:00,14933.63,14955.88,14905.06,14920.16,421.2513
2020-02-05 03:45:00,14845.14,14920.64,14833.34,14875.07,60.3301
2020-02-05 04:00:00,14837.59,14885.94,14794.92,14863.32,89.3533
2020-02-05 04:15:00,14813.66,14831.52,14805.96,14821.06,136.3263
2020-02-05 04:30:00,14848.56,14859.76,14827.73,14844.3,32.9613
2020-02-05 04:45:00,14832.24,14850.02,14798.7,14812.61,14.2551
2020-02-05 05:00:00,14910.42,14914.76,14858.48,14909.56,108.2137
2020-02-05 05:15:00,14959.87,14987.23,14936.75,14963.56,71.4753
2020-02-05 05:30:00,14982.52,15011.95,14950.14,14973.85,175.3315
2020-02-05 05:45:00,15007.65,15056.13,14987.05,15020.73,4.6116
2020-02-05 06:00:00,15073.42,15092.51,15020.64,15071.31,78.6953
2020-02-05 06:15:00,15028.52,15088.4,15016.6,15046.57,20.5495
2020-02-05 06:30:00,15011.72,15017.76,14986.19,15010.48,96.0549
2020-02-05 06:45:00,15012.8,15041.3,14977.09,15014.75,142.895
2020-02-05 07:00:00,15042.2,15062.7,15013.14,15054.31,30.5181
2020-02-05 07:15:00,15063.83,15083.8,15034.32,15061.34,65.7372
2020-02-05 07:30:00,14993.22,15003.27,14975.65,14990.84,54.5079
2020-02-05 07:45:00,14973.06,15042.13,14917.83,14955.49,140.597
2020-02-05 08:00:00,14928.91,14988.56,14917.39,14952.91,91.596
2020-02-05 08:15:00,14949.13,14972.12,14931.37,14950.27,12.8638
2020-02-05 08:30:00,15028.05,15049.11,15016.85,15039.49,376.1369
2020-02-05 08:45:00,14990.73,14991.11,14944.66,14977.7,243.4261
2020-02-05 09:00:00,15012.48,15039.7,15000.43,15001.17,86.4458
2020-02-05 09:15:00,15076.59,15108.6,15055.02,15068.94,150.2724
2020-02-05 09:30:00,15161.69,15189.61,15146.92,15172.37,2.0173
2020-02-05 09:45:00,15168.14,15197.08,15146.79,15154.73,22.501
2020-02-05 10:00:00,15154.6,15196.28,15143.66,15177.83,146.0428
2020-02-05 10:15:00,15178.14,15207.63,15143.37,15204.53,11.226
2020-02-05 10:30:00,15194.79,15214.97,15182.01,15214.2,4.3666
2020-02-05 10:45:00,15209.94,15229.33,15175.29,15210.45,95.6373
2020-02-05 11:00:00,15241.39,15256.49,15229.06,15231.11,3.4842
2020-02-05 11:15:00,15071.18,15121.88,15020.31,15116.16,20.2256
2020-02-05 11:30:00,15167.89,15174.4,15094.43,15147.85,8.3362
2020-02-05 11:45:00,15156.33,15178.9,15084.24,15154.34,76.4153
2020-02-05 12:00:00,15121.24,15165.97,15117.97,15144.98,112.9899
2020-02-05 12:15:00,15240.28,15256.58,15227.18,15238.74,20.2495
2020-02-05 12:30:00,15225.26,15274.24,15202.31,15208.65,63.2537
2020-02-05 12:45:00,15200.12,15206.96,15183.56,15191.02,2.0377
2020-02-05 13:00:00,15299.33,15302.23,15251.8,15282.54,30.7423
2020-02-05 13:15:00,15224.33,15263.25,15223.03,15245.15,19.7969
2020-02-05 13:30:00,15214.45,15245.47,15189.52,15220.76,18.1479
2020-02-05 13:45:00,15200.73,15242.79,15125.42,15214.8,25.4918
2020-02-05 14:00:00,15280.14,15334.4,15237.8,15253.94,163.6522
2020-02-05 14:15:00,15273.97,15294.19,15239.32,15264.21,299.0757
2020-02-05 14:30:00,15249.07,15251.12,15136.3,15205.78,122.4353
2020-02-05 14:45:00,15175.17,15198.35,15172.03,15182.27,7.4999
2020-02-05 15:00:00,15144.38,15159.42,15141.34,15155.36,98.9302
2020-02-05 15:15:00,15150.44,15197.58,15136.29,15152.61,132.4693
2020-02-05 15:30:00,15193.64,15235.78,15168.9,15172.72,11.7799
2020-02-05 15:45:00,15186.96,15217.4,15183.82,15192.52,34.8597
2020-02-05 16:00:00,15114.21,15120.83,15081.71,15112.33,55.9283
2020-02-05 16:15:00,15162.79,15188.03,15141.84,15161.32,37.2113
2020-02-05 16:30:00,15174.17,15186.57,15163.6,15173.57,73.0472
2020-02-05 16:45:00,15227.41,15292.4,15157.15,15237.35,14.032
2020-02-05 17:00:00,15256.33,15267.52,15234.72,15258.42,58.8336
2020-02-05 17:15:00,15306.84,15322.2,15265.21,15309.6,132.1557
2020-02-05 17:30:00,15331.67,15382.64,15295.67,15331.79,61.7916
2020-02-05 17:45:00,15409.0,15442.98,15337.0,15394.48,23.6273
2020-02-05 18:00:00,15446.51,15475.33,15399.78,15419.37,162.0057
2020-02-05 18:15:00,15402.65,15467.03,15360.21,15415.61,50.1528
2020-02-05 18:30:00,15515.39,15528.34,15498.83,15521.47,55.3546
2020-02-05 18:45:00,15550.8,15573.17,15532.62,15563.64,44.2581
2020-02-05 19:00:00,15594.13,15609.6,15571.25,15591.21,34.2112
2020-02-05 19:15:00,15523.93,15612.98,15504.34,15532.29,92.1172
2020-02-05 19:30:00,15476.75,15483.84,15415.89,15473.04,20.8018
2020-02-05 19:45:00,15504.49,15536.93,15426.64,15487.4,146.6332
2020-02-05 20:00:00,15455.8,15519.55,15424.23,15494.94,65.72
2020-02-05 20:15:00,15474.77,15542.62,15460.94,15467.16,215.0615
2020-02-05 20:30:00,15467.36,15493.93,15439.07,15474.48,279.5094
2020-02-05 20:45:00,15556.16,15557.44,15490.46,15549.0,48.2842
2020-02-05 21:00:00,15568.25,15605.96,15567.43,15582.22,17.2953
2020-02-05 21:15:00,15548.24,15559.91,15478.31,15529.66,70.3723
2020-02-05 21:30:00,15539.42,15567.53,15504.51,15525.24,31.533
2020-02-05 21:45:00,15497.33,15498.09,15485.86,15488.52,55.6037
2020-02-05 22:00:00,15483.56,15512.37,15459.72,15471.28,47.392
2020-02-05 22:15:00,15441.34,15481.92,15392.95,15452.86,59.8696
2020-02-05 22:30:00,15421.93,15439.24,15403.46,15431.49,69.0282
2020-02-05 22:45:00,15385.72,15394.72,15358.19,15374.16,98.7327
2020-02-05 23:00:00,15357.24,15396.47,15355.98,15369.04,0.3821
2020-02-05 23:15:00,15366.14,15444.43,15307.36,15343.96,29.6279
2020-02-05 23:30:00,15204.95,15237.44,15170.66,15209.88,18.6636
2020-02-05 23:45:00,15311.99,15342.86,15271.09,15304.31,123.9416
2020-02-06 00:00:00,15387.3,15406.17,15338.55,15355.07,178.5741
2020-02-06 00:15:00,15327.67,15364.33,15318.63,15338.5,129.3739
2020-02-06 00:30:00,15341.19,15344.65,15310.52,15340.13,367.5522
2020-02-06 00:45:00,15303.1,15330.06,15248.46,15286.98,8.0394
2020-02-06 01:00:00,15380.13,15413.23,15329.19,15365.51,62.5029
2020-02-06 01:15:00,15448.67,15479.61,15412.01,15453.74,229.6308
2020-02-06 01:30:00,15453.79,15489.53,15413.79,15461.78,38.4323
2020-02-06 01:45:00,15506.41,15511.85,15503.15,15510.03,162.1091
2020-02-06 02:00:00,15541.43,15590.08,15510.56,15518.96,82.4944
2020-02-06 02:15:00,15453.19,15506.49,15447.49,15457.5,384.2342
2020-02-06 02:30:00,15440.38,15482.02,15367.98,15439.18,46.3659
2020-02-06 02:45:00,15439.47,15476.83,15408.76,15446.06,53.9855
2020-02-06 03:00:00,15436.65,15445.72,15410.49,15425.77,17.8895
2020-02-06 03:15:00,15418.82,15431.55,15413.75,15416.42,17.3925
2020-02-06 03:30:00,15397.5,15418.82,15366.41,15412.96,197.3298
2020-02-06 03:45:00,15395.06,15478.68,15370.87,15409.99,52.3059
2020-02-06 04:00:00,15382.38,15422.45,15375.47,15413.18,96.881
2020-02-06 04:15:00,15352.14,15415.29,15348.63,15364.91,139.5344
2020-02-06 04:30:00,15344.8,15355.74,15288.66,15332.63,57.6686
2020-02-06 04:45:00,15294.53,15299.73,15219.15,15274.31,307.4429
2020-02-06 05:00:00,15330.38,15347.39,15319.24,15319.88,278.3426
2020-02-06 05:15:00,15232.31,15259.18,15183.14,15223.87,113.9804
2020-02-06 05:30:00,15275.38,15278.34,15264.62,15277.31,534.0768
2020-02-06 05:45:00,15353.51,15366.9,15335.02,15341.62,0.2652
2020-02-06 06:00:00,15332.86,15337.29,15293.2,15328.48,0.9296
2020-02-06 06:15:00,15236.98,15291.59,15205.01,15209.54,6.9923
2020-02-06 06:30:00,15192.32,15205.07,15168.71,15193.81,287.3866
2020-02-06 06:45:00,15212.05,15232.95,15110.63,15191.65,92.8451
2020-02-06 07:00:00,15159.59,15186.29,15128.87,15146.35,262.7241
2020-02-06 07:15:00,15134.82,15162.94,15118.34,15123.69,13.5932
2020-02-06 07:30:00,15163.31,15205.79,15151.3,15193.88,3.2501
2020-02-06 07:45:00,15239.09,15244.26,15179.52,15224.94,78.369
2020-02-06 08:00:00,15181.54,15186.55,15178.04,15183.48,19.2638
2020-02-06 08:15:00,15104.76,15185.13,15082.72,15111.46,196.4927
2020-02-06 08:30:00,15075.01,15134.66,15064.52,15097.39,54.5433
2020-02-06 08:45:00,15088.4,15119.31,15086.22,15088.48,147.1664
2020-02-06 09:00:00,15112.2,15128.24,15098.99,15111.7,72.6577
2020-02-06 09:15:00,15068.52,15109.05,15050.16,15088.18,75.2198
2020-02-06 09:30:00,15089.83,15119.99,14997.31,15112.09,114.5217
2020-02-06 09:45:00,15207.98,15225.72,15153.73,15200.58,40.8648
2020-02-06 10:00:00,15251.81,15257.88,15194.45,15238.53,297.294
2020-02-06 10:15:00,15239.99,15242.88,15229.63,15237.09,51.1509
2020-02-06 10:30:00,15247.01,15259.13,15223.29,15229.48,50.7568
2020-02-06 10:45:00,15212.63,15222.27,15199.66,15213.95,122.9025
2020-02-06 11:00:00,15267.76,15284.64,15241.06,15268.59,101.1294
2020-02-06 11:15:00,15226.65,15262.06,15195.39,15240.62,546.8302
2020-02-06 11:30:00,15219.67,15304.91,15210.98,15243.45,189.866
2020-02-06 11:45:00,15274.83,15316.34,15218.88,15246.56,33.4901
2020-02-06 12:00:00,15241.59,15281.57,15193.38,15224.37,10.7087
2020-02-06 12:15:00,15141.33,15194.81,15136.75,15162.44,11.2751
2020-02-06 12:30:00,15180.26,15192.67,15162.34,15177.89,44.8804
2020-02-06 12:45:00,15174.35,15192.26,15128.09,15175.87,64.853
2020-02-06 13:00:00,15195.24,15262.58,15156.3,15199.41,101.3694
2020-02-06 13:15:00,15169.63,15184.83,15142.01,15175.84,195.0001
2020-02-06 13:30:00,15237.98,15239.22,15213.78,15232.18,456.0243
2020-02-06 13:45:00,15205.3,15211.12,15155.08,15192.87,52.5459
2020-02-06 14:00:00,15277.81,15326.41,15270.53,15271.66,78.8734
2020-02-06 14:15:00,15190.53,15266.02,15148.97,15192.36,91.8161
2020-02-06 14:30:00,15210.54,15218.56,15196.03,15212.93,81.7717
2020-02-06 14:45:00,15249.67,15266.22,15210.98,15235.39,9.4655
2020-02-06 15:00:00,15206.84,15209.1,15188.34,15199.79,12.2214
2020-02-06 15:15:00,15221.01,15223.88,15185.42,15219.9,219.6025
2020-02-06 15:30:00,15278.54,15336.51,15239.13,15279.09,112.5729
2020-02-06 15:45:00,15183.48,15211.59,15164.59,15178.24,113.557
2020-02-06 16:00:00,15194.77,15272.86,15161.84,15201.89,168.622
2020-02-06 16:15:00,15101.34,15110.93,15053.02,15088.94,8.7894
2020-02-06 16:30:00,15029.8,15082.13,15015.57,15045.99,53.6964
2020-02-06 16:45:00,15114.05,15126.92,15088.13,15120.27,28.3258
2020-02-06 17:00:00,15103.87,15119.04,15086.37,15094.64,108.1185
2020-02-06 17:15:00,15025.2,15064.87,15006.0,15042.24,24.1989
2020-02-06 17:30:00,15010.41,15037.39,14987.87,15034.06,117.8061
2020-02-06 17:45:00,15129.03,15145.86,15083.65,15128.08,49.086
2020-02-06 18:00:00,15020.18,15061.94,15000.91,15045.7,57.8758
2020-02-06 18:15:00,14979.52,15057.76,14956.83,14999.0,170.3819
2020-02-06 18:30:00,15078.53,15081.97,15012.05,15067.13,42.7967
2020-02-06 18:45:00,15148.75,15199.52,15136.36,15151.86,29.652
2020-02-06 19:00:00,15167.38,15168.54,15143.79,15147.91,189.8887
2020-02-06 19:15:00,15074.18,15107.31,15004.71,15092.36,115.645
2020-02-06 19:30:00,15186.58,15219.42,15151.3,15188.01,51.7339
2020-02-06 19:45:00,15267.52,15274.98,15191.85,15261.42,69.0273
2020-02-06 20:00:00,15275.37,15307.74,15266.38,15293.27,42.7493
2020-02-06 20:15:00,15272.5,15278.35,15254.26,15256.76,80.1198
2020-02-06 20:30:00,15263.07,15295.19,15236.05,15255.28,14.9308
2020-02-06 20:45:00,15224.16,15297.42,15199.58,15248.7,219.3212
2020-02-06 21:00:00,15264.02,15291.94,15234.67,15264.6,80.7544
2020-02-06 21:15:00,15337.73,15377.19,15324.91,15331.81,48.657
2020-02-06 21:30:00,15363.95,15386.42,15361.33,15373.03,84.7683
2020-02-06 21:45:00,15301.43,15389.87,15283.71,15324.11,17.5774
2020-02-06 22:00:00,15392.44,15437.16,15363.69,15388.15,8.1723
2020-02-06 22:15:00,15437.44,15470.69,15374.48,15403.38,79.4352
2020-02-06 22:30:00,15429.92,15457.85,15382.4,15435.9,7.3105
2020-02-06 22:45:00,15528.91,15531.84,15448.57,15504.58,108.137
2020-02-06 23:00:00,15442.03,15504.98,15426.59,15453.65,161.0646
2020-02-06 23:15:00,15456.1,15495.0,15442.22,15452.77,445.3943
2020-02-06 23:30:00,15440.8,15488.6,15394.24,15428.9,146.6394
2020-02-06 23:45:00,15356.97,15378.46,15336.46,15357.1,365.4486
2020-02-07 00:00:00,15369.26,15377.62,15358.3,15373.84,2.2433
2020-02-07 00:15:00,15501.7,15514.07,15483.73,15490.45,81.8365
2020-02-07 00:30:00,15434.85,15474.02,15394.88,15405.71,18.0008
2020-02-07 00:45:00,15409.62,15425.09,15404.04,15404.99,28.1217
2020-02-07 01:00:00,15427.4,15453.43,15421.58,15435.36,132.6274
2020-02-07 01:15:00,15438.9,15452.64,15418.54,15441.83,29.1457
2020-02-07 01:30:00,15476.26,15495.26,15418.43,15437.36,19.8221
2020-02-07 01:45:00,15380.04,15390.26,15330.78,15377.97,46.4969
2020-02-07 02:00:00,15380.33,15416.17,15348.24,15389.48,8.6926
2020-02-07 02:15:00,15337.72,15382.4,15337.18,15355.31,15.8403
2020-02-07 02:30:00,15227.34,15287.39,15207.83,15255.19,15.8352
2020-02-07 02:45:00,15316.19,15323.56,15297.65,15310.63,25.6256
2020-02-07 03:00:00,15365.47,15390.94,15350.36,15355.41,204.5632
2020-02-07 03:15:00,15352.47,15394.16,15325.8,15358.56,34.9893
2020-02-07 03:30:00,15369.65,15402.15,15364.67,15369.88,32.0024
2020-02-07 03:45:00,15402.14,15470.85,15338.52,15420.19,13.4662
2020-02-07 04:00:00,15433.39,15441.01,15398.24,15431.34,1.6236
2020-02-07 04:15:00,15481.41,15525.16,15463.12,15473.96,17.4804
2020-02-07 04:30:00,15452.65,15541.63,15447.73,15460.92,128.3634
2020-02-07 04:45:00,15548.79,15560.19,15509.49,15522.55,350.1448
2020-02-07 05:00:00,15525.26,15543.79,15504.93,15538.26,136.1851
2020-02-07 05:15:00,15552.49,15595.95,15490.95,15548.09,191.8873
2020-02-07 05:30:00,15502.76,15518.78,15478.0,15489.62,154.527
2020-02-07 05:45:00,15502.53,15517.43,15443.56,15503.73,35.1051
2020-02-07 06:00:00,15462.9,15477.2,15438.64,15465.81,131.39
2020-02-07 06:15:00,15414.91,15443.11,15390.08,15436.97,138.8645
2020-02-07 06:30:00,15420.89,15433.17,15384.96,15399.98,29.9166
2020-02-07 06:45:00,15348.88,15369.37,15336.91,15351.49,253.3933
2020-02-07 07:00:00,15458.42,15476.82,15425.21,15450.12,618.8538
2020-02-07 07:15:00,15523.03,15542.43,15499.95,15512.6,82.3933
2020-02-07 07:30:00,15592.94,15626.24,15579.6,15602.74,38.0668
2020-02-07 07:45:00,15543.21,15577.91,15540.09,15546.28,44.2561
2020-02-07 08:00:00,15571.13,15582.96,15541.67,15550.38,87.3336
2020-02-07 08:15:00,15473.51,15510.64,15465.19,15490.81,0.781
2020-02-07 08:30:00,15492.15,15525.36,15445.94,15459.26,36.8656
2020-02-07 08:45:00,15405.97,15441.07,15366.91,15417.45,5.0246
2020-02-07 09:00:00,15457.3,15513.71,15440.32,15475.55,97.8644
2020-02-07 09:15:00,15459.98,15459.98,15436.23,15457.93,92.6477
2020-02-07 09:30:00,15542.5,15544.56,15442.77,15508.25,89.4158
2020-02-07 09:45:00,15507.44,15558.65,15485.87,15537.13,16.3685
2020-02-07 10:00:00,15643.08,15678.67,15630.95,15645.29,289.2439
2020-02-07 10:15:00,15584.05,15638.22,15558.01,15576.63,76.4061
2020-02-07 10:30:00,15636.78,15641.9,15545.71,15636.25,81.162
2020-02-07 10:45:00,15696.8,15713.17,15678.21,15690.81,78.5831
2020-02-07 11:00:00,15634.54,15656.46,15614.48,15645.78,74.3206
2020-02-07 11:15:00,15684.42,15697.88,15633.0,15693.83,278.7547
2020-02-07 11:30:00,15708.11,15726.16,15654.52,15710.44,92.1364
2020-02-07 11:45:00,15682.77,15715.3,15682.42,15700.51,66.3832
2020-02-07 12:00:00,15661.78,15691.87,15644.72,15662.48,145.4338
2020-02-07 12:15:00,15623.4,15654.04,15579.04,15629.48,28.9634
2020-02-07 12:30:00,15718.98,15806.32,15712.0,15726.37,21.3206
2020-02-07 12:45:00,15732.23,15780.46,15685.87,15727.19,57.8413
2020-02-07 13:00:00,15736.17,15791.73,15707.08,15764.88,1.581
2020-02-07 13:15:00,15724.66,15735.62,15704.79,15728.26,34.7456
2020-02-07 13:30:00,15728.61,15799.29,15668.79,15692.25,54.4855
2020-02-07 13:45:00,15726.87,15761.69,15685.66,15743.97,86.4407
2020-02-07 14:00:00,15701.17,15734.64,15662.69,15681.01,78.3517
2020-02-07 14:15:00,15663.12,15680.33,15627.51,15662.27,45.792
2020-02-07 14:30:00,15655.2,15672.44,15584.28,15664.65,42.0472
2020-02-07 14:45:00,15649.97,15691.51,15626.63,15670.66,0.132
2020-02-07 15:00:00,15665.22,15667.43,15585.78,15663.03,212.958
2020-02-07 15:15:00,15705.2,15732.13,15681.99,15682.41,26.302
2020-02-07 15:30:00,15709.68,15789.62,15689.8,15715.79,44.3172
2020-02-07 15:45:00,15749.94,15844.28,15740.61,15751.21,2.0463
2020-02-07 16:00:00,15721.29,15778.52,15692.75,15705.42,314.2914
2020-02-07 16:15:00,15698.17,15727.47,15648.82,15692.82,68.2351
2020-02-07 16:30:00,15725.08,15773.33,15683.64,15749.85,2.3548
2020-02-07 16:45:00,15794.47,15853.62,15751.66,15792.91,28.9275
2020-02-07 17:00:00,15752.44,15795.64,15687.78,15728.65,211.4137
2020-02-07 17:15:00,15745.44,15777.77,15739.48,15746.02,47.1127
2020-02-07 17:30:00,15610.45,15718.56,15562.07,15653.36,116.9266
2020-02-07 17:45:00,15662.43,15698.32,15624.69,15656.35,95.1531
2020-02-07 18:00:00,15743.14,15782.43,15727.92,15746.27,63.8542
2020-02-07 18:15:00,15673.56,15725.85,15657.79,15702.28,179.1072
2020-02-07 18:30:00,15637.46,15664.13,15621.76,15663.76,4.1191
2020-02-07 18:45:00,15715.76,15741.72,15645.31,15700.45,243.5244
2020-02-07 19:00:00,15617.12,15692.22,15589.47,15628.57,126.6045
2020-02-07 19:15:00,15585.52,15614.14,15555.52,15599.68,199.2998
2020-02-07 19:30:00,15627.82,15629.9,15623.46,15628.37,1.7077
2020-02-07 19:45:00,15589.37,15612.17,15523.54,15599.42,8.8607
2020-02-07 20:00:00,15590.71,15596.07,15565.76,15589.15,23.0519
2020-02-07 20:15:00,15621.57,15654.55,15598.52,15624.74,90.0321
2020-02-07 20:30:00,15626.5,15647.64,15610.36,15645.28,9.6975
2020-02-07 20:45:00,15650.58,15690.29,15635.22,15658.58,268.1608
2020-02-07 21:00:00,15650.36,15674.64,15631.3,15643.43,138.0687
2020-02-07 21:15:00,15662.24,15684.75,15646.0,15661.58,164.8159
2020-02-07 21:30:00,15655.27,15699.64,15629.57,15656.55,87.671
2020-02-07 21:45:00,15709.21,15751.81,15673.61,15678.84,99.6818
2020-02-07 22:00:00,15667.69,15685.67,15640.29,15656.25,24.9818
2020-02-07 22:15:00,15661.8,15689.65,15580.65,15648.46,240.8405
2020-02-07 22:30:00,15600.18,15633.02,15597.85,15602.77,104.6735
2020-02-07 22:45:00,15605.34,15646.79,15575.71,15601.91,54.0839
2020-02-07 23:00:00,15558.02,15604.34,15521.56,15564.73,213.4295
2020-02-07 23:15:00,15525.55,15527.52,15460.91,15513.49,199.3792
2020-02-07 23:30:00,15524.59,15599.02,15499.5,15526.3,0.0539
2020-02-07 23:45:00,15540.44,15554.7,15532.88,15536.99,258.8103
2020-02-08 00:00:00,15576.75,15611.25,15558.33,15574.25,45.1656
2020-02-08 00:15:00,15554.61,15563.46,15530.34,15554.89,54.8436
2020-02-08 00:30:00,15620.47,15620.64,15541.04,15574.71,8.9174
2020-02-08 00:45:00,15590.82,15603.92,15570.19,15601.22,210.0274
2020-02-08 01:00:00,15612.26,15661.88,15586.33,15622.82,77.4801
2020-02-08 01:15:00,15595.72,15625.55,15551.62,15584.9,236.1319
2020-02-08 01:30:00,15583.39,15634.19,15565.36,15592.67,151.7842
2020-02-08 01:45:00,15605.93,15629.28,15583.82,15610.48,228.2599
2020-02-08 02:00:00,15594.63,15627.43,15515.7,15611.6,296.1498
2020-02-08 02:15:00,15522.28,15597.52,15501.73,15514.66,217.0718
2020-02-08 02:30:00,15530.73,15560.03,15519.49,15522.9,23.5514
2020-02-08 02:45:00,15621.79,15643.13,15611.28,15626.71,7.2692
2020-02-08 03:00:00,15621.77,15659.67,15570.92,15610.62,96.825
2020-02-08 03:15:00,15548.35,15600.05,15475.92,15577.3,16.8485
2020-02-08 03:30:00,15584.5,15615.29,15579.31,15595.52,198.8553
2020-02-08 03:45:00,15608.27,15614.74,15579.78,15610.92,294.611
2020-02-08 04:00:00,15649.19,15680.73,15612.81,15667.56,12.9285
2020-02-08 04:15:00,15581.92,15674.87,15539.44,15609.22,26.8977
2020-02-08 04:30:00,15639.43,15685.46,15631.37,15644.25,98.143
2020-02-08 04:45:00,15683.62,15791.4,15663.19,15672.74,129.1922
2020-02-08 05:00:00,15686.93,15700.8,15663.48,15666.84,71.808
2020-02-08 05:15:00,15674.96,15733.6,15673.44,15683.54,46.0501
2020-02-08 05:30:00,15744.3,15760.07,15680.77,15732.76,36.5319
2020-02-08 05:45:00,15784.76,15787.1,15747.33,15774.72,109.6519
2020-02-08 06:00:00,15740.58,15778.25,15691.95,15721.42,136.4774
2020-02-08 06:15:00,15755.37,15848.34,15691.05,15760.89,34.0852
2020-02-08 06:30:00,15730.27,15765.14,15727.57,15758.62,39.4519
2020-02-08 06:45:00,15763.96,15829.74,15753.0,15762.85,61.6311
2020-02-08 07:00:00,15751.11,15778.18,15688.35,15767.1,59.8232
2020-02-08 07:15:00,15749.38,15791.02,15696.07,15760.78,184.9312
2020-02-08 07:30:00,15813.15,15865.51,15780.57,15817.92,57.4315
2020-02-08 07:45:00,15809.37,15874.83,15792.02,15814.73,383.5495
2020-02-08 08:00:00,15764.64,15779.06,15747.63,15762.41,37.2461
2020-02-08 08:15:00,15755.66,15795.88,15717.98,15744.59,118.0324
2020-02-08 08:30:00,15748.02,15779.22,15740.59,15753.82,142.2694
2020-02-08 08:45:00,15818.95,15872.8,15801.43,15812.7,99.5345
2020-02-08 09:00:00,15842.33,15849.42,15836.18,15842.1,45.736
2020-02-08 09:15:00,15817.25,15842.2,15777.6,15802.47,29.7618
2020-02-08 09:30:00,15918.07,15922.47,15885.79,15921.07,92.7054
2020-02-08 09:45:00,15933.26,15973.1,15901.25,15934.52,107.4792
2020-02-08 10:00:00,15990.29,16017.98,15990.07,15996.28,29.7897
2020-02-08 10:15:00,15987.21,16029.86,15985.28,15989.8,41.021
2020-02-08 10:30:00,16003.64,16026.35,15975.1,16016.18,198.0958
2020-02-08 10:45:00,16043.15,16073.03,15992.63,16057.32,166.3432
2020-02-08 11:00:00,16129.31,16169.14,16113.99,16116.81,20.3072
2020-02-08 11:15:00,16151.22,16191.59,16089.99,16168.74,270.8388
2020-02-08 11:30:00,16206.68,16255.49,16197.74,16211.85,98.895
2020-02-08 11:45:00,16213.78,16226.9,16172.58,16197.34,68.6678
2020-02-08 12:00:00,16164.66,16228.47,16135.22,16170.37,22.4225
2020-02-08 12:15:00,16200.72,16253.72,16153.69,16187.31,131.0056
2020-02-08 12:30:00,16223.84,16264.11,16193.89,16233.43,253.5717
2020-02-08 12:45:00,16206.34,16235.98,16191.39,16223.4,6.7154
2020-02-08 13:00:00,16250.09,16307.07,16246.42,16276.05,73.5522
2020-02-08 13:15:00,16369.25,16404.6,16339.67,16347.79,209.6645
2020-02-08 13:30:00,16285.14,16362.37,16256.06,16303.67,304.7508
2020-02-08 13:45:00,16275.7,16279.52,16229.8,16263.55,7.4874
2020-02-08 14:00:00,16241.26,16259.18,16238.23,16257.52,156.5683
2020-02-08 14:15:00,16294.77,16341.67,16212.54,16273.33,33.0459
2020-02-08 14:30:00,16284.39,16299.33,16231.14,16248.54,77.9804
2020-02-08 14:45:00,16287.75,16362.52,16286.9,16315.26,153.1239
2020-02-08 15:00:00,16319.11,16354.48,16233.81,16336.84,78.7754
2020-02-08 15:15:00,16352.22,16354.64,16331.7,16339.59,11.6601
2020-02-08 15:30:00,16278.36,16284.67,16219.94,16270.02,89.2904
2020-02-08 15:45:00,16219.2,16268.62,16204.74,16206.6,12.5349
2020-02-08 16:00:00,16211.77,16263.15,16157.53,16221.08,42.6858
2020-02-08 16:15:00,16150.14,16179.41,16084.04,16118.11,81.6968
2020-02-08 16:30:00,16169.79,16190.09,16136.2,16167.88,475.7736
2020-02-08 16:45:00,16141.35,16188.25,16127.94,16161.02,129.8028
2020-02-08 17:00:00,16314.93,16352.46,16309.19,16319.06,36.1404
2020-02-08 17:15:00,16413.09,16461.89,16386.43,16432.87,209.1938
2020-02-08 17:30:00,16450.87,16463.28,16404.53,16424.74,25.6373
2020-02-08 17:45:00,16409.48,16436.38,16393.25,16420.32,48.4495
2020-02-08 18:00:00,16478.3,16555.98,16407.26,16470.19,104.1348
2020-02-08 18:15:00,16547.37,16570.98,16460.92,16555.17,52.8585
2020-02-08 18:30:00,16464.5,16478.8,16444.98,16474.64,130.7768
2020-02-08 18:45:00,16355.87,16449.78,16312.72,16387.18,105.1559
2020-02-08 19:00:00,16367.2,16390.07,16306.5,16357.41,110.0467
2020-02-08 19:15:00,16408.12,16467.42,16363.21,16386.83,54.5182
2020-02-08 19:30:00,16397.04,16436.09,16384.13,16412.07,5.6708
2020-02-08 19:45:00,16440.12,16511.27,16416.09,16465.57,206.1266
2020-02-08 20:00:00,16420.31,16448.21,16380.69,16407.13,7.6906
2020-02-08 20:15:00,16267.12,16326.18,16254.93,16293.95,62.3686
2020-02-08 20:30:00,16356.62,16373.56,16308.87,16336.7,35.9451
2020-02-08 20:45:00,16282.19,16314.75,16233.74,16296.93,35.1447
2020-02-08 21:00:00,16181.19,16199.35,16139.03,16199.06,25.699
2020-02-08 21:15:00,16210.94,16216.95,16174.7,16206.92,31.6977
2020-02-08 21:30:00,16229.43,16277.4,16169.96,16246.29,310.8706
2020-02-08 21:45:00,16229.67,16279.34,16163.74,16241.16,357.7441
2020-02-08 22:00:00,16225.4,16238.05,16214.27,16219.66,84.6123
2020-02-08 22:15:00,16173.33,16258.36,16127.05,16212.72,74.3718
2020-02-08 22:30:00,16222.1,16228.18,16181.77,16195.5,4.9574
2020-02-08 22:45:00,16131.52,16138.59,16123.84,16130.82,162.8292
2020-02-08 23:00:00,16076.22,16106.2,16074.62,16097.04,18.6995
2020-02-08 23:15:00,16106.61,16149.88,16074.0,16123.01,15.3831
2020-02-08 23:30:00,16155.38,16217.25,16092.07,16139.38,55.1771
2020-02-08 23:45:00,16158.03,16179.71,16129.58,16148.32,42.7007
2020-02-09 00:00:00,16123.25,16154.33,16088.17,16100.92,10.163
2020-02-09 00:15:00,16081.97,16133.22,16066.23,16092.96,16.0092
2020-02-09 00:30:00,15993.4,16000.07,15929.39,15988.66,487.1367
2020-02-09 00:45:00,16004.84,16021.26,15986.47,15998.02,132.7368
2020-02-09 01:00:00,16078.57,16095.88,16057.98,16067.39,91.269
2020-02-09 01:15:00,16015.18,16034.17,15963.72,15997.14,36.1855
2020-02-09 01:30:00,15958.37,15970.31,15943.27,15969.82,55.9386
2020-02-09 01:45:00,15984.56,16044.39,15969.97,15986.39,98.8817
2020-02-09 02:00:00,16037.48,16104.6,15989.89,16047.27,153.3772
2020-02-09 02:15:00,16025.65,16039.55,16015.34,16026.5,292.6377
2020-02-09 02:30:00,16005.19,16011.02,15948.94,15994.01,13.0884
2020-02-09 02:45:00,15874.04,15920.03,15853.94,15900.34,21.275
2020-02-09 03:00:00,15923.72,15985.05,15905.51,15906.07,83.8339
2020-02-09 03:15:00,15986.08,16037.48,15980.95,16004.31,278.861
2020-02-09 03:30:00,16013.5,16096.0,16012.66,16018.43,60.2469
2020-02-09 03:45:00,16038.08,16052.31,15996.09,16018.16,100.4976
2020-02-09 04:00:00,16039.7,16065.9,16004.44,16034.44,34.7751
2020-02-09 04:15:00,16040.15,16048.9,15994.15,16034.7,166.9925
2020-02-09 04:30:00,15977.51,15999.12,15967.49,15996.4,92.9531
2020-02-09 04:45:00,16019.96,16073.13,16003.18,16036.7,48.0957
2020-02-09 05:00:00,16063.47,16078.2,16021.41,16048.37,78.2243
2020-02-09 05:15:00,16040.56,16082.6,16036.77,16050.02,118.6648
2020-02-09 05:30:00,15995.94,16007.93,15972.93,16003.86,24.0179
2020-02-09 05:45:00,16082.73,16123.59,16062.63,16067.24,41.7707
2020-02-09 06:00:00,16083.18,16111.83,16063.7,16100.08,28.8363
2020-02-09 06:15:00,16078.51,16113.53,16051.54,16074.18,322.2872
2020-02-09 06:30:00,16123.99,16142.56,16116.2,16123.3,4.3919
2020-02-09 06:45:00,16099.99,16108.03,16093.93,16100.04,5.8097
2020-02-09 07:00:00,16054.74,16099.13,16049.11,16063.07,43.9647
2020-02-09 07:15:00,16017.97,16067.41,15968.28,16027.26,77.2248
2020-02-09 07:30:00,15925.72,15980.92,15920.13,15942.91,39.8833
2020-02-09 07:45:00,15973.97,15990.44,15894.08,15966.26,194.4438
2020-02-09 08:00:00,15868.74,15890.98,15835.56,15879.35,18.5587
2020-02-09 08:15:00,15836.95,15874.4,15818.81,15821.62,45.3542
2020-02-09 08:30:00,15720.36,15752.09,15682.22,15723.89,66.9334
2020-02-09 08:45:00,15703.98,15797.88,15687.12,15720.62,22.5853
2020-02-09 09:00:00,15710.58,15718.43,15707.74,15714.32,34.2618
2020-02-09 09:15:00,15693.25,15751.43,15681.43,15699.7,294.5225
2020-02-09 09:30:00,15667.18,15668.26,15643.54,15651.38,73.4442
2020-02-09 09:45:00,15591.37,15639.93,15550.65,15597.12,203.7659
2020-02-09 10:00:00,15615.32,15670.37,15580.77,15619.63,31.3843
2020-02-09 10:15:00,15616.63,15654.04,15571.99,15594.61,94.7703
2020-02-09 10:30:00,15618.13,15643.35,15576.89,15610.19,144.0729
2020-02-09 10:45:00,15595.41,15643.5,15558.81,15569.52,54.7467
2020-02-09 11:00:00,15598.37,15618.77,15518.34,15578.75,98.0065
2020-02-09 11:15:00,15626.57,15664.52,15604.98,15640.44,198.9378
2020-02-09 11:30:00,15684.24,15720.85,15632.54,15668.73,15.1736
2020-02-09 11:45:00,15674.0,15702.96,15599.24,15650.13,43.8105
2020-02-09 12:00:00,15686.99,15732.4,15629.8,15662.98,173.6724
2020-02-09 12:15:00,15667.93,15695.09,15625.87,15652.46,26.2529
2020-02-09 12:30:00,15668.76,15692.85,15631.2,15653.61,81.2188
2020-02-09 12:45:00,15634.37,15674.7,15623.0,15639.1,57.6281
2020-02-09 13:00:00,15619.09,15644.56,15612.13,15632.18,109.3318
2020-02-09 13:15:00,15637.39,15701.36,15602.8,15642.9,110.2636
2020-02-09 13:30:00,15571.1,15645.63,15517.52,15597.07,86.3891
2020-02-09 13:45:00,15571.2,15604.44,15545.63,15550.31,293.3328
2020-02-09 14:00:00,15481.93,15526.39,15472.83,15486.32,19.2767
2020-02-09 14:15:00,15432.65,15440.84,15385.19,15412.74,180.2337
2020-02-09 14:30:00,15338.32,15416.76,15286.72,15357.23,67.2204
2020-02-09 14:45:00,15381.98,15406.46,15283.14,15365.34,108.4154
2020-02-09 15:00:00,15317.37,15359.54,15301.33,15324.96,31.9857
2020-02-09 15:15:00,15329.62,15370.65,15321.8,15349.34,9.9393
2020-02-09 15:30:00,15376.68,15392.04,15333.16,15351.7,150.3755
2020-02-09 15:45:00,15278.71,15290.6,15255.31,15261.81,29.0019
2020-02-09 16:00:00,15295.8,15343.87,15261.54,15292.56,49.4777
2020-02-09 16:15:00,15331.04,15345.38,15322.26,15330.52,4.8691
2020-02-09 16:30:00,15292.3,15339.36,15272.03,15285.58,105.0405
2020-02-09 16:45:00,15308.59,15373.01,15240.34,15305.61,116.2986
2020-02-09 17:00:00,15254.96,15277.74,15235.56,15267.05,231.9319
2020-02-09 17:15:00,15266.0,15283.76,15222.96,15272.29,221.6597
2020-02-09 17:30:00,15244.95,15255.94,15212.08,15215.12,122.124
2020-02-09 17:45:00,15174.47,15176.37,15126.3,15134.03,38.8798
2020-02-09 18:00:00,15141.03,15151.88,15088.77,15117.41,46.9406
2020-02-09 18:15:00,15119.78,15146.52,15096.64,15112.55,48.0784
2020-02-09 18:30:00,15090.18,15142.04,15085.19,15095.28,13.8839
2020-02-09 18:45:00,15030.41,15058.5,15004.38,15042.41,294.2892
2020-02-09 19:00:00,15014.12,15035.01,14989.86,15025.12,170.4653
2020-02-09 19:15:00,15029.69,15064.18,15025.37,15038.01,15.6969
2020-02-09 19:30:00,15069.08,15135.24,15028.46,15036.73,292.7397
2020-02-09 19:45:00,15072.9,15111.75,15041.21,15045.72,185.2938
2020-02-09 20:00:00,15027.43,15047.03,15015.58,15016.22,251.1497
2020-02-09 20:15:00,15055.28,15138.07,15012.0,15069.76,33.6374
2020-02-09 20:30:00,15030.75,15064.11,14982.42,15017.34,40.8826
2020-02-09 20:45:00,15036.47,15093.26,15003.26,15040.05,63.4738
2020-02-09 21:00:00,15061.64,15109.87,15060.41,15094.13,25.3861
2020-02-09 21:15:00,15121.01,15127.91,15114.66,15116.67,62.6279
2020-02-09 21:30:00,15095.52,15122.42,15065.43,15108.24,0.9244
2020-02-09 21:45:00,15072.86,15094.06,15020.79,15085.05,209.9943
2020-02-09 22:00:00,15128.9,15146.91,15083.95,15132.69,17.7088
2020-02-09 22:15:00,15061.34,15072.28,15049.46,15068.85,69.4844
2020-02-09 22:30:00,15025.23,15056.8,15000.59,15025.74,264.2635
2020-02-09 22:45:00,15007.34,15059.19,14970.41,15008.57,172.0272
2020-02-09 23:00:00,15036.79,15082.64,15005.89,15065.05,149.6666
2020-02-09 23:15:00,15105.9,15155.64,15057.14,15082.97,92.9998
2020-02-09 23:30:00,15025.13,15116.18,15015.78,15039.92,57.3186
2020-02-09 23:45:00,15012.36,15054.78,14998.3,15026.67,59.0658
2020-02-10 00:00:00,14994.8,15043.45,14988.7,14999.73,9.0982
2020-02-10 00:15:00,14966.92,14982.35,14944.37,14968.54,6.698
2020-02-10 00:30:00,15035.15,15044.23,14993.91,15013.24,185.4306
2020-02-10 00:45:00,14956.24,14959.56,14944.83,14952.21,52.5351
2020-02-10 01:00:00,15033.63,15036.82,14946.88,15025.12,5.553
2020-02-10 01:15:00,15067.34,15085.64,15027.87,15063.21,108.7833
2020-02-10 01:30:00,15116.75,15132.49,15087.9,15113.26,114.9808
2020-02-10 01:45:00,15097.7,15102.15,15030.56,15093.02,25.8046
2020-02-10 02:00:00,15057.83,15122.53,15043.45,15086.99,52.8853
2020-02-10 02:15:00,15019.12,15037.15,14963.76,15022.88,85.1965
2020-02-10 02:30:00,15017.42,15046.22,14994.57,14999.98,90.7038
2020-02-10 02:45:00,15082.17,15083.19,15009.22,15022.95,71.5629
2020-02-10 03:00:00,15063.95,15097.21,15050.63,15082.11,45.2866
2020-02-10 03:15:00,15039.13,15056.75,14991.52,15032.77,7.1303
2020-02-10 03:30:00,15008.46,15040.21,14988.65,15017.04,2.2536
2020-02-10 03:45:00,15041.71,15048.12,15007.94,15010.97,61.5325
2020-02-10 04:00:00,14928.63,14963.4,14921.28,14948.87,22.6829
2020-02-10 04:15:00,14985.49,15000.08,14893.04,14976.13,278.8537
2020-02-10 04:30:00,14923.32,15003.26,14896.28,14944.35,102.281
2020-02-10 04:45:00,14931.58,14952.18,14914.15,14936.34,88.0702
2020-02-10 05:00:00,14916.32,14925.74,14880.49,14916.84,52.1805
2020-02-10 05:15:00,14898.18,14928.37,14872.05,14882.26,39.9769
2020-02-10 05:30:00,14866.66,14883.44,14838.28,14882.69,19.8217
2020-02-10 05:45:00,14883.67,14931.4,14841.09,14873.81,6.2028
2020-02-10 06:00:00,14858.24,14860.96,14830.97,14857.96,100.6483
2020-02-10 06:15:00,14830.27,14856.57,14818.18,14826.23,151.05
2020-02-10 06:30:00,14855.41,14869.55,14799.88,14841.18,195.0258
2020-02-10 06:45:00,14896.42,14919.93,14894.83,14915.55,128.847
2020-02-10 07:00:00,14934.65,14984.34,14913.48,14922.56,227.255
2020-02-10 07:15:00,14959.38,14998.61,14934.54,14967.9,406.3225
2020-02-10 07:30:00,14922.55,14936.8,14879.31,14906.22,326.1469
2020-02-10 07:45:00,14919.01,14968.69,14879.56,14914.02,89.7053
2020-02-10 08:00:00,14862.55,14875.13,14833.79,14865.66,25.3861
2020-02-10 08:15:00,14791.81,14801.68,14751.15,14800.54,11.2447
2020-02-10 08:30:00,14780.61,14814.6,14761.97,14768.45,510.3573
2020-02-10 08:45:00,14840.69,14858.93,14820.48,14822.0,36.8733
2020-02-10 09:00:00,14857.06,14893.61,14827.17,14864.98,3.4561
2020-02-10 09:15:00,14859.71,14885.54,14839.3,14876.56,49.6013
2020-02-10 09:30:00,14819.18,14844.24,14802.75,14808.9,137.8722
2020-02-10 09:45:00,14779.48,14819.09,14747.0,14800.92,221.4574
2020-02-10 10:00:00,14795.72,14842.69,14788.28,14815.06,64.9252
2020-02-10 10:15:00,14807.85,14841.12,14752.84,14823.6,34.8181
2020-02-10 10:30:00,14736.22,14762.81,14721.65,14742.35,150.69
2020-02-10 10:45:00,14684.06,14715.3,14657.5,14703.71,70.0712
2020-02-10 11:00:00,14673.11,14702.28,14650.24,14701.62,8.9957
2020-02-10 11:15:00,14709.29,14774.35,14643.11,14726.01,218.7024
2020-02-10 11:30:00,14639.12,14658.36,14623.85,14629.72,106.6553
2020-02-10 11:45:00,14604.74,14645.94,14577.11,14623.34,3.7507
2020-02-10 12:00:00,14625.37,14634.79,14609.6,14630.34,0.9098
2020-02-10 12:15:00,14696.92,14745.46,14649.19,14668.37,9.181
2020-02-10 12:30:00,14698.87,14717.67,14638.24,14699.59,172.5721
2020-02-10 12:45:00,14731.06,14778.15,14724.73,14726.01,65.6444
2020-02-10 13:00:00,14677.51,14718.3,14668.57,14691.41,40.8421
2020-02-10 13:15:00,14639.66,14668.7,14580.6,14608.05,28.674
2020-02-10 13:30:00,14583.66,14633.6,14565.15,14591.56,70.6958
2020-02-10 13:45:00,14632.79,14672.91,14623.08,14636.13,8.6692
2020-02-10 14:00:00,14717.41,14735.81,14673.07,14698.05,96.0192
2020-02-10 14:15:00,14727.44,14749.16,14705.42,14730.11,47.8887
2020-02-10 14:30:00,14750.53,14751.85,14713.4,14749.82,195.5032
2020-02-10 14:45:00,14763.2,14769.57,14730.92,14767.36,140.416
2020-02-10 15:00:00,14739.41,14771.84,14720.55,14743.46,1.8537
2020-02-10 15:15:00,14743.91,14751.25,14722.17,14738.45,18.2119
2020-02-10 15:30:00,14821.17,14864.26,14805.35,14812.98,64.252
2020-02-10 15:45:00,14762.33,14809.43,14733.26,14771.84,107.4936
2020-02-10 16:00:00,14832.76,14896.4,14810.73,14844.13,125.5708
2020-02-10 16:15:00,14821.5,14883.08,14807.68,14830.54,169.4142
2020-02-10 16:30:00,14869.38,14903.2,14840.73,14890.25,5.0471
2020-02-10 16:45:00,14804.57,14864.83,14804.3,14828.15,1.8656
2020-02-10 17:00:00,14859.37,14874.26,14851.39,14854.95,91.7556
2020-02-10 17:15:00,14836.78,14838.65,14797.47,14822.86,128.6728
2020-02-10 17:30:00,14773.53,14793.48,14749.25,14760.67,154.5037
2020-02-10 17:45:00,14735.9,14777.62,14715.58,14771.08,16.9266
2020-02-10 18:00:00,14812.92,14869.28,14807.08,14816.56,346.5289
2020-02-10 18:15:00,14763.45,14779.75,14751.47,14779.74,26.0624
2020-02-10 18:30:00,14716.13,14751.18,14660.67,14714.01,28.8123
2020-02-10 18:45:00,14704.55,14718.89,14664.98,14710.69,16.7578
2020-02-10 19:00:00,14716.28,14779.0,14653.47,14707.57,4.421
2020-02-10 19:15:00,14732.22,14763.68,14713.45,14732.5,165.928
2020-02-10 19:30:00,14747.19,14776.49,14722.17,14775.21,0.566
2020-02-10 19:45:00,14759.02,14791.89,14718.24,14773.31,62.321
2020-02-10 20:00:00,14856.37,14864.12,14840.42,14856.29,9.6475
2020-02-10 20:15:00,14868.36,14876.42,14837.16,14867.02,4.583
2020-02-10 20:30:00,14831.44,14891.03,14785.78,14852.31,272.8104
2020-02-10 20:45:00,14758.54,14805.15,14753.92,14781.25,174.5257
2020-02-10 21:00:00,14771.17,14832.06,14764.36,14770.34,50.2322
2020-02-10 21:15:00,14735.46,14791.71,14711.25,14756.18,61.3585
2020-02-10 21:30:00,14774.73,14818.83,14768.37,14799.42,202.5806
2020-02-10 21:45:00,14814.1,14823.48,14766.96,14820.7,159.3746
2020-02-10 22:00:00,14761.79,14770.79,14688.92,14769.0,117.6406
2020-02-10 22:15:00,14764.39,14788.71,14718.5,14777.37,76.909
2020-02-10 22:30:00,14797.46,14821.78,14763.81,14807.88,93.6041
2020-02-10 22:45:00,14876.71,14889.96,14849.01,14876.5,49.9817
2020-02-10 23:00:00,14906.11,14950.94,14863.35,14916.86,75.0982
2020-02-10 23:15:00,14952.71,14990.59,14948.99,14951.65,77.5872
2020-02-10 23:30:00,14949.4,14963.09,14882.89,14955.09,200.1293
2020-02-10 23:45:00,14975.77,14994.08,14940.56,14973.26,24.6737
2020-02-11 00:00:00,15043.34,15077.82,15006.08,15030.14,28.3188
2020-02-11 00:15:00,14983.36,15004.99,14946.29,14970.79,23.691
2020-02-11 00:30:00,14975.11,15010.27,14932.04,14955.85,86.5521
2020-02-11 00:45:00,14934.44,14935.81,14894.77,14921.93,118.7961
2020-02-11 01:00:00,14943.22,14968.9,14923.4,14939.65,27.2468
2020-02-11 01:15:00,14989.04,15041.14,14978.97,14995.54,112.9984
2020-02-11 01:30:00,14963.63,14980.99,14930.31,14969.43,98.9106
2020-02-11 01:45:00,14849.79,14914.22,14810.1,14862.83,38.7249
2020-02-11 02:00:00,14845.26,14884.67,14776.88,14845.2,26.113
2020-02-11 02:15:00,14897.0,14913.61,14864.63,14886.62,213.5428
2020-02-11 02:30:00,14900.56,14940.76,14875.04,14911.38,84.32
2020-02-11 02:45:00,14930.72,14945.97,14894.52,14931.28,121.7055
2020-02-11 03:00:00,14909.38,14955.14,14875.01,14919.48,259.4795
2020-02-11 03:15:00,14866.09,14901.04,14858.9,14862.98,22.9913
2020-02-11 03:30:00,14878.52,14889.34,14871.18,14886.7,43.1636
2020-02-11 03:45:00,14839.2,14906.23,14833.79,14850.18,56.9957
2020-02-11 04:00:00,14938.07,14962.18,14909.92,14948.23,26.5131
2020-02-11 04:15:00,14982.1,14995.43,14970.71,14974.56,183.5213
2020-02-11 04:30:00,14947.78,14979.27,14895.51,14949.23,8.7087
2020-02-11 04:45:00,14916.16,14952.75,14904.92,14922.55,27.3331
2020-02-11 05:00:00,14923.04,14927.62,14879.3,14919.14,21.1999
2020-02-11 05:15:00,14902.99,15008.62,14872.42,14909.17,306.5977
2020-02-11 05:30:00,14976.72,14985.12,14939.04,14959.86,98.7127
2020-02-11 05:45:00,14954.4,15006.98,14908.76,14968.98,125.9539
2020-02-11 06:00:00,14934.08,14966.82,14868.87,14936.87,11.4761
2020-02-11 06:15:00,15001.23,15030.58,14982.7,15022.33,21.5685
2020-02-11 06:30:00,15020.09,15070.94,15011.73,15025.3,166.0144
2020-02-11 06:45:00,15035.41,15066.32,15023.82,15060.71,83.8707
2020-02-11 07:00:00,15045.2,15092.33,14983.15,15033.98,4.6171
2020-02-11 07:15:00,15062.65,15075.74,15046.51,15051.11,83.395
2020-02-11 07:30:00,15077.73,15110.4,15059.04,15065.91,64.5091
2020-02-11 07:45:00,14981.69,14993.29,14939.39,14981.26,16.6874
2020-02-11 08:00:00,15059.32,15084.01,15010.41,15072.58,89.8797
2020-02-11 08:15:00,15119.58,15154.47,15114.63,15131.69,19.094
2020-02-11 08:30:00,15137.55,15154.7,15089.73,15114.42,166.8393
2020-02-11 08:45:00,15086.82,15103.59,15058.93,15065.2,96.3616
2020-02-11 09:00:00,15083.5,15094.05,15021.32,15081.66,205.0362
2020-02-11 09:15:00,15078.55,15144.9,15014.16,15086.33,55.2805
2020-02-11 09:30:00,15123.86,15170.46,15073.87,15103.18,71.7278
2020-02-11 09:45:00,15102.12,15173.95,15066.62,15112.62,142.9555
2020-02-11 10:00:00,15139.79,15147.78,15126.16,15136.33,79.0267
2020-02-11 10:15:00,15223.36,15254.74,15172.78,15202.81,84.8595
2020-02-11 10:30:00,15216.74,15231.04,15208.32,15229.48,80.5955
2020-02-11 10:45:00,15194.87,15230.41,15163.61,15182.28,67.5927
2020-02-11 11:00:00,15253.04,15255.45,15204.81,15245.1,163.8336
2020-02-11 11:15:00,15320.29,15374.0,15266.69,15320.9,66.3999
2020-02-11 11:30:00,15451.17,15485.99,15440.04,15466.54,231.0562
2020-02-11 11:45:00,15404.02,15424.71,15367.98,15415.18,165.3477
2020-02-11 12:00:00,15431.65,15434.18,15412.88,15427.19,117.9085
2020-02-11 12:15:00,15309.77,15344.69,15309.74,15331.59,228.9259
2020-02-11 12:30:00,15359.81,15366.13,15326.85,15357.8,77.023
2020-02-11 12:45:00,15341.61,15358.22,15315.48,15333.31,172.5078
2020-02-11 13:00:00,15437.75,15469.67,15379.35,15422.56,27.6838
2020-02-11 13:15:00,15365.97,15412.02,15347.74,15387.49,7.5775
2020-02-11 13:30:00,15330.43,15384.84,15294.61,15310.28,115.5185
2020-02-11 13:45:00,15315.32,15322.38,15262.94,15289.4,35.8978
2020-02-11 14:00:00,15205.79,15238.64,15176.17,15199.55,100.6775
2020-02-11 14:15:00,15218.75,15273.2,15178.33,15234.56,8.0553
2020-02-11 14:30:00,15135.98,15157.15,15118.5,15140.94,311.5592
2020-02-11 14:45:00,15142.27,15155.69,15098.86,15142.99,72.3843
2020-02-11 15:00:00,15053.43,15057.73,14996.06,15049.36,0.9572
2020-02-11 15:15:00,15035.98,15056.12,15026.29,15035.65,64.641
2020-02-11 15:30:00,15114.78,15125.97,15092.06,15110.53,155.9319
2020-02-11 15:45:00,15126.26,15148.16,15074.27,15127.63,200.4105
2020-02-11 16:00:00,15093.2,15158.71,15016.34,15089.2,61.8525
2020-02-11 16:15:00,15081.59,15094.0,15062.39,15088.54,13.4602
2020-02-11 16:30:00,15085.01,15133.83,15068.6,15090.11,236.627
2020-02-11 16:45:00,15103.56,15127.49,15075.56,15112.26,397.2325
2020-02-11 17:00:00,15079.91,15105.45,15048.0,15051.05,6.5279
2020-02-11 17:15:00,15100.63,15123.97,15036.77,15078.56,8.1284
2020-02-11 17:30:00,14965.28,15009.64,14897.29,14956.98,83.3777
2020-02-11 17:45:00,14949.25,14971.73,14896.33,14929.46,76.3356
2020-02-11 18:00:00,14920.24,14936.16,14904.88,14908.34,88.8322
2020-02-11 18:15:00,14940.12,14972.47,14910.06,14937.41,38.1425
2020-02-11 18:30:00,14916.68,14945.67,14867.96,14939.17,5.1654
2020-02-11 18:45:00,14873.03,14879.28,14841.37,14876.93,86.8337
2020-02-11 19:00:00,14828.74,14857.14,14778.13,14833.71,16.4221
2020-02-11 19:15:00,14826.47,14856.53,14788.4,14843.29,41.7425
2020-02-11 19:30:00,14818.46,14857.08,14805.46,14840.51,87.3349
2020-02-11 19:45:00,14822.77,14837.36,14769.86,14815.47,23.3808
2020-02-11 20:00:00,14799.64,14833.08,14784.26,14794.84,78.1897
2020-02-11 20:15:00,14809.17,14842.58,14770.09,14826.48,125.4278
2020-02-11 20:30:00,14793.15,14852.11,14777.71,14804.19,6.8044
2020-02-11 20:45:00,14818.21,14871.21,14793.45,14801.02,96.6196
2020-02-11 21:00:00,14885.04,14902.36,14883.13,14898.11,71.2196
2020-02-11 21:15:00,14837.76,14861.37,14832.43,14835.23,10.2524
2020-02-11 21:30:00,14750.75,14764.7,14740.77,14753.55,122.5351
2020-02-11 21:45:00,14796.46,14868.98,14782.5,14788.97,37.2354
2020-02-11 22:00:00,14746.97,14801.94,14702.6,14759.6,20.1256
2020-02-11 22:15:00,14747.58,14787.0,14739.93,14746.25,33.192
2020-02-11 22:30:00,14714.91,14718.08,14693.93,14712.43,79.0099
2020-02-11 22:45:00,14705.08,14714.48,14637.19,14701.7,86.7635
2020-02-11 23:00:00,14774.1,14811.56,14769.21,14772.94,18.591
2020-02-11 23:15:00,14814.33,14849.73,14777.03,14809.22,275.8871
2020-02-11 23:30:00,14880.82,14931.33,14811.24,14848.27,39.8902
2020-02-11 23:45:00,14823.8,14828.57,14752.07,14785.93,31.2372
2020-02-12 00:00:00,14726.19,14766.88,14717.25,14735.61,20.6683
2020-02-12 00:15:00,14576.96,14622.03,14564.9,14610.84,12.8433
2020-02-12 00:30:00,14584.77,14594.91,14556.48,14576.09,402.1945
2020-02-12 00:45:00,14621.38,14650.0,14593.95,14618.65,112.3081
2020-02-12 01:00:00,14657.59,14705.2,14622.51,14642.05,154.6607
2020-02-12 01:15:00,14637.23,14691.25,14613.13,14633.06,51.3307
2020-02-12 01:30:00,14633.67,14667.54,14631.59,14632.81,53.5478
2020-02-12 01:45:00,14619.79,14634.81,14602.86,14603.3,433.4511
2020-02-12 02:00:00,14631.54,14658.58,14583.74,14613.0,22.4007
2020-02-12 02:15:00,14627.0,14675.75,14610.58,14647.31,39.591
2020-02-12 02:30:00,14565.13,14585.57,14556.9,14577.03,21.7114
2020-02-12 02:45:00,14589.33,14632.55,14574.8,14590.87,33.2155
2020-02-12 03:00:00,14633.85,14647.1,14585.52,14632.41,108.9378
2020-02-12 03:15:00,14611.62,14628.42,14601.89,14614.92,36.9495
2020-02-12 03:30:00,14652.73,14691.46,14624.48,14646.37,208.3635
2020-02-12 03:45:00,14785.49,14865.07,14768.39,14770.78,4.9874
2020-02-12 04:00:00,14792.33,14805.29,14746.41,14766.89,43.8073
2020-02-12 04:15:00,14793.62,14815.05,14774.56,14785.06,197.1176
2020-02-12 04:30:00,14740.48,14803.47,14722.92,14753.06,97.1218
2020-02-12 04:45:00,14759.64,14770.14,14746.72,14761.82,147.3861
2020-02-12 05:00:00,14781.83,14806.41,14685.29,14782.94,39.1039
2020-02-12 05:15:00,14799.93,14811.68,14780.46,14792.32,46.0933
2020-02-12 05:30:00,14753.53,14756.34,14747.39,14747.81,219.1302
2020-02-12 05:45:00,14787.94,14815.92,14729.51,14757.68,138.4609
2020-02-12 06:00:00,14816.31,14856.05,14805.53,14823.15,48.4931
2020-02-12 06:15:00,14849.55,14861.98,14831.31,14843.84,24.2528
2020-02-12 06:30:00,14922.48,14930.54,14887.25,14887.42,11.2374
2020-02-12 06:45:00,14868.88,14916.68,14852.47,14877.58,197.9256
2020-02-12 07:00:00,14913.96,14941.3,14882.81,14911.8,119.6164
2020-02-12 07:15:00,14910.93,14925.27,14894.65,14925.03,93.4817
2020-02-12 07:30:00,14884.43,14899.17,14874.34,14883.2,149.8737
2020-02-12 07:45:00,14886.55,14906.28,14884.7,14898.17,246.498
2020-02-12 08:00:00,14870.14,14934.26,14779.41,14854.59,143.376
2020-02-12 08:15:00,14829.31,14842.86,14822.46,14827.13,54.5865
2020-02-12 08:30:00,14822.42,14845.6,14801.76,14836.29,19.4156
2020-02-12 08:45:00,14862.75,14878.33,14815.42,14850.27,125.1149
2020-02-12 09:00:00,14800.69,14813.42,14771.23,14798.03,28.332
2020-02-12 09:15:00,14859.7,14913.96,14797.12,14845.56,152.6078
2020-02-12 09:30:00,14854.71,14940.09,14829.51,14871.77,41.3594
2020-02-12 09:45:00,14846.55,14890.03,14832.62,14841.08,17.0518
2020-02-12 10:00:00,14784.79,14836.02,14762.74,14773.36,29.3897
2020-02-12 10:15:00,14761.42,14785.93,14757.76,14767.68,31.0116
2020-02-12 10:30:00,14730.09,14753.99,14678.01,14748.66,47.6104
2020-02-12 10:45:00,14753.79,14763.42,14729.98,14754.4,29.745
2020-02-12 11:00:00,14757.17,14834.06,14703.98,14739.07,25.5612
2020-02-12 11:15:00,14667.54,14685.27,14595.23,14651.04,49.7167
2020-02-12 11:30:00,14628.43,14635.22,14577.0,14634.7,202.5713
2020-02-12 11:45:00,14603.26,14637.67,14556.01,14622.02,7.3061
2020-02-12 12:00:00,14644.23,14669.74,14554.32,14650.54,35.1318
2020-02-12 12:15:00,14613.74,14622.07,14550.22,14620.59,82.6241
2020-02-12 12:30:00,14701.51,14728.87,14691.04,14694.95,207.5293
2020-02-12 12:45:00,14609.88,14631.27,14571.42,14611.41,33.4259
2020-02-12 13:00:00,14658.57,14688.56,14650.07,14669.62,42.885
2020-02-12 13:15:00,14676.67,14706.16,14659.85,14660.48,159.9244
2020-02-12 13:30:00,14701.08,14729.97,14682.15,14699.02,46.604
2020-02-12 13:45:00,14709.67,14711.3,14679.51,14703.27,190.7533
2020-02-12 14:00:00,14728.82,14771.39,14691.19,14754.27,60.7467
2020-02-12 14:15:00,14702.13,14756.44,14699.09,14737.86,84.1871
2020-02-12 14:30:00,14668.91,14732.99,14621.0,14690.03,82.2985
2020-02-12 14:45:00,14746.27,14804.46,14722.81,14753.36,12.7045
2020-02-12 15:00:00,14757.58,14765.13,14738.19,14749.08,43.8416
2020-02-12 15:15:00,14725.05,14780.15,14716.52,14759.62,27.6525
2020-02-12 15:30:00,14838.63,14860.1,14803.38,14815.03,114.8921
2020-02-12 15:45:00,14772.42,14845.98,14763.91,14769.9,271.2764
2020-02-12 16:00:00,14817.16,14836.62,14786.42,14797.03,23.879
2020-02-12 16:15:00,14758.5,14796.41,14722.18,14771.58,9.5697
2020-02-12 16:30:00,14773.9,14775.74,14730.33,14766.46,70.6416
2020-02-12 16:45:00,14771.66,14792.02,14766.53,14770.4,49.5669
2020-02-12 17:00:00,14716.69,14719.41,14692.32,14704.67,3.6371
2020-02-12 17:15:00,14667.61,14707.12,14664.76,14671.04,254.6207
2020-02-12 17:30:00,14738.21,14741.57,14719.16,14731.24,281.5925
2020-02-12 17:45:00,14787.42,14829.54,14744.21,14771.14,189.9876
2020-02-12 18:00:00,14759.49,14798.05,14757.09,14769.11,32.9226
2020-02-12 18:15:00,14784.2,14787.97,14778.45,14780.62,13.0596
2020-02-12 18:30:00,14740.43,14785.84,14667.06,14768.31,89.7701
2020-02-12 18:45:00,14839.57,14851.1,14804.83,14829.15,33.0608
2020-02-12 19:00:00,14849.95,14858.22,14815.92,14820.98,22.5293
2020-02-12 19:15:00,14813.57,14838.84,14791.2,14832.03,102.5282
2020-02-12 19:30:00,14882.4,14904.74,14833.44,14883.76,138.7809
2020-02-12 19:45:00,14862.87,14876.57,14825.34,14849.8,74.9258
2020-02-12 20:00:00,14920.45,14920.76,14918.37,14919.98,38.5654
2020-02-12 20:15:00,14854.68,14914.73,14843.72,14852.22,71.8508
2020-02-12 20:30:00,14919.74,14994.29,14844.38,14925.58,91.5631
2020-02-12 20:45:00,14903.25,14911.4,14888.85,14909.64,5.3283
2020-02-12 21:00:00,14898.24,14982.05,14891.99,14899.53,58.6652
2020-02-12 21:15:00,14816.41,14822.13,14810.37,14815.79,91.2126
2020-02-12 21:30:00,14778.84,14807.48,14752.34,14796.32,13.867
2020-02-12 21:45:00,14749.93,14766.89,14692.38,14750.9,59.5723
2020-02-12 22:00:00,14747.85,14767.67,14679.95,14724.75,42.5763
2020-02-12 22:15:00,14713.25,14765.63,14690.32,14719.42,202.4082
2020-02-12 22:30:00,14744.19,14787.49,14738.57,14762.45,67.2141
2020-02-12 22:45:00,14770.15,14817.06,14767.01,14772.38,55.5606
2020-02-12 23:00:00,14776.19,14795.17,14733.84,14786.76,27.9557
2020-02-12 23:15:00,14719.17,14783.92,14696.61,14738.9,315.7567
2020-02-12 23:30:00,14702.74,14723.25,14693.13,14700.69,324.8329
2020-02-12 23:45:00,14770.26,14782.32,14755.13,14780.75,45.6898
2020-02-13 00:00:00,14739.68,14790.31,14698.87,14748.89,264.5642
2020-02-13 00:15:00,14825.19,14841.22,14779.08,14822.91,96.3909
2020-02-13 00:30:00,14790.13,14846.11,14768.98,14812.84,151.8899
2020-02-13 00:45:00,14787.89,14840.65,14780.68,14813.69,9.4142
2020-02-13 01:00:00,14871.97,14957.86,14858.53,14862.0,2.154
2020-02-13 01:15:00,14890.64,14956.11,14887.09,14919.45,72.1706
2020-02-13 01:30:00,14900.67,14928.32,14881.22,14915.23,7.8944
2020-02-13 01:45:00,14871.79,14913.64,14846.31,14898.61,222.2852
2020-02-13 02:00:00,14889.61,14929.42,14884.53,14896.85,171.5646
2020-02-13 02:15:00,14919.08,14949.32,14909.31,14912.7,125.4681
2020-02-13 02:30:00,14955.0,14989.41,14928.51,14953.32,3.19
2020-02-13 02:45:00,14990.03,14997.32,14885.42,14954.26,61.3107
2020-02-13 03:00:00,14999.06,15002.58,14918.03,14982.77,8.1309
2020-02-13 03:15:00,15043.14,15063.82,15005.81,15057.16,264.0052
2020-02-13 03:30:00,15057.09,15120.62,15033.0,15075.14,94.8345
2020-02-13 03:45:00,15130.83,15152.73,15065.59,15089.99,17.0234
2020-02-13 04:00:00,15037.94,15052.22,15019.1,15021.98,82.2366
2020-02-13 04:15:00,14912.96,14954.82,14864.42,14904.18,12.6168
2020-02-13 04:30:00,14923.4,14940.96,14908.91,14922.29,15.7446
2020-02-13 04:45:00,14922.87,14950.45,14907.08,14918.79,8.4421
2020-02-13 05:00:00,14874.42,14931.72,14872.24,14896.49,205.3613
2020-02-13 05:15:00,14910.46,14949.7,14901.2,14908.12,78.8955
2020-02-13 05:30:00,14907.23,14933.24,14902.53,14906.17,39.7354
2020-02-13 05:45:00,14943.82,14968.88,14915.46,14957.34,0.0678
2020-02-13 06:00:00,14953.9,14999.01,14934.04,14961.96,63.8706
2020-02-13 06:15:00,14951.8,15005.3,14881.99,14929.18,71.9026
2020-02-13 06:30:00,14972.4,15005.08,14886.11,14974.27,41.0326
2020-02-13 06:45:00,14996.26,15005.37,14949.7,14965.27,66.2278
2020-02-13 07:00:00,14963.56,15005.1,14938.62,14989.65,10.6164
2020-02-13 07:15:00,14961.12,14971.28,14953.58,14968.93,255.1837
2020-02-13 07:30:00,14917.38,14954.8,14903.81,14940.5,29.8865
2020-02-13 07:45:00,14926.95,15011.13,14910.71,14945.02,296.6137
2020-02-13 08:00:00,14933.96,14957.87,14903.04,14946.34,67.9005
2020-02-13 08:15:00,14973.32,15005.3,14922.59,14968.61,194.2989
2020-02-13 08:30:00,14961.28,15008.81,14930.83,14957.29,86.0868
2020-02-13 08:45:00,14865.53,14892.57,14781.46,14875.64,186.0568
2020-02-13 09:00:00,14823.97,14880.44,14819.87,14857.07,1.019
2020-02-13 09:15:00,14915.2,14935.35,14889.06,14893.19,20.6378
2020-02-13 09:30:00,14876.4,14882.39,14864.11,14880.65,43.6809
2020-02-13 09:45:00,14853.79,14899.33,14841.64,14870.39,35.1167
2020-02-13 10:00:00,14919.24,14920.68,14896.76,14915.14,293.239
2020-02-13 10:15:00,14887.07,14921.9,14865.06,14884.03,50.1983
2020-02-13 10:30:00,14811.1,14816.59,14794.36,14815.88,357.9587
2020-02-13 10:45:00,14811.69,14834.58,14796.01,14809.49,105.2726
2020-02-13 11:00:00,14771.63,14839.52,14691.83,14788.72,180.5155
2020-02-13 11:15:00,14757.79,14789.9,14693.63,14746.59,50.0637
2020-02-13 11:30:00,14724.87,14746.95,14724.48,14739.56,21.0815
2020-02-13 11:45:00,14753.1,14777.53,14743.19,14762.04,5.1775
2020-02-13 12:00:00,14771.94,14780.03,14749.97,14762.36,106.8292
2020-02-13 12:15:00,14794.49,14839.51,14756.22,14776.7,356.8417
2020-02-13 12:30:00,14881.38,14909.02,14849.01,14857.82,12.5855
2020-02-13 12:45:00,14858.95,14909.24,14840.09,14843.28,147.7332
2020-02-13 13:00:00,14851.6,14899.16,14837.45,14856.42,45.352
2020-02-13 13:15:00,14811.61,14854.06,14763.75,14834.47,503.027
2020-02-13 13:30:00,14818.33,14867.85,14772.57,14797.54,204.05
2020-02-13 13:45:00,14792.57,14802.85,14744.76,14772.32,26.2361
2020-02-13 14:00:00,14741.93,14753.76,14713.54,14751.84,145.1394
2020-02-13 14:15:00,14782.09,14821.91,14748.88,14768.48,132.5123
2020-02-13 14:30:00,14868.36,14884.71,14827.13,14873.3,144.1442
2020-02-13 14:45:00,14864.38,14878.57,14818.61,14842.09,8.6455
2020-02-13 15:00:00,14816.65,14838.31,14803.48,14824.29,165.7664
2020-02-13 15:15:00,14851.55,14870.48,14792.95,14822.22,30.3043
2020-02-13 15:30:00,14852.23,14891.17,14803.97,14840.56,89.263
2020-02-13 15:45:00,14879.74,14897.62,14833.88,14853.04,12.2623
2020-02-13 16:00:00,14904.08,14919.36,14855.75,14911.0,81.6728
2020-02-13 16:15:00,14809.2,14819.41,14766.05,14803.2,236.8916
2020-02-13 16:30:00,14683.69,14699.02,14666.55,14697.94,19.5012
2020-02-13 16:45:00,14689.2,14699.92,14665.05,14676.81,193.1312
2020-02-13 17:00:00,14739.1,14765.97,14698.89,14725.86,57.1718
2020-02-13 17:15:00,14692.56,14704.29,14622.69,14657.43,38.9096
2020-02-13 17:30:00,14532.91,14547.38,14514.54,14525.91,5.8793
2020-02-13 17:45:00,14562.06,14572.37,14543.22,14551.53,75.1858
2020-02-13 18:00:00,14556.03,14618.62,14538.49,14562.89,22.3066
2020-02-13 18:15:00,14523.85,14533.62,14492.79,14515.99,281.5085
2020-02-13 18:30:00,14468.3,14495.42,14440.04,14473.8,27.1995
2020-02-13 18:45:00,14434.08,14451.97,14415.13,14432.41,88.3789
2020-02-13 19:00:00,14440.44,14446.12,14430.68,14437.92,81.7661
2020-02-13 19:15:00,14406.44,14437.9,14398.25,14411.51,41.0712
2020-02-13 19:30:00,14434.5,14471.25,14423.01,14433.59,191.0978
2020-02-13 19:45:00,14305.34,14313.26,14287.48,14310.71,20.2415
2020-02-13 20:00:00,14269.22,14280.16,14258.64,14274.64,169.8591
2020-02-13 20:15:00,14242.45,14271.97,14215.68,14227.13,23.2536
2020-02-13 20:30:00,14219.39,14276.85,14198.4,14216.9,3.9884
2020-02-13 20:45:00,14199.59,14229.64,14176.18,14194.66,287.9755
2020-02-13 21:00:00,14208.61,14279.07,14178.02,14229.35,101.4175
2020-02-13 21:15:00,14156.68,14225.5,14103.27,14150.69,99.5547
2020-02-13 21:30:00,14160.83,14183.9,14117.62,14153.33,30.7946
2020-02-13 21:45:00,14172.09,14197.6,14156.8,14177.74,14.9859
2020-02-13 22:00:00,14287.15,14294.42,14244.68,14257.42,122.4382
2020-02-13 22:15:00,14204.93,14277.78,14196.9,14237.53,73.1346
2020-02-13 22:30:00,14263.27,14271.64,14217.75,14252.1,38.2592
2020-02-13 22:45:00,14185.79,14226.49,14124.29,14175.68,38.0949
2020-02-13 23:00:00,14082.29,14096.16,14071.11,14074.67,220.0542
2020-02-13 23:15:00,14113.53,14123.69,14107.46,14111.04,220.4261
2020-02-13 23:30:00,14119.28,14141.5,14093.98,14111.51,32.1069
2020-02-13 23:45:00,14174.4,14186.86,14139.02,14162.11,158.062
2020-02-14 00:00:00,14094.23,14121.32,14083.17,14104.47,25.7064
2020-02-14 00:15:00,14131.4,14164.85,14123.93,14127.17,165.0043
2020-02-14 00:30:00,14204.48,14231.75,14179.59,14207.08,13.4999
2020-02-14 00:45:00,14210.12,14270.6,14169.65,14225.68,141.9458
2020-02-14 01:00:00,14248.4,14258.13,14218.92,14238.19,81.1219
2020-02-14 01:15:00,14231.24,14247.3,14209.31,14239.27,12.5132
2020-02-14 01:30:00,14151.65,14179.79,14133.98,14172.88,95.6471
2020-02-14 01:45:00,14223.55,14233.48,14217.32,14231.22,21.3699
2020-02-14 02:00:00,14194.51,14214.24,14164.14,14205.86,21.582
2020-02-14 02:15:00,14242.7,14257.7,14220.28,14228.07,59.3027
2020-02-14 02:30:00,14164.23,14169.71,14135.09,14162.06,333.2115
2020-02-14 02:45:00,14132.17,14165.55,14099.7,14112.66,222.7764
2020-02-14 03:00:00,14164.67,14187.67,14137.68,14174.12,175.1474
2020-02-14 03:15:00,14172.44,14215.71,14129.64,14160.06,190.4737
2020-02-14 03:30:00,14262.89,14266.22,14188.19,14222.51,68.7739
2020-02-14 03:45:00,14224.94,14230.44,14204.74,14219.88,46.9559
2020-02-14 04:00:00,14154.2,14180.13,14121.66,14142.02,215.4054
2020-02-14 04:15:00,14190.4,14241.07,14152.65,14180.57,8.433
2020-02-14 04:30:00,14136.05,14163.13,14110.17,14156.18,554.5467
2020-02-14 04:45:00,14194.87,14203.01,14166.14,14186.56,80.5142
2020-02-14 05:00:00,14192.69,14210.82,14155.64,14188.35,77.7532
2020-02-14 05:15:00,14119.7,14135.08,14116.6,14123.37,34.5236
2020-02-14 05:30:00,14118.55,14140.21,14058.36,14131.04,18.6764
2020-02-14 05:45:00,14234.72,14244.18,14223.72,14224.85,114.0352
2020-02-14 06:00:00,14232.75,14246.69,14216.36,14246.6,44.8965
2020-02-14 06:15:00,14275.25,14298.28,14218.42,14244.85,36.0174
2020-02-14 06:30:00,14293.15,14307.96,14243.78,14291.52,17.7146
2020-02-14 06:45:00,14283.77,14339.37,14278.39,14301.27,76.5996
2020-02-14 07:00:00,14303.62,14354.66,14268.94,14310.97,88.7471
2020-02-14 07:15:00,14260.85,14305.86,14198.62,14264.82,58.531
2020-02-14 07:30:00,14309.98,14336.63,14272.18,14275.54,1.2107
2020-02-14 07:45:00,14307.93,14339.38,14284.05,14320.6,67.6631
2020-02-14 08:00:00,14283.74,14297.86,14277.63,14285.4,31.7404
2020-02-14 08:15:00,14339.44,14385.41,14336.76,14347.16,14.9245
2020-02-14 08:30:00,14351.09,14359.2,14269.38,14343.93,86.1733
2020-02-14 08:45:00,14298.98,14309.12,14294.55,14306.45,111.241
2020-02-14 09:00:00,14333.63,14382.45,14329.47,14349.98,73.1408
2020-02-14 09:15:00,14335.55,14380.5,14317.74,14338.35,95.2681
2020-02-14 09:30:00,14367.43,14421.47,14337.03,14371.74,93.2818
2020-02-14 09:45:00,14351.37,14378.76,14327.56,14359.88,13.2663
2020-02-14 10:00:00,14350.28,14392.63,14335.66,14358.02,24.3103
2020-02-14 10:15:00,14397.03,14405.94,14371.39,14380.0,0.9531
2020-02-14 10:30:00,14388.66,14404.71,14373.47,14393.26,401.2013
2020-02-14 10:45:00,14291.59,14324.69,14257.59,14307.82,23.7275
2020-02-14 11:00:00,14253.81,14269.98,14230.32,14260.4,168.5803
2020-02-14 11:15:00,14301.66,14308.29,14262.13,14300.88,151.9756
2020-02-14 11:30:00,14276.82,14299.65,14258.11,14295.92,122.0819
2020-02-14 11:45:00,14297.39,14300.54,14267.46,14274.18,59.7379
2020-02-14 12:00:00,14229.05,14246.56,14212.34,14216.71,87.6748
2020-02-14 12:15:00,14191.64,14219.46,14084.5,14171.37,20.6207
2020-02-14 12:30:00,14091.65,14103.57,14069.48,14086.13,11.2163
2020-02-14 12:45:00,14053.07,14085.0,14047.16,14082.55,43.3497
2020-02-14 13:00:00,14079.56,14119.41,14014.43,14057.97,174.632
2020-02-14 13:15:00,14005.81,14025.59,14004.8,14017.91,83.0173
2020-02-14 13:30:00,14004.78,14032.86,13986.5,14015.75,144.3339
2020-02-14 13:45:00,14033.95,14047.33,14008.36,14031.75,221.0231
2020-02-14 14:00:00,14140.03,14163.77,14106.3,14120.57,82.2201
2020-02-14 14:15:00,14072.03,14075.52,14028.21,14057.23,45.7729
2020-02-14 14:30:00,14119.61,14176.27,14099.45,14106.82,193.5708
2020-02-14 14:45:00,14144.3,14168.02,14118.85,14148.71,26.0885
2020-02-14 15:00:00,14111.72,14117.44,14085.25,14116.35,2.5077
2020-02-14 15:15:00,14130.55,14143.75,14108.68,14125.66,5.2002
2020-02-14 15:30:00,14105.14,14150.66,14079.87,14106.97,87.2842
2020-02-14 15:45:00,14128.09,14140.33,14110.4,14115.54,222.8752
2020-02-14 16:00:00,14191.92,14209.93,14163.1,14180.15,83.0748
2020-02-14 16:15:00,14215.02,14252.16,14152.06,14206.62,52.6268
2020-02-14 16:30:00,14193.07,14242.85,14188.2,14229.01,86.0545
2020-02-14 16:45:00,14213.17,14256.8,14200.02,14211.35,111.2011
2020-02-14 17:00:00,14147.25,14152.67,14103.57,14148.79,142.0883
2020-02-14 17:15:00,14143.03,14173.51,14121.78,14140.65,42.6642
2020-02-14 17:30:00,14181.84,14205.68,14169.06,14192.54,48.9217
2020-02-14 17:45:00,14109.51,14140.97,14060.55,14128.23,2.3924
2020-02-14 18:00:00,14090.74,14096.02,14050.32,14084.22,104.8759
2020-02-14 18:15:00,14085.24,14113.76,14070.33,14090.26,149.9382
2020-02-14 18:30:00,14057.41,14115.58,14017.12,14049.34,71.5199
2020-02-14 18:45:00,14007.23,14019.47,13977.21,14016.64,47.2487
2020-02-14 19:00:00,14019.35,14020.08,13974.33,13999.53,40.5193
2020-02-14 19:15:00,13956.83,13967.72,13908.28,13942.87,103.5745
2020-02-14 19:30:00,13906.95,13937.18,13896.44,13902.82,40.1597
2020-02-14 19:45:00,13929.89,13969.68,13910.25,13932.86,91.3992
2020-02-14 20:00:00,13890.74,13919.22,13848.99,13878.91,261.6844
2020-02-14 20:15:00,13818.49,13853.08,13804.74,13813.07,40.1398
2020-02-14 20:30:00,13790.94,13795.54,13747.46,13787.66,7.0754
2020-02-14 20:45:00,13833.03,13868.42,13789.3,13818.62,207.1561
2020-02-14 21:00:00,13830.85,13874.06,13795.37,13811.15,31.9588
2020-02-14 21:15:00,13775.32,13798.95,13770.8,13792.59,447.1216
2020-02-14 21:30:00,13780.62,13883.99,13756.8,13795.11,183.3344
2020-02-14 21:45:00,13712.85,13729.05,13691.7,13723.56,55.6688
2020-02-14 22:00:00,13723.96,13759.83,13710.95,13744.61,98.9388
2020-02-14 22:15:00,13760.25,13772.71,13731.91,13761.11,32.5092
2020-02-14 22:30:00,13753.15,13790.44,13733.65,13744.9,8.7926
2020-02-14 22:45:00,13786.77,13789.91,13746.86,13787.07,74.6134
2020-02-14 23:00:00,13733.78,13754.36,13686.79,13741.12,55.2813
2020-02-14 23:15:00,13803.84,13830.77,13786.66,13788.3,350.3831
2020-02-14 23:30:00,13797.32,13826.68,13792.57,13795.38,90.9944
2020-02-14 23:45:00,13786.87,13791.18,13776.11,13782.14,137.4949
2020-02-15 00:00:00,13797.92,13822.84,13768.3,13782.01,14.5308
2020-02-15 00:15:00,13776.57,13790.98,13770.67,13778.27,128.6144
2020-02-15 00:30:00,13857.89,13905.78,13806.58,13829.39,5.7981
2020-02-15 00:45:00,13779.24,13802.39,13746.62,13785.42,94.9483
2020-02-15 01:00:00,13782.05,13803.34,13691.51,13754.57,182.3543
2020-02-15 01:15:00,13784.57,13836.48,13773.79,13798.02,65.9838
2020-02-15 01:30:00,13781.19,13807.37,13766.16,13774.06,24.2176
2020-02-15 01:45:00,13803.09,13813.52,13797.39,13811.96,58.6451
2020-02-15 02:00:00,13898.61,13914.39,13880.82,13883.07,183.9612
2020-02-15 02:15:00,13860.4,13881.66,13845.57,13867.03,125.3137
2020-02-15 02:30:00,13900.11,13915.45,13890.35,13896.07,92.9993
2020-02-15 02:45:00,13839.66,13849.33,13823.6,13848.67,118.3633
2020-02-15 03:00:00,13893.72,13917.24,13814.04,13880.71,179.695
2020-02-15 03:15:00,13880.6,13910.86,13871.48,13889.71,16.4713
2020-02-15 03:30:00,13933.54,13968.35,13899.92,13910.12,184.468
2020-02-15 03:45:00,13870.05,13911.54,13805.66,13883.87,164.2927
2020-02-15 04:00:00,13796.79,13847.65,13773.06,13815.38,64.9107
2020-02-15 04:15:00,13850.1,13859.64,13795.42,13836.93,51.5637
2020-02-15 04:30:00,13743.83,13752.81,13728.49,13751.97,269.6495
2020-02-15 04:45:00,13739.46,13775.61,13737.2,13739.56,171.157
2020-02-15 05:00:00,13774.6,13793.36,13764.57,13779.04,447.9954
2020-02-15 05:15:00,13769.57,13810.19,13738.64,13787.67,102.6534
2020-02-15 05:30:00,13867.88,13886.74,13819.34,13868.94,3.2034
2020-02-15 05:45:00,13929.89,14000.23,13903.89,13912.29,16.71
2020-02-15 06:00:00,13899.62,13908.03,13868.39,13885.69,171.6543
2020-02-15 06:15:00,13890.74,13915.23,13861.85,13887.53,101.8856
2020-02-15 06:30:00,13901.69,13957.9,13862.55,13886.25,22.0706
2020-02-15 06:45:00,13806.39,13845.58,13795.61,13821.03,1.2011
2020-02-15 07:00:00,13778.24,13802.71,13759.47,13782.73,30.5014
2020-02-15 07:15:00,13765.68,13788.61,13757.26,13760.23,14.7994
2020-02-15 07:30:00,13675.08,13709.45,13650.33,13676.86,208.9338
2020-02-15 07:45:00,13676.12,13701.83,13663.69,13679.5,214.375
2020-02-15 08:00:00,13653.55,13673.98,13644.9,13669.96,184.7277
2020-02-15 08:15:00,13573.73,13648.73,13545.12,13602.04,9.9386
2020-02-15 08:30:00,13630.35,13630.89,13608.69,13619.21,14.5076
2020-02-15 08:45:00,13652.46,13699.7,13609.5,13649.14,14.5628
2020-02-15 09:00:00,13671.44,13677.47,13642.97,13659.12,29.8967
2020-02-15 09:15:00,13640.56,13656.8,13631.46,13646.52,7.5678
2020-02-15 09:30:00,13661.67,13677.67,13654.41,13671.42,399.3522
2020-02-15 09:45:00,13700.09,13704.45,13689.43,13700.0,193.2097
2020-02-15 10:00:00,13725.03,13746.98,13706.41,13713.32,7.1698
2020-02-15 10:15:00,13676.91,13681.21,13654.24,13680.08,15.5104
2020-02-15 10:30:00,13703.1,13742.64,13678.28,13692.12,30.4241
2020-02-15 10:45:00,13728.08,13778.45,13690.8,13741.91,149.1718
2020-02-15 11:00:00,13715.78,13738.69,13713.49,13718.0,125.2106
2020-02-15 11:15:00,13804.05,13840.25,13786.56,13805.02,99.5607
2020-02-15 11:30:00,13800.85,13821.86,13735.5,13783.94,243.2629
2020-02-15 11:45:00,13788.84,13806.3,13771.45,13785.97,3.6962
2020-02-15 12:00:00,13782.87,13794.78,13758.84,13758.85,17.5889
2020-02-15 12:15:00,13750.2,13794.37,13719.78,13768.75,21.0495
2020-02-15 12:30:00,13699.26,13710.37,13660.12,13697.48,6.1501
2020-02-15 12:45:00,13678.18,13700.96,13662.16,13675.72,96.3088
2020-02-15 13:00:00,13640.05,13672.98,13582.56,13631.6,23.5342
2020-02-15 13:15:00,13626.73,13666.21,13615.58,13637.82,65.9009
2020-02-15 13:30:00,13702.23,13710.62,13674.39,13679.19,115.6561
2020-02-15 13:45:00,13706.56,13728.2,13701.18,13706.38,90.4893
2020-02-15 14:00:00,13594.75,13631.97,13591.95,13609.54,34.2679
2020-02-15 14:15:00,13693.38,13714.26,13687.81,13693.6,53.4737
2020-02-15 14:30:00,13702.12,13713.11,13683.35,13706.42,41.5248
2020-02-15 14:45:00,13713.23,13722.23,13648.54,13675.17,191.3676
2020-02-15 15:00:00,13696.67,13709.87,13679.31,13682.3,54.461
2020-02-15 15:15:00,13690.9,13697.46,13649.33,13690.22,6.3652
2020-02-15 15:30:00,13661.99,13682.1,13640.75,13663.51,96.5898
2020-02-15 15:45:00,13685.31,13685.82,13638.58,13672.31,22.025
2020-02-15 16:00:00,13661.71,13687.99,13641.11,13648.08,41.3443
2020-02-15 16:15:00,13592.51,13638.3,13572.69,13632.2,39.7049
2020-02-15 16:30:00,13613.57,13633.95,13563.54,13604.82,7.5181
2020-02-15 16:45:00,13547.4,13578.2,13498.49,13547.02,301.4846
2020-02-15 17:00:00,13535.86,13566.83,13530.15,13553.63,79.2006
2020-02-15 17:15:00,13590.06,13604.14,13555.72,13578.11,16.9899
2020-02-15 17:30:00,13630.31,13686.94,13592.98,13599.76,81.1381
2020-02-15 17:45:00,13641.48,13692.11,13630.63,13633.89,60.0706
2020-02-15 18:00:00,13662.86,13691.42,13646.14,13647.84,42.292
2020-02-15 18:15:00,13651.29,13693.29,13624.68,13626.71,63.9552
2020-02-15 18:30:00,13650.37,13719.21,13618.29,13661.72,110.751
2020-02-15 18:45:00,13581.49,13607.57,13543.34,13606.76,22.2547
2020-02-15 19:00:00,13579.59,13610.01,13557.97,13570.68,77.1932
2020-02-15 19:15:00,13528.75,13558.12,13487.1,13532.1,167.6593
2020-02-15 19:30:00,13557.97,13587.32,13519.14,13576.62,25.1661
2020-02-15 19:45:00,13614.64,13619.06,13599.14,13615.7,72.4702
2020-02-15 20:00:00,13646.21,13661.77,13615.64,13636.29,337.3586
2020-02-15 20:15:00,13678.78,13724.6,13657.53,13680.82,161.1971
2020-02-15 20:30:00,13634.68,13665.98,13598.55,13645.42,89.8985
2020-02-15 20:45:00,13657.32,13676.85,13643.24,13660.37,138.2755
2020-02-15 21:00:00,13655.66,13688.7,13645.89,13655.92,74.577
2020-02-15 21:15:00,13664.88,13719.2,13659.27,13691.3,431.0152
2020-02-15 21:30:00,13685.3,13722.42,13668.49,13687.25,18.5342
2020-02-15 21:45:00,13653.75,13679.36,13645.14,13672.13,127.1465
2020-02-15 22:00:00,13704.02,13713.2,13691.48,13695.0,0.5972
2020-02-15 22:15:00,13710.25,13735.98,13685.07,13731.68,13.4326
2020-02-15 22:30:00,13718.71,13770.24,13675.17,13704.84,127.9459
2020-02-15 22:45:00,13697.4,13729.25,13673.03,13703.01,142.4401
2020-02-15 23:00:00,13652.77,13710.03,13643.81,13660.18,4.0195
2020-02-15 23:15:00,13562.49,13588.7,13518.75,13558.49,40.6253
2020-02-15 23:30:00,13555.58,13579.61,13495.47,13567.33,12.5779
2020-02-15 23:45:00,13596.58,13649.7,13555.48,13592.79,220.8585
2020-02-16 00:00:00,13594.19,13634.1,13566.65,13604.15,60.4921
2020-02-16 00:15:00,13517.74,13531.89,13512.49,13525.27,58.4355
2020-02-16 00:30:00,13517.19,13526.56,13486.78,13511.71,173.6522
2020-02-16 00:45:00,13407.18,13429.55,13368.61,13422.46,118.8654
2020-02-16 01:00:00,13461.25,13502.95,13422.49,13478.29,255.4805
2020-02-16 01:15:00,13438.38,13439.62,13418.05,13435.05,279.1317
2020-02-16 01:30:00,13485.96,13495.09,13460.03,13486.32,37.5704
2020-02-16 01:45:00,13527.54,13571.94,13524.68,13525.26,104.52
2020-02-16 02:00:00,13493.82,13499.24,13489.18,13489.4,78.0426
2020-02-16 02:15:00,13445.0,13478.39,13436.29,13444.23,90.588
2020-02-16 02:30:00,13467.22,13491.4,13443.9,13459.03,98.1656
2020-02-16 02:45:00,13426.92,13437.44,13387.17,13425.61,6.1896
2020-02-16 03:00:00,13403.45,13498.14,13323.46,13430.41,225.4422
2020-02-16 03:15:00,13388.19,13437.57,13384.22,13411.63,15.1146
2020-02-16 03:30:00,13366.36,13369.84,13299.92,13340.64,55.2398
2020-02-16 03:45:00,13252.04,13267.4,13225.55,13252.04,34.5423
2020-02-16 04:00:00,13274.31,13329.79,13254.63,13261.71,80.6872
2020-02-16 04:15:00,13235.45,13265.52,13176.95,13240.03,325.6799
2020-02-16 04:30:00,13217.96,13240.41,13207.97,13218.73,53.1751
2020-02-16 04:45:00,13240.98,13249.36,13232.02,13246.98,92.4285
2020-02-16 05:00:00,13327.06,13346.45,13284.74,13294.28,15.2154
2020-02-16 05:15:00,13287.44,13303.95,13278.83,13284.07,62.1792
2020-02-16 05:30:00,13264.06,13275.97,13249.12,13271.16,247.4377
2020-02-16 05:45:00,13269.79,13293.78,13215.91,13291.74,269.4341
2020-02-16 06:00:00,13264.42,13265.14,13203.66,13238.3,79.0605
2020-02-16 06:15:00,13245.66,13247.87,13192.07,13247.82,146.3562
2020-02-16 06:30:00,13280.29,13323.47,13262.96,13270.42,0.3223
2020-02-16 06:45:00,13309.54,13371.62,13281.38,13298.16,75.8231
2020-02-16 07:00:00,13215.44,13227.69,13180.26,13221.56,131.8521
2020-02-16 07:15:00,13200.89,13212.45,13180.94,13192.02,40.0279
2020-02-16 07:30:00,13149.97,13166.87,13144.31,13157.92,231.4211
2020-02-16 07:45:00,13149.49,13185.54,13146.99,13162.52,151.2437
2020-02-16 08:00:00,13197.52,13201.5,13164.72,13182.17,146.8361
2020-02-16 08:15:00,13239.92,13249.68,13199.26,13242.01,2.1462
2020-02-16 08:30:00,13229.87,13264.32,13169.71,13223.01,20.3196
2020-02-16 08:45:00,13209.36,13264.25,13170.81,13203.94,125.0389
2020-02-16 09:00:00,13258.59,13297.76,13223.9,13250.14,82.4899
2020-02-16 09:15:00,13241.94,13309.45,13185.73,13262.59,86.3851
2020-02-16 09:30:00,13305.9,13325.95,13282.92,13313.69,1.4921
2020-02-16 09:45:00,13321.56,13334.84,13316.63,13325.89,58.3493
2020-02-16 10:00:00,13269.25,13290.93,13259.47,13280.29,154.3816
2020-02-16 10:15:00,13233.52,13234.68,13171.44,13227.85,108.933
2020-02-16 10:30:00,13182.56,13239.12,13091.51,13166.94,84.9633
2020-02-16 10:45:00,13211.49,13235.65,13183.32,13193.75,119.2696
2020-02-16 11:00:00,13236.96,13291.12,13214.76,13241.45,190.37
2020-02-16 11:15:00,13319.47,13361.36,13284.52,13315.58,189.3998
2020-02-16 11:30:00,13355.87,13382.98,13340.27,13349.92,60.885
2020-02-16 11:45:00,13405.49,13408.1,13389.37,13397.16,36.7873
2020-02-16 12:00:00,13362.78,13417.93,13332.51,13374.52,45.6303
2020-02-16 12:15:00,13353.06,13381.38,13292.22,13328.79,73.6845
2020-02-16 12:30:00,13375.83,13406.57,13335.25,13363.45,9.3615
2020-02-16 12:45:00,13393.61,13396.62,13363.31,13380.86,89.4021
2020-02-16 13:00:00,13401.95,13413.57,13339.77,13385.84,60.3778
2020-02-16 13:15:00,13409.23,13442.38,13398.1,13402.07,142.2677
2020-02-16 13:30:00,13401.95,13417.18,13391.18,13415.73,32.0125
2020-02-16 13:45:00,13466.2,13471.73,13413.68,13468.07,6.8607
2020-02-16 14:00:00,13498.75,13542.58,13484.65,13521.07,224.9707
2020-02-16 14:15:00,13549.44,13550.83,13535.47,13543.82,7.0505
2020-02-16 14:30:00,13576.57,13630.25,13570.61,13578.87,262.1144
2020-02-16 14:45:00,13599.93,13612.42,13584.41,13600.49,68.8147
2020-02-16 15:00:00,13598.7,13609.57,13570.37,13582.35,5.793
2020-02-16 15:15:00,13607.63,13620.86,13579.96,13613.86,13.4496
2020-02-16 15:30:00,13554.17,13580.68,13547.68,13557.58,76.1327
2020-02-16 15:45:00,13601.42,13613.18,13590.06,13601.13,1.5913
2020-02-16 16:00:00,13528.13,13561.69,13497.35,13553.07,246.6645
2020-02-16 16:15:00,13561.75,13595.66,13545.85,13565.36,159.0936
2020-02-16 16:30:00,13498.01,13567.61,13481.86,13531.65,70.2292
2020-02-16 16:45:00,13546.85,13591.12,13505.09,13554.79,260.7013
2020-02-16 17:00:00,13565.68,13582.75,13539.13,13554.09,30.0767
2020-02-16 17:15:00,13495.95,13539.07,13488.39,13489.92,192.0117
2020-02-16 17:30:00,13499.58,13532.41,13453.34,13507.62,163.54
2020-02-16 17:45:00,13485.42,13512.68,13483.06,13484.87,87.1842
2020-02-16 18:00:00,13506.66,13572.92,13499.97,13521.2,38.3961
2020-02-16 18:15:00,13521.89,13534.08,13517.21,13521.93,81.7195
2020-02-16 18:30:00,13578.31,13588.27,13518.59,13538.64,315.1657
2020-02-16 18:45:00,13525.35,13544.36,13488.25,13500.43,8.8366
2020-02-16 19:00:00,13477.94,13487.79,13452.33,13477.23,22.4404
2020-02-16 19:15:00,13461.52,13487.43,13438.41,13459.36,103.2522
2020-02-16 19:30:00,13481.41,13500.49,13481.0,13494.63,113.4527
2020-02-16 19:45:00,13552.33,13608.37,13545.95,13563.21,17.969
2020-02-16 20:00:00,13536.03,13566.02,13484.32,13531.13,164.1409
2020-02-16 20:15:00,13568.39,13584.28,13529.07,13575.51,263.7817
2020-02-16 20:30:00,13500.03,13531.11,13487.17,13487.83,8.3015
2020-02-16 20:45:00,13461.28,13487.95,13423.03,13440.18,365.9319
2020-02-16 21:00:00,13406.65,13444.64,13385.68,13402.2,33.0189
2020-02-16 21:15:00,13349.85,13383.65,13323.1,13348.49,36.9412
2020-02-16 21:30:00,13263.41,13296.23,13248.96,13285.74,4.5939
2020-02-16 21:45:00,13312.81,13346.75,13295.11,13302.86,68.7974
2020-02-16 22:00:00,13279.78,13298.59,13276.5,13294.99,309.5736
2020-02-16 22:15:00,13305.22,13347.29,13300.91,13310.78,17.5526
2020-02-16 22:30:00,13351.82,13353.19,13337.05,13339.02,86.0056
2020-02-16 22:45:00,13364.07,13384.85,13349.46,13350.32,32.0828
2020-02-16 23:00:00,13371.09,13380.68,13358.43,13377.33,1.8816
2020-02-16 23:15:00,13369.74,13377.04,13351.96,13375.21,435.4013
2020-02-16 23:30:00,13318.93,13340.31,13310.51,13328.25,125.9403
2020-02-16 23:45:00,13355.19,13414.51,13353.79,13371.21,132.9775
2020-02-17 00:00:00,13339.77,13358.84,13321.31,13348.25,108.755
2020-02-17 00:15:00,13289.98,13365.59,13280.85,13311.45,15.5179
2020-02-17 00:30:00,13314.1,13326.22,13292.7,13305.01,23.1547
2020-02-17 00:45:00,13274.48,13294.85,13227.96,13269.24,48.7219
2020-02-17 01:00:00,13260.72,13321.4,13187.31,13253.29,539.6379
2020-02-17 01:15:00,13254.97,13270.94,13218.14,13267.63,111.6494
2020-02-17 01:30:00,13266.28,13310.18,13230.91,13282.16,58.4078
2020-02-17 01:45:00,13247.76,13309.32,13225.48,13247.05,66.3058
2020-02-17 02:00:00,13229.17,13248.57,13222.78,13228.33,255.3686
2020-02-17 02:15:00,13269.67,13292.12,13219.27,13271.62,21.8697
2020-02-17 02:30:00,13288.2,13306.71,13260.96,13292.05,38.6948
2020-02-17 02:45:00,13398.34,13402.75,13357.36,13375.46,46.3424
2020-02-17 03:00:00,13429.2,13454.2,13391.06,13423.48,227.9154
2020-02-17 03:15:00,13496.78,13568.28,13463.34,13470.24,149.9623
2020-02-17 03:30:00,13431.85,13456.74,13397.13,13414.82,89.3515
2020-02-17 03:45:00,13469.14,13484.08,13396.62,13446.24,37.7938
2020-02-17 04:00:00,13430.32,13455.87,13368.05,13444.77,22.59
2020-02-17 04:15:00,13431.18,13477.25,13408.9,13423.22,40.1606
2020-02-17 04:30:00,13424.85,13436.38,13400.46,13430.65,265.1469
2020-02-17 04:45:00,13447.0,13481.47,13432.6,13469.41,241.0455
2020-02-17 05:00:00,13510.5,13511.81,13486.58,13490.32,54.8104
2020-02-17 05:15:00,13451.49,13475.99,13442.24,13455.44,39.3831
2020-02-17 05:30:00,13471.86,13529.73,13470.12,13486.08,215.9273
2020-02-17 05:45:00,13455.38,13527.6,13405.71,13460.96,59.1008
2020-02-17 06:00:00,13459.66,13499.61,13427.24,13470.39,3.9469
2020-02-17 06:15:00,13449.47,13500.44,13448.36,13458.8,42.425
2020-02-17 06:30:00,13447.66,13464.12,13437.95,13450.64,93.4697
2020-02-17 06:45:00,13505.56,13523.86,13479.08,13482.23,289.3003
2020-02-17 07:00:00,13431.88,13471.81,13405.14,13440.83,55.2676
2020-02-17 07:15:00,13542.37,13606.34,13473.01,13519.94,27.4601
2020-02-17 07:30:00,13458.17,13482.52,13396.09,13446.75,48.5317
2020-02-17 07:45:00,13428.63,13469.39,13386.52,13423.31,5.8751
2020-02-17 08:00:00,13448.95,13459.45,13408.52,13438.89,229.1025
2020-02-17 08:15:00,13463.31,13518.39,13451.02,13463.12,3.3994
2020-02-17 08:30:00,13477.05,13485.63,13442.31,13459.74,0.0973
2020-02-17 08:45:00,13465.72,13509.02,13446.67,13458.09,95.2263
2020-02-17 09:00:00,13452.91,13475.4,13444.6,13475.34,16.7227
2020-02-17 09:15:00,13470.66,13510.71,13463.62,13466.67,35.1085
2020-02-17 09:30:00,13534.23,13606.7,13485.28,13523.63,67.5276
2020-02-17 09:45:00,13554.44,13575.43,13550.66,13558.36,157.078
2020-02-17 10:00:00,13596.26,13617.42,13594.01,13594.54,49.0224
2020-02-17 10:15:00,13547.51,13576.93,13514.12,13555.82,314.9053
2020-02-17 10:30:00,13534.6,13572.07,13529.2,13553.27,60.3666
2020-02-17 10:45:00,13520.73,13545.3,13510.39,13541.73,252.5595
2020-02-17 11:00:00,13480.8,13504.53,13427.89,13501.55,60.2083
2020-02-17 11:15:00,13525.86,13578.44,13485.45,13516.82,72.5979
2020-02-17 11:30:00,13462.08,13526.92,13451.63,13495.69,317.1914
2020-02-17 11:45:00,13513.89,13542.61,13483.19,13522.9,112.3627
2020-02-17 12:00:00,13469.84,13489.94,13426.56,13480.16,16.1781
2020-02-17 12:15:00,13546.53,13568.61,13501.15,13550.35,91.2681
2020-02-17 12:30:00,13489.5,13554.03,13448.27,13514.59,25.5178
2020-02-17 12:45:00,13529.62,13602.81,13509.35,13524.16,37.0582
2020-02-17 13:00:00,13539.7,13606.5,13529.4,13556.96,182.1086
2020-02-17 13:15:00,13549.76,13579.54,13522.04,13534.43,114.616
2020-02-17 13:30:00,13561.29,13569.95,13540.42,13569.72,33.8104
2020-02-17 13:45:00,13519.07,13542.96,13484.42,13520.36,0.47
2020-02-17 14:00:00,13579.99,13595.81,13545.04,13579.94,75.7539
2020-02-17 14:15:00,13584.51,13587.18,13569.79,13581.19,28.791
2020-02-17 14:30:00,13558.07,13601.82,13506.41,13557.57,2.8721
2020-02-17 14:45:00,13540.3,13588.15,13526.39,13546.08,6.5372
2020-02-17 15:00:00,13584.29,13609.88,13569.36,13579.63,111.856
2020-02-17 15:15:00,13562.82,13568.31,13548.7,13556.5,53.4921
2020-02-17 15:30:00,13516.35,13540.72,13492.06,13526.7,30.4459
2020-02-17 15:45:00,13524.15,13534.18,13484.54,13518.39,211.7769
2020-02-17 16:00:00,13487.39,13491.89,13441.15,13471.33,174.3462
2020-02-17 16:15:00,13555.14,13566.11,13542.96,13545.58,62.7714
2020-02-17 16:30:00,13535.85,13566.24,13517.17,13523.24,32.2394
2020-02-17 16:45:00,13559.99,13595.13,13548.85,13557.66,70.7603
2020-02-17 17:00:00,13554.16,13607.21,13530.69,13566.86,139.8072
2020-02-17 17:15:00,13516.51,13534.92,13494.34,13527.46,1.0802
2020-02-17 17:30:00,13532.23,13567.79,13527.21,13527.9,94.821
2020-02-17 17:45:00,13573.18,13587.98,13529.14,13560.39,123.8314
2020-02-17 18:00:00,13591.17,13614.94,13527.15,13553.41,169.7152
2020-02-17 18:15:00,13615.96,13631.63,13578.43,13602.6,24.4131
2020-02-17 18:30:00,13629.0,13661.18,13614.58,13644.97,22.745
2020-02-17 18:45:00,13672.77,13700.61,13653.27,13683.27,24.2997
2020-02-17 19:00:00,13696.22,13704.65,13632.19,13665.08,267.9928
2020-02-17 19:15:00,13618.58,13623.26,13604.58,13621.5,15.1959
2020-02-17 19:30:00,13597.75,13618.52,13593.52,13597.1,144.666
2020-02-17 19:45:00,13592.72,13612.45,13550.18,13605.79,432.3791
2020-02-17 20:00:00,13650.08,13658.98,13617.94,13628.75,292.4078
2020-02-17 20:15:00,13547.41,13547.62,13538.26,13540.64,52.7449
2020-02-17 20:30:00,13530.5,13555.63,13490.95,13540.99,182.8535
2020-02-17 20:45:00,13534.62,13549.35,13521.89,13548.09,110.909
2020-02-17 21:00:00,13541.64,13559.16,13491.56,13537.48,202.8469
2020-02-17 21:15:00,13591.2,13616.16,13569.42,13590.6,17.574
2020-02-17 21:30:00,13619.8,13625.53,13577.56,13608.48,144.7901
2020-02-17 21:45:00,13670.12,13704.93,13648.42,13662.65,88.3236
2020-02-17 22:00:00,13650.87,13660.74,13649.01,13654.48,77.6767
2020-02-17 22:15:00,13686.12,13712.76,13657.07,13693.56,130.5268
2020-02-17 22:30:00,13759.22,13768.47,13754.63,13761.42,31.8912
2020-02-17 22:45:00,13808.65,13831.77,13802.51,13816.26,7.752
2020-02-17 23:00:00,13769.89,13790.05,13746.89,13771.68,69.7398
2020-02-17 23:15:00,13762.12,13801.85,13751.37,13761.89,35.9728
2020-02-17 23:30:00,13735.98,13755.05,13722.51,13748.33,29.6259
2020-02-17 23:45:00,13777.88,13784.37,13747.31,13769.19,651.7311
2020-02-18 00:00:00,13793.12,13828.09,13764.03,13798.23,22.0473
2020-02-18 00:15:00,13752.61,13788.38,13728.8,13764.2,26.8634
2020-02-18 00:30:00,13762.85,13793.79,13762.13,13767.69,40.6289
2020-02-18 00:45:00,13688.26,13726.22,13667.21,13684.95,68.7169
2020-02-18 01:00:00,13745.97,13772.24,13727.79,13744.83,203.3406
2020-02-18 01:15:00,13730.18,13735.62,13720.18,13724.39,19.4063
2020-02-18 01:30:00,13739.71,13776.59,13725.39,13727.38,95.7021
2020-02-18 01:45:00,13733.21,13736.99,13672.76,13715.31,45.9695
2020-02-18 02:00:00,13767.08,13786.45,13693.72,13763.15,159.4129
2020-02-18 02:15:00,13632.09,13672.03,13621.18,13646.68,92.1001
2020-02-18 02:30:00,13643.01,13656.98,13639.21,13646.68,158.52
2020-02-18 02:45:00,13629.33,13660.5,13591.98,13643.03,193.1649
2020-02-18 03:00:00,13648.27,13661.1,13613.26,13625.15,243.1899
2020-02-18 03:15:00,13723.61,13759.24,13684.49,13696.39,544.3735
2020-02-18 03:30:00,13669.5,13694.65,13652.36,13660.61,96.46
2020-02-18 03:45:00,13704.68,13747.6,13639.27,13692.93,101.483
2020-02-18 04:00:00,13711.69,13721.22,13673.45,13708.25,15.1496
2020-02-18 04:15:00,13765.85,13797.13,13749.83,13760.81,11.1038
2020-02-18 04:30:00,13712.02,13749.17,13701.58,13733.96,66.87
2020-02-18 04:45:00,13703.43,13706.33,13663.47,13704.44,118.3152
2020-02-18 05:00:00,13738.07,13784.69,13704.42,13750.19,28.5281
2020-02-18 05:15:00,13772.3,13794.3,13761.63,13768.42,39.6251
2020-02-18 05:30:00,13704.48,13707.05,13681.92,13705.3,120.4399
2020-02-18 05:45:00,13710.45,13745.0,13625.41,13683.81,23.7827
2020-02-18 06:00:00,13712.91,13764.5,13679.05,13700.35,73.683
2020-02-18 06:15:00,13739.38,13746.23,13721.47,13735.47,77.3538
2020-02-18 06:30:00,13704.51,13716.67,13688.5,13708.17,248.8342
2020-02-18 06:45:00,13611.78,13620.55,13574.84,13589.01,51.4622
2020-02-18 07:00:00,13610.61,13654.85,13610.05,13611.02,23.6415
2020-02-18 07:15:00,13566.37,13593.96,13542.95,13561.87,19.1032
2020-02-18 07:30:00,13481.04,13485.53,13469.72,13480.47,34.6943
2020-02-18 07:45:00,13361.2,13396.4,13338.86,13366.6,32.7006
2020-02-18 08:00:00,13400.4,13451.73,13371.75,13399.91,138.7084
2020-02-18 08:15:00,13379.45,13423.57,13360.14,13405.75,90.0718
2020-02-18 08:30:00,13376.61,13432.44,13376.0,13397.35,114.7049
2020-02-18 08:45:00,13458.55,13480.5,13433.78,13453.84,99.5051
2020-02-18 09:00:00,13501.38,13571.97,13475.96,13480.24,65.6324
2020-02-18 09:15:00,13550.99,13580.99,13518.32,13546.28,263.4933
2020-02-18 09:30:00,13480.64,13510.55,13458.82,13490.36,170.0563
2020-02-18 09:45:00,13470.17,13566.82,13408.35,13489.63,23.6765
2020-02-18 10:00:00,13435.41,13453.87,13402.21,13424.88,55.1063
2020-02-18 10:15:00,13408.7,13437.54,13398.8,13416.31,33.9538
2020-02-18 10:30:00,13415.6,13467.5,13393.19,13406.98,136.9186
2020-02-18 10:45:00,13438.09,13461.47,13424.64,13432.85,42.229
2020-02-18 11:00:00,13441.78,13458.48,13432.97,13435.36,102.2248
2020-02-18 11:15:00,13461.61,13481.17,13440.78,13461.16,34.5613
2020-02-18 11:30:00,13495.41,13496.09,13467.93,13490.24,18.8316
2020-02-18 11:45:00,13576.5,13579.13,13533.18,13578.12,0.9232
2020-02-18 12:00:00,13557.34,13567.01,13554.08,13565.96,522.5574
2020-02-18 12:15:00,13515.31,13558.49,13493.63,13528.34,24.7835
2020-02-18 12:30:00,13506.71,13601.94,13464.21,13539.0,178.5249
2020-02-18 12:45:00,13504.65,13514.78,13491.38,13507.09,172.6442
2020-02-18 13:00:00,13588.44,13596.32,13545.83,13567.82,26.9138
2020-02-18 13:15:00,13566.87,13587.29,13523.9,13556.97,53.723
2020-02-18 13:30:00,13537.73,13558.17,13488.73,13534.65,180.8567
2020-02-18 13:45:00,13506.26,13587.47,13453.68,13516.19,117.0564
2020-02-18 14:00:00,13559.5,13581.15,13543.23,13545.99,46.1842
2020-02-18 14:15:00,13538.64,13575.21,13530.75,13540.26,297.8668
2020-02-18 14:30:00,13536.16,13558.68,13507.73,13514.87,41.907
2020-02-18 14:45:00,13569.74,13588.27,13535.93,13583.07,23.8342
2020-02-18 15:00:00,13538.7,13587.1,13514.79,13548.86,15.8668
2020-02-18 15:15:00,13539.5,13573.26,13489.43,13550.98,120.8378
2020-02-18 15:30:00,13558.05,13613.75,13532.15,13578.18,2.9434
2020-02-18 15:45:00,13499.74,13540.35,13462.66,13512.4,186.9769
2020-02-18 16:00:00,13533.95,13560.17,13495.75,13532.55,36.2723
2020-02-18 16:15:00,13480.78,13513.73,13479.99,13490.39,46.1729
2020-02-18 16:30:00,13472.21,13569.15,13464.88,13524.36,161.8637
2020-02-18 16:45:00,13500.47,13533.12,13457.12,13485.98,168.2962
2020-02-18 17:00:00,13491.92,13527.61,13485.64,13514.68,51.0841
2020-02-18 17:15:00,13568.19,13616.43,13534.45,13560.2,80.7043
2020-02-18 17:30:00,13596.34,13604.51,13580.4,13595.92,113.6968
2020-02-18 17:45:00,13635.66,13651.62,13602.07,13606.85,116.6698
2020-02-18 18:00:00,13611.64,13612.46,13578.68,13598.09,76.3688
2020-02-18 18:15:00,13568.4,13589.48,13555.56,13575.25,185.8576
2020-02-18 18:30:00,13626.27,13669.28,13589.34,13635.84,184.1625
2020-02-18 18:45:00,13628.36,13650.71,13601.3,13607.91,188.9164
2020-02-18 19:00:00,13546.23,13579.32,13535.24,13566.25,31.2273
2020-02-18 19:15:00,13596.6,13615.55,13590.41,13594.01,29.6932
2020-02-18 19:30:00,13560.44,13568.18,13540.5,13562.22,15.0616
2020-02-18 19:45:00,13519.6,13549.86,13499.73,13524.24,175.0998
2020-02-18 20:00:00,13471.11,13515.76,13459.28,13466.35,6.2578
2020-02-18 20:15:00,13450.06,13462.6,13391.33,13447.51,14.5379
2020-02-18 20:30:00,13451.0,13500.03,13432.6,13444.85,260.6533
2020-02-18 20:45:00,13457.19,13491.74,13443.96,13455.32,13.3661
2020-02-18 21:00:00,13500.03,13517.14,13480.23,13494.4,12.9292
2020-02-18 21:15:00,13517.67,13521.87,13493.97,13516.4,239.8098
2020-02-18 21:30:00,13500.43,13537.3,13473.35,13509.34,37.1214
2020-02-18 21:45:00,13502.04,13513.63,13496.4,13501.98,213.2197
2020-02-18 22:00:00,13513.66,13564.36,13498.9,13523.32,47.4263
2020-02-18 22:15:00,13565.03,13602.66,13560.88,13575.63,46.7829
2020-02-18 22:30:00,13576.88,13604.97,13551.1,13581.45,14.5237
2020-02-18 22:45:00,13561.39,13583.62,13545.63,13563.01,250.8659
2020-02-18 23:00:00,13523.77,13567.48,13469.01,13523.29,143.417
2020-02-18 23:15:00,13477.68,13520.78,13440.66,13465.34,25.573
2020-02-18 23:30:00,13486.2,13500.34,13454.15,13492.93,130.121
2020-02-18 23:45:00,13519.66,13549.65,13482.68,13517.0,10.9472
2020-02-19 00:00:00,13542.68,13561.33,13467.01,13541.08,74.194
2020-02-19 00:15:00,13528.3,13545.65,13478.74,13536.54,29.3388
2020-02-19 00:30:00,13595.35,13595.51,13586.28,13594.35,190.1024
2020-02-19 00:45:00,13588.9,13624.72,13556.74,13575.28,71.5657
2020-02-19 01:00:00,13617.41,13619.32,13591.76,13614.87,254.0989
2020-02-19 01:15:00,13617.05,13676.17,13596.83,13613.96,87.9873
2020-02-19 01:30:00,13580.21,13623.22,13567.23,13589.8,70.1133
2020-02-19 01:45:00,13641.44,13716.67,13605.73,13614.64,118.3956
2020-02-19 02:00:00,13623.21,13635.74,13618.07,13632.05,153.2344
2020-02-19 02:15:00,13624.57,13673.28,13589.67,13647.33,1.5375
2020-02-19 02:30:00,13663.08,13671.51,13650.36,13651.34,73.8738
2020-02-19 02:45:00,13648.9,13677.9,13619.82,13650.47,149.4848
2020-02-19 03:00:00,13744.79,13762.19,13729.89,13748.96,52.3396
2020-02-19 03:15:00,13790.96,13802.03,13774.39,13798.49,4.6169
2020-02-19 03:30:00,13854.99,13867.74,13817.91,13829.1,1.771
2020-02-19 03:45:00,13839.34,13892.44,13812.26,13834.43,157.9154
2020-02-19 04:00:00,13884.55,13901.67,13849.73,13876.93,22.0741
2020-02-19 04:15:00,13901.44,13930.77,13898.8,13899.18,19.2271
2020-02-19 04:30:00,13904.73,13927.22,13888.28,13900.97,34.1872
2020-02-19 04:45:00,13908.43,13934.36,13870.24,13889.01,10.7773
2020-02-19 05:00:00,13882.85,13887.16,13872.78,13886.33,5.4759
2020-02-19 05:15:00,13734.91,13771.51,13734.1,13754.95,205.7747
2020-02-19 05:30:00,13776.27,13828.64,13763.11,13764.33,36.0659
2020-02-19 05:45:00,13751.67,13785.24,13726.21,13744.84,87.3212
2020-02-19 06:00:00,13812.7,13836.69,13783.65,13811.2,195.0527
2020-02-19 06:15:00,13819.2,13831.36,13786.59,13812.7,379.2452
2020-02-19 06:30:00,13759.02,13765.76,13751.32,13764.12,116.6325
2020-02-19 06:45:00,13763.03,13769.27,13739.37,13762.75,299.902
2020-02-19 07:00:00,13718.44,13764.94,13716.62,13720.24,55.0818
2020-02-19 07:15:00,13732.29,13768.94,13714.63,13740.41,155.848
2020-02-19 07:30:00,13769.45,13786.52,13745.15,13753.09,277.4234
2020-02-19 07:45:00,13773.82,13813.07,13689.08,13793.3,5.4625
2020-02-19 08:00:00,13793.75,13802.31,13724.26,13761.26,38.1917
2020-02-19 08:15:00,13775.43,13776.98,13703.95,13763.36,134.8049
2020-02-19 08:30:00,13683.31,13713.17,13681.45,13707.68,37.8731
2020-02-19 08:45:00,13734.14,13761.41,13734.0,13737.22,1.7179
2020-02-19 09:00:00,13756.97,13800.15,13747.32,13759.29,164.5196
2020-02-19 09:15:00,13785.84,13798.36,13763.17,13780.44,17.9992
2020-02-19 09:30:00,13767.56,13813.93,13761.47,13781.2,38.6941
2020-02-19 09:45:00,13799.48,13886.11,13759.09,13799.03,241.4361
2020-02-19 10:00:00,13864.46,13890.36,13837.95,13866.14,23.428
2020-02-19 10:15:00,13844.75,13864.46,13842.67,13854.97,225.151
2020-02-19 10:30:00,13849.27,13865.08,13823.11,13861.43,54.9128
2020-02-19 10:45:00,13829.65,13885.82,13805.39,13816.96,250.2646
2020-02-19 11:00:00,13758.27,13789.39,13754.66,13781.66,209.4369
2020-02-19 11:15:00,13792.98,13799.84,13748.32,13786.39,53.656
2020-02-19 11:30:00,13843.77,13850.05,13814.18,13832.74,254.9412
2020-02-19 11:45:00,13819.77,13825.57,13793.09,13822.79,100.1633
2020-02-19 12:00:00,13814.42,13835.3,13810.46,13813.7,64.5529
2020-02-19 12:15:00,13813.58,13816.16,13771.58,13797.53,75.6493
2020-02-19 12:30:00,13766.37,13789.36,13693.41,13776.08,6.5393
2020-02-19 12:45:00,13780.67,13794.85,13728.9,13788.96,164.8132
2020-02-19 13:00:00,13720.91,13744.31,13719.49,13727.72,34.597
2020-02-19 13:15:00,13797.22,13804.64,13744.14,13781.16,31.4942
2020-02-19 13:30:00,13772.11,13787.41,13711.4,13754.33,125.6665
2020-02-19 13:45:00,13765.57,13800.01,13758.79,13784.81,46.3319
2020-02-19 14:00:00,13746.8,13781.03,13713.81,13732.98,72.1883
2020-02-19 14:15:00,13772.49,13823.7,13754.06,13761.22,54.7444
2020-02-19 14:30:00,13811.07,13825.47,13752.8,13789.65,70.2461
2020-02-19 14:45:00,13811.55,13815.28,13793.74,13806.23,25.1251
2020-02-19 15:00:00,13765.13,13771.06,13749.19,13765.74,216.2265
2020-02-19 15:15:00,13792.51,13823.05,13735.73,13776.73,94.2062
2020-02-19 15:30:00,13738.12,13753.63,13702.32,13728.52,26.6192
2020-02-19 15:45:00,13749.6,13770.99,13687.96,13718.8,9.6003
2020-02-19 16:00:00,13775.04,13804.72,13758.37,13761.85,76.6725
2020-02-19 16:15:00,13797.55,13807.88,13733.25,13795.43,63.1336
2020-02-19 16:30:00,13780.55,13809.78,13777.7,13796.75,269.5479
2020-02-19 16:45:00,13749.1,13798.6,13730.83,13757.09,26.2275
2020-02-19 17:00:00,13764.63,13785.43,13742.92,13784.42,213.3731
2020-02-19 17:15:00,13782.95,13817.49,13734.15,13785.91,145.4549
2020-02-19 17:30:00,13703.32,13707.68,13667.96,13690.64,64.7227
2020-02-19 17:45:00,13723.42,13730.86,13718.24,13723.47,206.967
2020-02-19 18:00:00,13737.18,13747.98,13713.45,13723.16,197.9625
2020-02-19 18:15:00,13778.0,13790.16,13756.3,13773.35,125.3239
2020-02-19 18:30:00,13723.25,13770.82,13722.47,13728.78,10.7085
2020-02-19 18:45:00,13599.82,13621.82,13589.57,13598.63,17.4581
2020-02-19 19:00:00,13617.12,13637.78,13579.8,13610.7,89.5509
2020-02-19 19:15:00,13625.18,13643.03,13607.12,13623.28,28.1593
2020-02-19 19:30:00,13556.91,13560.49,13536.19,13554.87,80.1105
2020-02-19 19:45:00,13505.36,13546.17,13503.13,13515.75,82.2765
2020-02-19 20:00:00,13622.24,13643.45,13619.26,13628.15,88.4537
2020-02-19 20:15:00,13647.08,13699.44,13615.97,13616.33,84.3602
2020-02-19 20:30:00,13663.64,13666.13,13599.27,13646.87,47.6841
2020-02-19 20:45:00,13600.84,13661.29,13563.27,13620.92,23.6032
2020-02-19 21:00:00,13504.14,13545.4,13500.81,13536.18,73.0938
2020-02-19 21:15:00,13530.97,13532.91,13479.14,13529.94,68.3523
2020-02-19 21:30:00,13531.92,13546.38,13516.86,13519.84,32.1851
2020-02-19 21:45:00,13497.28,13522.19,13473.13,13504.3,5.254
2020-02-19 22:00:00,13514.12,13528.57,13498.28,13500.33,23.013
2020-02-19 22:15:00,13512.51,13539.78,13507.11,13511.71,80.0246
2020-02-19 22:30:00,13504.09,13510.24,13453.91,13506.3,76.705
2020-02-19 22:45:00,13465.93,13530.06,13447.01,13455.76,14.3454
2020-02-19 23:00:00,13468.89,13478.23,13456.78,13476.05,93.1537
2020-02-19 23:15:00,13394.08,13408.84,13331.85,13397.92,54.9306
2020-02-19 23:30:00,13325.1,13348.06,13303.9,13316.18,106.0364
2020-02-19 23:45:00,13345.95,13399.38,13335.82,13346.37,218.9303
2020-02-20 00:00:00,13392.85,13393.02,13356.49,13367.34,36.8961
2020-02-20 00:15:00,13374.98,13417.14,13353.23,13365.71,42.6649
2020-02-20 00:30:00,13318.79,13336.78,13306.33,13310.42,112.9528
2020-02-20 00:45:00,13282.16,13308.87,13269.43,13282.82,297.8984
2020-02-20 01:00:00,13284.62,13293.65,13265.92,13273.01,66.5771
2020-02-20 01:15:00,13205.87,13254.03,13170.83,13210.13,18.547
2020-02-20 01:30:00,13185.22,13189.62,13167.84,13181.5,273.3446
2020-02-20 01:45:00,13195.85,13218.75,13146.13,13207.96,63.4458
2020-02-20 02:00:00,13278.96,13307.6,13260.44,13265.17,61.7482
2020-02-20 02:15:00,13252.99,13256.35,13242.01,13249.14,77.6112
2020-02-20 02:30:00,13306.2,13383.41,13262.81,13279.88,29.1027
2020-02-20 02:45:00,13235.87,13244.72,13193.86,13204.28,153.5692
2020-02-20 03:00:00,13241.17,13252.72,13225.02,13231.07,102.4554
2020-02-20 03:15:00,13200.72,13237.74,13176.74,13199.82,309.8214
2020-02-20 03:30:00,13200.15,13228.59,13168.5,13212.65,22.8016
2020-02-20 03:45:00,13215.43,13222.47,13191.49,13203.49,96.5309
2020-02-20 04:00:00,13259.24,13261.34,13255.83,13256.45,72.6981
2020-02-20 04:15:00,13229.45,13245.07,13216.12,13222.34,225.1453
2020-02-20 04:30:00,13270.81,13289.91,13227.69,13247.89,3.0837
2020-02-20 04:45:00,13226.53,13290.2,13214.14,13237.45,143.0459
2020-02-20 05:00:00,13219.59,13261.9,13217.21,13231.82,97.5668
2020-02-20 05:15:00,13222.06,13225.5,13195.36,13225.19,93.5344
2020-02-20 05:30:00,13203.13,13237.5,13178.63,13192.3,208.2016
2020-02-20 05:45:00,13199.72,13272.24,13172.05,13192.4,89.1106
2020-02-20 06:00:00,13178.76,13254.85,13178.55,13190.58,125.8509
2020-02-20 06:15:00,13210.77,13218.48,13196.12,13200.78,103.7632
2020-02-20 06:30:00,13188.93,13218.15,13162.87,13204.79,7.2038
2020-02-20 06:45:00,13225.97,13251.75,13220.01,13237.06,11.9719
2020-02-20 07:00:00,13272.86,13289.9,13242.63,13274.4,41.3241
2020-02-20 07:15:00,13225.9,13259.19,13196.94,13233.22,112.6091
2020-02-20 07:30:00,13280.18,13297.87,13244.14,13268.37,2.6805
2020-02-20 07:45:00,13225.6,13228.33,13201.21,13221.81,148.1025
2020-02-20 08:00:00,13269.18,13271.72,13240.28,13245.79,22.6913
2020-02-20 08:15:00,13267.8,13287.4,13251.84,13271.08,81.9889
2020-02-20 08:30:00,13194.04,13197.11,13179.16,13195.65,22.4591
2020-02-20 08:45:00,13215.97,13243.04,13156.53,13199.99,19.3546
2020-02-20 09:00:00,13180.9,13202.79,13163.19,13182.1,40.6753
2020-02-20 09:15:00,13172.4,13185.95,13123.69,13152.75,254.4768
2020-02-20 09:30:00,13213.85,13226.09,13193.71,13206.71,27.1605
2020-02-20 09:45:00,13150.46,13200.92,13133.63,13181.47,4.974
2020-02-20 10:00:00,13165.73,13177.56,13140.7,13150.24,213.9143
2020-02-20 10:15:00,13165.89,13175.9,13139.41,13153.89,57.7911
2020-02-20 10:30:00,13194.14,13199.82,13141.0,13181.6,97.0368
2020-02-20 10:45:00,13151.48,13180.58,13118.02,13176.66,216.9614
2020-02-20 11:00:00,13214.66,13234.42,13185.16,13223.42,140.9152
2020-02-20 11:15:00,13237.35,13270.82,13201.3,13245.15,159.2114
2020-02-20 11:30:00,13148.19,13164.55,13116.16,13159.26,65.4106
2020-02-20 11:45:00,13161.9,13193.28,13138.94,13139.01,116.2645
2020-02-20 12:00:00,13117.37,13123.33,13109.34,13117.52,331.7774
2020-02-20 12:15:00,13136.56,13147.74,13095.38,13137.04,220.5359
2020-02-20 12:30:00,13041.45,13068.91,13015.2,13034.25,94.7852
2020-02-20 12:45:00,13142.06,13155.14,13122.77,13134.58,8.9238
2020-02-20 13:00:00,13112.29,13171.29,13108.76,13156.16,389.7206
2020-02-20 13:15:00,13154.19,13181.81,13125.93,13162.69,25.5521
2020-02-20 13:30:00,13191.35,13236.19,13165.93,13210.01,44.7472
2020-02-20 13:45:00,13308.88,13313.07,13265.14,13303.55,15.1233
2020-02-20 14:00:00,13335.11,13339.13,13323.29,13338.97,18.2258
2020-02-20 14:15:00,13377.81,13386.03,13354.29,13377.6,158.8549
2020-02-20 14:30:00,13355.7,13386.99,13326.67,13383.52,13.7273
2020-02-20 14:45:00,13374.36,13378.84,13354.71,13378.5,20.995
2020-02-20 15:00:00,13374.97,13378.52,13312.61,13360.08,18.8128
2020-02-20 15:15:00,13346.42,13375.96,13324.79,13327.63,46.2332
2020-02-20 15:30:00,13310.39,13333.33,13271.43,13300.83,118.6415
2020-02-20 15:45:00,13229.91,13252.19,13208.79,13247.61,103.2367
2020-02-20 16:00:00,13261.93,13290.62,13199.7,13245.25,128.9878
2020-02-20 16:15:00,13188.51,13209.91,13164.8,13178.97,129.7595
2020-02-20 16:30:00,13185.63,13207.23,13165.6,13187.18,0.3005
2020-02-20 16:45:00,13159.7,13205.76,13136.28,13186.4,115.3723
2020-02-20 17:00:00,13205.45,13243.06,13191.55,13192.87,115.3827
2020-02-20 17:15:00,13165.07,13190.27,13163.13,13172.87,6.4124
2020-02-20 17:30:00,13299.72,13312.75,13282.22,13295.12,55.7081
2020-02-20 17:45:00,13350.95,13361.89,13347.24,13350.03,8.1912
2020-02-20 18:00:00,13321.32,13353.84,13298.97,13300.86,21.1746
2020-02-20 18:15:00,13309.15,13342.36,13245.15,13310.81,67.2856
2020-02-20 18:30:00,13287.0,13319.55,13286.31,13287.2,1.2085
2020-02-20 18:45:00,13268.34,13287.58,13243.78,13247.43,9.982
2020-02-20 19:00:00,13186.15,13225.85,13177.0,13194.83,8.8745
2020-02-20 19:15:00,13223.36,13271.18,13159.57,13212.6,13.3011
2020-02-20 19:30:00,13183.63,13188.13,13170.13,13186.25,5.1064
2020-02-20 19:45:00,13211.94,13276.8,13211.18,13225.2,94.6948
2020-02-20 20:00:00,13265.3,13287.03,13252.15,13265.29,19.6741
2020-02-20 20:15:00,13329.84,13341.64,13277.23,13320.63,198.4881
2020-02-20 20:30:00,13305.22,13337.43,13254.42,13287.23,216.1088
2020-02-20 20:45:00,13326.47,13364.48,13256.94,13306.84,117.4523
2020-02-20 21:00:00,13328.83,13351.4,13324.93,13332.76,6.7162
2020-02-20 21:15:00,13301.31,13327.64,13292.13,13314.46,222.1962
2020-02-20 21:30:00,13280.06,13311.36,13276.24,13284.3,54.2461
2020-02-20 21:45:00,13333.33,13363.04,13296.2,13349.1,19.9811
2020-02-20 22:00:00,13355.98,13363.43,13323.66,13358.88,150.8592
2020-02-20 22:15:00,13380.46,13425.56,13313.67,13385.04,42.5709
2020-02-20 22:30:00,13362.41,13388.27,13316.76,13352.7,70.5367
2020-02-20 22:45:00,13275.17,13338.11,13257.91,13304.52,135.8837
2020-02-20 23:00:00,13272.71,13302.95,13256.83,13282.46,10.6606
2020-02-20 23:15:00,13268.55,13281.59,13266.75,13278.18,18.5792
2020-02-20 23:30:00,13252.16,13264.22,13216.29,13236.45,345.9669
2020-02-20 23:45:00,13221.98,13265.99,13203.76,13236.72,125.0172
2020-02-21 00:00:00,13173.32,13181.99,13157.46,13170.33,26.2828
2020-02-21 00:15:00,13125.06,13149.64,13104.63,13126.74,85.2814
2020-02-21 00:30:00,13167.53,13199.35,13123.56,13153.81,20.824
2020-02-21 00:45:00,13186.15,13218.97,13165.39,13178.3,200.5914
2020-02-21 01:00:00,13165.06,13208.3,13161.54,13163.46,59.5322
2020-02-21 01:15:00,13116.65,13131.3,13088.32,13123.93,164.4396
2020-02-21 01:30:00,13059.9,13094.72,13052.78,13084.14,357.2554
2020-02-21 01:45:00,13073.37,13081.13,13060.3,13070.14,395.6754
2020-02-21 02:00:00,13103.01,13112.71,13060.01,13096.06,14.8055
2020-02-21 02:15:00,13112.51,13139.7,13110.11,13133.19,289.69
2020-02-21 02:30:00,13098.1,13125.73,13093.91,13114.28,31.5107
2020-02-21 02:45:00,13072.85,13105.05,13032.54,13069.56,44.5697
2020-02-21 03:00:00,13085.15,13085.67,13068.09,13080.71,6.5064
2020-02-21 03:15:00,13036.12,13085.67,13036.04,13049.05,103.7322
2020-02-21 03:30:00,13021.93,13040.03,12969.6,13029.41,103.3154
2020-02-21 03:45:00,13057.84,13122.57,13050.89,13081.87,150.0758
2020-02-21 04:00:00,13133.04,13173.93,13085.47,13114.98,292.3599
2020-02-21 04:15:00,13104.8,13141.25,13065.38,13121.85,55.8908
2020-02-21 04:30:00,13079.53,13089.74,13058.01,13072.44,52.3293
2020-02-21 04:45:00,13080.93,13104.5,13057.15,13081.38,101.9196
2020-02-21 05:00:00,13140.66,13151.06,13115.01,13123.74,110.0846
2020-02-21 05:15:00,13099.22,13150.53,13045.78,13109.61,58.9224
2020-02-21 05:30:00,13164.21,13173.17,13125.39,13163.4,251.7368
2020-02-21 05:45:00,13192.66,13222.05,13173.05,13215.11,5.3583
2020-02-21 06:00:00,13255.98,13316.16,13228.29,13281.73,141.2234
2020-02-21 06:15:00,13302.48,13305.11,13276.06,13294.56,23.3122
2020-02-21 06:30:00,13294.87,13354.13,13249.2,13318.65,68.3849
2020-02-21 06:45:00,13372.77,13384.11,13348.58,13375.82,190.7123
2020-02-21 07:00:00,13407.99,13409.68,13383.54,13394.44,39.9889
2020-02-21 07:15:00,13384.96,13448.15,13355.87,13374.97,229.9437
2020-02-21 07:30:00,13348.76,13394.73,13325.79,13357.64,59.908
2020-02-21 07:45:00,13346.63,13400.98,13300.05,13367.87,121.3191
2020-02-21 08:00:00,13323.56,13328.52,13304.75,13316.78,128.2587
2020-02-21 08:15:00,13329.59,13343.82,13303.33,13311.72,30.2205
2020-02-21 08:30:00,13347.33,13391.13,13344.3,13356.18,230.9183
2020-02-21 08:45:00,13258.39,13290.07,13255.72,13269.05,13.3087
2020-02-21 09:00:00,13323.8,13397.69,13314.85,13330.79,89.1772
2020-02-21 09:15:00,13383.99,13412.87,13332.65,13376.35,264.5194
2020-02-21 09:30:00,13374.98,13408.4,13337.35,13358.56,3.1484
2020-02-21 09:45:00,13364.42,13390.63,13355.14,13381.01,75.7688
2020-02-21 10:00:00,13361.75,13393.09,13360.14,13381.8,28.2944
2020-02-21 10:15:00,13463.28,13550.85,13353.52,13431.85,21.3759
2020-02-21 10:30:00,13469.73,13515.63,13462.4,13472.12,26.6268
2020-02-21 10:45:00,13419.6,13431.97,13377.22,13416.21,232.9824
2020-02-21 11:00:00,13431.22,13509.98,13415.73,13440.52,55.4283
2020-02-21 11:15:00,13439.48,13475.44,13420.17,13432.9,26.9051
2020-02-21 11:30:00,13449.81,13453.11,13420.12,13436.91,262.4962
2020-02-21 11:45:00,13412.25,13414.62,13393.87,13408.23,38.8044
2020-02-21 12:00:00,13502.68,13510.85,13457.82,13479.21,128.5424
2020-02-21 12:15:00,13517.53,13534.09,13493.32,13521.95,77.0401
2020-02-21 12:30:00,13489.07,13538.0,13456.91,13492.61,113.6831
2020-02-21 12:45:00,13442.38,13476.92,13420.85,13439.27,20.172
2020-02-21 13:00:00,13430.63,13451.08,13411.28,13424.39,113.4843
2020-02-21 13:15:00,13445.62,13486.61,13435.03,13442.56,236.2563
2020-02-21 13:30:00,13435.64,13478.95,13387.24,13452.92,10.6367
2020-02-21 13:45:00,13508.38,13515.38,13469.88,13504.16,39.5313
2020-02-21 14:00:00,13531.78,13558.69,13525.8,13536.84,359.7375
2020-02-21 14:15:00,13569.0,13583.34,13562.67,13576.89,25.5146
2020-02-21 14:30:00,13591.33,13598.09,13566.17,13590.88,6.1404
2020-02-21 14:45:00,13521.9,13552.26,13497.57,13534.92,5.6633
2020-02-21 15:00:00,13512.29,13581.36,13507.8,13527.65,32.1997
2020-02-21 15:15:00,13535.85,13573.96,13534.59,13571.35,68.2946
2020-02-21 15:30:00,13593.64,13604.21,13564.39,13569.93,31.3106
2020-02-21 15:45:00,13598.64,13607.46,13574.85,13591.09,32.9759
2020-02-21 16:00:00,13577.18,13600.83,13547.7,13578.77,178.0378
2020-02-21 16:15:00,13528.47,13538.87,13514.6,13537.5,145.646
2020-02-21 16:30:00,13494.24,13541.89,13463.5,13533.17,37.2291
2020-02-21 16:45:00,13536.52,13555.61,13514.23,13546.39,42.2948
2020-02-21 17:00:00,13530.1,13538.68,13509.59,13520.42,349.5717
2020-02-21 17:15:00,13524.27,13549.03,13501.88,13511.54,299.8851
2020-02-21 17:30:00,13482.79,13515.27,13458.26,13474.13,361.5599
2020-02-21 17:45:00,13522.19,13535.78,13520.01,13520.05,280.0163
2020-02-21 18:00:00,13526.39,13540.78,13470.46,13508.78,98.9096
2020-02-21 18:15:00,13563.87,13577.69,13506.63,13568.33,36.864
2020-02-21 18:30:00,13646.03,13698.67,13614.19,13631.24,348.9902
2020-02-21 18:45:00,13623.36,13654.85,13614.81,13628.6,135.7972
2020-02-21 19:00:00,13576.08,13602.29,13575.71,13588.05,124.2181
2020-02-21 19:15:00,13490.12,13522.83,13454.68,13503.7,159.7605
2020-02-21 19:30:00,13430.43,13455.16,13392.09,13444.74,91.2468
2020-02-21 19:45:00,13398.83,13439.45,13359.1,13390.0,87.5292
2020-02-21 20:00:00,13436.06,13452.21,13428.92,13446.05,44.837
2020-02-21 20:15:00,13437.5,13467.78,13432.32,13451.39,16.3387
2020-02-21 20:30:00,13477.4,13503.35,13426.65,13467.79,57.719
2020-02-21 20:45:00,13383.13,13396.52,13311.71,13378.75,72.8515
2020-02-21 21:00:00,13344.17,13388.43,13330.25,13331.33,210.2179
2020-02-21 21:15:00,13374.33,13414.28,13355.89,13367.48,51.3497
2020-02-21 21:30:00,13369.57,13396.3,13345.57,13379.65,214.5742
2020-02-21 21:45:00,13375.43,13376.23,13370.57,13374.41,38.2019
2020-02-21 22:00:00,13399.42,13405.19,13387.96,13397.74,289.4572
2020-02-21 22:15:00,13451.78,13488.51,13447.05,13464.16,3.9714
2020-02-21 22:30:00,13441.04,13463.16,13429.22,13455.9,74.5141
2020-02-21 22:45:00,13450.21,13483.83,13449.69,13459.38,38.8006
2020-02-21 23:00:00,13495.25,13544.46,13410.82,13467.82,34.8725
2020-02-21 23:15:00,13559.55,13587.3,13543.88,13565.15,8.2722
2020-02-21 23:30:00,13497.01,13550.86,13475.07,13480.39,114.3469
2020-02-21 23:45:00,13502.37,13523.04,13482.43,13508.7,49.8483
2020-02-22 00:00:00,13516.72,13541.16,13495.47,13504.72,297.6971
2020-02-22 00:15:00,13540.57,13596.69,13487.5,13528.36,124.6267
2020-02-22 00:30:00,13515.22,13550.63,13435.25,13502.35,58.4994
2020-02-22 00:45:00,13506.28,13541.0,13499.51,13501.05,98.6976
2020-02-22 01:00:00,13549.17,13572.19,13529.86,13530.53,6.828
2020-02-22 01:15:00,13662.74,13685.18,13643.91,13657.57,88.9498
2020-02-22 01:30:00,13714.82,13751.13,13684.1,13691.36,109.7063
2020-02-22 01:45:00,13635.09,13675.39,13593.75,13657.21,11.2233
2020-02-22 02:00:00,13645.28,13670.23,13637.85,13640.53,114.7057
2020-02-22 02:15:00,13626.52,13670.79,13620.91,13622.66,64.2468
2020-02-22 02:30:00,13537.27,13559.32,13511.5,13549.96,65.3191
2020-02-22 02:45:00,13545.06,13551.97,13495.71,13537.22,128.5825
2020-02-22 03:00:00,13547.44,13596.6,13528.83,13567.65,59.7486
2020-02-22 03:15:00,13507.62,13519.51,13480.3,13516.47,26.7027
2020-02-22 03:30:00,13532.55,13565.17,13526.67,13559.66,35.4226
2020-02-22 03:45:00,13601.34,13641.14,13576.77,13580.18,134.0752
2020-02-22 04:00:00,13547.81,13575.92,13507.55,13550.94,7.3642
2020-02-22 04:15:00,13575.22,13586.73,13531.6,13545.87,183.7754
2020-02-22 04:30:00,13622.43,13645.9,13604.91,13611.5,87.2761
2020-02-22 04:45:00,13648.24,13648.54,13641.24,13642.13,129.8177
2020-02-22 05:00:00,13635.18,13651.28,13606.89,13643.17,42.1119
2020-02-22 05:15:00,13619.86,13653.27,13589.18,13634.13,25.1983
2020-02-22 05:30:00,13645.07,13654.48,13614.97,13637.94,163.2582
2020-02-22 05:45:00,13616.71,13635.17,13606.84,13617.69,10.7817
2020-02-22 06:00:00,13514.26,13535.94,13514.05,13532.38,18.1347
2020-02-22 06:15:00,13595.31,13646.06,13593.53,13615.96,33.5362
2020-02-22 06:30:00,13609.93,13626.03,13573.72,13622.99,43.2666
2020-02-22 06:45:00,13664.78,13675.32,13633.46,13639.94,22.7723
2020-02-22 07:00:00,13668.44,13705.97,13622.56,13638.26,243.7598
2020-02-22 07:15:00,13611.65,13643.03,13586.68,13608.86,2.7555
2020-02-22 07:30:00,13603.98,13605.73,13597.2,13601.95,162.6921
2020-02-22 07:45:00,13532.81,13552.18,13512.91,13537.37,52.9448
2020-02-22 08:00:00,13617.78,13636.74,13594.23,13630.52,180.858
2020-02-22 08:15:00,13599.4,13613.64,13556.55,13580.72,158.9464
2020-02-22 08:30:00,13564.72,13578.45,13516.86,13539.35,12.9013
2020-02-22 08:45:00,13510.07,13550.32,13489.51,13522.15,109.7858
2020-02-22 09:00:00,13573.95,13608.74,13563.12,13575.08,47.5533
2020-02-22 09:15:00,13570.24,13587.54,13517.05,13576.35,172.044
2020-02-22 09:30:00,13521.0,13540.53,13502.02,13526.68,190.3934
2020-02-22 09:45:00,13594.36,13605.79,13575.54,13578.26,20.9544
2020-02-22 10:00:00,13590.86,13661.3,13559.64,13608.71,65.1331
2020-02-22 10:15:00,13637.73,13670.54,13624.67,13631.38,90.2397
2020-02-22 10:30:00,13671.28,13672.22,13657.14,13661.33,78.5429
2020-02-22 10:45:00,13758.18,13770.58,13755.76,13760.14,29.0046
2020-02-22 11:00:00,13863.4,13877.02,13800.51,13851.03,31.8129
2020-02-22 11:15:00,13825.23,13846.81,13804.97,13823.19,195.3278
2020-02-22 11:30:00,13908.13,13921.79,13874.07,13891.22,3.3247
2020-02-22 11:45:00,13886.71,13915.38,13864.09,13907.88,30.4303
2020-02-22 12:00:00,13924.54,13940.02,13854.76,13929.4,25.2411
2020-02-22 12:15:00,13858.39,13878.45,13822.4,13859.38,46.3096
2020-02-22 12:30:00,13815.97,13889.24,13774.86,13852.99,115.8689
2020-02-22 12:45:00,13804.9,13851.67,13785.41,13819.9,75.9844
2020-02-22 13:00:00,13843.65,13863.2,13834.31,13854.93,77.7898
2020-02-22 13:15:00,13913.32,13951.32,13872.74,13900.14,131.4114
2020-02-22 13:30:00,13804.56,13866.83,13796.76,13814.33,167.2168
2020-02-22 13:45:00,13802.8,13855.37,13785.73,13814.1,17.4204
2020-02-22 14:00:00,13872.62,13879.35,13813.47,13861.29,11.4323
2020-02-22 14:15:00,13831.8,13871.69,13769.23,13854.22,35.8418
2020-02-22 14:30:00,13856.45,13903.3,13811.13,13885.21,175.7667
2020-02-22 14:45:00,13895.51,13944.68,13854.47,13900.53,78.0326
2020-02-22 15:00:00,13895.33,13918.31,13874.23,13915.48,15.4114
2020-02-22 15:15:00,13885.24,13911.41,13866.1,13904.85,17.8813
2020-02-22 15:30:00,13862.74,13869.68,13833.31,13854.79,228.5424
2020-02-22 15:45:00,13820.96,13826.54,13803.5,13808.87,45.7235
2020-02-22 16:00:00,13849.86,13907.49,13826.58,13838.95,29.4746
2020-02-22 16:15:00,13855.79,13863.03,13802.98,13840.44,118.3322
2020-02-22 16:30:00,13852.56,13862.21,13806.97,13835.39,197.1731
2020-02-22 16:45:00,13789.07,13850.13,13746.42,13818.48,58.4131
2020-02-22 17:00:00,13812.74,13824.08,13796.65,13806.52,156.6054
2020-02-22 17:15:00,13843.24,13868.81,13831.93,13850.58,56.2184
2020-02-22 17:30:00,13827.0,13868.07,13784.95,13837.34,117.5787
2020-02-22 17:45:00,13790.08,13807.46,13769.59,13782.36,85.5238
2020-02-22 18:00:00,13789.89,13817.3,13763.39,13813.8,224.854
2020-02-22 18:15:00,13781.82,13810.68,13765.41,13806.0,39.3119
2020-02-22 18:30:00,13816.74,13818.73,13785.59,13807.99,147.15
2020-02-22 18:45:00,13882.04,13885.01,13841.87,13875.27,115.1815
2020-02-22 19:00:00,13877.01,13912.19,13841.26,13875.11,182.5257
2020-02-22 19:15:00,13875.62,13917.63,13844.16,13887.84,93.5322
2020-02-22 19:30:00,13849.71,13870.56,13816.55,13839.42,61.6442
2020-02-22 19:45:00,13840.4,13896.57,13823.84,13830.99,5.0719
2020-02-22 20:00:00,13858.15,13931.77,13833.33,13856.97,183.0699
2020-02-22 20:15:00,13776.77,13805.7,13743.62,13793.0,240.7219
2020-02-22 20:30:00,13796.14,13802.32,13761.8,13802.0,59.7207
2020-02-22 20:45:00,13818.44,13837.01,13762.2,13806.87,25.1366
2020-02-22 21:00:00,13827.6,13853.31,13799.29,13809.27,104.1728
2020-02-22 21:15:00,13848.4,13900.5,13842.4,13852.93,12.9768
2020-02-22 21:30:00,13864.06,13876.15,13849.57,13867.52,4.1705
2020-02-22 21:45:00,13927.45,13954.61,13905.71,13929.7,34.264
2020-02-22 22:00:00,13892.7,13914.2,13821.81,13888.88,113.9162
2020-02-22 22:15:00,13887.16,13916.14,13879.96,13895.24,168.3102
2020-02-22 22:30:00,13859.22,13905.57,13820.75,13899.45,17.0616
2020-02-22 22:45:00,13872.09,13909.75,13851.51,13855.56,292.1538
2020-02-22 23:00:00,13920.94,13963.26,13882.09,13896.0,80.3133
2020-02-22 23:15:00,13985.04,13998.05,13945.42,13993.61,259.3717
2020-02-22 23:30:00,13978.67,14001.61,13956.58,13993.6,16.2271
2020-02-22 23:45:00,14013.57,14015.78,14012.9,14015.5,61.2444
2020-02-23 00:00:00,14017.12,14043.6,13985.34,14019.75,56.354
2020-02-23 00:15:00,14004.37,14046.32,13919.92,13990.44,53.0506
2020-02-23 00:30:00,13915.48,13943.47,13894.34,13914.72,267.0584
2020-02-23 00:45:00,13874.95,13904.89,13861.86,13885.95,189.3206
2020-02-23 01:00:00,13810.43,13875.74,13799.13,13828.66,158.1227
2020-02-23 01:15:00,13912.08,13934.67,13874.07,13900.05,33.7046
2020-02-23 01:30:00,13904.27,13916.78,13869.2,13895.94,41.4065
2020-02-23 01:45:00,13896.94,13917.56,13838.01,13882.22,30.0163
2020-02-23 02:00:00,13906.46,13933.01,13855.71,13919.94,157.7374
2020-02-23 02:15:00,13899.3,13913.47,13859.7,13873.79,49.8941
2020-02-23 02:30:00,13818.43,13875.02,13795.63,13842.57,384.8439
2020-02-23 02:45:00,13855.91,13867.4,13797.0,13846.09,45.3054
2020-02-23 03:00:00,13862.99,13890.52,13855.42,13889.51,18.6072
2020-02-23 03:15:00,13900.12,13936.12,13890.0,13911.11,265.718
2020-02-23 03:30:00,13943.9,13949.99,13878.47,13922.17,152.6524
2020-02-23 03:45:00,13937.71,13969.6,13901.71,13926.13,87.5238
2020-02-23 04:00:00,13935.93,13951.04,13920.48,13943.55,195.5022
2020-02-23 04:15:00,13945.44,14001.29,13922.97,13952.68,298.4708
2020-02-23 04:30:00,13911.67,13946.63,13880.13,13910.27,197.5956
2020-02-23 04:45:00,13920.04,13920.67,13892.25,13912.88,234.8829
2020-02-23 05:00:00,13886.12,13931.06,13863.24,13868.77,31.6409
2020-02-23 05:15:00,13866.5,13895.94,13856.49,13872.83,71.5084
2020-02-23 05:30:00,13831.19,13872.97,13817.79,13853.52,158.6172
2020-02-23 05:45:00,13961.94,13973.97,13928.75,13959.75,74.659
2020-02-23 06:00:00,13952.4,13979.51,13935.82,13958.78,102.6774
2020-02-23 06:15:00,13882.59,13910.57,13877.42,13900.67,256.1934
2020-02-23 06:30:00,13899.91,13901.7,13861.31,13895.77,35.0046
2020-02-23 06:45:00,13915.15,13946.77,13911.07,13918.12,77.5238
2020-02-23 07:00:00,13992.97,14012.16,13988.12,13988.68,82.9056
2020-02-23 07:15:00,13952.16,13973.14,13935.59,13964.65,44.5564
2020-02-23 07:30:00,13905.82,13948.31,13832.66,13899.05,45.9298
2020-02-23 07:45:00,13915.45,13960.69,13904.65,13933.81,146.5506
2020-02-23 08:00:00,13865.31,13953.64,13851.11,13876.79,265.2351
2020-02-23 08:15:00,13855.96,13897.18,13833.52,13859.33,100.4397
2020-02-23 08:30:00,13873.43,13882.13,13849.26,13849.31,66.9321
2020-02-23 08:45:00,13857.98,13887.24,13837.88,13847.11,138.7733
2020-02-23 09:00:00,13891.38,13914.48,13871.5,13876.43,612.3485
2020-02-23 09:15:00,13868.29,13906.86,13839.43,13848.67,8.5995
2020-02-23 09:30:00,13887.84,13916.42,13812.86,13837.99,105.4355
2020-02-23 09:45:00,13838.66,13857.89,13813.42,13838.08,81.2174
2020-02-23 10:00:00,13864.65,13886.66,13835.47,13844.99,94.2241
2020-02-23 10:15:00,13863.77,13897.45,13809.04,13849.74,2.3084
2020-02-23 10:30:00,13882.36,13899.54,13858.53,13868.55,311.6181
2020-02-23 10:45:00,13929.02,13937.35,13894.14,13904.35,8.9267
2020-02-23 11:00:00,13915.59,13952.01,13881.24,13921.43,36.7409
2020-02-23 11:15:00,13934.11,13962.52,13886.33,13941.07,35.4246
2020-02-23 11:30:00,13880.03,13913.7,13846.72,13875.59,132.0932
2020-02-23 11:45:00,13875.84,13883.62,13856.69,13878.37,111.1506
2020-02-23 12:00:00,13903.46,13918.81,13870.12,13899.03,6.3713
2020-02-23 12:15:00,13951.89,13984.05,13898.1,13930.12,16.2176
2020-02-23 12:30:00,13895.24,13918.02,13841.73,13901.88,38.3877
2020-02-23 12:45:00,13870.87,13895.97,13855.85,13875.09,121.7747
2020-02-23 13:00:00,13854.31,13882.75,13832.56,13851.89,264.8393
2020-02-23 13:15:00,13871.71,13882.08,13868.78,13874.87,37.9029
2020-02-23 13:30:00,13891.96,13977.39,13850.16,13918.6,74.565
2020-02-23 13:45:00,13894.22,13926.26,13875.5,13902.28,46.6188
2020-02-23 14:00:00,13950.43,13964.91,13933.38,13940.85,86.1228
2020-02-23 14:15:00,13966.76,13998.1,13941.73,13946.71,98.8793
2020-02-23 14:30:00,13926.11,13977.87,13924.53,13942.21,73.0423
2020-02-23 14:45:00,13917.91,13970.84,13894.36,13934.06,49.2695
2020-02-23 15:00:00,13966.39,14000.12,13939.74,13965.97,211.8457
2020-02-23 15:15:00,13951.29,13997.37,13930.58,13980.31,161.9072
2020-02-23 15:30:00,14070.19,14128.34,14057.41,14076.46,644.124
2020-02-23 15:45:00,14016.8,14042.44,14010.0,14041.17,53.2207
2020-02-23 16:00:00,14082.95,14121.53,14035.06,14063.7,3.9514
2020-02-23 16:15:00,14031.27,14096.17,14017.12,14042.07,105.3746
2020-02-23 16:30:00,14029.31,14059.38,14002.54,14006.16,152.9827
2020-02-23 16:45:00,14022.0,14045.24,13950.31,14006.4,276.1202
2020-02-23 17:00:00,14003.82,14027.88,13967.59,14012.87,1.0418
2020-02-23 17:15:00,14121.1,14153.24,14100.67,14136.25,211.6786
2020-02-23 17:30:00,14126.41,14148.93,14081.58,14129.15,72.7196
2020-02-23 17:45:00,14080.47,14101.97,14074.33,14081.95,46.9712
2020-02-23 18:00:00,14099.06,14121.28,14045.11,14094.19,25.0948
2020-02-23 18:15:00,13996.29,14007.94,13963.11,14007.17,168.2675
2020-02-23 18:30:00,14014.46,14048.57,13973.41,14004.0,45.2149
2020-02-23 18:45:00,14009.09,14020.2,14000.91,14005.38,92.7748
2020-02-23 19:00:00,14034.69,14064.1,14006.23,14039.46,71.6757
2020-02-23 19:15:00,14071.15,14096.75,14028.26,14081.17,30.5377
2020-02-23 19:30:00,14058.01,14078.7,14038.22,14060.61,155.0143
2020-02-23 19:45:00,14043.47,14109.06,14025.91,14054.96,35.407
2020-02-23 20:00:00,14024.17,14037.12,14001.28,14023.35,154.7945
2020-02-23 20:15:00,13977.79,13984.14,13923.25,13976.6,52.6855
2020-02-23 20:30:00,13993.95,14034.66,13948.58,13990.29,3.0547
2020-02-23 20:45:00,13962.15,13978.39,13937.51,13937.54,145.8553
2020-02-23 21:00:00,13919.05,13984.98,13906.2,13920.9,229.5354
2020-02-23 21:15:00,13893.98,13921.87,13864.23,13880.03,12.7592
2020-02-23 21:30:00,13906.81,13925.2,13859.17,13903.62,88.0043
2020-02-23 21:45:00,13976.12,14039.74,13957.76,13979.45,7.4462
2020-02-23 22:00:00,13923.9,13952.54,13897.88,13925.56,177.1296
2020-02-23 22:15:00,13848.03,13892.32,13847.43,13848.85,441.9435
2020-02-23 22:30:00,13848.22,13860.58,13824.59,13844.35,68.3182
2020-02-23 22:45:00,13832.41,13875.94,13809.71,13845.69,37.6
2020-02-23 23:00:00,13835.16,13897.23,13825.95,13855.47,186.9176
2020-02-23 23:15:00,13846.66,13854.31,13836.94,13837.61,73.5594
2020-02-23 23:30:00,13842.39,13855.66,13812.51,13829.97,59.6067
2020-02-23 23:45:00,13856.24,13870.87,13811.32,13845.91,25.8522
2020-02-24 00:00:00,13891.97,13919.96,13868.59,13889.82,95.7159
2020-02-24 00:15:00,13819.64,13835.55,13793.11,13809.05,93.2211
2020-02-24 00:30:00,13804.3,13817.6,13756.97,13794.46,30.4943
2020-02-24 00:45:00,13814.87,13831.29,13771.83,13803.99,23.7509
2020-02-24 01:00:00,13754.84,13769.08,13711.15,13766.67,57.7261
2020-02-24 01:15:00,13823.67,13869.01,13770.91,13838.85,59.9322
2020-02-24 01:30:00,13807.8,13818.44,13802.26,13813.17,13.7438
2020-02-24 01:45:00,13811.91,13821.52,13809.41,13812.15,32.3045
2020-02-24 02:00:00,13832.53,13899.76,13816.99,13835.88,17.4773
2020-02-24 02:15:00,13786.1,13842.17,13777.16,13812.02,231.7144
2020-02-24 02:30:00,13759.85,13782.31,13727.37,13736.2,7.7246
2020-02-24 02:45:00,13715.46,13770.11,13711.02,13719.22,210.9973
2020-02-24 03:00:00,13764.66,13820.0,13668.64,13762.28,75.0531
2020-02-24 03:15:00,13766.17,13789.35,13740.34,13749.06,109.4585
2020-02-24 03:30:00,13682.67,13735.8,13672.84,13714.83,256.7198
2020-02-24 03:45:00,13746.57,13770.74,13723.99,13753.6,45.4739
2020-02-24 04:00:00,13735.32,13779.86,13730.36,13740.64,121.2739
2020-02-24 04:15:00,13715.69,13770.48,13685.57,13720.3,111.3818
2020-02-24 04:30:00,13724.76,13747.87,13679.56,13727.14,445.2188
2020-02-24 04:45:00,13779.48,13786.08,13758.76,13759.57,4.7142
2020-02-24 05:00:00,13867.9,13874.88,13851.11,13858.57,60.777
2020-02-24 05:15:00,13906.96,13951.27,13839.09,13893.65,456.1636
2020-02-24 05:30:00,13943.35,13946.84,13897.25,13942.69,39.7312
2020-02-24 05:45:00,13902.74,13933.8,13899.77,13922.22,337.1561
2020-02-24 06:00:00,13851.21,13882.21,13811.33,13880.07,169.6735
2020-02-24 06:15:00,13862.13,13916.59,13800.25,13883.36,41.4491
2020-02-24 06:30:00,13893.52,13957.95,13848.01,13888.52,2.9538
2020-02-24 06:45:00,13844.72,13845.62,13830.84,13844.28,32.8983
2020-02-24 07:00:00,13834.78,13876.78,13799.94,13837.69,13.2071
2020-02-24 07:15:00,13849.85,13864.66,13843.9,13854.96,55.9417
2020-02-24 07:30:00,13898.54,13902.67,13858.06,13870.63,280.5482
2020-02-24 07:45:00,13880.88,13895.77,13868.26,13892.31,71.8706
2020-02-24 08:00:00,13918.03,13947.34,13893.31,13905.13,59.3317
2020-02-24 08:15:00,13884.7,13913.49,13866.72,13884.68,24.3037
2020-02-24 08:30:00,13863.12,13877.13,13853.11,13863.96,97.1371
2020-02-24 08:45:00,13831.05,13863.73,13774.12,13814.79,60.7656
2020-02-24 09:00:00,13909.76,13967.31,13876.1,13889.45,148.1556
2020-02-24 09:15:00,13887.38,13896.56,13868.02,13890.7,72.5922
2020-02-24 09:30:00,13893.12,13930.2,13840.5,13882.03,217.6623
2020-02-24 09:45:00,13849.08,13870.09,13831.34,13844.04,152.7924
2020-02-24 10:00:00,13966.76,14008.91,13966.44,13966.66,15.673
2020-02-24 10:15:00,13925.23,13963.09,13915.53,13922.39,14.6184
2020-02-24 10:30:00,13895.6,13935.22,13876.22,13905.17,2.4652
2020-02-24 10:45:00,13918.95,13943.8,13912.33,13923.21,46.0465
2020-02-24 11:00:00,13940.88,13964.35,13914.71,13948.98,5.6167
2020-02-24 11:15:00,14002.37,14037.33,13981.26,13989.76,59.7749
2020-02-24 11:30:00,14064.99,14073.13,13982.79,14066.33,27.622
2020-02-24 11:45:00,14070.11,14100.3,14067.06,14088.39,68.963
2020-02-24 12:00:00,14034.3,14067.26,14012.82,14044.46,17.2334
2020-02-24 12:15:00,13989.44,14038.64,13960.14,14034.34,79.671
2020-02-24 12:30:00,14041.05,14060.64,14026.18,14048.0,339.4227
2020-02-24 12:45:00,14136.4,14223.51,14072.5,14135.86,101.3992
2020-02-24 13:00:00,14075.38,14094.74,14001.25,14077.29,83.1007
2020-02-24 13:15:00,14156.76,14161.43,14110.75,14128.78,155.1386
2020-02-24 13:30:00,14145.24,14147.44,14127.11,14137.12,0.5583
2020-02-24 13:45:00,14180.88,14193.71,14116.17,14173.36,33.1931
2020-02-24 14:00:00,14146.44,14186.42,14106.52,14169.73,434.1108
2020-02-24 14:15:00,14129.47,14154.63,14119.8,14134.63,152.6104
2020-02-24 14:30:00,14160.28,14201.79,14113.2,14167.17,9.4604
2020-02-24 14:45:00,14184.54,14229.3,14178.68,14195.7,39.5208
2020-02-24 15:00:00,14226.41,14267.49,14181.12,14237.8,57.9576
2020-02-24 15:15:00,14212.2,14255.01,14133.39,14237.95,272.6988
2020-02-24 15:30:00,14194.9,14214.99,14150.03,14213.04,88.2341
2020-02-24 15:45:00,14159.65,14183.61,14140.85,14147.28,8.0371
2020-02-24 16:00:00,14180.74,14184.01,14157.51,14182.77,71.146
2020-02-24 16:15:00,14194.32,14216.57,14170.77,14201.51,34.1627
2020-02-24 16:30:00,14161.0,14174.54,14142.82,14161.07,41.355
2020-02-24 16:45:00,14155.41,14164.44,14099.83,14138.9,12.1342
2020-02-24 17:00:00,14119.87,14134.44,14110.66,14119.81,61.3885
2020-02-24 17:15:00,14065.29,14092.44,14016.63,14057.7,110.7103
2020-02-24 17:30:00,14012.04,14034.97,13997.9,14023.92,142.5247
2020-02-24 17:45:00,13968.27,13978.99,13957.17,13976.92,118.8713
2020-02-24 18:00:00,13965.26,13975.34,13945.33,13960.32,108.0321
2020-02-24 18:15:00,13956.44,13991.24,13904.89,13930.08,203.4216
2020-02-24 18:30:00,13882.6,13886.26,13819.18,13862.78,40.4023
2020-02-24 18:45:00,13955.72,13956.8,13926.46,13947.59,24.1555
2020-02-24 19:00:00,14002.82,14026.33,13994.51,14000.7,9.3694
2020-02-24 19:15:00,13988.25,14032.92,13931.2,13968.68,18.117
2020-02-24 19:30:00,13991.9,14037.92,13953.49,13980.79,16.1803
2020-02-24 19:45:00,13966.89,14006.12,13950.5,13999.0,243.6082
2020-02-24 20:00:00,14034.92,14058.34,14010.84,14049.72,19.9082
2020-02-24 20:15:00,14020.66,14072.54,14002.01,14015.92,9.8655
2020-02-24 20:30:00,14037.42,14063.81,14031.99,14062.54,51.1246
2020-02-24 20:45:00,14027.53,14085.77,14014.68,14040.13,18.5861
2020-02-24 21:00:00,13974.78,13990.35,13950.32,13984.57,13.9915
2020-02-24 21:15:00,14012.06,14050.72,13983.74,14015.65,45.0058
2020-02-24 21:30:00,14066.58,14089.84,14052.95,14070.62,251.8057
2020-02-24 21:45:00,14176.46,14212.29,14161.87,14180.56,3.0907
2020-02-24 22:00:00,14141.9,14146.87,14125.72,14130.23,23.2836
2020-02-24 22:15:00,14156.81,14178.89,14144.85,14160.57,173.8562
2020-02-24 22:30:00,14138.43,14196.45,14136.57,14143.87,28.135
2020-02-24 22:45:00,14158.69,14229.91,14115.65,14177.81,58.177
2020-02-24 23:00:00,14130.44,14155.77,14103.76,14115.98,10.3742
2020-02-24 23:15:00,14053.77,14065.87,14048.44,14063.21,158.5596
2020-02-24 23:30:00,14015.93,14057.81,13996.34,14031.18,133.3554
2020-02-24 23:45:00,14038.19,14041.02,14020.27,14035.2,13.7039
2020-02-25 00:00:00,13998.17,14056.29,13990.43,14008.91,295.5792
2020-02-25 00:15:00,14029.93,14074.79,13992.62,14037.31,89.3119
2020-02-25 00:30:00,14084.9,14141.26,14057.9,14081.26,160.0269
2020-02-25 00:45:00,14102.68,14129.01,14083.21,14107.29,144.3073
2020-02-25 01:00:00,14209.28,14236.07,14140.66,14176.5,73.204
2020-02-25 01:15:00,14193.84,14195.52,14181.41,14194.9,137.6311
2020-02-25 01:30:00,14152.53,14153.04,14140.2,14143.79,27.1543
2020-02-25 01:45:00,14174.77,14246.89,14169.36,14202.34,2.1493
2020-02-25 02:00:00,14165.07,14198.41,14158.37,14177.27,41.8666
2020-02-25 02:15:00,14201.25,14255.32,14196.21,14216.7,16.5468
2020-02-25 02:30:00,14270.9,14331.77,14251.68,14284.53,396.7572
2020-02-25 02:45:00,14310.76,14346.76,14301.56,14304.82,257.2102
2020-02-25 03:00:00,14256.07,14282.53,14237.86,14241.32,15.5646
2020-02-25 03:15:00,14207.7,14229.33,14195.23,14202.81,42.1579
2020-02-25 03:30:00,14256.65,14283.89,14245.26,14259.88,71.1957
2020-02-25 03:45:00,14244.36,14282.45,14234.4,14253.36,50.871
2020-02-25 04:00:00,14273.35,14299.24,14231.84,14257.47,120.4035
2020-02-25 04:15:00,14320.24,14361.09,14289.44,14290.64,70.0209
2020-02-25 04:30:00,14323.14,14337.01,14308.38,14321.21,83.3015
2020-02-25 04:45:00,14347.37,14359.97,14326.19,14333.9,113.2085
2020-02-25 05:00:00,14330.56,14344.07,14303.48,14325.65,2.3952
2020-02-25 05:15:00,14323.74,14349.46,14310.17,14312.92,1.2503
2020-02-25 05:30:00,14333.77,14359.89,14322.38,14350.48,19.6166
2020-02-25 05:45:00,14368.01,14389.49,14364.33,14375.03,126.6931
2020-02-25 06:00:00,14370.33,14381.03,14300.6,14364.65,27.4991
2020-02-25 06:15:00,14429.47,14433.19,14393.08,14412.0,252.7941
2020-02-25 06:30:00,14395.35,14428.71,14391.03,14407.14,8.175
2020-02-25 06:45:00,14341.83,14374.47,14319.48,14371.05,86.7283
2020-02-25 07:00:00,14331.9,14348.79,14311.99,14339.05,2.5879
2020-02-25 07:15:00,14312.11,14365.06,14242.53,14297.66,357.7645
2020-02-25 07:30:00,14264.06,14288.64,14263.93,14286.69,24.0379
2020-02-25 07:45:00,14323.41,14340.57,14307.33,14340.29,88.5852
2020-02-25 08:00:00,14308.6,14320.86,14305.82,14306.37,305.8787
2020-02-25 08:15:00,14313.51,14342.35,14284.35,14315.17,3.0836
2020-02-25 08:30:00,14296.18,14345.51,14257.31,14287.68,71.8946
2020-02-25 08:45:00,14259.7,14286.15,14214.87,14277.24,74.8054
2020-02-25 09:00:00,14208.66,14243.75,14202.07,14213.28,43.307
2020-02-25 09:15:00,14221.56,14256.65,14185.88,14204.58,106.2915
2020-02-25 09:30:00,14180.1,14250.4,14159.16,14197.04,78.2044
2020-02-25 09:45:00,14241.76,14260.74,14211.17,14220.76,28.6538
2020-02-25 10:00:00,14215.81,14293.18,14188.29,14231.0,122.183
2020-02-25 10:15:00,14192.59,14205.63,14147.2,14180.55,62.768
2020-02-25 10:30:00,14222.07,14238.74,14185.39,14227.38,63.5464
2020-02-25 10:45:00,14220.77,14286.16,14216.38,14237.07,303.4896
2020-02-25 11:00:00,14239.17,14274.75,14228.11,14246.25,76.5787
2020-02-25 11:15:00,14254.34,14304.05,14202.05,14246.57,153.5524
2020-02-25 11:30:00,14225.06,14226.93,14198.45,14225.16,202.032
2020-02-25 11:45:00,14251.08,14255.1,14222.36,14235.16,86.924
2020-02-25 12:00:00,14276.65,14318.89,14230.62,14256.18,154.3529
2020-02-25 12:15:00,14165.41,14214.13,14146.45,14182.18,37.0401
2020-02-25 12:30:00,14142.18,14191.15,14131.62,14159.97,20.0803
2020-02-25 12:45:00,14131.39,14173.6,14105.53,14149.85,118.9212
2020-02-25 13:00:00,14148.7,14162.48,14130.0,14161.43,260.6298
2020-02-25 13:15:00,14228.53,14229.51,14211.51,14212.84,4.3426
2020-02-25 13:30:00,14188.59,14204.29,14174.47,14180.64,143.9939
2020-02-25 13:45:00,14152.45,14168.68,14149.09,14160.17,2.881
2020-02-25 14:00:00,14138.94,14154.36,14109.64,14139.1,61.3601
2020-02-25 14:15:00,14125.62,14139.51,14097.93,14105.81,113.069
2020-02-25 14:30:00,14118.71,14140.41,14062.36,14091.82,51.9706
2020-02-25 14:45:00,14128.78,14150.27,14107.76,14125.11,35.8034
2020-02-25 15:00:00,14043.72,14137.51,14039.92,14081.16,20.6823
2020-02-25 15:15:00,14104.13,14110.44,14038.91,14099.94,381.0898
2020-02-25 15:30:00,14041.77,14096.69,14001.18,14028.65,84.4705
2020-02-25 15:45:00,14008.88,14029.91,13991.11,14005.73,13.6788
2020-02-25 16:00:00,14002.75,14018.43,13975.66,13992.59,4.9348
2020-02-25 16:15:00,14068.62,14071.98,14036.71,14063.59,27.8908
2020-02-25 16:30:00,14035.35,14063.19,14030.77,14052.7,77.3544
2020-02-25 16:45:00,13948.23,13967.42,13931.57,13960.61,139.429
2020-02-25 17:00:00,13873.13,13912.65,13855.0,13877.59,396.1197
2020-02-25 17:15:00,13894.48,13932.04,13857.39,13879.7,179.5447
2020-02-25 17:30:00,13895.3,13951.1,13889.82,13905.95,94.6669
2020-02-25 17:45:00,13928.65,13931.98,13911.03,13922.31,109.8045
2020-02-25 18:00:00,13934.23,13948.05,13925.03,13930.0,73.8291
2020-02-25 18:15:00,14001.44,14011.51,13933.7,13979.27,57.0176
2020-02-25 18:30:00,13956.76,13977.34,13904.55,13957.34,153.5838
2020-02-25 18:45:00,13970.95,14026.48,13909.37,13995.51,19.5233
2020-02-25 19:00:00,13936.69,13953.51,13901.88,13927.68,40.6365
2020-02-25 19:15:00,13920.27,13948.72,13860.57,13890.57,384.8263
2020-02-25 19:30:00,13825.8,13827.87,13801.88,13815.96,84.8002
2020-02-25 19:45:00,13794.39,13839.41,13745.34,13805.26,69.0172
2020-02-25 20:00:00,13789.1,13807.68,13777.98,13804.04,190.2394
2020-02-25 20:15:00,13796.29,13810.03,13773.22,13809.45,143.5568
2020-02-25 20:30:00,13840.38,13870.91,13800.03,13812.7,39.4587
2020-02-25 20:45:00,13770.45,13812.38,13758.55,13774.96,98.3397
2020-02-25 21:00:00,13758.66,13788.46,13738.45,13767.79,20.5047
2020-02-25 21:15:00,13704.45,13719.04,13685.06,13706.63,5.4432
2020-02-25 21:30:00,13759.0,13791.22,13748.05,13763.37,459.0108
2020-02-25 21:45:00,13773.08,13788.04,13747.28,13751.52,133.6408
2020-02-25 22:00:00,13718.11,13767.8,13709.24,13732.04,267.0254
2020-02-25 22:15:00,13814.47,13840.68,13746.83,13798.18,178.3119
2020-02-25 22:30:00,13749.13,13789.63,13721.41,13747.45,55.8746
2020-02-25 22:45:00,13718.25,13723.04,13698.24,13701.71,197.6459
2020-02-25 23:00:00,13678.95,13689.89,13636.23,13657.34,154.5053
2020-02-25 23:15:00,13656.4,13683.82,13635.88,13655.24,29.875
2020-02-25 23:30:00,13669.3,13693.55,13607.59,13673.61,97.5533
2020-02-25 23:45:00,13705.54,13726.48,13652.3,13704.63,36.3869
2020-02-26 00:00:00,13809.75,13820.02,13748.42,13811.06,26.6619
2020-02-26 00:15:00,13695.82,13777.1,13653.63,13718.55,8.5268
2020-02-26 00:30:00,13765.63,13796.28,13727.41,13744.29,78.3424
2020-02-26 00:45:00,13725.38,13755.94,13701.26,13722.01,49.8282
2020-02-26 01:00:00,13682.62,13710.86,13655.76,13698.55,9.2165
2020-02-26 01:15:00,13645.5,13686.48,13629.79,13673.77,126.711
2020-02-26 01:30:00,13605.43,13649.32,13542.76,13637.17,128.3957
2020-02-26 01:45:00,13717.33,13732.87,13697.57,13706.77,26.8287
2020-02-26 02:00:00,13733.58,13782.47,13731.59,13742.09,312.1457
2020-02-26 02:15:00,13737.48,13744.98,13706.98,13743.73,150.4463
2020-02-26 02:30:00,13806.86,13812.32,13781.71,13800.12,163.6317
2020-02-26 02:45:00,13731.11,13755.21,13694.44,13738.2,0.3708
2020-02-26 03:00:00,13691.52,13692.33,13645.89,13684.04,383.6787
2020-02-26 03:15:00,13596.61,13623.14,13585.71,13595.31,463.5051
2020-02-26 03:30:00,13566.32,13576.79,13561.25,13567.47,70.7693
2020-02-26 03:45:00,13553.38,13605.85,13528.73,13574.73,420.0801
2020-02-26 04:00:00,13568.46,13599.81,13524.27,13579.59,94.7113
2020-02-26 04:15:00,13594.54,13614.52,13563.62,13586.36,14.3857
2020-02-26 04:30:00,13520.29,13555.18,13494.42,13529.52,168.3247
2020-02-26 04:45:00,13579.15,13630.94,13509.03,13562.8,81.6638
2020-02-26 05:00:00,13605.07,13605.1,13553.76,13573.23,41.8991
2020-02-26 05:15:00,13612.68,13648.39,13602.23,13603.75,26.9425
2020-02-26 05:30:00,13547.38,13567.74,13523.09,13527.19,73.1674
2020-02-26 05:45:00,13550.26,13589.09,13485.12,13540.5,117.6846
2020-02-26 06:00:00,13485.72,13495.93,13468.81,13492.93,209.5631
2020-02-26 06:15:00,13480.22,13493.73,13472.91,13477.52,91.2893
2020-02-26 06:30:00,13526.98,13543.15,13482.26,13499.8,53.6645
2020-02-26 06:45:00,13497.1,13508.98,13487.64,13504.17,100.0037
2020-02-26 07:00:00,13456.35,13474.8,13442.76,13470.35,68.7085
2020-02-26 07:15:00,13455.99,13471.41,13440.19,13471.27,105.5532
2020-02-26 07:30:00,13407.13,13413.62,13400.89,13410.05,93.8974
2020-02-26 07:45:00,13443.49,13489.93,13438.77,13457.0,384.8267
2020-02-26 08:00:00,13471.9,13478.26,13431.02,13449.38,97.3514
2020-02-26 08:15:00,13498.11,13537.33,13485.54,13495.19,117.4539
2020-02-26 08:30:00,13487.64,13501.06,13395.98,13474.54,222.9192
2020-02-26 08:45:00,13450.03,13469.95,13402.92,13454.05,244.2092
2020-02-26 09:00:00,13408.58,13441.46,13395.15,13423.88,15.1844
2020-02-26 09:15:00,13442.21,13488.16,13415.87,13459.84,60.4779
2020-02-26 09:30:00,13419.67,13439.1,13402.18,13431.86,286.0663
2020-02-26 09:45:00,13463.19,13471.75,13448.43,13458.51,321.312
2020-02-26 10:00:00,13450.73,13462.04,13427.65,13443.74,21.0761
2020-02-26 10:15:00,13372.78,13410.43,13350.28,13364.72,58.6456
2020-02-26 10:30:00,13322.66,13350.47,13308.07,13342.52,32.6631
2020-02-26 10:45:00,13295.99,13326.45,13265.46,13295.99,156.416
2020-02-26 11:00:00,13284.37,13328.88,13249.5,13298.01,191.1675
2020-02-26 11:15:00,13256.5,13266.41,13172.45,13251.18,63.3456
2020-02-26 11:30:00,13295.02,13302.87,13276.55,13288.66,112.5963
2020-02-26 11:45:00,13270.12,13300.54,13221.27,13285.69,203.9962
2020-02-26 12:00:00,13292.13,13309.87,13257.15,13279.28,123.6217
2020-02-26 12:15:00,13337.19,13345.17,13272.85,13306.07,17.0108
2020-02-26 12:30:00,13356.35,13376.19,13332.49,13345.21,124.4768
2020-02-26 12:45:00,13342.9,13369.32,13342.13,13345.08,17.3101
2020-02-26 13:00:00,13310.65,13335.64,13303.03,13314.87,106.0581
2020-02-26 13:15:00,13241.9,13245.59,13218.61,13244.67,40.5766
2020-02-26 13:30:00,13208.02,13263.84,13185.19,13218.08,5.8099
2020-02-26 13:45:00,13197.59,13208.48,13193.23,13194.26,25.6806
2020-02-26 14:00:00,13184.13,13208.56,13168.65,13199.16,63.183
2020-02-26 14:15:00,13161.23,13192.72,13157.9,13186.15,511.8704
2020-02-26 14:30:00,13216.93,13250.29,13191.88,13214.03,29.5326
2020-02-26 14:45:00,13190.67,13214.26,13171.72,13190.39,385.2929
2020-02-26 15:00:00,13181.26,13190.23,13169.13,13188.79,45.2901
2020-02-26 15:15:00,13219.32,13237.52,13176.04,13236.29,321.915
2020-02-26 15:30:00,13254.37,13270.0,13249.19,13250.53,312.5919
2020-02-26 15:45:00,13235.69,13266.5,13232.98,13248.8,15.4198
2020-02-26 16:00:00,13223.7,13227.41,13181.3,13225.54,176.4451
2020-02-26 16:15:00,13224.38,13226.72,13188.0,13201.08,72.8385
2020-02-26 16:30:00,13176.63,13180.01,13157.34,13168.05,115.9
2020-02-26 16:45:00,13129.34,13147.77,13110.93,13147.34,149.6447
2020-02-26 17:00:00,13161.0,13214.8,13155.62,13177.8,13.2999
2020-02-26 17:15:00,13171.69,13231.26,13150.32,13169.69,160.4314
2020-02-26 17:30:00,13098.98,13141.72,13078.63,13117.02,36.0675
2020-02-26 17:45:00,13160.86,13201.26,13159.63,13187.25,131.8149
2020-02-26 18:00:00,13207.6,13238.73,13178.42,13200.57,85.2515
2020-02-26 18:15:00,13149.73,13151.2,13126.42,13145.51,115.412
2020-02-26 18:30:00,13134.66,13163.3,13115.29,13128.75,97.5188
2020-02-26 18:45:00,13137.22,13156.3,13114.41,13133.77,166.2947
2020-02-26 19:00:00,13200.73,13213.9,13192.06,13201.59,224.9614
2020-02-26 19:15:00,13149.65,13184.29,13149.42,13158.36,59.6206
2020-02-26 19:30:00,13204.36,13228.78,13188.73,13197.55,49.7862
2020-02-26 19:45:00,13273.9,13286.02,13241.82,13253.62,27.7323
2020-02-26 20:00:00,13222.66,13245.55,13221.81,13229.29,168.1144
2020-02-26 20:15:00,13205.44,13231.48,13187.45,13218.93,341.1665
2020-02-26 20:30:00,13163.54,13189.56,13148.09,13178.5,21.7313
2020-02-26 20:45:00,13159.7,13220.17,13146.05,13171.11,61.2199
2020-02-26 21:00:00,13172.99,13175.51,13153.2,13170.33,147.1144
2020-02-26 21:15:00,13168.81,13243.6,13154.06,13197.05,101.0719
2020-02-26 21:30:00,13246.68,13294.99,13225.17,13240.87,168.7566
2020-02-26 21:45:00,13220.32,13237.0,13171.28,13211.81,1.6277
2020-02-26 22:00:00,13110.88,13145.24,13098.27,13134.5,242.3031
2020-02-26 22:15:00,13121.46,13136.78,13112.93,13134.32,6.3314
2020-02-26 22:30:00,13147.59,13201.64,13085.73,13146.54,58.9649
2020-02-26 22:45:00,13155.15,13163.08,13130.34,13157.04,32.2639
2020-02-26 23:00:00,13151.63,13216.68,13119.66,13144.8,263.3784
2020-02-26 23:15:00,13148.52,13156.87,13135.22,13150.38,32.1781
2020-02-26 23:30:00,13227.53,13243.52,13163.07,13210.82,46.7346
2020-02-26 23:45:00,13222.36,13243.64,13207.0,13226.61,219.2297
2020-02-27 00:00:00,13199.47,13218.88,13173.31,13212.46,77.0906
2020-02-27 00:15:00,13179.26,13193.62,13160.51,13193.29,228.4762
2020-02-27 00:30:00,13196.93,13226.46,13155.63,13187.23,108.1664
2020-02-27 00:45:00,13253.03,13281.84,13246.22,13252.64,8.2503
2020-02-27 01:00:00,13254.41,13265.21,13229.49,13246.01,57.0552
2020-02-27 01:15:00,13254.01,13255.89,13223.08,13245.89,19.4056
2020-02-27 01:30:00,13200.67,13271.81,13194.91,13227.39,6.7351
2020-02-27 01:45:00,13256.53,13317.15,13225.08,13271.66,46.8116
2020-02-27 02:00:00,13336.73,13352.54,13314.68,13350.35,239.0642
2020-02-27 02:15:00,13358.16,13392.45,13347.49,13369.07,12.5189
2020-02-27 02:30:00,13367.43,13408.67,13366.22,13373.05,0.6795
2020-02-27 02:45:00,13388.56,13412.39,13372.53,13375.2,273.474
2020-02-27 03:00:00,13296.11,13336.25,13267.8,13280.2,75.5247
2020-02-27 03:15:00,13306.65,13335.38,13272.97,13310.55,81.7759
2020-02-27 03:30:00,13313.22,13338.27,13270.47,13316.57,263.7401
2020-02-27 03:45:00,13324.94,13376.41,13290.74,13334.35,120.4569
2020-02-27 04:00:00,13307.74,13320.88,13297.32,13306.55,175.3382
2020-02-27 04:15:00,13294.56,13308.15,13267.4,13291.87,147.1824
2020-02-27 04:30:00,13286.85,13321.94,13270.8,13276.15,94.6383
2020-02-27 04:45:00,13328.13,13351.21,13294.85,13317.5,116.6031
2020-02-27 05:00:00,13272.41,13322.65,13269.27,13303.03,82.258
2020-02-27 05:15:00,13384.77,13424.24,13378.39,13386.82,43.9121
2020-02-27 05:30:00,13423.34,13426.7,13375.36,13404.79,33.5966
2020-02-27 05:45:00,13348.31,13382.49,13345.75,13354.16,19.3517
2020-02-27 06:00:00,13364.89,13400.36,13314.16,13349.68,43.6959
2020-02-27 06:15:00,13320.16,13331.24,13310.78,13324.25,86.0138
2020-02-27 06:30:00,13239.51,13254.64,13217.8,13237.2,88.561
2020-02-27 06:45:00,13286.25,13312.2,13276.82,13301.38,115.0177
2020-02-27 07:00:00,13315.45,13354.9,13291.79,13330.1,211.5485
2020-02-27 07:15:00,13361.78,13364.19,13318.98,13352.09,105.5117
2020-02-27 07:30:00,13371.16,13396.84,13338.2,13359.38,18.7398
2020-02-27 07:45:00,13305.01,13345.59,13294.93,13304.66,2.6034
2020-02-27 08:00:00,13269.71,13300.56,13235.49,13286.02,21.9242
2020-02-27 08:15:00,13320.82,13323.31,13314.72,13320.24,238.708
2020-02-27 08:30:00,13295.59,13297.64,13260.3,13278.9,83.8531
2020-02-27 08:45:00,13201.67,13279.75,13163.64,13178.7,188.7876
2020-02-27 09:00:00,13166.21,13189.16,13149.74,13170.38,26.6976
2020-02-27 09:15:00,13143.59,13190.0,13140.57,13165.44,123.7463
2020-02-27 09:30:00,13182.52,13208.09,13161.18,13171.45,131.5553
2020-02-27 09:45:00,13197.26,13220.29,13186.94,13200.9,165.8288
2020-02-27 10:00:00,13239.28,13243.64,13200.03,13226.81,76.6824
2020-02-27 10:15:00,13241.46,13246.47,13223.4,13237.74,157.7511
2020-02-27 10:30:00,13274.14,13304.2,13226.22,13285.88,274.0228
2020-02-27 10:45:00,13226.77,13285.2,13171.74,13226.0,315.5747
2020-02-27 11:00:00,13264.02,13282.81,13238.99,13246.68,13.403
2020-02-27 11:15:00,13270.27,13290.03,13239.67,13272.25,97.8985
2020-02-27 11:30:00,13209.87,13225.63,13202.23,13223.55,12.0458
2020-02-27 11:45:00,13143.68,13201.51,13140.57,13164.59,255.8581
2020-02-27 12:00:00,13125.65,13172.8,13067.22,13135.79,310.9884
2020-02-27 12:15:00,13105.0,13126.51,13095.18,13110.38,69.2332
2020-02-27 12:30:00,13151.44,13170.12,13133.36,13140.67,321.621
2020-02-27 12:45:00,13102.4,13151.05,13084.55,13117.1,145.3467
2020-02-27 13:00:00,13104.39,13120.35,13074.98,13084.06,119.0526
2020-02-27 13:15:00,13043.24,13076.55,13011.56,13060.7,86.9306
2020-02-27 13:30:00,13135.74,13149.84,13066.85,13105.19,52.2186
2020-02-27 13:45:00,13128.97,13139.85,13070.68,13106.35,331.8147
2020-02-27 14:00:00,13101.81,13111.0,13072.03,13099.96,21.9465
2020-02-27 14:15:00,13074.71,13098.84,13065.05,13096.29,162.2209
2020-02-27 14:30:00,13146.98,13149.11,13119.02,13147.71,45.8001
2020-02-27 14:45:00,13113.74,13142.63,13079.47,13118.82,139.9362
2020-02-27 15:00:00,13154.47,13236.58,13149.9,13171.25,17.8753
2020-02-27 15:15:00,13184.06,13188.2,13175.63,13180.23,46.7294
2020-02-27 15:30:00,13163.69,13188.99,13130.36,13174.54,292.1485
2020-02-27 15:45:00,13264.55,13279.83,13259.31,13274.04,81.4852
2020-02-27 16:00:00,13229.98,13255.04,13215.56,13232.67,67.5797
2020-02-27 16:15:00,13211.69,13253.62,13199.27,13219.29,139.4758
2020-02-27 16:30:00,13198.45,13244.53,13164.12,13171.08,53.966
2020-02-27 16:45:00,13202.29,13210.18,13168.91,13209.37,67.9293
2020-02-27 17:00:00,13282.82,13337.39,13234.05,13276.97,82.2361
2020-02-27 17:15:00,13346.09,13378.34,13313.83,13344.15,460.3862
2020-02-27 17:30:00,13398.54,13420.2,13388.19,13393.81,163.6672
2020-02-27 17:45:00,13392.29,13406.11,13348.9,13386.54,4.0614
2020-02-27 18:00:00,13384.33,13401.35,13365.4,13372.54,153.0709
2020-02-27 18:15:00,13309.71,13321.07,13271.84,13306.17,69.9116
2020-02-27 18:30:00,13391.11,13404.62,13375.19,13388.1,26.223
2020-02-27 18:45:00,13408.39,13433.24,13399.58,13407.61,192.0746
2020-02-27 19:00:00,13386.64,13430.42,13343.45,13388.49,31.5439
2020-02-27 19:15:00,13430.25,13476.53,13381.21,13442.5,38.6267
2020-02-27 19:30:00,13403.13,13405.97,13374.27,13403.95,6.5065
2020-02-27 19:45:00,13424.21,13451.92,13393.78,13420.97,379.8916
2020-02-27 20:00:00,13420.08,13449.87,13413.32,13414.69,158.6612
2020-02-27 20:15:00,13443.48,13450.79,13411.5,13441.06,16.0288
2020-02-27 20:30:00,13436.04,13463.79,13404.92,13439.17,67.2462
2020-02-27 20:45:00,13380.58,13441.76,13360.29,13381.34,41.0599
2020-02-27 21:00:00,13377.64,13399.32,13335.71,13385.05,3.293
2020-02-27 21:15:00,13432.04,13439.3,13413.21,13427.83,262.0329
2020-02-27 21:30:00,13424.36,13435.32,13397.5,13427.33,182.8902
2020-02-27 21:45:00,13461.65,13502.25,13433.39,13459.22,433.7255
2020-02-27 22:00:00,13431.11,13444.77,13415.93,13417.68,27.7751
2020-02-27 22:15:00,13407.78,13426.46,13405.99,13417.29,120.2032
2020-02-27 22:30:00,13400.82,13410.18,13384.24,13392.83,12.5755
2020-02-27 22:45:00,13423.95,13431.31,13420.41,13423.51,56.4566
2020-02-27 23:00:00,13452.58,13464.11,13414.97,13425.45,187.5617
2020-02-27 23:15:00,13451.0,13492.53,13438.2,13453.91,0.809
2020-02-27 23:30:00,13507.87,13575.42,13488.17,13498.49,65.5275
2020-02-27 23:45:00,13527.38,13556.1,13494.21,13527.17,57.0393
2020-02-28 00:00:00,13520.13,13574.06,13477.18,13538.93,117.4409
2020-02-28 00:15:00,13492.03,13501.84,13478.63,13499.06,27.1712
2020-02-28 00:30:00,13511.51,13567.69,13490.82,13499.62,19.0293
2020-02-28 00:45:00,13472.88,13496.22,13466.73,13478.71,105.1823
2020-02-28 01:00:00,13435.57,13468.52,13427.6,13465.47,102.5147
2020-02-28 01:15:00,13450.59,13460.9,13414.32,13451.01,139.3455
2020-02-28 01:30:00,13397.49,13420.29,13370.02,13412.14,28.3575
2020-02-28 01:45:00,13335.82,13342.62,13310.41,13334.06,1.646
2020-02-28 02:00:00,13328.64,13341.23,13290.05,13308.0,210.3388
2020-02-28 02:15:00,13326.63,13331.96,13310.86,13316.38,23.1098
2020-02-28 02:30:00,13283.57,13319.31,13243.61,13263.19,54.1231
2020-02-28 02:45:00,13257.03,13269.04,13248.41,13264.48,63.2053
2020-02-28 03:00:00,13338.85,13390.23,13337.23,13340.76,20.7436
2020-02-28 03:15:00,13368.39,13388.82,13350.58,13382.37,73.5699
2020-02-28 03:30:00,13439.82,13452.71,13437.64,13449.02,245.6793
2020-02-28 03:45:00,13453.0,13507.49,13443.3,13465.48,31.6567
2020-02-28 04:00:00,13495.66,13533.47,13483.94,13513.31,73.4677
2020-02-28 04:15:00,13503.06,13527.09,13476.92,13484.64,36.9176
2020-02-28 04:30:00,13431.09,13473.52,13424.4,13459.25,394.8969
2020-02-28 04:45:00,13367.61,13396.66,13342.17,13349.32,24.9229
2020-02-28 05:00:00,13414.19,13435.6,13350.15,13397.49,11.5782
2020-02-28 05:15:00,13466.8,13477.9,13446.96,13460.07,15.3872
2020-02-28 05:30:00,13423.43,13445.55,13408.93,13438.41,45.7363
2020-02-28 05:45:00,13407.59,13455.1,13393.41,13428.84,80.4865
2020-02-28 06:00:00,13391.79,13448.86,13365.35,13399.14,110.2654
2020-02-28 06:15:00,13423.58,13435.44,13396.14,13415.19,82.648
2020-02-28 06:30:00,13461.18,13477.88,13437.75,13461.14,235.9543
2020-02-28 06:45:00,13377.46,13399.68,13368.63,13391.43,44.6742
2020-02-28 07:00:00,13423.95,13427.57,13390.9,13408.55,124.5954
2020-02-28 07:15:00,13420.66,13475.45,13379.43,13398.09,31.2222
2020-02-28 07:30:00,13400.28,13426.22,13365.02,13403.32,114.4949
2020-02-28 07:45:00,13423.91,13442.15,13387.48,13422.44,260.1186
2020-02-28 08:00:00,13395.3,13435.69,13391.6,13415.54,383.5236
2020-02-28 08:15:00,13406.48,13446.98,13396.54,13412.04,130.8201
2020-02-28 08:30:00,13410.95,13439.42,13359.08,13404.1,285.504
2020-02-28 08:45:00,13448.56,13462.43,13429.57,13443.79,114.0792
2020-02-28 09:00:00,13454.52,13490.66,13420.82,13461.35,330.2155
2020-02-28 09:15:00,13467.24,13474.67,13442.73,13470.94,228.2984
2020-02-28 09:30:00,13414.24,13448.59,13400.44,13420.25,11.2743
2020-02-28 09:45:00,13401.94,13409.76,13381.68,13405.68,64.2688
2020-02-28 10:00:00,13448.18,13452.91,13421.04,13442.49,42.6867
2020-02-28 10:15:00,13418.23,13466.42,13411.74,13444.68,2.737
2020-02-28 10:30:00,13470.95,13491.96,13456.85,13471.95,62.9054
2020-02-28 10:45:00,13548.76,13573.08,13500.98,13544.02,16.0581
2020-02-28 11:00:00,13579.15,13594.06,13544.13,13586.9,3.7134
2020-02-28 11:15:00,13584.86,13602.63,13579.18,13591.38,58.882
2020-02-28 11:30:00,13565.11,13610.65,13548.9,13571.22,26.4468
2020-02-28 11:45:00,13461.48,13504.63,13449.44,13467.94,273.7867
2020-02-28 12:00:00,13461.88,13464.34,13425.17,13461.81,167.5029
2020-02-28 12:15:00,13451.05,13476.21,13430.71,13449.31,312.7463
2020-02-28 12:30:00,13437.45,13469.66,13412.36,13465.74,213.2546
2020-02-28 12:45:00,13468.98,13489.06,13413.77,13460.19,130.1793
2020-02-28 13:00:00,13444.03,13461.71,13384.22,13447.93,91.0414
2020-02-28 13:15:00,13402.67,13431.74,13343.83,13376.81,6.7695
2020-02-28 13:30:00,13323.86,13359.97,13271.22,13339.76,30.8984
2020-02-28 13:45:00,13347.91,13361.12,13296.6,13359.5,124.0433
2020-02-28 14:00:00,13426.22,13442.4,13404.57,13428.94,51.2795
2020-02-28 14:15:00,13431.23,13452.76,13385.69,13425.68,39.3582
2020-02-28 14:30:00,13413.34,13467.67,13349.42,13439.56,10.9779
2020-02-28 14:45:00,13467.46,13483.56,13445.85,13478.63,7.2769
2020-02-28 15:00:00,13454.47,13486.46,13436.79,13446.52,23.5707
2020-02-28 15:15:00,13449.22,13503.31,13435.62,13461.99,179.9242
2020-02-28 15:30:00,13451.16,13488.86,13401.4,13432.75,108.772
2020-02-28 15:45:00,13462.16,13474.74,13433.96,13468.28,41.6951
2020-02-28 16:00:00,13462.95,13514.62,13445.32,13475.07,6.297
2020-02-28 16:15:00,13496.04,13549.02,13486.2,13487.81,20.8714
2020-02-28 16:30:00,13478.45,13502.4,13392.71,13456.81,59.7628
2020-02-28 16:45:00,13491.65,13493.08,13479.69,13486.03,16.6312
2020-02-28 17:00:00,13588.15,13592.37,13558.66,13571.05,143.8011
2020-02-28 17:15:00,13553.38,13572.84,13478.86,13530.69,155.4169
2020-02-28 17:30:00,13505.11,13541.5,13494.21,13517.58,14.7191
2020-02-28 17:45:00,13540.34,13570.52,13483.6,13527.64,129.7812
2020-02-28 18:00:00,13539.58,13561.99,13538.52,13560.24,71.793
2020-02-28 18:15:00,13543.9,13598.31,13456.53,13538.15,328.026
2020-02-28 18:30:00,13422.81,13445.53,13380.96,13423.77,154.9132
2020-02-28 18:45:00,13495.93,13505.07,13449.98,13479.17,88.0196
2020-02-28 19:00:00,13526.44,13559.05,13494.68,13510.6,92.5377
2020-02-28 19:15:00,13448.29,13457.23,13433.82,13440.63,19.7125
2020-02-28 19:30:00,13420.81,13430.74,13386.38,13416.8,224.0808
2020-02-28 19:45:00,13487.45,13521.48,13475.76,13480.6,81.9272
2020-02-28 20:00:00,13540.66,13564.83,13516.55,13539.82,85.3544
2020-02-28 20:15:00,13577.79,13638.99,13577.49,13578.62,85.6651
2020-02-28 20:30:00,13591.71,13614.94,13569.23,13572.13,32.329
2020-02-28 20:45:00,13597.41,13632.42,13565.1,13576.19,167.1795
2020-02-28 21:00:00,13569.61,13599.46,13532.02,13571.53,198.2965
2020-02-28 21:15:00,13621.38,13670.11,13608.47,13618.15,33.9516
2020-02-28 21:30:00,13584.16,13617.1,13580.53,13583.05,58.2984
2020-02-28 21:45:00,13529.05,13556.58,13490.0,13550.89,19.7416
2020-02-28 22:00:00,13588.07,13628.11,13563.12,13592.64,27.2521
2020-02-28 22:15:00,13613.25,13627.05,13572.02,13591.51,40.9447
2020-02-28 22:30:00,13638.16,13682.22,13587.42,13648.39,232.2679
2020-02-28 22:45:00,13650.39,13681.38,13618.09,13621.58,98.3926
2020-02-28 23:00:00,13635.99,13645.26,13613.57,13620.02,88.6608
2020-02-28 23:15:00,13588.47,13599.78,13568.23,13583.02,293.2897
2020-02-28 23:30:00,13591.61,13633.53,13546.81,13583.99,156.6956
2020-02-28 23:45:00,13512.02,13536.18,13501.02,13524.42,1.6181
2020-02-29 00:00:00,13501.73,13509.73,13486.98,13505.31,13.2771
2020-02-29 00:15:00,13467.18,13471.39,13445.14,13447.8,28.4692
2020-02-29 00:30:00,13468.18,13519.19,13467.06,13476.46,36.2291
2020-02-29 00:45:00,13520.44,13531.76,13490.06,13506.11,179.6142
2020-02-29 01:00:00,13418.17,13449.58,13415.61,13436.68,146.9279
2020-02-29 01:15:00,13474.95,13541.75,13450.22,13491.12,15.7177
2020-02-29 01:30:00,13618.72,13624.31,13590.96,13592.87,76.3425
2020-02-29 01:45:00,13595.27,13634.67,13584.61,13595.43,11.5541
2020-02-29 02:00:00,13562.65,13591.33,13560.74,13569.96,18.981
2020-02-29 02:15:00,13704.26,13710.67,13661.41,13685.61,27.732
2020-02-29 02:30:00,13649.13,13676.76,13599.37,13632.15,235.6989
2020-02-29 02:45:00,13646.2,13672.69,13628.81,13633.65,45.5268
2020-02-29 03:00:00,13633.9,13658.53,13599.75,13641.68,247.4768
2020-02-29 03:15:00,13693.48,13711.83,13668.33,13697.41,138.9262
2020-02-29 03:30:00,13717.15,13734.03,13669.71,13712.88,138.3921
2020-02-29 03:45:00,13702.56,13707.51,13680.53,13693.05,162.705
2020-02-29 04:00:00,13647.72,13659.14,13643.32,13654.66,10.0888
2020-02-29 04:15:00,13643.67,13668.25,13596.09,13641.34,168.5331
2020-02-29 04:30:00,13604.45,13618.21,13594.4,13600.82,29.1133
2020-02-29 04:45:00,13620.95,13642.78,13547.05,13603.45,413.0889
2020-02-29 05:00:00,13591.35,13603.3,13580.09,13581.1,188.5212
2020-02-29 05:15:00,13500.54,13566.18,13466.87,13520.91,569.7464
2020-02-29 05:30:00,13569.6,13580.49,13554.46,13572.5,276.6468
2020-02-29 05:45:00,13540.32,13625.22,13535.96,13552.91,44.5864
2020-02-29 06:00:00,13509.7,13533.89,13469.19,13502.03,284.1982
2020-02-29 06:15:00,13508.35,13520.86,13485.59,13495.89,40.0821
2020-02-29 06:30:00,13500.7,13500.99,13442.81,13499.33,107.6673
2020-02-29 06:45:00,13425.68,13476.76,13420.23,13429.28,170.7327
2020-02-29 07:00:00,13444.24,13474.33,13419.64,13443.31,48.1218
2020-02-29 07:15:00,13404.55,13474.49,13345.38,13401.75,22.7989
2020-02-29 07:30:00,13462.59,13507.39,13450.0,13471.21,225.2719
2020-02-29 07:45:00,13476.62,13508.69,13461.27,13493.06,10.9014
2020-02-29 08:00:00,13449.92,13492.58,13442.68,13477.55,45.4092
2020-02-29 08:15:00,13465.14,13469.71,13432.09,13448.09,77.7774
2020-02-29 08:30:00,13451.21,13451.57,13437.98,13444.53,163.3473
2020-02-29 08:45:00,13474.8,13475.68,13426.35,13469.92,203.1375
2020-02-29 09:00:00,13486.61,13514.2,13428.42,13469.56,71.6689
2020-02-29 09:15:00,13444.56,13466.92,13405.57,13461.46,85.1901
2020-02-29 09:30:00,13441.12,13489.02,13418.55,13464.49,192.2955
2020-02-29 09:45:00,13445.94,13512.56,13437.33,13440.77,62.9257
2020-02-29 10:00:00,13431.54,13461.4,13423.92,13427.61,81.8944
2020-02-29 10:15:00,13321.15,13378.69,13309.75,13344.26,1.8611
2020-02-29 10:30:00,13388.72,13417.45,13380.34,13383.9,301.8361
2020-02-29 10:45:00,13391.21,13415.45,13360.45,13396.57,83.6506
2020-02-29 11:00:00,13355.37,13395.13,13342.27,13366.16,130.0389
2020-02-29 11:15:00,13438.48,13466.87,13406.61,13442.96,28.4903
2020-02-29 11:30:00,13414.31,13464.78,13344.61,13447.14,106.8826
2020-02-29 11:45:00,13398.09,13431.8,13394.04,13406.01,61.6234
2020-02-29 12:00:00,13431.67,13448.01,13392.29,13441.14,11.9313
2020-02-29 12:15:00,13465.36,13485.39,13424.16,13457.86,177.2935
2020-02-29 12:30:00,13472.34,13520.4,13444.05,13474.47,182.8457
2020-02-29 12:45:00,13466.53,13531.16,13448.38,13457.93,6.5833
2020-02-29 13:00:00,13442.43,13494.32,13429.45,13476.79,49.5289
2020-02-29 13:15:00,13455.58,13476.73,13425.38,13466.88,33.051
2020-02-29 13:30:00,13497.52,13530.38,13445.74,13490.02,72.6434
2020-02-29 13:45:00,13409.45,13464.82,13403.12,13413.6,67.0987
2020-02-29 14:00:00,13408.14,13413.91,13371.98,13396.81,106.8357
2020-02-29 14:15:00,13442.39,13474.48,13418.3,13466.69,28.4338
2020-02-29 14:30:00,13446.2,13456.62,13421.77,13436.38,25.0642
2020-02-29 14:45:00,13404.14,13429.78,13376.49,13412.71,128.4918
2020-02-29 15:00:00,13385.49,13457.98,13372.1,13395.35,373.8288
2020-02-29 15:15:00,13360.43,13375.71,13321.54,13347.21,292.517
2020-02-29 15:30:00,13274.86,13310.5,13219.01,13259.45,157.0151
2020-02-29 15:45:00,13264.65,13279.43,13243.33,13250.94,6.9852
2020-02-29 16:00:00,13284.03,13284.22,13237.09,13257.0,27.1512
2020-02-29 16:15:00,13272.37,13272.72,13241.74,13255.58,116.9982
2020-02-29 16:30:00,13239.94,13255.05,13233.15,13250.48,35.0654
2020-02-29 16:45:00,13254.73,13258.49,13231.71,13252.85,50.0254
2020-02-29 17:00:00,13289.39,13295.8,13277.83,13294.18,307.2254
2020-02-29 17:15:00,13314.21,13314.89,13286.56,13287.25,9.0261
2020-02-29 17:30:00,13279.69,13320.99,13243.59,13265.03,197.5048
2020-02-29 17:45:00,13252.0,13267.03,13249.3,13254.51,5.1607
2020-02-29 18:00:00,13289.86,13292.66,13276.66,13278.21,41.2403
2020-02-29 18:15:00,13318.69,13352.7,13298.43,13335.12,81.0583
2020-02-29 18:30:00,13313.99,13331.54,13308.61,13310.66,44.0653
2020-02-29 18:45:00,13302.78,13340.47,13260.62,13315.27,315.0214
2020-02-29 19:00:00,13306.95,13349.63,13291.75,13329.45,70.1936
2020-02-29 19:15:00,13300.86,13313.64,13239.3,13290.43,132.3654
2020-02-29 19:30:00,13303.99,13325.63,13285.26,13291.91,121.0881
2020-02-29 19:45:00,13240.18,13260.48,13221.65,13234.13,180.237
2020-02-29 20:00:00,13162.15,13183.46,13158.87,13164.55,199.4469
2020-02-29 20:15:00,13163.01,13213.26,13126.29,13179.7,62.7953
2020-02-29 20:30:00,13149.89,13175.47,13116.15,13165.18,198.7794
2020-02-29 20:45:00,13161.06,13209.98,13154.3,13173.82,105.9728
2020-02-29 21:00:00,13170.7,13179.98,13107.68,13173.78,115.8557
2020-02-29 21:15:00,13149.98,13158.24,13118.21,13135.85,19.0237
2020-02-29 21:30:00,13148.65,13167.86,13114.45,13134.72,28.1169
2020-02-29 21:45:00,13065.21,13121.35,13042.19,13086.79,116.3678
2020-02-29 22:00:00,13132.94,13146.05,13124.73,13142.05,30.8747
2020-02-29 22:15:00,13079.82,13122.55,13062.66,13089.25,67.3423
2020-02-29 22:30:00,13049.1,13097.74,13036.0,13082.21,67.3277
2020-02-29 22:45:00,13049.35,13071.07,12979.62,13041.96,26.6621
2020-02-29 23:00:00,13061.72,13065.64,13048.1,13064.93,83.585
2020-02-29 23:15:00,13051.12,13070.2,13017.7,13052.6,82.9554
2020-02-29 23:30:00,13050.48,13053.0,13005.01,13032.94,13.8132
2020-02-29 23:45:00,13068.1,13081.85,13055.7,13066.95,47.9835
2020-03-01 00:00:00,13063.13,13091.98,13027.98,13068.76,45.5432
2020-03-01 00:15:00,13097.15,13103.82,13049.27,13089.67,82.5739
2020-03-01 00:30:00,13065.6,13067.39,13035.55,13051.78,138.3623
2020-03-01 00:45:00,13001.28,13005.6,12964.22,12997.43,1.8401
2020-03-01 01:00:00,13011.22,13018.13,12990.29,13002.26,14.221
2020-03-01 01:15:00,12988.58,12996.35,12953.75,12990.47,35.9529
2020-03-01 01:30:00,13014.47,13029.37,12962.44,13015.54,166.2909
2020-03-01 01:45:00,13014.54,13044.32,13011.46,13013.07,65.4923
2020-03-01 02:00:00,13011.92,13028.3,13004.77,13021.72,71.5161
2020-03-01 02:15:00,12951.6,13010.11,12921.03,12958.96,52.6292
2020-03-01 02:30:00,13050.98,13055.21,13002.6,13033.02,53.6391
2020-03-01 02:45:00,13053.41,13057.34,13021.19,13027.25,379.6773
2020-03-01 03:00:00,13075.95,13090.85,13036.87,13055.17,228.9085
2020-03-01 03:15:00,13005.84,13027.09,12967.15,13023.07,129.4143
2020-03-01 03:30:00,13017.25,13050.05,12995.66,13035.76,39.1685
2020-03-01 03:45:00,12970.0,12987.15,12934.4,12985.46,72.0903
2020-03-01 04:00:00,13005.47,13023.04,12987.32,13003.72,116.9291
2020-03-01 04:15:00,12954.0,13019.48,12911.17,12990.48,50.1825
2020-03-01 04:30:00,12984.62,12999.1,12975.39,12992.27,74.3332
2020-03-01 04:45:00,13038.44,13058.43,13010.61,13020.12,15.7486
2020-03-01 05:00:00,12985.38,12988.49,12963.65,12972.63,9.8249
2020-03-01 05:15:00,12940.05,12959.38,12904.87,12946.64,18.3094
2020-03-01 05:30:00,12959.43,12975.92,12945.5,12965.05,140.9183
2020-03-01 05:45:00,13054.71,13055.99,13033.49,13047.31,21.0674
2020-03-01 06:00:00,13054.76,13066.44,13031.51,13042.56,258.6563
2020-03-01 06:15:00,13059.37,13077.9,13048.05,13066.34,45.9735
2020-03-01 06:30:00,13059.74,13067.49,13054.19,13062.8,18.5165
2020-03-01 06:45:00,13132.13,13142.68,13105.27,13139.57,174.4365
2020-03-01 07:00:00,13053.95,13084.46,13051.56,13071.35,60.9996
2020-03-01 07:15:00,13072.84,13139.68,13054.4,13075.71,49.1775
2020-03-01 07:30:00,13008.75,13038.34,12995.49,13012.6,39.9662
2020-03-01 07:45:00,12899.12,12916.48,12880.4,12915.4,40.1243
2020-03-01 08:00:00,12935.93,12966.86,12902.25,12927.57,108.8982
2020-03-01 08:15:00,12939.88,12940.42,12915.13,12933.63,77.7939
2020-03-01 08:30:00,12932.22,12949.65,12921.13,12923.22,63.0438
2020-03-01 08:45:00,12909.83,12922.85,12868.74,12919.75,59.2472
2020-03-01 09:00:00,13014.62,13044.54,13013.39,13040.49,15.3152
2020-03-01 09:15:00,13037.13,13049.89,13021.3,13031.04,175.9547
2020-03-01 09:30:00,13042.97,13098.19,13020.19,13051.63,261.5212
2020-03-01 09:45:00,13015.26,13064.0,13005.92,13026.86,162.0531
2020-03-01 10:00:00,13022.66,13060.94,13011.86,13039.05,60.0143
2020-03-01 10:15:00,13026.79,13033.78,12999.4,13030.38,358.2489
2020-03-01 10:30:00,13035.51,13058.84,13000.2,13014.99,96.4023
2020-03-01 10:45:00,13080.04,13088.88,13065.29,13086.66,148.7587
2020-03-01 11:00:00,13119.21,13143.01,13108.39,13133.53,135.179
2020-03-01 11:15:00,13148.14,13168.38,13137.33,13139.57,123.0363
2020-03-01 11:30:00,13051.65,13074.16,13040.8,13049.4,102.7184
2020-03-01 11:45:00,13008.29,13063.31,12975.93,13035.92,23.7765
2020-03-01 12:00:00,13150.98,13196.77,13128.3,13142.28,34.8783
2020-03-01 12:15:00,13161.8,13169.82,13108.01,13133.84,217.7871
2020-03-01 12:30:00,13143.7,13204.14,13123.03,13177.97,19.8402
2020-03-01 12:45:00,13219.28,13260.08,13211.09,13235.63,16.4829
2020-03-01 13:00:00,13207.26,13277.29,13203.49,13244.99,33.43
2020-03-01 13:15:00,13211.21,13260.04,13188.91,13212.2,45.019
2020-03-01 13:30:00,13129.32,13160.6,13088.71,13116.33,80.5487
2020-03-01 13:45:00,13145.3,13162.69,13084.82,13143.91,93.0233
2020-03-01 14:00:00,13130.69,13142.44,13103.64,13112.44,156.3854
2020-03-01 14:15:00,13130.92,13138.32,13079.43,13120.03,7.6241
2020-03-01 14:30:00,13093.74,13128.99,13048.46,13071.49,23.349
2020-03-01 14:45:00,13076.89,13097.32,13054.82,13061.74,70.3525
2020-03-01 15:00:00,13058.45,13082.29,13038.92,13063.71,28.8766
2020-03-01 15:15:00,13075.77,13077.39,13064.67,13074.89,206.7396
2020-03-01 15:30:00,13020.5,13042.04,12985.98,13031.82,102.2118
2020-03-01 15:45:00,13076.25,13086.11,13027.45,13079.27,67.3803
2020-03-01 16:00:00,13057.31,13080.23,13033.53,13056.5,0.0444
2020-03-01 16:15:00,12990.46,13010.0,12974.67,12991.56,195.6504
2020-03-01 16:30:00,13005.4,13009.26,12978.22,12987.96,61.7781
2020-03-01 16:45:00,12985.66,13000.76,12974.83,12989.95,75.8025
2020-03-01 17:00:00,12984.75,13001.8,12948.59,12996.86,119.8228
2020-03-01 17:15:00,13039.27,13068.53,13013.26,13050.62,277.1875
2020-03-01 17:30:00,13050.56,13074.6,13031.75,13042.02,17.2225
2020-03-01 17:45:00,13019.69,13055.47,13016.65,13037.99,7.3845
2020-03-01 18:00:00,12992.87,13006.25,12982.87,12995.49,13.0005
2020-03-01 18:15:00,13045.42,13082.48,13024.87,13028.13,134.9863
2020-03-01 18:30:00,13039.8,13068.0,13014.22,13035.98,13.8432
2020-03-01 18:45:00,13019.24,13041.67,13006.96,13020.21,69.5111
2020-03-01 19:00:00,12946.0,12955.75,12924.35,12946.46,122.586
2020-03-01 19:15:00,12989.82,13036.78,12974.95,13003.21,124.7444
2020-03-01 19:30:00,12944.86,12964.71,12940.41,12955.97,52.147
2020-03-01 19:45:00,12931.11,12940.48,12883.36,12933.64,119.9365
2020-03-01 20:00:00,12951.7,13001.84,12936.49,12948.19,299.5955
2020-03-01 20:15:00,12914.59,12942.68,12897.32,12902.35,2.8378
2020-03-01 20:30:00,12846.38,12873.2,12830.44,12845.19,111.2854
2020-03-01 20:45:00,12781.25,12799.08,12761.31,12763.98,73.9438
2020-03-01 21:00:00,12812.76,12834.56,12761.5,12792.23,23.9004
2020-03-01 21:15:00,12782.1,12808.56,12771.4,12771.95,36.7754
2020-03-01 21:30:00,12900.53,12963.75,12863.63,12884.75,181.4929
2020-03-01 21:45:00,12834.23,12884.76,12806.81,12846.96,88.4061
2020-03-01 22:00:00,12797.36,12813.14,12751.4,12812.08,1.4637
2020-03-01 22:15:00,12797.62,12845.83,12780.69,12790.99,336.2785
2020-03-01 22:30:00,12783.79,12805.87,12773.98,12800.96,109.7166
2020-03-01 22:45:00,12779.83,12790.77,12774.91,12783.55,58.4549
2020-03-01 23:00:00,12817.55,12840.39,12747.69,12807.67,124.5953
2020-03-01 23:15:00,12788.76,12830.68,12727.27,12770.71,22.8871
2020-03-01 23:30:00,12715.18,12731.16,12712.52,12718.41,30.1737
2020-03-01 23:45:00,12642.22,12650.5,12608.47,12650.44,16.5024
2020-03-02 00:00:00,12570.71,12571.41,12531.68,12566.68,50.5959
2020-03-02 00:15:00,12534.31,12574.03,12531.84,12547.78,235.0728
2020-03-02 00:30:00,12534.91,12546.65,12524.69,12537.08,49.1988
2020-03-02 00:45:00,12513.86,12515.24,12510.5,12513.96,33.9798
2020-03-02 01:00:00,12560.91,12595.98,12555.04,12561.26,121.5923
2020-03-02 01:15:00,12609.28,12620.13,12573.12,12608.17,203.7192
2020-03-02 01:30:00,12585.62,12622.9,12577.64,12596.13,28.0021
2020-03-02 01:45:00,12519.87,12531.02,12498.77,12528.97,164.9852
2020-03-02 02:00:00,12498.95,12539.41,12483.51,12508.3,36.3563
2020-03-02 02:15:00,12466.19,12503.32,12465.78,12486.42,28.411
2020-03-02 02:30:00,12466.69,12481.87,12453.65,12462.43,64.0473
2020-03-02 02:45:00,12448.09,12472.46,12429.64,12436.96,6.9062
2020-03-02 03:00:00,12423.09,12443.79,12385.3,12413.2,198.2216
2020-03-02 03:15:00,12396.17,12425.81,12392.31,12399.43,207.4181
2020-03-02 03:30:00,12366.37,12429.18,12356.55,12376.41,113.127
2020-03-02 03:45:00,12393.98,12434.06,12381.71,12384.76,36.0805
2020-03-02 04:00:00,12406.69,12418.27,12371.21,12398.77,18.2372
2020-03-02 04:15:00,12368.21,12379.13,12361.5,12365.52,119.9997
2020-03-02 04:30:00,12434.94,12444.05,12395.37,12413.29,10.8798
2020-03-02 04:45:00,12377.08,12425.09,12369.31,12377.41,52.9513
2020-03-02 05:00:00,12314.79,12338.38,12313.89,12317.96,9.3003
2020-03-02 05:15:00,12327.71,12358.79,12312.88,12332.65,55.5922
2020-03-02 05:30:00,12283.82,12330.64,12270.2,12303.02,14.4441
2020-03-02 05:45:00,12323.64,12372.45,12314.53,12315.49,3.2713
2020-03-02 06:00:00,12226.01,12262.78,12191.82,12227.3,59.7354
2020-03-02 06:15:00,12285.25,12286.49,12271.77,12278.99,83.8621
2020-03-02 06:30:00,12327.03,12353.28,12289.41,12304.37,57.8643
2020-03-02 06:45:00,12244.81,12291.94,12229.31,12249.6,19.3764
2020-03-02 07:00:00,12167.35,12198.46,12148.92,12195.87,8.0593
2020-03-02 07:15:00,12263.56,12279.14,12240.8,12257.66,13.5095
2020-03-02 07:30:00,12233.2,12251.66,12216.31,12231.16,129.8701
2020-03-02 07:45:00,12192.22,12204.92,12181.76,12201.16,1.6004
2020-03-02 08:00:00,12123.64,12163.99,12103.73,12118.83,199.0086
2020-03-02 08:15:00,12116.2,12119.19,12099.87,12106.68,183.3139
2020-03-02 08:30:00,12087.56,12135.13,12084.44,12099.01,212.4178
2020-03-02 08:45:00,12121.93,12160.19,12119.22,12125.59,210.9863
2020-03-02 09:00:00,12093.13,12117.24,12068.73,12075.3,110.1162
2020-03-02 09:15:00,12012.16,12046.07,11999.41,12020.83,188.0138
2020-03-02 09:30:00,12038.5,12051.63,12009.61,12037.69,131.0557
2020-03-02 09:45:00,12042.96,12082.44,12041.0,12074.65,35.6848
2020-03-02 10:00:00,12000.53,12039.08,11974.07,12018.34,140.7017
2020-03-02 10:15:00,12059.84,12069.19,12043.87,12057.94,95.601
2020-03-02 10:30:00,12074.71,12107.8,12049.11,12059.9,2.7875
2020-03-02 10:45:00,12083.52,12133.02,12071.18,12100.0,154.3461
2020-03-02 11:00:00,12098.96,12152.13,12093.55,12098.06,204.6665
2020-03-02 11:15:00,12002.61,12020.49,11982.67,12007.12,72.8718
2020-03-02 11:30:00,12013.69,12031.27,11992.08,12002.25,66.7532
2020-03-02 11:45:00,12026.35,12044.85,12017.77,12041.02,55.7341
2020-03-02 12:00:00,12014.5,12053.41,11965.7,12009.34,126.8813
2020-03-02 12:15:00,11988.12,12016.21,11946.65,11995.96,24.265
2020-03-02 12:30:00,11992.89,12004.06,11958.23,11990.22,148.693
2020-03-02 12:45:00,11887.34,11896.5,11841.62,11886.52,34.5796
2020-03-02 13:00:00,11943.71,11961.42,11923.67,11946.72,30.313
2020-03-02 13:15:00,11920.7,11921.84,11894.78,11915.01,165.6422
2020-03-02 13:30:00,11934.2,11954.49,11924.19,11933.68,19.1615
2020-03-02 13:45:00,11929.59,11982.9,11919.1,11931.17,198.427
2020-03-02 14:00:00,11972.52,12009.49,11958.03,11976.78,381.0628
2020-03-02 14:15:00,11992.9,12014.19,11983.09,11991.97,38.5477
2020-03-02 14:30:00,11986.78,11993.06,11981.92,11984.12,262.9337
2020-03-02 14:45:00,11940.77,11963.66,11919.34,11952.6,83.5667
2020-03-02 15:00:00,11977.62,11993.98,11957.48,11981.8,30.0212
2020-03-02 15:15:00,11902.49,11918.8,11868.87,11915.06,60.2637
2020-03-02 15:30:00,11938.27,11965.81,11891.84,11938.74,160.971
2020-03-02 15:45:00,11892.93,11907.88,11848.8,11899.98,109.8524
2020-03-02 16:00:00,11954.49,11958.53,11926.82,11945.28,68.2766
2020-03-02 16:15:00,11959.7,11962.24,11945.5,11951.66,29.7485
2020-03-02 16:30:00,11964.3,11999.85,11950.56,11975.35,129.3877
2020-03-02 16:45:00,11978.87,12009.83,11974.87,11978.89,37.5884
2020-03-02 17:00:00,11924.13,11983.59,11895.13,11916.52,40.1895
2020-03-02 17:15:00,11884.26,11892.29,11822.23,11886.34,137.39
2020-03-02 17:30:00,11902.24,11932.86,11850.06,11910.91,81.7426
2020-03-02 17:45:00,11904.45,11921.81,11868.05,11917.46,20.559
2020-03-02 18:00:00,11970.5,11994.84,11955.31,11960.28,116.1909
2020-03-02 18:15:00,11986.16,12019.89,11973.49,11975.35,29.8477
2020-03-02 18:30:00,11938.74,11997.43,11906.66,11941.22,142.9167
2020-03-02 18:45:00,11922.43,11927.24,11911.3,11913.3,65.1462
2020-03-02 19:00:00,11882.24,11926.67,11864.29,11917.57,90.3832
2020-03-02 19:15:00,11851.15,11885.27,11834.16,11835.44,91.8735
2020-03-02 19:30:00,11893.58,11896.55,11884.41,11895.45,15.8774
2020-03-02 19:45:00,11913.49,11936.65,11888.3,11911.8,105.1181
2020-03-02 20:00:00,11952.42,11961.27,11895.34,11956.25,201.8364
2020-03-02 20:15:00,11916.76,11920.1,11878.48,11900.15,221.8262
2020-03-02 20:30:00,11932.51,11946.42,11909.82,11945.18,116.6524
2020-03-02 20:45:00,12043.47,12076.67,11996.03,12025.74,347.2997
2020-03-02 21:00:00,11983.44,12016.6,11967.8,11978.69,91.199
2020-03-02 21:15:00,12014.49,12042.58,11997.44,12007.01,29.4201
2020-03-02 21:30:00,12003.7,12028.84,11996.49,12007.65,107.9318
2020-03-02 21:45:00,11936.98,11977.25,11910.81,11952.62,239.8833
2020-03-02 22:00:00,11982.03,12001.74,11963.97,11970.89,44.4495
2020-03-02 22:15:00,12005.16,12008.94,11977.85,12001.42,30.7679
2020-03-02 22:30:00,11996.69,12026.25,11949.01,11980.38,339.6338
2020-03-02 22:45:00,12020.55,12052.43,12001.94,12022.88,145.4784
2020-03-02 23:00:00,11958.35,11990.4,11931.39,11963.37,5.106
2020-03-02 23:15:00,11926.85,11940.84,11889.43,11910.32,82.3672
2020-03-02 23:30:00,11938.58,11959.0,11908.49,11915.79,26.7136
2020-03-02 23:45:00,11917.41,11918.17,11894.11,11917.3,33.8016
2020-03-03 00:00:00,11883.32,11918.84,11877.27,11892.27,9.1662
2020-03-03 00:15:00,11931.42,11976.68,11908.48,11921.75,26.2659
2020-03-03 00:30:00,11938.3,11943.15,11919.01,11941.34,70.3656
2020-03-03 00:45:00,11979.85,11992.65,11954.21,11972.68,8.1821
2020-03-03 01:00:00,11965.75,11997.94,11963.53,11968.85,220.4495
2020-03-03 01:15:00,12009.84,12024.42,11982.91,11991.09,149.3448
2020-03-03 01:30:00,11967.28,12022.73,11963.92,11975.65,48.0266
2020-03-03 01:45:00,12055.83,12088.65,12042.82,12050.04,13.9524
2020-03-03 02:00:00,12015.39,12039.01,12006.02,12021.27,511.1507
2020-03-03 02:15:00,12094.39,12109.13,12035.72,12097.8,82.8524
2020-03-03 02:30:00,12094.68,12129.43,12084.95,12099.67,54.987
2020-03-03 02:45:00,12059.24,12112.62,12041.01,12050.34,22.1444
2020-03-03 03:00:00,12111.51,12123.14,12096.15,12100.4,22.7172
2020-03-03 03:15:00,12112.33,12157.35,12082.59,12105.58,159.0661
2020-03-03 03:30:00,12135.78,12153.19,12112.52,12137.09,73.3722
2020-03-03 03:45:00,12183.97,12202.07,12151.81,12182.26,413.5289
2020-03-03 04:00:00,12206.17,12279.89,12187.8,12195.22,305.9689
2020-03-03 04:15:00,12185.48,12198.1,12146.92,12174.16,23.1715
2020-03-03 04:30:00,12177.56,12213.01,12137.98,12210.41,737.8327
2020-03-03 04:45:00,12207.72,12220.87,12183.9,12211.05,431.2116
2020-03-03 05:00:00,12234.04,12248.75,12226.74,12236.78,160.5842
2020-03-03 05:15:00,12166.47,12196.8,12138.28,12158.33,49.5789
2020-03-03 05:30:00,12174.43,12206.41,12139.76,12175.24,25.3789
2020-03-03 05:45:00,12161.27,12214.28,12126.3,12152.53,10.8876
2020-03-03 06:00:00,12200.23,12226.73,12192.4,12213.41,5.3374
2020-03-03 06:15:00,12240.03,12250.43,12226.74,12236.85,171.9266
2020-03-03 06:30:00,12257.29,12304.69,12204.26,12246.27,291.0686
2020-03-03 06:45:00,12246.66,12295.26,12220.88,12264.75,148.0857
2020-03-03 07:00:00,12259.36,12295.56,12204.14,12228.62,142.312
2020-03-03 07:15:00,12303.42,12342.11,12253.12,12288.78,53.645
2020-03-03 07:30:00,12362.83,12394.41,12348.64,12362.81,102.4937
2020-03-03 07:45:00,12367.75,12383.82,12364.66,12378.0,111.2353
2020-03-03 08:00:00,12435.5,12446.09,12411.51,12437.68,29.7435
2020-03-03 08:15:00,12418.11,12449.8,12396.43,12417.07,134.2008
2020-03-03 08:30:00,12393.45,12413.07,12384.92,12387.99,15.7961
2020-03-03 08:45:00,12408.73,12415.45,12388.46,12390.13,34.737
2020-03-03 09:00:00,12401.01,12408.01,12375.23,12406.92,89.0887
2020-03-03 09:15:00,12399.85,12421.96,12388.48,12392.88,77.5604
2020-03-03 09:30:00,12397.45,12420.39,12363.32,12413.49,121.9362
2020-03-03 09:45:00,12420.38,12443.96,12419.16,12425.52,87.4462
2020-03-03 10:00:00,12393.59,12416.67,12384.53,12388.93,5.0813
2020-03-03 10:15:00,12417.41,12428.83,12398.87,12408.83,380.3303
2020-03-03 10:30:00,12432.22,12497.06,12402.11,12441.6,144.176
2020-03-03 10:45:00,12443.13,12474.74,12433.91,12448.62,212.3863
2020-03-03 11:00:00,12510.53,12521.98,12492.28,12492.29,162.9274
2020-03-03 11:15:00,12461.75,12470.66,12397.98,12447.29,23.8757
2020-03-03 11:30:00,12467.98,12489.66,12416.23,12465.38,269.8725
2020-03-03 11:45:00,12394.46,12424.3,12348.34,12422.24,414.0411
2020-03-03 12:00:00,12412.44,12426.5,12379.29,12381.35,8.1939
2020-03-03 12:15:00,12358.28,12362.5,12295.29,12358.53,17.2492
2020-03-03 12:30:00,12320.37,12334.2,12300.02,12324.22,463.4999
2020-03-03 12:45:00,12298.15,12313.24,12255.46,12304.58,34.7382
2020-03-03 13:00:00,12301.91,12314.44,12269.13,12297.29,171.3703
2020-03-03 13:15:00,12333.55,12342.32,12304.5,12328.78,7.7036
2020-03-03 13:30:00,12329.23,12344.03,12312.77,12317.52,131.8415
2020-03-03 13:45:00,12248.19,12303.98,12207.75,12259.55,120.8634
2020-03-03 14:00:00,12298.24,12331.78,12291.91,12302.09,277.4905
2020-03-03 14:15:00,12296.73,12324.5,12254.88,12271.81,130.4592
2020-03-03 14:30:00,12273.02,12300.65,12205.3,12270.26,4.2281
2020-03-03 14:45:00,12285.19,12300.48,12258.4,12287.31,59.8661
2020-03-03 15:00:00,12283.71,12297.72,12282.1,12295.28,42.7543
2020-03-03 15:15:00,12342.5,12343.69,12323.67,12336.26,84.5661
2020-03-03 15:30:00,12367.34,12398.02,12319.91,12354.6,55.918
2020-03-03 15:45:00,12334.08,12366.02,12307.96,12323.3,32.9676
2020-03-03 16:00:00,12401.24,12404.6,12381.82,12404.45,108.1888
2020-03-03 16:15:00,12416.79,12422.45,12380.33,12412.31,37.2711
2020-03-03 16:30:00,12428.18,12441.03,12344.66,12407.44,190.1512
2020-03-03 16:45:00,12457.27,12483.76,12420.68,12443.94,39.0075
2020-03-03 17:00:00,12444.11,12467.64,12426.64,12453.88,72.4296
2020-03-03 17:15:00,12437.67,12480.18,12426.23,12469.41,174.8825
2020-03-03 17:30:00,12566.99,12582.38,12553.57,12563.27,173.098
2020-03-03 17:45:00,12563.55,12591.46,12537.27,12553.52,88.2112
2020-03-03 18:00:00,12528.52,12547.04,12487.13,12542.19,47.7908
2020-03-03 18:15:00,12547.09,12562.84,12521.44,12547.2,81.6308
2020-03-03 18:30:00,12584.84,12606.66,12549.38,12588.16,189.5013
2020-03-03 18:45:00,12533.2,12562.07,12517.79,12531.9,24.69
2020-03-03 19:00:00,12451.84,12495.51,12407.46,12458.63,13.0661
2020-03-03 19:15:00,12453.36,12487.6,12416.26,12437.3,87.2351
2020-03-03 19:30:00,12378.79,12388.81,12350.91,12376.96,85.3417
2020-03-03 19:45:00,12350.94,12372.67,12348.81,12361.81,34.6934
2020-03-03 20:00:00,12392.42,12394.25,12345.27,12381.06,56.9976
2020-03-03 20:15:00,12332.98,12369.05,12318.45,12348.59,9.2695
2020-03-03 20:30:00,12312.15,12347.72,12275.08,12296.35,14.0136
2020-03-03 20:45:00,12311.72,12326.21,12281.05,12299.53,176.2192
2020-03-03 21:00:00,12349.11,12403.26,12277.2,12331.97,62.4504
2020-03-03 21:15:00,12267.94,12270.37,12254.39,12269.88,10.5153
2020-03-03 21:30:00,12294.58,12306.53,12285.33,12300.68,326.6714
2020-03-03 21:45:00,12332.49,12378.31,12322.05,12331.46,23.5648
2020-03-03 22:00:00,12366.33,12379.48,12352.23,12367.37,38.1127
2020-03-03 22:15:00,12405.09,12420.78,12396.89,12413.2,359.4844
2020-03-03 22:30:00,12488.9,12500.74,12466.55,12495.82,19.9532
2020-03-03 22:45:00,12478.52,12488.3,12462.72,12483.1,346.495
2020-03-03 23:00:00,12473.21,12543.2,12435.71,12487.82,128.0997
2020-03-03 23:15:00,12481.3,12498.16,12471.19,12472.85,55.6735
2020-03-03 23:30:00,12472.89,12508.65,12463.73,12473.54,90.3693
2020-03-03 23:45:00,12527.66,12537.66,12514.32,12531.53,70.9057
2020-03-04 00:00:00,12467.73,12482.18,12450.35,12481.59,163.3412
2020-03-04 00:15:00,12435.53,12477.55,12427.22,12449.97,6.4904
2020-03-04 00:30:00,12526.24,12570.9,12494.98,12502.03,167.8745
2020-03-04 00:45:00,12533.05,12555.85,12527.64,12540.92,352.7478
2020-03-04 01:00:00,12535.53,12555.7,12499.98,12527.88,56.137
2020-03-04 01:15:00,12562.66,12594.04,12540.52,12560.62,21.2454
2020-03-04 01:30:00,12539.21,12574.31,12482.31,12574.1,11.5197
2020-03-04 01:45:00,12653.97,12665.97,12621.33,12631.33,42.5804
2020-03-04 02:00:00,12643.42,12704.54,12619.78,12634.78,14.0014
2020-03-04 02:15:00,12664.56,12705.27,12636.82,12674.29,26.099
2020-03-04 02:30:00,12775.02,12782.88,12754.09,12775.38,106.2578
2020-03-04 02:45:00,12784.23,12810.41,12770.78,12798.94,53.7475
2020-03-04 03:00:00,12824.85,12847.69,12787.3,12801.48,231.2841
2020-03-04 03:15:00,12818.22,12870.89,12800.48,12829.86,62.344
2020-03-04 03:30:00,12809.74,12843.72,12809.69,12816.44,16.7354
2020-03-04 03:45:00,12899.48,12918.42,12899.17,12908.9,14.9244
2020-03-04 04:00:00,12917.56,12932.28,12895.07,12916.52,118.1294
2020-03-04 04:15:00,12924.27,12961.77,12889.36,12906.59,100.4865
2020-03-04 04:30:00,12897.91,12903.49,12848.42,12874.88,123.0559
2020-03-04 04:45:00,12912.74,12936.88,12911.62,12917.9,41.3635
2020-03-04 05:00:00,12957.05,12959.82,12926.6,12952.15,246.5469
2020-03-04 05:15:00,12934.53,12957.93,12927.34,12933.47,12.077
2020-03-04 05:30:00,12943.77,12985.75,12928.8,12956.49,3.34
2020-03-04 05:45:00,12929.75,12965.31,12881.64,12898.5,135.5364
2020-03-04 06:00:00,12923.89,12926.86,12898.87,12906.3,113.0335
2020-03-04 06:15:00,12926.92,12964.0,12923.15,12924.48,68.035
2020-03-04 06:30:00,13011.87,13034.88,12981.14,12991.32,4.4676
2020-03-04 06:45:00,12977.64,12988.6,12935.99,12961.93,12.1265
2020-03-04 07:00:00,12913.92,12937.72,12889.01,12912.87,21.7284
2020-03-04 07:15:00,12883.02,12922.55,12864.39,12878.83,101.8111
2020-03-04 07:30:00,12847.23,12855.83,12796.31,12827.83,108.7813
2020-03-04 07:45:00,12867.72,12885.71,12863.11,12879.91,112.9838
2020-03-04 08:00:00,12962.05,12966.69,12909.7,12940.39,162.48
2020-03-04 08:15:00,12950.55,12953.68,12917.87,12953.47,2.5109
2020-03-04 08:30:00,13021.4,13031.34,12989.35,13001.58,103.0754
2020-03-04 08:45:00,13007.39,13026.74,12986.03,13007.45,28.9768
2020-03-04 09:00:00,13008.78,13040.76,12977.94,13004.39,84.6386
2020-03-04 09:15:00,12991.6,13004.85,12967.41,12992.05,133.8936
2020-03-04 09:30:00,12973.7,12994.27,12956.82,12980.6,127.3134
2020-03-04 09:45:00,12917.49,12924.32,12913.55,12920.98,33.9538
2020-03-04 10:00:00,12949.7,12986.59,12911.45,12931.87,43.8982
2020-03-04 10:15:00,12901.02,12960.2,12883.39,12930.95,249.2576
2020-03-04 10:30:00,12944.45,12970.74,12905.97,12960.51,188.9728
2020-03-04 10:45:00,12955.39,12996.6,12953.2,12964.79,29.7068
2020-03-04 11:00:00,12945.14,12961.92,12908.56,12959.11,88.4399
2020-03-04 11:15:00,12945.41,12967.25,12913.64,12925.89,11.3478
2020-03-04 11:30:00,12945.6,12957.92,12861.7,12929.34,106.0935
2020-03-04 11:45:00,12966.29,13001.9,12930.87,12958.62,97.1144
2020-03-04 12:00:00,12906.58,12968.62,12880.88,12914.82,30.6413
2020-03-04 12:15:00,12936.1,12944.37,12904.46,12918.85,54.7904
2020-03-04 12:30:00,12908.0,12943.18,12879.05,12928.53,152.4667
2020-03-04 12:45:00,12928.96,12932.19,12848.53,12901.33,29.4959
2020-03-04 13:00:00,12870.4,12898.86,12864.28,12879.22,146.2599
2020-03-04 13:15:00,12885.39,12904.67,12869.47,12888.77,38.0361
2020-03-04 13:30:00,12840.08,12863.96,12814.24,12845.59,182.9867
2020-03-04 13:45:00,12845.92,12861.76,12826.44,12859.72,3.0979
2020-03-04 14:00:00,12850.51,12853.61,12810.36,12825.82,29.8606
2020-03-04 14:15:00,12877.51,12881.32,12857.01,12867.36,19.5557
2020-03-04 14:30:00,12974.0,12979.74,12929.51,12958.25,221.2461
2020-03-04 14:45:00,12909.61,12945.09,12898.45,12925.43,55.9525
2020-03-04 15:00:00,12949.13,12955.07,12928.49,12946.79,78.8779
2020-03-04 15:15:00,12925.94,12930.21,12868.0,12919.21,27.7173
2020-03-04 15:30:00,12963.71,12968.29,12938.46,12960.2,13.7374
2020-03-04 15:45:00,12896.68,12951.51,12877.43,12911.66,91.1906
2020-03-04 16:00:00,12944.83,12957.54,12896.03,12930.92,33.3097
2020-03-04 16:15:00,12899.27,12914.65,12894.95,12897.7,264.3057
2020-03-04 16:30:00,12878.03,12909.63,12877.16,12890.34,64.6931
2020-03-04 16:45:00,12827.27,12860.1,12819.93,12851.11,14.8685
2020-03-04 17:00:00,12891.27,12905.36,12832.89,12883.46,2.4079
2020-03-04 17:15:00,12883.24,12911.18,12825.79,12851.75,26.433
2020-03-04 17:30:00,12860.6,12883.57,12828.14,12873.67,38.5549
2020-03-04 17:45:00,12863.22,12891.88,12859.7,12861.03,23.1891
2020-03-04 18:00:00,12871.53,12891.72,12847.12,12857.25,45.5078
2020-03-04 18:15:00,12847.26,12888.41,12846.41,12863.6,211.1672
2020-03-04 18:30:00,12828.68,12888.28,12793.67,12834.84,4.914
2020-03-04 18:45:00,12832.54,12865.02,12809.83,12843.58,161.56
2020-03-04 19:00:00,12915.9,12948.5,12899.62,12903.19,55.4763
2020-03-04 19:15:00,12890.78,12911.42,12859.44,12873.72,236.891
2020-03-04 19:30:00,12921.67,12946.06,12879.49,12919.62,109.9763
2020-03-04 19:45:00,12967.4,12987.39,12929.45,12978.33,18.0224
2020-03-04 20:00:00,12941.47,12952.05,12896.99,12947.2,320.6444
2020-03-04 20:15:00,12883.2,12900.49,12868.63,12891.33,16.8081
2020-03-04 20:30:00,12891.04,12905.34,12838.59,12903.65,40.9915
2020-03-04 20:45:00,12881.79,12898.59,12871.49,12883.11,385.3995
2020-03-04 21:00:00,12963.42,12990.9,12941.17,12955.97,23.8062
2020-03-04 21:15:00,12964.32,12978.0,12948.64,12957.97,99.7456
2020-03-04 21:30:00,12927.33,12959.87,12910.11,12927.43,379.4679
2020-03-04 21:45:00,12884.33,12919.36,12870.91,12883.59,116.7704
2020-03-04 22:00:00,12925.31,12931.93,12897.72,12926.36,108.6967
2020-03-04 22:15:00,12888.12,12936.5,12856.1,12904.86,97.166
2020-03-04 22:30:00,12909.27,12930.8,12906.7,12907.2,81.0707
2020-03-04 22:45:00,12937.3,12958.14,12934.58,12944.85,297.8956
2020-03-04 23:00:00,12909.28,12966.01,12901.66,12926.7,78.4729
2020-03-04 23:15:00,12930.35,12964.18,12887.31,12925.56,108.855
2020-03-04 23:30:00,12917.66,12948.17,12884.57,12925.57,134.2614
2020-03-04 23:45:00,12955.66,12956.52,12941.01,12952.71,75.0162
2020-03-05 00:00:00,12987.31,12992.2,12955.31,12976.31,218.6765
2020-03-05 00:15:00,12956.07,13001.24,12949.28,12968.39,2.3062
2020-03-05 00:30:00,12972.71,12990.91,12940.92,12971.52,50.297
2020-03-05 00:45:00,12934.24,12958.16,12924.82,12957.7,95.8754
2020-03-05 01:00:00,12920.68,12959.09,12886.66,12900.91,1.9154
2020-03-05 01:15:00,12893.97,12932.55,12874.57,12911.52,276.2997
2020-03-05 01:30:00,12978.77,12991.76,12948.9,12985.46,175.0886
2020-03-05 01:45:00,12969.02,12980.92,12946.94,12951.68,24.7226
2020-03-05 02:00:00,12919.26,12936.49,12869.74,12922.29,40.3127
2020-03-05 02:15:00,12873.75,12897.85,12845.31,12889.18,113.0568
2020-03-05 02:30:00,12927.06,12938.87,12885.52,12917.85,41.7057
2020-03-05 02:45:00,12944.81,12966.44,12924.84,12935.87,194.3234
2020-03-05 03:00:00,12922.18,12967.72,12911.65,12930.37,28.5651
2020-03-05 03:15:00,12888.63,12945.61,12855.08,12895.4,170.5341
2020-03-05 03:30:00,12894.0,12924.17,12846.59,12899.62,62.4742
2020-03-05 03:45:00,12837.06,12850.19,12799.06,12839.72,60.3989
2020-03-05 04:00:00,12821.57,12876.61,12810.32,12845.88,18.4448
2020-03-05 04:15:00,12877.78,12887.34,12852.4,12880.11,409.6621
2020-03-05 04:30:00,12855.3,12861.85,12815.56,12832.41,42.2862
2020-03-05 04:45:00,12762.61,12784.73,12737.42,12774.05,22.8937
2020-03-05 05:00:00,12827.73,12861.5,12816.73,12835.22,3.298
2020-03-05 05:15:00,12797.14,12849.71,12766.16,12812.31,68.0252
2020-03-05 05:30:00,12864.48,12881.58,12839.99,12856.61,3.2791
2020-03-05 05:45:00,12866.77,12906.91,12827.03,12851.31,60.7632
2020-03-05 06:00:00,12860.87,12864.12,12829.26,12845.71,232.9384
2020-03-05 06:15:00,12847.19,12871.93,12843.48,12863.25,68.9097
2020-03-05 06:30:00,12836.19,12864.71,12784.9,12829.78,4.4277
2020-03-05 06:45:00,12853.92,12858.99,12808.08,12835.52,30.7029
2020-03-05 07:00:00,12828.01,12885.84,12803.47,12821.47,4.9975
2020-03-05 07:15:00,12777.43,12788.0,12764.72,12771.32,213.7369
2020-03-05 07:30:00,12778.86,12791.8,12749.96,12784.89,27.4579
2020-03-05 07:45:00,12778.24,12795.28,12772.43,12775.43,6.7269
2020-03-05 08:00:00,12785.84,12800.98,12716.25,12770.05,333.9237
2020-03-05 08:15:00,12728.5,12732.52,12658.39,12724.33,66.7752
2020-03-05 08:30:00,12769.75,12787.32,12752.01,12785.71,52.0266
2020-03-05 08:45:00,12814.13,12832.67,12800.98,12819.98,261.838
2020-03-05 09:00:00,12873.25,12920.0,12848.56,12857.7,75.6807
2020-03-05 09:15:00,12850.73,12853.32,12809.24,12846.56,33.0524
2020-03-05 09:30:00,12782.08,12812.68,12745.22,12780.56,157.0075
2020-03-05 09:45:00,12848.96,12856.82,12837.3,12856.08,31.7157
2020-03-05 10:00:00,12869.64,12888.28,12820.07,12854.37,58.4879
2020-03-05 10:15:00,12847.45,12864.31,12775.76,12826.13,162.542
2020-03-05 10:30:00,12859.03,12893.33,12823.06,12842.81,268.0049
2020-03-05 10:45:00,12907.01,12935.81,12859.78,12888.42,93.1146
2020-03-05 11:00:00,12883.55,12905.64,12859.51,12888.17,70.2816
2020-03-05 11:15:00,12931.78,12954.41,12907.84,12938.25,7.9231
2020-03-05 11:30:00,12978.91,13020.68,12948.8,12980.94,95.977
2020-03-05 11:45:00,12940.17,12954.87,12938.51,12939.67,39.5411
2020-03-05 12:00:00,12932.64,12985.27,12897.11,12914.16,72.2573
2020-03-05 12:15:00,12967.0,13002.93,12933.67,12951.9,136.4927
2020-03-05 12:30:00,12854.07,12896.43,12839.64,12847.15,102.2215
2020-03-05 12:45:00,12823.65,12881.96,12793.75,12842.03,10.1959
2020-03-05 13:00:00,12765.96,12804.64,12751.99,12787.55,50.6245
2020-03-05 13:15:00,12772.98,12801.12,12762.33,12769.91,22.2511
2020-03-05 13:30:00,12770.33,12771.59,12755.52,12759.1,16.3836
2020-03-05 13:45:00,12745.01,12782.95,12683.67,12746.02,24.8914
2020-03-05 14:00:00,12749.91,12772.0,12660.39,12725.54,253.4311
2020-03-05 14:15:00,12670.56,12712.48,12660.74,12684.29,124.6564
2020-03-05 14:30:00,12756.71,12788.16,12718.96,12772.14,238.7102
2020-03-05 14:45:00,12835.8,12848.55,12807.33,12844.34,70.6149
2020-03-05 15:00:00,12791.21,12811.59,12781.0,12800.2,0.1122
2020-03-05 15:15:00,12868.36,12880.92,12843.96,12861.59,3.5039
2020-03-05 15:30:00,12841.41,12854.3,12829.82,12846.82,15.6297
2020-03-05 15:45:00,12832.55,12890.99,12764.26,12852.45,151.7404
2020-03-05 16:00:00,12862.11,12917.77,12840.7,12850.65,22.5218
2020-03-05 16:15:00,12803.28,12837.42,12786.64,12825.86,10.7136
2020-03-05 16:30:00,12850.57,12873.0,12824.86,12864.35,197.3231
2020-03-05 16:45:00,12848.97,12891.51,12829.2,12869.86,25.9471
2020-03-05 17:00:00,12854.76,12874.5,12815.55,12852.1,69.7996
2020-03-05 17:15:00,12804.82,12817.03,12796.74,12802.44,41.4715
2020-03-05 17:30:00,12793.23,12811.43,12763.53,12768.76,226.8693
2020-03-05 17:45:00,12718.14,12769.05,12697.94,12706.53,121.9935
2020-03-05 18:00:00,12725.95,12760.46,12707.34,12707.63,60.4986
2020-03-05 18:15:00,12666.3,12728.43,12648.27,12662.64,198.8212
2020-03-05 18:30:00,12640.83,12671.78,12624.22,12653.19,129.7301
2020-03-05 18:45:00,12707.46,12716.8,12701.79,12705.83,165.4835
2020-03-05 19:00:00,12759.73,12776.22,12750.86,12752.18,379.7169
2020-03-05 19:15:00,12760.55,12830.27,12735.37,12751.58,22.7091
2020-03-05 19:30:00,12742.86,12767.51,12735.56,12748.89,22.626
2020-03-05 19:45:00,12827.69,12829.19,12781.95,12821.42,81.3061
2020-03-05 20:00:00,12830.11,12860.28,12779.56,12842.09,76.0588
2020-03-05 20:15:00,12816.72,12841.55,12811.08,12830.11,203.3465
2020-03-05 20:30:00,12761.61,12820.14,12742.88,12775.86,16.95
2020-03-05 20:45:00,12791.91,12805.11,12790.49,12791.6,55.346
2020-03-05 21:00:00,12808.96,12825.01,12779.86,12824.06,75.0588
2020-03-05 21:15:00,12794.96,12805.87,12793.85,12800.4,62.3879
2020-03-05 21:30:00,12823.79,12827.44,12803.12,12812.22,6.946
2020-03-05 21:45:00,12785.72,12816.63,12768.9,12798.89,15.9996
2020-03-05 22:00:00,12786.01,12816.02,12756.18,12792.46,16.6722
2020-03-05 22:15:00,12698.54,12740.48,12678.29,12697.63,90.6417
2020-03-05 22:30:00,12692.95,12700.0,12684.87,12689.81,56.0124
2020-03-05 22:45:00,12721.0,12740.53,12704.31,12727.35,19.6225
2020-03-05 23:00:00,12713.88,12739.6,12660.41,12703.88,133.4282
2020-03-05 23:15:00,12714.02,12725.69,12659.94,12706.52,162.438
2020-03-05 23:30:00,12692.79,12703.9,12671.94,12678.33,23.5891
2020-03-05 23:45:00,12691.64,12701.13,12645.77,12692.68,128.2887
2020-03-06 00:00:00,12678.56,12731.63,12653.54,12685.07,6.5728
2020-03-06 00:15:00,12641.32,12651.62,12631.88,12649.96,193.7521
2020-03-06 00:30:00,12705.06,12749.34,12700.39,12701.16,328.9433
2020-03-06 00:45:00,12732.39,12746.14,12720.22,12737.19,16.9447
2020-03-06 01:00:00,12707.48,12733.29,12704.99,12714.71,154.2527
2020-03-06 01:15:00,12728.63,12764.56,12727.42,12734.34,10.2365
2020-03-06 01:30:00,12746.78,12760.12,12704.21,12755.51,325.0663
2020-03-06 01:45:00,12783.27,12802.95,12758.59,12780.72,60.1611
2020-03-06 02:00:00,12698.44,12746.92,12695.57,12716.4,76.6315
2020-03-06 02:15:00,12759.3,12781.55,12744.05,12755.44,144.3484
2020-03-06 02:30:00,12742.89,12765.69,12713.49,12734.27,28.6061
2020-03-06 02:45:00,12713.85,12733.14,12710.78,12721.24,50.8929
2020-03-06 03:00:00,12847.19,12856.58,12814.06,12822.55,7.2583
2020-03-06 03:15:00,12835.03,12869.32,12797.06,12834.8,95.3527
2020-03-06 03:30:00,12800.55,12852.41,12779.29,12820.57,160.61
2020-03-06 03:45:00,12732.81,12749.14,12730.64,12736.39,190.9468
2020-03-06 04:00:00,12790.93,12810.68,12785.38,12790.13,76.8628
2020-03-06 04:15:00,12744.87,12751.11,12728.94,12739.15,145.1604
2020-03-06 04:30:00,12698.17,12727.0,12662.46,12701.44,16.2409
2020-03-06 04:45:00,12676.61,12692.29,12674.22,12689.45,136.0287
2020-03-06 05:00:00,12730.05,12750.08,12720.81,12744.0,0.4549
2020-03-06 05:15:00,12765.85,12800.57,12764.35,12774.2,21.6721
2020-03-06 05:30:00,12761.67,12808.05,12755.3,12768.79,100.6866
2020-03-06 05:45:00,12766.74,12784.3,12761.35,12781.24,38.6457
2020-03-06 06:00:00,12749.51,12792.99,12729.51,12758.86,52.8666
2020-03-06 06:15:00,12773.26,12806.54,12761.86,12764.84,174.9084
2020-03-06 06:30:00,12789.34,12807.01,12762.7,12768.29,84.6523
2020-03-06 06:45:00,12815.71,12839.67,12802.15,12806.04,50.9101
2020-03-06 07:00:00,12860.61,12903.88,12799.09,12843.83,62.6915
2020-03-06 07:15:00,12876.04,12923.63,12860.96,12863.51,188.6714
2020-03-06 07:30:00,12860.88,12874.46,12827.63,12850.17,66.4738
2020-03-06 07:45:00,12875.06,12892.9,12873.47,12879.41,208.2241
2020-03-06 08:00:00,12878.32,12879.15,12848.31,12876.5,28.3822
2020-03-06 08:15:00,12829.95,12881.21,12828.67,12835.35,76.3049
2020-03-06 08:30:00,12817.65,12850.14,12810.04,12820.46,46.0498
2020-03-06 08:45:00,12825.23,12875.24,12808.29,12824.36,89.4769
2020-03-06 09:00:00,12869.19,12882.32,12852.57,12860.02,85.6868
2020-03-06 09:15:00,12859.02,12906.3,12843.93,12853.58,84.702
2020-03-06 09:30:00,12805.52,12818.2,12804.26,12807.59,75.0296
2020-03-06 09:45:00,12811.13,12842.97,12795.84,12810.41,60.5928
2020-03-06 10:00:00,12820.97,12862.87,12804.82,12815.41,241.2098
2020-03-06 10:15:00,12831.76,12835.57,12812.94,12823.2,31.1911
2020-03-06 10:30:00,12839.7,12875.37,12838.61,12859.23,56.9079
2020-03-06 10:45:00,12885.28,12911.15,12859.53,12899.18,23.7253
2020-03-06 11:00:00,12891.09,12892.9,12856.19,12876.83,40.3848
2020-03-06 11:15:00,12852.89,12866.42,12822.93,12853.67,28.6326
2020-03-06 11:30:00,12808.77,12829.86,12768.39,12814.2,110.7812
2020-03-06 11:45:00,12838.32,12891.35,12820.01,12841.71,122.9676
2020-03-06 12:00:00,12894.76,12939.71,12879.72,12898.17,32.3981
2020-03-06 12:15:00,12893.81,12923.78,12849.82,12886.62,411.1273
2020-03-06 12:30:00,12863.66,12882.81,12847.9,12877.93,33.4391
2020-03-06 12:45:00,12935.56,12951.53,12926.56,12935.24,176.2551
2020-03-06 13:00:00,12958.69,12979.29,12907.77,12955.51,34.6158
2020-03-06 13:15:00,12978.25,12992.67,12950.8,12973.11,53.3059
2020-03-06 13:30:00,12930.29,12951.26,12907.42,12927.41,109.2785
2020-03-06 13:45:00,12961.06,12968.48,12933.27,12954.38,81.5691
2020-03-06 14:00:00,12911.52,12956.42,12895.85,12918.92,70.5629
2020-03-06 14:15:00,12863.48,12883.3,12796.54,12875.61,158.0944
2020-03-06 14:30:00,12894.46,12902.78,12849.94,12862.86,123.0046
2020-03-06 14:45:00,12837.03,12856.49,12789.55,12840.9,245.535
2020-03-06 15:00:00,12830.64,12843.05,12816.69,12833.0,26.2465
2020-03-06 15:15:00,12786.83,12831.71,12767.88,12778.17,1.6453
2020-03-06 15:30:00,12836.02,12850.45,12799.52,12815.56,886.2999
2020-03-06 15:45:00,12852.56,12876.59,12827.42,12859.56,33.3258
2020-03-06 16:00:00,12772.31,12818.58,12771.66,12785.08,4.3896
2020-03-06 16:15:00,12807.32,12844.68,12805.26,12823.25,28.4153
2020-03-06 16:30:00,12813.09,12813.12,12786.02,12792.71,110.4973
2020-03-06 16:45:00,12812.92,12862.5,12810.34,12826.23,88.7002
2020-03-06 17:00:00,12823.89,12848.69,12823.25,12824.24,23.1565
2020-03-06 17:15:00,12813.46,12854.95,12810.31,12825.99,20.6069
2020-03-06 17:30:00,12800.94,12834.88,12799.64,12819.51,58.7603
2020-03-06 17:45:00,12863.0,12875.45,12822.95,12866.77,1.3598
2020-03-06 18:00:00,12807.54,12850.94,12793.66,12819.56,0.2382
2020-03-06 18:15:00,12834.7,12845.8,12831.54,12843.58,95.9326
2020-03-06 18:30:00,12912.51,12949.85,12801.16,12886.66,39.3466
2020-03-06 18:45:00,12920.48,12952.35,12873.98,12914.99,2.4206
2020-03-06 19:00:00,13017.83,13022.73,12993.4,13005.71,61.583
2020-03-06 19:15:00,12996.43,13022.3,12952.52,12985.72,274.1965
2020-03-06 19:30:00,13022.35,13070.96,13006.52,13023.67,29.4257
2020-03-06 19:45:00,13014.45,13050.96,12996.56,13020.17,28.9101
2020-03-06 20:00:00,13072.25,13075.91,13064.02,13069.0,63.1083
2020-03-06 20:15:00,13071.55,13098.48,13040.48,13069.35,16.071
2020-03-06 20:30:00,13047.37,13078.26,13031.29,13054.8,101.5943
2020-03-06 20:45:00,13108.3,13134.08,13078.14,13106.6,182.794
2020-03-06 21:00:00,13078.69,13096.68,13055.65,13087.93,21.6324
2020-03-06 21:15:00,13030.88,13056.11,13001.79,13033.12,107.5091
2020-03-06 21:30:00,13009.2,13078.08,12993.46,13013.56,218.9298
2020-03-06 21:45:00,13021.83,13050.36,13009.13,13038.38,233.3854
2020-03-06 22:00:00,13062.69,13119.35,13061.63,13093.48,80.4936
2020-03-06 22:15:00,13086.2,13115.78,13070.74,13098.5,16.5221
2020-03-06 22:30:00,13174.68,13233.52,13120.21,13150.95,107.6376
2020-03-06 22:45:00,13093.97,13106.91,13076.58,13098.03,132.7323
2020-03-06 23:00:00,13091.41,13113.33,13061.48,13081.26,140.3701
2020-03-06 23:15:00,13042.83,13086.04,13041.05,13070.59,272.3251
2020-03-06 23:30:00,13053.58,13092.27,13049.08,13066.75,95.5224
2020-03-06 23:45:00,13053.0,13079.46,13038.51,13070.7,62.757
2020-03-07 00:00:00,13095.8,13108.38,13069.96,13098.45,69.8262
2020-03-07 00:15:00,13113.31,13141.63,13075.09,13081.63,38.7933
2020-03-07 00:30:00,13093.76,13099.98,13074.32,13087.74,5.8971
2020-03-07 00:45:00,13108.81,13117.28,13084.2,13086.62,126.3956
2020-03-07 01:00:00,13047.6,13073.61,13016.35,13050.92,2.0049
2020-03-07 01:15:00,13064.93,13071.0,13043.17,13047.12,6.6261
2020-03-07 01:30:00,13069.19,13119.42,13031.57,13042.15,40.6656
2020-03-07 01:45:00,13034.92,13053.2,13017.37,13036.35,267.4584
2020-03-07 02:00:00,13031.21,13071.96,13011.9,13038.24,65.9972
2020-03-07 02:15:00,13024.67,13085.31,13002.54,13041.85,24.2299
2020-03-07 02:30:00,13021.57,13072.61,12990.13,13025.59,227.3502
2020-03-07 02:45:00,13077.05,13113.58,13056.14,13075.98,84.791
2020-03-07 03:00:00,13057.22,13073.69,12995.82,13030.75,46.1739
2020-03-07 03:15:00,12986.38,13032.27,12975.39,13003.22,125.7803
2020-03-07 03:30:00,13113.1,13140.71,13108.96,13112.32,58.1823
2020-03-07 03:45:00,13048.42,13107.95,13006.64,13072.14,130.9254
2020-03-07 04:00:00,13014.15,13037.11,12997.18,13019.71,24.6382
2020-03-07 04:15:00,13053.11,13087.44,13041.0,13049.04,16.2734
2020-03-07 04:30:00,12975.03,12975.18,12965.45,12968.38,61.7923
2020-03-07 04:45:00,12967.51,13005.51,12928.51,12959.88,38.507
2020-03-07 05:00:00,13049.14,13058.92,13013.9,13043.96,92.9257
2020-03-07 05:15:00,12991.69,13018.14,12983.92,12984.15,155.4916
2020-03-07 05:30:00,12908.19,12917.27,12881.74,12907.6,231.7743
2020-03-07 05:45:00,12836.73,12852.69,12833.9,12850.19,142.9318
2020-03-07 06:00:00,12861.61,12917.07,12856.95,12885.47,41.8169
2020-03-07 06:15:00,12922.52,12932.1,12915.5,12929.59,129.9624
2020-03-07 06:30:00,12908.62,12929.61,12898.05,12910.35,75.478
2020-03-07 06:45:00,12953.68,12957.84,12917.74,12937.46,236.5319
2020-03-07 07:00:00,12990.76,12998.02,12972.19,12992.07,122.7176
2020-03-07 07:15:00,13059.81,13070.59,13033.29,13062.38,16.2798
2020-03-07 07:30:00,13058.41,13113.46,13047.5,13053.38,8.1314
2020-03-07 07:45:00,12960.41,13009.74,12912.35,12963.91,78.4907
2020-03-07 08:00:00,12943.11,12979.77,12893.28,12932.63,45.4197
2020-03-07 08:15:00,12942.28,12988.75,12887.15,12916.72,18.4039
2020-03-07 08:30:00,12935.61,12972.33,12901.35,12907.33,159.7777
2020-03-07 08:45:00,12901.95,12902.53,12871.62,12900.7,47.068
2020-03-07 09:00:00,12949.01,12952.24,12936.72,12944.65,8.9941
2020-03-07 09:15:00,13015.3,13021.43,12978.99,12994.79,30.4173
2020-03-07 09:30:00,12986.8,12994.22,12975.88,12988.74,112.9744
2020-03-07 09:45:00,13041.05,13068.18,13018.74,13032.2,104.3951
2020-03-07 10:00:00,13032.02,13054.57,13014.29,13046.83,30.4441
2020-03-07 10:15:00,13045.95,13090.89,13024.43,13050.01,41.7344
2020-03-07 10:30:00,13101.28,13104.89,13085.25,13086.15,5.1109
2020-03-07 10:45:00,13080.24,13115.69,13034.47,13089.64,306.3237
2020-03-07 11:00:00,13169.42,13173.24,13165.87,13171.11,39.6243
2020-03-07 11:15:00,13094.28,13119.94,13079.38,13114.93,265.0872
2020-03-07 11:30:00,13121.58,13130.84,13061.14,13095.32,168.1365
2020-03-07 11:45:00,13107.53,13150.54,13056.2,13091.0,40.824
2020-03-07 12:00:00,13111.38,13142.53,13096.25,13108.91,118.4653
2020-03-07 12:15:00,13166.11,13178.18,13152.66,13159.43,64.1742
2020-03-07 12:30:00,13164.34,13179.01,13095.46,13159.13,375.7207
2020-03-07 12:45:00,13121.78,13136.5,13052.41,13103.64,101.7458
2020-03-07 13:00:00,13130.6,13137.67,13129.41,13137.41,73.2043
2020-03-07 13:15:00,13177.47,13182.68,13158.63,13167.83,101.6028
2020-03-07 13:30:00,13105.88,13114.99,13076.01,13091.77,24.8782
2020-03-07 13:45:00,13108.19,13125.88,13065.77,13092.28,36.5845
2020-03-07 14:00:00,13001.04,13040.91,13000.77,13030.48,124.7213
2020-03-07 14:15:00,12997.35,13016.06,12962.1,13005.15,8.7432
2020-03-07 14:30:00,12957.36,13036.37,12953.69,12970.57,36.0381
2020-03-07 14:45:00,13004.66,13034.15,12952.01,13002.71,96.6445
2020-03-07 15:00:00,12981.7,13017.21,12970.13,13007.92,544.8306
2020-03-07 15:15:00,12931.89,12966.62,12929.6,12958.4,259.9205
2020-03-07 15:30:00,13021.46,13056.67,12991.17,12993.26,178.5114
2020-03-07 15:45:00,12946.02,12964.81,12904.35,12938.02,69.479
2020-03-07 16:00:00,12953.05,12964.16,12922.84,12951.48,163.3445
2020-03-07 16:15:00,12925.2,12986.72,12911.88,12920.5,81.8547
2020-03-07 16:30:00,12908.86,12926.81,12900.31,12906.97,61.3336
2020-03-07 16:45:00,12940.04,12956.5,12911.68,12927.15,25.2989
2020-03-07 17:00:00,12939.83,12950.73,12895.18,12948.01,301.4514
2020-03-07 17:15:00,13003.02,13020.62,12968.55,13000.6,91.1805
2020-03-07 17:30:00,13000.99,13010.48,12996.52,12998.04,112.5033
2020-03-07 17:45:00,12997.02,13020.34,12965.2,13010.64,15.2077
2020-03-07 18:00:00,13010.8,13074.93,12974.87,12994.2,56.3613
2020-03-07 18:15:00,12996.15,13057.95,12968.0,13001.95,334.2819
2020-03-07 18:30:00,13032.99,13066.51,12995.59,13019.74,141.7453
2020-03-07 18:45:00,13018.05,13046.48,13012.82,13016.55,214.3995
2020-03-07 19:00:00,12967.91,13014.31,12944.78,12946.76,50.3982
2020-03-07 19:15:00,12946.79,12977.0,12918.64,12960.29,6.8786
2020-03-07 19:30:00,12961.03,12981.34,12957.11,12975.11,43.3061
2020-03-07 19:45:00,12937.55,12961.56,12912.66,12949.28,47.1596
2020-03-07 20:00:00,12901.75,12917.32,12880.09,12900.03,35.8281
2020-03-07 20:15:00,12977.77,12978.1,12930.44,12957.8,74.8038
2020-03-07 20:30:00,12998.22,13004.8,12930.01,12977.55,21.3355
2020-03-07 20:45:00,12939.32,13002.67,12905.35,12969.28,277.5332
2020-03-07 21:00:00,12928.91,12940.3,12906.27,12925.69,238.0808
2020-03-07 21:15:00,12853.04,12913.42,12832.86,12894.47,30.3271
2020-03-07 21:30:00,12955.79,12963.88,12931.76,12945.5,105.4073
2020-03-07 21:45:00,12965.97,13028.69,12937.06,12951.49,69.5429
2020-03-07 22:00:00,12930.23,12945.36,12925.12,12930.75,28.7773
2020-03-07 22:15:00,12952.25,12956.19,12895.32,12951.17,227.3989
2020-03-07 22:30:00,12921.12,12956.54,12891.21,12920.17,26.2747
2020-03-07 22:45:00,12968.81,12997.79,12964.25,12978.99,97.9824
2020-03-07 23:00:00,13037.94,13060.68,13011.16,13032.31,40.8504
2020-03-07 23:15:00,13011.71,13022.86,12967.05,13014.72,174.932
2020-03-07 23:30:00,13002.91,13005.88,12955.35,12990.83,96.8456
2020-03-07 23:45:00,12887.98,12962.46,12846.88,12889.44,178.7328
2020-03-08 00:00:00,12821.75,12854.75,12815.92,12832.8,42.7269
2020-03-08 00:15:00,12762.24,12813.57,12756.18,12781.87,1.1229
2020-03-08 00:30:00,12763.86,12789.4,12748.23,12787.69,25.0586
2020-03-08 00:45:00,12792.59,12795.95,12757.1,12775.82,168.4243
2020-03-08 01:00:00,12719.07,12740.98,12703.09,12724.89,38.1065
2020-03-08 01:15:00,12719.1,12722.47,12675.69,12714.8,38.5169
2020-03-08 01:30:00,12757.42,12758.7,12704.27,12734.71,59.7185
2020-03-08 01:45:00,12748.33,12767.33,12723.9,12755.51,32.1133
2020-03-08 02:00:00,12675.5,12696.46,12669.49,12683.45,164.5581
2020-03-08 02:15:00,12677.53,12684.8,12659.26,12679.21,38.8182
2020-03-08 02:30:00,12627.59,12629.62,12616.85,12627.22,92.6226
2020-03-08 02:45:00,12685.91,12710.45,12656.42,12662.01,59.9704
2020-03-08 03:00:00,12712.31,12727.85,12648.74,12692.43,33.8775
2020-03-08 03:15:00,12666.73,12717.4,12644.77,12658.87,30.8307
2020-03-08 03:30:00,12648.72,12656.58,12614.48,12630.41,69.6943
2020-03-08 03:45:00,12611.32,12623.59,12602.19,12613.57,23.6793
2020-03-08 04:00:00,12532.7,12556.87,12515.19,12528.95,42.4095
2020-03-08 04:15:00,12538.42,12559.59,12526.77,12542.21,4.0175
2020-03-08 04:30:00,12516.39,12546.15,12510.33,12532.57,156.2091
2020-03-08 04:45:00,12584.8,12613.37,12562.76,12569.67,4.4621
2020-03-08 05:00:00,12535.54,12554.37,12506.05,12528.88,205.7857
2020-03-08 05:15:00,12506.46,12526.24,12451.5,12506.23,4.8541
2020-03-08 05:30:00,12450.31,12467.35,12441.13,12450.34,188.5018
2020-03-08 05:45:00,12394.75,12424.25,12393.12,12413.45,103.3284
2020-03-08 06:00:00,12357.96,12410.26,12312.53,12370.05,70.5118
2020-03-08 06:15:00,12411.8,12412.15,12375.56,12407.63,15.66
2020-03-08 06:30:00,12375.71,12386.35,12372.09,12382.26,29.6765
2020-03-08 06:45:00,12384.79,12421.42,12373.31,12387.49,117.1622
2020-03-08 07:00:00,12372.67,12382.98,12360.51,12373.96,71.7748
2020-03-08 07:15:00,12319.04,12345.09,12303.84,12327.45,72.2259
2020-03-08 07:30:00,12309.92,12322.52,12278.96,12321.85,14.2986
2020-03-08 07:45:00,12324.7,12381.96,12282.66,12344.61,64.4543
2020-03-08 08:00:00,12298.7,12308.58,12292.71,12300.5,89.2263
2020-03-08 08:15:00,12338.6,12363.5,12311.19,12330.97,13.0458
2020-03-08 08:30:00,12279.94,12323.28,12263.85,12300.15,366.263
2020-03-08 08:45:00,12282.65,12304.05,12259.71,12282.95,177.2252
2020-03-08 09:00:00,12306.57,12320.66,12299.77,12303.11,38.1942
2020-03-08 09:15:00,12267.09,12286.17,12262.7,12279.24,82.8708
2020-03-08 09:30:00,12298.71,12309.87,12268.86,12281.24,81.8631
2020-03-08 09:45:00,12265.53,12328.16,12264.49,12270.26,11.2757
2020-03-08 10:00:00,12274.39,12298.48,12257.45,12275.64,57.6581
2020-03-08 10:15:00,12186.61,12188.99,12170.32,12188.58,23.2894
2020-03-08 10:30:00,12100.82,12131.21,12081.43,12122.28,40.5295
2020-03-08 10:45:00,12157.54,12214.81,12130.72,12145.29,288.0076
2020-03-08 11:00:00,12172.04,12213.7,12151.4,12183.69,80.1453
2020-03-08 11:15:00,12148.14,12163.46,12144.47,12151.02,6.9247
2020-03-08 11:30:00,12149.98,12151.76,12140.34,12142.73,111.5611
2020-03-08 11:45:00,12171.83,12185.6,12154.06,12154.07,660.0247
2020-03-08 12:00:00,12166.8,12196.71,12151.16,12179.95,18.3558
2020-03-08 12:15:00,12101.07,12116.55,12059.1,12106.47,114.8601
2020-03-08 12:30:00,12091.59,12100.78,12065.28,12074.9,173.8743
2020-03-08 12:45:00,12069.05,12094.36,12051.04,12063.45,185.8296
2020-03-08 13:00:00,12097.62,12108.62,12081.5,12089.5,122.9384
2020-03-08 13:15:00,12167.92,12186.88,12123.33,12180.72,240.6468
2020-03-08 13:30:00,12168.38,12180.22,12166.21,12173.0,3.2616
2020-03-08 13:45:00,12120.19,12155.74,12083.02,12122.23,6.632
2020-03-08 14:00:00,12127.05,12156.49,12099.21,12137.46,14.4494
2020-03-08 14:15:00,12165.76,12214.52,12145.05,12186.17,4.428
2020-03-08 14:30:00,12184.5,12205.03,12132.35,12190.73,12.7774
2020-03-08 14:45:00,12174.64,12185.7,12110.14,12158.18,169.8
2020-03-08 15:00:00,12194.45,12222.84,12152.23,12193.73,226.7772
2020-03-08 15:15:00,12235.4,12236.21,12214.36,12218.61,40.9449
2020-03-08 15:30:00,12183.79,12192.79,12139.28,12181.61,315.0848
2020-03-08 15:45:00,12186.83,12229.53,12163.16,12196.16,54.2043
2020-03-08 16:00:00,12248.89,12265.9,12224.05,12233.26,18.8718
2020-03-08 16:15:00,12279.85,12309.52,12245.74,12277.24,114.3511
2020-03-08 16:30:00,12287.22,12292.08,12259.0,12275.41,54.5271
2020-03-08 16:45:00,12249.74,12265.29,12237.05,12262.84,1.9625
2020-03-08 17:00:00,12321.39,12353.31,12305.83,12308.6,339.1918
2020-03-08 17:15:00,12277.64,12304.4,12261.26,12264.53,91.1051
2020-03-08 17:30:00,12284.84,12302.92,12276.6,12281.28,95.0189
2020-03-08 17:45:00,12221.55,12260.8,12192.82,12231.42,405.5853
2020-03-08 18:00:00,12270.56,12311.83,12232.11,12271.12,179.2788
2020-03-08 18:15:00,12269.73,12281.01,12255.69,12262.24,45.046
2020-03-08 18:30:00,12312.4,12320.81,12282.71,12309.52,4.2727
2020-03-08 18:45:00,12335.69,12364.06,12308.07,12328.28,25.1518
2020-03-08 19:00:00,12296.09,12305.46,12235.8,12283.65,43.3136
2020-03-08 19:15:00,12328.77,12342.8,12292.26,12336.77,322.5232
2020-03-08 19:30:00,12380.48,12398.9,12353.46,12394.8,219.5256
2020-03-08 19:45:00,12427.76,12495.17,12386.47,12428.22,2.1763
2020-03-08 20:00:00,12396.36,12402.5,12378.72,12400.45,436.0472
2020-03-08 20:15:00,12399.42,12414.23,12373.22,12389.69,29.722
2020-03-08 20:30:00,12382.39,12445.82,12364.75,12395.71,149.331
2020-03-08 20:45:00,12382.78,12403.27,12316.65,12370.16,12.3973
2020-03-08 21:00:00,12450.41,12463.33,12419.41,12433.58,24.8868
2020-03-08 21:15:00,12439.59,12479.76,12413.47,12439.59,70.4072
2020-03-08 21:30:00,12340.07,12353.63,12328.06,12339.33,121.6086
2020-03-08 21:45:00,12343.02,12370.42,12278.18,12352.5,42.3729
2020-03-08 22:00:00,12333.52,12365.74,12327.1,12340.22,206.5582
2020-03-08 22:15:00,12333.03,12356.05,12307.66,12338.06,281.6662
2020-03-08 22:30:00,12342.82,12380.53,12305.6,12325.04,13.0752
2020-03-08 22:45:00,12354.6,12363.73,12311.42,12355.49,126.7858
2020-03-08 23:00:00,12381.22,12420.19,12367.85,12397.61,14.146
2020-03-08 23:15:00,12411.93,12431.18,12377.73,12408.76,41.6676
2020-03-08 23:30:00,12406.99,12427.58,12369.34,12396.75,171.2361
2020-03-08 23:45:00,12395.52,12405.29,12375.93,12395.83,41.0005
2020-03-09 00:00:00,12415.4,12439.21,12394.7,12397.18,237.9439
2020-03-09 00:15:00,12377.57,12402.5,12337.38,12367.96,53.0131
2020-03-09 00:30:00,12377.06,12411.15,12354.15,12390.06,37.0769
2020-03-09 00:45:00,12400.93,12424.5,12397.04,12407.78,452.1149
2020-03-09 01:00:00,12468.56,12497.96,12446.59,12465.74,58.2507
2020-03-09 01:15:00,12492.46,12555.67,12482.12,12513.31,135.0757
2020-03-09 01:30:00,12492.39,12508.77,12478.01,12488.19,91.4924
2020-03-09 01:45:00,12497.49,12528.76,12485.21,12519.55,22.6255
2020-03-09 02:00:00,12497.23,12504.39,12482.48,12484.46,69.3773
2020-03-09 02:15:00,12522.5,12523.68,12502.96,12511.15,8.058
2020-03-09 02:30:00,12498.69,12542.01,12484.83,12492.38,123.3557
2020-03-09 02:45:00,12446.24,12463.12,12412.33,12454.66,73.1766
2020-03-09 03:00:00,12467.87,12469.08,12433.98,12465.74,13.0537
2020-03-09 03:15:00,12360.0,12411.3,12335.24,12366.35,145.5685
2020-03-09 03:30:00,12289.32,12356.82,12287.48,12302.01,163.2511
2020-03-09 03:45:00,12291.9,12328.43,12273.22,12296.07,132.3619
2020-03-09 04:00:00,12308.31,12325.71,12294.54,12299.73,39.9071
2020-03-09 04:15:00,12287.25,12304.35,12259.36,12286.71,128.4346
2020-03-09 04:30:00,12246.85,12252.88,12205.74,12229.11,86.2061
2020-03-09 04:45:00,12209.06,12249.18,12149.44,12199.71,78.4998
2020-03-09 05:00:00,12222.69,12240.29,12209.04,12214.64,104.6237
2020-03-09 05:15:00,12216.88,12238.56,12188.27,12236.57,99.4492
2020-03-09 05:30:00,12233.1,12262.14,12230.29,12236.59,160.5175
2020-03-09 05:45:00,12266.6,12308.19,12241.17,12279.67,426.7597
2020-03-09 06:00:00,12292.67,12311.15,12263.03,12294.92,129.564
2020-03-09 06:15:00,12259.46,12291.59,12223.64,12267.97,58.2989
2020-03-09 06:30:00,12253.63,12263.7,12234.83,12258.26,61.928
2020-03-09 06:45:00,12220.23,12222.76,12201.84,12207.28,2.9717
2020-03-09 07:00:00,12209.73,12213.22,12203.1,12203.93,17.4242
2020-03-09 07:15:00,12257.59,12266.92,12206.07,12245.25,25.899
2020-03-09 07:30:00,12251.4,12281.71,12216.17,12271.04,463.828
2020-03-09 07:45:00,12323.98,12348.25,12296.96,12323.27,144.0112
2020-03-09 08:00:00,12324.59,12362.28,12269.08,12312.69,15.2621
2020-03-09 08:15:00,12381.65,12407.94,12351.69,12363.02,68.9896
2020-03-09 08:30:00,12337.34,12373.15,12307.87,12356.47,24.0205
2020-03-09 08:45:00,12407.28,12413.45,12390.76,12411.64,35.3272
2020-03-09 09:00:00,12424.28,12448.92,12384.58,12411.45,92.7806
2020-03-09 09:15:00,12436.01,12447.31,12435.27,12438.4,91.3888
2020-03-09 09:30:00,12482.69,12527.4,12478.12,12494.07,205.4207
2020-03-09 09:45:00,12468.09,12489.01,12426.55,12487.44,17.9821
2020-03-09 10:00:00,12484.39,12509.61,12455.18,12496.25,68.7964
2020-03-09 10:15:00,12524.0,12551.06,12521.09,12545.19,91.3376
2020-03-09 10:30:00,12541.55,12553.29,12500.68,12540.81,266.599
2020-03-09 10:45:00,12502.94,12509.79,12482.2,12491.74,72.6545
2020-03-09 11:00:00,12556.83,12586.76,12542.06,12572.68,41.6519
2020-03-09 11:15:00,12558.83,12592.11,12554.05,12555.59,34.5507
2020-03-09 11:30:00,12572.82,12609.6,12556.16,12562.2,24.3473
2020-03-09 11:45:00,12606.36,12616.22,12575.7,12606.39,327.9893
2020-03-09 12:00:00,12563.74,12605.94,12535.41,12584.01,92.3664
2020-03-09 12:15:00,12551.43,12565.88,12532.24,12546.59,36.1721
2020-03-09 12:30:00,12556.08,12571.71,12522.72,12556.77,136.6936
2020-03-09 12:45:00,12487.89,12522.65,12424.94,12489.85,34.147
2020-03-09 13:00:00,12472.86,12489.87,12446.68,12479.69,70.0852
2020-03-09 13:15:00,12490.57,12542.89,12480.46,12489.48,2.632
2020-03-09 13:30:00,12486.36,12488.74,12473.13,12479.99,187.4513
2020-03-09 13:45:00,12452.53,12468.61,12384.27,12422.83,313.619
2020-03-09 14:00:00,12484.27,12488.48,12475.71,12482.86,200.8091
2020-03-09 14:15:00,12506.24,12541.38,12467.49,12487.37,18.7672
2020-03-09 14:30:00,12546.09,12582.45,12486.57,12541.6,174.4521
2020-03-09 14:45:00,12531.2,12538.66,12528.46,12532.45,42.6189
2020-03-09 15:00:00,12501.84,12534.61,12449.64,12499.99,275.3283
2020-03-09 15:15:00,12495.42,12523.52,12473.91,12510.71,35.5359
2020-03-09 15:30:00,12507.06,12512.22,12495.9,12503.23,9.3652
2020-03-09 15:45:00,12434.86,12478.36,12414.05,12459.68,191.6782
2020-03-09 16:00:00,12504.45,12532.28,12495.76,12515.24,12.403
2020-03-09 16:15:00,12493.88,12559.35,12485.13,12492.51,77.9653
2020-03-09 16:30:00,12439.0,12462.31,12410.22,12424.16,47.1521
2020-03-09 16:45:00,12492.13,12507.42,12450.69,12474.29,141.4094
2020-03-09 17:00:00,12453.09,12505.21,12438.55,12456.04,138.1902
2020-03-09 17:15:00,12435.88,12438.96,12398.96,12433.95,149.6723
2020-03-09 17:30:00,12380.89,12389.99,12356.79,12368.72,6.5373
2020-03-09 17:45:00,12417.4,12461.78,12399.38,12433.94,195.4575
2020-03-09 18:00:00,12391.47,12428.62,12386.11,12386.46,62.7977
2020-03-09 18:15:00,12378.99,12400.01,12378.42,12389.25,24.7416
2020-03-09 18:30:00,12421.65,12431.68,12403.32,12423.79,35.5099
2020-03-09 18:45:00,12434.42,12450.67,12388.1,12440.13,233.0391
2020-03-09 19:00:00,12443.94,12458.7,12427.49,12438.52,0.6011
2020-03-09 19:15:00,12382.46,12413.45,12361.96,12375.65,161.8086
2020-03-09 19:30:00,12357.2,12382.3,12325.25,12346.2,257.6096
2020-03-09 19:45:00,12358.08,12367.31,12344.5,12353.78,28.7755
2020-03-09 20:00:00,12327.33,12342.42,12325.21,12325.22,172.5986
2020-03-09 20:15:00,12356.22,12392.73,12272.86,12333.35,17.5652
2020-03-09 20:30:00,12340.36,12395.46,12323.82,12359.2,1.6358
2020-03-09 20:45:00,12416.52,12418.99,12391.15,12395.5,92.7792
2020-03-09 21:00:00,12346.94,12375.84,12310.63,12350.52,103.9031
2020-03-09 21:15:00,12439.63,12458.28,12386.64,12432.53,16.2686
2020-03-09 21:30:00,12457.72,12486.94,12449.19,12461.78,71.8398
2020-03-09 21:45:00,12453.58,12488.45,12431.81,12462.34,48.6933
2020-03-09 22:00:00,12509.75,12532.78,12500.01,12503.69,7.9323
2020-03-09 22:15:00,12606.17,12662.86,12552.35,12593.05,70.8753
2020-03-09 22:30:00,12545.26,12583.38,12524.15,12539.32,87.9806
2020-03-09 22:45:00,12524.68,12558.99,12478.81,12531.48,24.4842
2020-03-09 23:00:00,12487.62,12488.7,12433.2,12442.69,134.6226
2020-03-09 23:15:00,12465.42,12466.55,12427.91,12450.5,7.5372
2020-03-09 23:30:00,12476.41,12489.88,12463.09,12464.77,80.0722
2020-03-09 23:45:00,12459.53,12479.29,12456.47,12463.93,36.153
2020-03-10 00:00:00,12432.3,12462.52,12367.41,12440.08,57.2831
2020-03-10 00:15:00,12360.75,12364.66,12335.89,12364.21,223.9362
2020-03-10 00:30:00,12392.07,12398.73,12375.48,12378.69,110.8524
2020-03-10 00:45:00,12421.04,12433.91,12349.11,12433.36,16.12
2020-03-10 01:00:00,12398.67,12424.28,12395.12,12411.93,217.4245
2020-03-10 01:15:00,12435.64,12477.88,12382.9,12428.94,46.6543
2020-03-10 01:30:00,12375.04,12382.49,12369.11,12371.09,41.7464
2020-03-10 01:45:00,12379.13,12407.65,12358.79,12388.68,69.6225
2020-03-10 02:00:00,12361.17,12378.48,12351.48,12374.67,22.9783
2020-03-10 02:15:00,12364.74,12420.76,12334.97,12346.99,245.6156
2020-03-10 02:30:00,12323.84,12337.93,12277.77,12319.44,63.0903
2020-03-10 02:45:00,12288.73,12327.8,12284.09,12305.51,50.0583
2020-03-10 03:00:00,12304.31,12355.68,12286.91,12320.24,18.7496
2020-03-10 03:15:00,12267.93,12289.44,12267.4,12272.36,162.2936
2020-03-10 03:30:00,12267.34,12278.27,12223.36,12258.35,305.4115
2020-03-10 03:45:00,12264.74,12265.2,12221.17,12257.44,203.7092
2020-03-10 04:00:00,12231.47,12248.25,12211.04,12217.64,17.6137
2020-03-10 04:15:00,12265.8,12312.0,12263.99,12284.11,139.2777
2020-03-10 04:30:00,12256.01,12291.17,12215.52,12253.27,22.8362
2020-03-10 04:45:00,12246.71,12266.69,12210.52,12229.27,3.9609
2020-03-10 05:00:00,12210.24,12225.99,12187.74,12193.99,66.2563
2020-03-10 05:15:00,12264.79,12287.08,12238.85,12260.39,110.9817
2020-03-10 05:30:00,12310.18,12322.55,12253.39,12281.34,13.2718
2020-03-10 05:45:00,12254.91,12278.05,12246.09,12247.45,93.0184
2020-03-10 06:00:00,12301.52,12317.85,12275.05,12288.71,185.5629
2020-03-10 06:15:00,12297.27,12331.15,12261.68,12296.72,23.4471
2020-03-10 06:30:00,12297.21,12338.54,12281.37,12306.82,55.8248
2020-03-10 06:45:00,12283.96,12304.08,12283.69,12294.72,69.0752
2020-03-10 07:00:00,12269.92,12276.99,12244.05,12267.69,177.911
2020-03-10 07:15:00,12278.14,12310.79,12263.81,12280.74,147.5679
2020-03-10 07:30:00,12239.58,12266.88,12217.47,12261.27,146.6757
2020-03-10 07:45:00,12316.06,12370.26,12272.64,12328.71,113.6434
2020-03-10 08:00:00,12278.47,12310.9,12264.28,12282.38,96.1783
2020-03-10 08:15:00,12348.57,12373.72,12335.05,12339.6,71.1082
2020-03-10 08:30:00,12335.9,12347.73,12304.82,12336.09,46.143
2020-03-10 08:45:00,12346.89,12357.31,12324.95,12347.78,71.9959
2020-03-10 09:00:00,12367.04,12408.36,12351.46,12379.26,192.2231
2020-03-10 09:15:00,12356.76,12375.36,12344.14,12356.47,84.534
2020-03-10 09:30:00,12405.47,12421.52,12381.75,12389.13,424.0934
2020-03-10 09:45:00,12291.03,12309.98,12273.44,12289.11,15.3773
2020-03-10 10:00:00,12244.7,12268.97,12233.08,12263.18,58.1883
2020-03-10 10:15:00,12214.5,12242.05,12189.12,12229.8,22.3494
2020-03-10 10:30:00,12191.6,12218.51,12181.09,12184.42,45.4288
2020-03-10 10:45:00,12174.44,12178.68,12161.84,12177.18,155.9526
2020-03-10 11:00:00,12190.97,12200.77,12151.62,12191.88,174.1681
2020-03-10 11:15:00,12210.7,12223.35,12182.71,12218.19,3.2233
2020-03-10 11:30:00,12233.78,12241.64,12196.84,12227.63,306.5502
2020-03-10 11:45:00,12200.15,12211.03,12196.71,12203.82,205.4725
2020-03-10 12:00:00,12215.66,12221.82,12204.51,12217.94,235.356
2020-03-10 12:15:00,12212.7,12231.71,12191.93,12223.1,47.2855
2020-03-10 12:30:00,12269.34,12299.37,12249.44,12258.04,68.7085
2020-03-10 12:45:00,12284.51,12295.51,12267.95,12287.22,18.4528
2020-03-10 13:00:00,12296.43,12309.85,12282.82,12288.96,50.556
2020-03-10 13:15:00,12241.87,12300.71,12241.83,12256.5,13.4842
2020-03-10 13:30:00,12254.31,12268.33,12217.11,12233.1,198.9863
2020-03-10 13:45:00,12229.14,12257.61,12178.22,12213.54,87.0194
2020-03-10 14:00:00,12179.29,12217.74,12171.68,12202.6,14.6161
2020-03-10 14:15:00,12203.22,12230.61,12201.0,12213.02,211.2507
2020-03-10 14:30:00,12245.68,12249.58,12203.89,12239.83,8.3782
2020-03-10 14:45:00,12222.42,12239.86,12221.24,12238.57,261.6574
2020-03-10 15:00:00,12238.16,12265.98,12228.57,12239.77,11.1769
2020-03-10 15:15:00,12250.87,12268.75,12228.7,12245.65,126.5764
2020-03-10 15:30:00,12225.05,12229.47,12215.18,12227.31,103.6502
2020-03-10 15:45:00,12200.54,12226.77,12187.25,12193.97,152.6483
2020-03-10 16:00:00,12121.95,12135.59,12114.57,12130.36,83.1881
2020-03-10 16:15:00,12078.51,12105.93,12068.46,12105.67,43.0662
2020-03-10 16:30:00,12135.37,12141.16,12115.41,12123.46,32.0758
2020-03-10 16:45:00,12110.31,12137.62,12077.79,12098.5,290.9015
2020-03-10 17:00:00,12120.75,12148.47,12082.14,12090.48,58.2089
2020-03-10 17:15:00,12081.27,12146.46,12060.85,12108.0,184.6386
2020-03-10 17:30:00,12136.62,12141.64,12108.57,12127.52,128.3939
2020-03-10 17:45:00,12065.05,12111.06,12053.05,12088.85,106.7506
2020-03-10 18:00:00,12146.91,12165.51,12119.74,12125.61,352.7077
2020-03-10 18:15:00,12173.16,12201.01,12165.73,12167.23,83.3443
2020-03-10 18:30:00,12115.05,12161.86,12073.58,12126.59,132.0572
2020-03-10 18:45:00,12106.67,12110.17,12084.57,12097.23,189.492
2020-03-10 19:00:00,12134.35,12142.63,12093.56,12141.06,4.7068
2020-03-10 19:15:00,12139.97,12175.8,12093.1,12136.32,560.157
2020-03-10 19:30:00,12058.59,12075.5,12013.92,12056.11,30.4048
2020-03-10 19:45:00,12027.03,12055.37,11999.81,12006.09,121.2397
2020-03-10 20:00:00,12019.48,12027.63,11984.91,11997.7,307.0806
2020-03-10 20:15:00,11949.3,11967.34,11944.42,11956.44,144.0273
2020-03-10 20:30:00,11954.85,11956.0,11912.82,11942.21,26.0868
2020-03-10 20:45:00,11948.21,11968.52,11889.56,11943.97,44.9909
2020-03-10 21:00:00,11980.01,12005.83,11946.1,11996.96,53.4741
2020-03-10 21:15:00,11978.76,12000.75,11972.4,11987.11,88.2729
2020-03-10 21:30:00,12054.37,12083.98,12001.93,12026.28,92.3687
2020-03-10 21:45:00,12082.75,12111.62,12036.19,12078.43,155.0701
2020-03-10 22:00:00,12143.13,12146.52,12125.48,12131.0,196.3781
2020-03-10 22:15:00,12139.4,12150.11,12082.87,12141.97,9.3803
2020-03-10 22:30:00,12064.55,12076.64,12035.65,12071.06,31.9044
2020-03-10 22:45:00,12088.69,12111.09,12064.6,12088.36,42.108
2020-03-10 23:00:00,12123.75,12133.44,12099.57,12126.98,1.3455
2020-03-10 23:15:00,12106.53,12127.76,12059.69,12124.64,54.0571
2020-03-10 23:30:00,12176.47,12205.55,12165.65,12188.7,44.4412
2020-03-10 23:45:00,12229.4,12250.02,12218.99,12220.75,74.5262
2020-03-11 00:00:00,12237.54,12248.79,12219.23,12242.2,10.5562
2020-03-11 00:15:00,12283.02,12292.55,12276.25,12282.71,53.4423
2020-03-11 00:30:00,12298.5,12314.4,12276.43,12295.61,90.9851
2020-03-11 00:45:00,12208.09,12248.23,12161.33,12204.27,162.8699
2020-03-11 01:00:00,12200.58,12209.14,12177.74,12186.6,145.437
2020-03-11 01:15:00,12217.54,12240.19,12177.36,12230.98,51.8953
2020-03-11 01:30:00,12208.92,12216.04,12178.25,12201.96,49.353
2020-03-11 01:45:00,12203.6,12210.63,12183.28,12194.39,3.8192
2020-03-11 02:00:00,12168.76,12177.89,12150.84,12156.78,8.626
2020-03-11 02:15:00,12205.18,12232.17,12196.31,12222.45,205.8905
2020-03-11 02:30:00,12287.84,12299.32,12266.63,12284.71,163.9253
2020-03-11 02:45:00,12273.78,12293.23,12238.9,12252.75,2.1313
2020-03-11 03:00:00,12257.56,12293.54,12255.53,12258.78,214.2838
2020-03-11 03:15:00,12240.28,12259.97,12229.49,12234.37,95.1605
2020-03-11 03:30:00,12267.11,12285.33,12218.18,12257.55,161.908
2020-03-11 03:45:00,12264.31,12296.83,12252.53,12276.9,69.8213
2020-03-11 04:00:00,12329.98,12352.22,12278.04,12307.41,16.3256
2020-03-11 04:15:00,12326.44,12354.81,12290.41,12320.28,44.144
2020-03-11 04:30:00,12435.85,12441.13,12417.7,12429.39,59.789
2020-03-11 04:45:00,12371.09,12400.18,12339.8,12391.69,140.2067
2020-03-11 05:00:00,12338.51,12355.53,12309.78,12328.71,167.5004
2020-03-11 05:15:00,12321.03,12322.07,12289.37,12314.79,135.2678
2020-03-11 05:30:00,12277.39,12302.25,12255.97,12257.48,64.75
2020-03-11 05:45:00,12199.41,12232.42,12184.64,12203.21,108.9756
2020-03-11 06:00:00,12155.15,12193.58,12130.08,12167.16,35.0288
2020-03-11 06:15:00,12125.83,12161.79,12112.44,12134.11,440.6459
2020-03-11 06:30:00,12093.86,12110.17,12064.95,12099.97,18.417
2020-03-11 06:45:00,12105.82,12131.66,12079.64,12119.38,128.5915
2020-03-11 07:00:00,12117.2,12128.65,12095.28,12101.58,16.8336
2020-03-11 07:15:00,12111.73,12117.36,12090.39,12095.67,32.9708
2020-03-11 07:30:00,12126.35,12159.49,12121.27,12128.73,138.1609
2020-03-11 07:45:00,12096.7,12118.26,12081.58,12101.45,130.6064
2020-03-11 08:00:00,12070.5,12099.6,12067.17,12092.45,13.2971
2020-03-11 08:15:00,12114.75,12131.36,12073.99,12106.32,113.4891
2020-03-11 08:30:00,12056.31,12082.74,12027.39,12036.41,22.7954
2020-03-11 08:45:00,11943.28,11965.92,11918.23,11950.9,361.0497
2020-03-11 09:00:00,11962.51,11997.38,11946.58,11963.9,92.3949
2020-03-11 09:15:00,11987.37,11993.62,11963.23,11982.16,0.3485
2020-03-11 09:30:00,12077.75,12127.97,12045.97,12056.96,23.3768
2020-03-11 09:45:00,12065.69,12087.42,12056.79,12063.28,26.0853
2020-03-11 10:00:00,12095.92,12145.45,12088.07,12093.55,28.382
2020-03-11 10:15:00,12089.23,12141.95,12081.46,12087.07,81.4396
2020-03-11 10:30:00,12081.21,12132.98,12070.07,12098.45,23.0177
2020-03-11 10:45:00,12141.97,12163.64,12116.51,12159.57,53.2376
2020-03-11 11:00:00,12072.93,12083.14,12026.13,12082.69,19.0344
2020-03-11 11:15:00,12110.55,12120.5,12044.41,12098.29,109.932
2020-03-11 11:30:00,12172.32,12218.72,12147.95,12176.41,84.0967
2020-03-11 11:45:00,12180.86,12195.2,12158.38,12187.32,99.074
2020-03-11 12:00:00,12241.57,12270.02,12211.24,12248.28,342.3699
2020-03-11 12:15:00,12224.09,12295.38,12208.52,12225.77,50.9663
2020-03-11 12:30:00,12246.01,12278.03,12225.14,12225.2,24.2674
2020-03-11 12:45:00,12225.2,12258.8,12218.88,12227.04,670.1475
2020-03-11 13:00:00,12136.76,12146.6,12097.87,12146.31,5.983
2020-03-11 13:15:00,12104.66,12118.99,12100.78,12104.35,166.2572
2020-03-11 13:30:00,12086.3,12102.94,12030.46,12065.13,17.6948
2020-03-11 13:45:00,12089.4,12114.35,12029.78,12095.49,109.2984
2020-03-11 14:00:00,12113.41,12144.8,12088.41,12127.74,64.2067
2020-03-11 14:15:00,12134.05,12170.18,12132.22,12140.13,182.651
2020-03-11 14:30:00,12172.32,12191.85,12134.09,12170.75,131.3383
2020-03-11 14:45:00,12173.74,12180.68,12156.46,12165.37,18.9148
2020-03-11 15:00:00,12222.14,12237.73,12201.07,12209.84,109.4356
2020-03-11 15:15:00,12198.01,12242.35,12134.9,12210.78,24.4739
2020-03-11 15:30:00,12201.89,12218.86,12169.93,12213.51,18.5451
2020-03-11 15:45:00,12200.44,12214.24,12186.74,12204.39,8.7866
2020-03-11 16:00:00,12238.43,12245.95,12189.14,12230.06,12.065
2020-03-11 16:15:00,12199.82,12242.62,12178.08,12215.21,121.6982
2020-03-11 16:30:00,12244.17,12285.15,12239.35,12251.61,484.3634
2020-03-11 16:45:00,12203.37,12240.78,12137.26,12210.61,112.6371
2020-03-11 17:00:00,12182.42,12187.55,12157.16,12170.96,123.2603
2020-03-11 17:15:00,12203.11,12213.69,12172.86,12196.67,152.6521
2020-03-11 17:30:00,12205.06,12212.75,12175.36,12194.04,219.8328
2020-03-11 17:45:00,12194.35,12249.62,12140.24,12178.05,31.1606
2020-03-11 18:00:00,12207.44,12246.85,12190.54,12211.17,92.772
2020-03-11 18:15:00,12175.06,12192.4,12153.93,12189.54,24.4159
2020-03-11 18:30:00,12168.44,12201.98,12132.43,12182.82,74.5784
2020-03-11 18:45:00,12212.09,12236.42,12196.53,12234.57,23.4038
2020-03-11 19:00:00,12286.04,12308.19,12285.95,12291.68,6.6145
2020-03-11 19:15:00,12345.53,12355.15,12305.38,12350.27,9.2427
2020-03-11 19:30:00,12350.16,12381.68,12317.88,12340.44,374.2381
2020-03-11 19:45:00,12386.83,12423.64,12380.75,12386.62,0.6036
2020-03-11 20:00:00,12345.92,12370.76,12330.85,12351.97,117.1715
2020-03-11 20:15:00,12317.56,12340.76,12309.46,12318.99,218.3093
2020-03-11 20:30:00,12220.03,12245.17,12219.07,12232.74,50.0387
2020-03-11 20:45:00,12307.35,12369.0,12261.79,12294.74,123.1395
2020-03-11 21:00:00,12253.85,12283.06,12213.6,12263.49,42.9073
2020-03-11 21:15:00,12245.47,12262.31,12241.65,12259.44,75.2823
2020-03-11 21:30:00,12236.58,12261.84,12208.81,12226.58,274.4178
2020-03-11 21:45:00,12259.72,12283.58,12236.07,12252.69,4.3257
2020-03-11 22:00:00,12218.4,12248.93,12218.27,12239.49,31.0848
2020-03-11 22:15:00,12202.62,12207.63,12191.27,12192.19,11.2037
2020-03-11 22:30:00,12199.9,12222.18,12174.73,12208.96,68.5031
2020-03-11 22:45:00,12152.51,12169.69,12113.2,12157.05,147.1767
2020-03-11 23:00:00,12129.39,12135.11,12126.66,12127.12,375.5007
2020-03-11 23:15:00,12058.15,12064.0,12025.3,12051.08,16.8949
2020-03-11 23:30:00,12005.54,12028.85,11987.47,12000.2,4.4925
2020-03-11 23:45:00,12006.63,12024.06,11971.02,12007.23,14.8905
2020-03-12 00:00:00,11931.99,11938.42,11930.32,11937.06,346.5816
2020-03-12 00:15:00,11889.51,11894.2,11858.3,11884.62,38.5852
2020-03-12 00:30:00,11883.72,11902.02,11876.68,11885.12,31.0845
2020-03-12 00:45:00,11887.76,11902.24,11852.48,11866.34,132.8279
2020-03-12 01:00:00,11944.85,11982.04,11924.71,11937.84,12.8601
2020-03-12 01:15:00,11993.03,12027.47,11965.38,12004.12,42.9361
2020-03-12 01:30:00,11967.75,11979.03,11960.31,11973.46,15.6434
2020-03-12 01:45:00,11994.65,12015.89,11987.73,11994.08,366.2061
2020-03-12 02:00:00,12037.26,12068.01,12014.18,12021.64,33.5644
2020-03-12 02:15:00,12017.62,12029.7,11983.52,12000.69,31.3609
2020-03-12 02:30:00,11942.71,11975.05,11935.7,11947.45,100.6223
2020-03-12 02:45:00,11936.45,11982.32,11935.13,11947.6,1.6756
2020-03-12 03:00:00,11929.33,11951.88,11916.79,11942.01,105.9981
2020-03-12 03:15:00,11930.0,11936.99,11889.81,11926.99,60.4871
2020-03-12 03:30:00,11970.93,11971.85,11933.5,11943.41,20.3506
2020-03-12 03:45:00,11923.54,11931.1,11867.48,11917.11,66.62
2020-03-12 04:00:00,11857.59,11886.91,11856.0,11876.52,689.6083
2020-03-12 04:15:00,11872.38,11884.51,11866.81,11881.0,182.5146
2020-03-12 04:30:00,11887.93,11938.76,11875.94,11895.35,365.5991
2020-03-12 04:45:00,11844.21,11878.66,11834.21,11853.96,260.452
2020-03-12 05:00:00,11882.94,11892.42,11861.69,11887.56,171.7107
2020-03-12 05:15:00,11829.38,11846.21,11764.99,11825.01,40.7584
2020-03-12 05:30:00,11813.14,11819.86,11804.98,11805.09,130.9097
2020-03-12 05:45:00,11809.42,11819.25,11749.64,11796.55,49.6821
2020-03-12 06:00:00,11780.79,11816.24,11751.5,11774.62,56.1289
2020-03-12 06:15:00,11732.28,11786.4,11708.82,11755.25,206.666
2020-03-12 06:30:00,11809.32,11848.57,11808.35,11821.82,22.9644
2020-03-12 06:45:00,11790.37,11794.56,11785.46,11792.24,35.1822
2020-03-12 07:00:00,11880.94,11901.84,11845.22,11879.19,266.643
2020-03-12 07:15:00,11905.61,11924.49,11882.34,11895.36,120.2622
2020-03-12 07:30:00,11899.75,11927.08,11884.67,11899.24,6.7101
2020-03-12 07:45:00,11917.44,11941.38,11906.13,11916.83,12.9668
2020-03-12 08:00:00,12010.73,12012.02,11986.93,12007.88,86.6426
2020-03-12 08:15:00,11969.63,12009.03,11938.95,11972.68,160.3232
2020-03-12 08:30:00,11934.08,11949.37,11918.47,11933.04,157.4104
2020-03-12 08:45:00,11920.02,11935.44,11898.91,11906.61,55.3257
2020-03-12 09:00:00,11907.36,11948.42,11889.59,11908.36,29.9093
2020-03-12 09:15:00,11846.94,11848.28,11844.8,11847.3,154.9793
2020-03-12 09:30:00,11848.29,11854.64,11841.26,11848.68,288.3621
2020-03-12 09:45:00,11924.93,11926.67,11904.21,11909.48,58.7222
2020-03-12 10:00:00,11902.28,11958.53,11886.59,11915.48,14.7661
2020-03-12 10:15:00,11926.76,11929.9,11890.96,11905.61,94.0915
2020-03-12 10:30:00,11870.15,11938.37,11853.21,11884.13,7.433
2020-03-12 10:45:00,11908.96,11926.46,11877.72,11916.76,94.5464
2020-03-12 11:00:00,11896.68,11907.5,11878.71,11887.83,18.9885
2020-03-12 11:15:00,11966.59,11975.85,11935.68,11954.27,72.5627
2020-03-12 11:30:00,12007.33,12028.46,11983.59,12024.21,98.2148
2020-03-12 11:45:00,12020.92,12042.31,12019.37,12034.07,59.1901
2020-03-12 12:00:00,12037.6,12085.74,12025.46,12034.26,175.6181
2020-03-12 12:15:00,12100.37,12102.45,12065.97,12072.07,46.9538
2020-03-12 12:30:00,12127.42,12135.63,12089.2,12112.32,16.8457
2020-03-12 12:45:00,12080.64,12089.66,12053.84,12083.64,62.3443
2020-03-12 13:00:00,12035.97,12077.01,12029.53,12065.16,331.1507
2020-03-12 13:15:00,12018.88,12048.71,11996.53,12017.9,212.1783
2020-03-12 13:30:00,12037.6,12060.61,12007.06,12033.25,37.2635
2020-03-12 13:45:00,12053.3,12089.12,12027.78,12057.91,27.8003
2020-03-12 14:00:00,11999.47,12023.47,11989.66,12009.68,66.027
2020-03-12 14:15:00,11995.79,12013.44,11972.69,11993.88,106.4669
2020-03-12 14:30:00,11934.75,11965.73,11916.79,11946.01,261.346
2020-03-12 14:45:00,11936.7,11971.2,11903.92,11914.39,95.0174
2020-03-12 15:00:00,11952.79,11956.33,11928.96,11934.68,180.8599
2020-03-12 15:15:00,11916.85,11963.86,11862.31,11909.02,119.0969
2020-03-12 15:30:00,11899.93,11900.01,11882.15,11898.87,10.7054
2020-03-12 15:45:00,11833.55,11869.13,11811.64,11841.37,222.364
2020-03-12 16:00:00,11848.36,11867.76,11820.59,11848.61,22.2566
2020-03-12 16:15:00,11867.05,11891.36,11825.67,11847.63,45.6727
2020-03-12 16:30:00,11832.58,11859.41,11806.29,11822.31,183.4219
2020-03-12 16:45:00,11818.6,11831.79,11810.65,11816.2,387.3422
2020-03-12 17:00:00,11834.1,11842.55,11808.85,11823.18,37.1951
2020-03-12 17:15:00,11801.3,11823.25,11787.85,11794.87,48.3247
2020-03-12 17:30:00,11747.87,11780.45,11723.46,11743.22,66.4781
2020-03-12 17:45:00,11818.99,11832.91,11798.84,11807.42,68.9139
2020-03-12 18:00:00,11791.67,11811.18,11750.98,11785.57,138.7795
2020-03-12 18:15:00,11792.86,11794.72,11775.22,11782.74,169.8918
2020-03-12 18:30:00,11820.97,11832.99,11816.56,11819.06,471.452
2020-03-12 18:45:00,11941.75,11997.7,11924.42,11944.78,163.0808
2020-03-12 19:00:00,11894.26,11926.02,11893.91,11900.79,35.6363
2020-03-12 19:15:00,11909.49,11931.52,11889.8,11917.44,44.3402
2020-03-12 19:30:00,11873.65,11904.05,11862.03,11892.74,96.2486
2020-03-12 19:45:00,11863.28,11922.07,11829.63,11874.11,116.0396
2020-03-12 20:00:00,11837.9,11852.31,11809.26,11849.05,9.4269
2020-03-12 20:15:00,11803.64,11827.27,11785.78,11809.63,42.1104
2020-03-12 20:30:00,11827.2,11829.29,11799.0,11808.76,22.6483
2020-03-12 20:45:00,11755.26,11803.35,11719.41,11757.11,70.8971
2020-03-12 21:00:00,11793.94,11794.58,11784.05,11791.09,18.4762
2020-03-12 21:15:00,11796.85,11836.93,11760.2,11793.63,86.9267
2020-03-12 21:30:00,11827.91,11829.19,11783.37,11809.16,62.979
2020-03-12 21:45:00,11786.45,11811.51,11783.87,11793.24,51.7387
2020-03-12 22:00:00,11778.22,11781.32,11757.24,11780.84,104.6835
2020-03-12 22:15:00,11790.34,11793.1,11753.0,11791.59,53.8405
2020-03-12 22:30:00,11764.36,11815.93,11728.03,11751.0,50.9601
2020-03-12 22:45:00,11754.75,11762.57,11701.8,11738.97,105.3032
2020-03-12 23:00:00,11714.84,11743.03,11707.54,11709.28,5.8993
2020-03-12 23:15:00,11692.98,11693.48,11668.92,11678.58,56.6483
2020-03-12 23:30:00,11607.31,11611.85,11601.66,11605.25,21.7411
2020-03-12 23:45:00,11650.45,11665.56,11622.66,11652.46,3.9337
2020-03-13 00:00:00,11642.75,11660.35,11628.58,11629.04,3.5298
2020-03-13 00:15:00,11675.9,11721.56,11664.54,11670.21,18.3467
2020-03-13 00:30:00,11699.6,11722.16,11677.65,11708.21,56.9057
2020-03-13 00:45:00,11675.26,11691.29,11648.55,11663.63,83.6322
2020-03-13 01:00:00,11623.7,11669.24,11597.24,11626.13,158.9142
2020-03-13 01:15:00,11712.14,11731.52,11707.98,11716.01,93.5709
2020-03-13 01:30:00,11788.66,11809.58,11755.04,11778.14,73.4085
2020-03-13 01:45:00,11776.57,11798.62,11766.01,11777.62,3.7044
2020-03-13 02:00:00,11791.88,11803.48,11769.22,11787.3,35.3679
2020-03-13 02:15:00,11773.37,11814.01,11765.53,11765.58,117.8535
2020-03-13 02:30:00,11772.2,11815.21,11743.15,11781.43,31.5416
2020-03-13 02:45:00,11761.19,11785.26,11696.79,11756.67,90.224
2020-03-13 03:00:00,11701.35,11722.5,11664.52,11685.58,92.6091
2020-03-13 03:15:00,11628.7,11652.09,11604.18,11639.83,36.4027
2020-03-13 03:30:00,11646.39,11672.41,11618.73,11641.15,84.7686
2020-03-13 03:45:00,11592.61,11614.56,11574.15,11602.23,12.1008
2020-03-13 04:00:00,11612.32,11615.26,11595.0,11600.47,129.8178
2020-03-13 04:15:00,11575.35,11617.72,11547.51,11563.65,2.2785
2020-03-13 04:30:00,11533.0,11573.04,11529.81,11537.09,3.5964
2020-03-13 04:45:00,11592.75,11600.77,11545.53,11567.19,204.221
2020-03-13 05:00:00,11589.17,11623.5,11574.11,11576.36,86.8185
2020-03-13 05:15:00,11584.79,11586.35,11565.45,11576.6,17.7829
2020-03-13 05:30:00,11615.26,11638.08,11600.21,11607.71,92.0395
2020-03-13 05:45:00,11636.46,11656.47,11606.8,11625.02,46.1794
2020-03-13 06:00:00,11664.43,11681.06,11637.24,11676.05,31.453
2020-03-13 06:15:00,11662.8,11666.16,11625.5,11660.53,166.7728
2020-03-13 06:30:00,11650.55,11658.09,11632.12,11646.08,64.8764
2020-03-13 06:45:00,11596.57,11621.38,11594.38,11601.21,34.7394
2020-03-13 07:00:00,11592.24,11663.35,11566.96,11586.86,287.6963
2020-03-13 07:15:00,11635.29,11654.97,11600.55,11620.97,18.0354
2020-03-13 07:30:00,11661.95,11683.22,11659.0,11666.88,15.316
2020-03-13 07:45:00,11700.43,11733.72,11667.99,11701.07,10.2369
2020-03-13 08:00:00,11629.12,11666.33,11618.88,11638.67,13.2885
2020-03-13 08:15:00,11656.21,11710.58,11613.69,11677.07,29.1403
2020-03-13 08:30:00,11622.3,11627.15,11567.74,11613.25,119.8999
2020-03-13 08:45:00,11644.82,11665.93,11627.88,11645.12,111.4308
2020-03-13 09:00:00,11633.41,11661.8,11613.39,11632.86,144.1645
2020-03-13 09:15:00,11646.45,11675.08,11577.89,11657.96,85.7011
2020-03-13 09:30:00,11609.78,11616.59,11596.13,11611.94,67.8477
2020-03-13 09:45:00,11666.1,11673.19,11636.32,11653.32,56.543
2020-03-13 10:00:00,11602.69,11620.4,11599.24,11602.68,207.6593
2020-03-13 10:15:00,11580.34,11598.0,11551.58,11580.0,42.084
2020-03-13 10:30:00,11548.3,11564.72,11527.31,11545.9,222.1206
2020-03-13 10:45:00,11471.51,11506.7,11447.51,11485.72,32.2328
2020-03-13 11:00:00,11496.73,11512.87,11457.23,11489.55,17.1167
2020-03-13 11:15:00,11537.87,11563.25,11530.26,11552.37,29.4562
2020-03-13 11:30:00,11634.44,11654.49,11615.65,11645.38,69.1201
2020-03-13 11:45:00,11637.13,11671.06,11602.34,11649.36,260.2174
2020-03-13 12:00:00,11686.92,11706.92,11654.64,11688.96,19.5175
2020-03-13 12:15:00,11693.56,11743.58,11670.46,11697.69,86.7266
2020-03-13 12:30:00,11715.77,11767.43,11706.97,11715.78,24.5544
2020-03-13 12:45:00,11693.74,11751.27,11675.28,11704.34,113.2102
2020-03-13 13:00:00,11723.55,11773.79,11705.87,11711.77,62.5554
2020-03-13 13:15:00,11741.03,11772.9,11730.5,11731.25,132.2523
2020-03-13 13:30:00,11709.44,11729.9,11675.03,11711.47,193.8698
2020-03-13 13:45:00,11703.73,11737.41,11677.46,11709.34,40.7583
2020-03-13 14:00:00,11701.09,11710.35,11698.95,11707.87,278.367
2020-03-13 14:15:00,11733.84,11771.89,11717.44,11737.48,63.1906
2020-03-13 14:30:00,11684.15,11712.24,11657.32,11700.53,275.8833
2020-03-13 14:45:00,11688.08,11748.78,11680.74,11699.31,26.2174
2020-03-13 15:00:00,11777.12,11779.81,11746.35,11767.0,227.3859
2020-03-13 15:15:00,11812.24,11827.72,11808.02,11808.68,40.595
2020-03-13 15:30:00,11876.44,11902.12,11833.53,11857.07,138.9302
2020-03-13 15:45:00,11854.98,11859.09,11847.84,11858.53,344.7745
2020-03-13 16:00:00,11866.25,11892.76,11856.14,11870.54,243.226
2020-03-13 16:15:00,11901.97,11909.19,11876.41,11906.83,62.2977
2020-03-13 16:30:00,11959.34,11971.72,11941.79,11963.15,42.2969
2020-03-13 16:45:00,11885.86,11923.6,11866.89,11893.71,94.8392
2020-03-13 17:00:00,11850.58,11863.11,11787.64,11847.37,122.3527
2020-03-13 17:15:00,11894.85,11897.55,11883.84,11894.5,77.7065
2020-03-13 17:30:00,11879.15,11903.44,11865.57,11885.21,188.701
2020-03-13 17:45:00,11876.7,11882.74,11842.27,11861.86,6.0034
2020-03-13 18:00:00,11840.24,11851.43,11792.92,11817.82,91.5385
2020-03-13 18:15:00,11812.5,11830.94,11785.91,11798.74,74.4952
2020-03-13 18:30:00,11756.24,11785.25,11717.01,11749.69,4.016
2020-03-13 18:45:00,11832.99,11844.35,11818.16,11823.98,1.2793
2020-03-13 19:00:00,11845.73,11846.89,11823.6,11823.78,93.1734
2020-03-13 19:15:00,11831.3,11863.56,11800.5,11822.31,12.5562
2020-03-13 19:30:00,11836.83,11871.24,11812.73,11843.76,146.3311
2020-03-13 19:45:00,11883.21,11888.6,11865.94,11878.55,298.0822
2020-03-13 20:00:00,11920.31,11926.93,11900.28,11912.85,19.5305
2020-03-13 20:15:00,11939.93,11957.26,11928.37,11951.81,160.2334
2020-03-13 20:30:00,11926.39,11966.52,11900.4,11929.79,89.5065
2020-03-13 20:45:00,11932.85,11934.78,11916.02,11919.73,59.4098
2020-03-13 21:00:00,11926.04,11969.66,11896.42,11947.83,105.0675
2020-03-13 21:15:00,11914.6,11950.72,11909.66,11929.52,162.1197
2020-03-13 21:30:00,11927.83,11949.38,11888.33,11929.93,352.8301
2020-03-13 21:45:00,11949.03,11972.95,11919.43,11944.8,108.0261
2020-03-13 22:00:00,11957.28,12002.1,11918.56,11973.53,137.409
2020-03-13 22:15:00,11908.77,11920.06,11882.55,11910.28,93.5267
2020-03-13 22:30:00,11950.18,11950.97,11908.39,11936.41,83.2513
2020-03-13 22:45:00,11929.46,11940.69,11912.66,11928.64,6.6976
2020-03-13 23:00:00,11965.78,11991.06,11933.91,11954.55,16.8507
2020-03-13 23:15:00,11975.92,11997.21,11936.01,11983.01,47.6831
2020-03-13 23:30:00,12031.66,12051.57,12025.68,12041.42,104.8405
2020-03-13 23:45:00,12101.17,12129.6,12077.65,12090.91,7.8821
2020-03-14 00:00:00,12144.84,12153.08,12132.33,12140.36,78.609
2020-03-14 00:15:00,12179.09,12238.15,12171.72,12193.55,1.327
2020-03-14 00:30:00,12195.04,12214.65,12161.73,12204.81,145.2834
2020-03-14 00:45:00,12225.7,12230.33,12194.85,12206.6,109.9413
2020-03-14 01:00:00,12227.86,12263.73,12212.56,12239.18,73.5377
2020-03-14 01:15:00,12278.13,12290.93,12218.98,12266.67,84.6631
2020-03-14 01:30:00,12250.05,12298.14,12240.5,12255.91,269.9477
2020-03-14 01:45:00,12271.37,12303.28,12261.77,12271.41,237.1898
2020-03-14 02:00:00,12274.34,12278.37,12241.78,12270.73,157.3836
2020-03-14 02:15:00,12214.19,12245.76,12210.32,12239.91,40.9814
2020-03-14 02:30:00,12269.93,12321.01,12260.64,12287.9,11.3445
2020-03-14 02:45:00,12291.61,12327.84,12283.04,12290.55,38.777
2020-03-14 03:00:00,12357.75,12377.23,12356.27,12366.71,139.4174
2020-03-14 03:15:00,12319.28,12325.3,12295.21,12307.02,94.4178
2020-03-14 03:30:00,12267.34,12324.65,12258.52,12287.08,122.272
2020-03-14 03:45:00,12295.84,12316.22,12246.89,12288.89,11.13
2020-03-14 04:00:00,12314.47,12341.68,12300.09,12331.44,17.2506
2020-03-14 04:15:00,12342.49,12367.53,12325.04,12346.83,109.1596
2020-03-14 04:30:00,12345.8,12363.6,12321.08,12358.95,46.4898
2020-03-14 04:45:00,12341.21,12350.33,12289.3,12317.77,46.0747
2020-03-14 05:00:00,12259.19,12285.1,12238.24,12275.64,49.8666
2020-03-14 05:15:00,12286.63,12336.97,12266.95,12288.13,158.9341
2020-03-14 05:30:00,12217.32,12248.6,12184.86,12238.46,120.0824
2020-03-14 05:45:00,12239.09,12265.58,12215.17,12219.54,11.2089
2020-03-14 06:00:00,12243.42,12270.77,12223.13,12238.51,42.2139
2020-03-14 06:15:00,12204.73,12242.69,12199.05,12203.06,112.0343
2020-03-14 06:30:00,12280.52,12306.46,12249.15,12262.44,373.5099
2020-03-14 06:45:00,12309.89,12322.21,12268.96,12308.08,243.33
2020-03-14 07:00:00,12253.36,12264.42,12213.99,12250.67,28.5383
2020-03-14 07:15:00,12218.63,12234.84,12186.15,12217.02,6.8314
2020-03-14 07:30:00,12140.69,12165.63,12083.68,12133.85,85.1588
2020-03-14 07:45:00,12100.01,12111.17,12078.08,12105.97,52.1297
2020-03-14 08:00:00,12131.81,12149.34,12103.58,12134.41,20.2594
2020-03-14 08:15:00,12129.77,12152.93,12090.5,12119.95,105.454
2020-03-14 08:30:00,12140.68,12151.02,12123.5,12137.31,17.4771
2020-03-14 08:45:00,12081.1,12098.35,12055.37,12082.48,43.3065
2020-03-14 09:00:00,12095.05,12137.22,12076.98,12112.01,158.2639
2020-03-14 09:15:00,12110.56,12122.85,12066.63,12092.45,115.296
2020-03-14 09:30:00,12085.5,12127.04,12062.81,12093.49,93.4258
2020-03-14 09:45:00,12102.67,12143.13,12079.7,12090.73,267.1141
2020-03-14 10:00:00,12047.33,12079.8,12036.39,12045.21,13.3998
2020-03-14 10:15:00,11988.62,12043.74,11982.85,12004.15,117.4293
2020-03-14 10:30:00,12054.68,12079.16,12022.86,12039.6,12.4801
2020-03-14 10:45:00,12057.68,12102.93,12046.66,12054.61,14.6616
2020-03-14 11:00:00,12109.34,12135.19,12060.0,12093.19,70.6083
2020-03-14 11:15:00,12103.36,12133.99,12102.43,12105.57,2.4406
2020-03-14 11:30:00,12119.9,12141.23,12104.77,12111.37,69.5146
2020-03-14 11:45:00,12028.03,12071.57,12003.64,12049.26,0.9524
2020-03-14 12:00:00,12034.07,12053.48,12007.25,12040.09,92.2347
2020-03-14 12:15:00,12024.38,12055.99,12020.29,12039.71,37.3981
2020-03-14 12:30:00,12106.31,12130.27,12058.87,12110.85,8.6937
2020-03-14 12:45:00,12142.14,12162.37,12100.63,12136.42,151.7961
2020-03-14 13:00:00,12185.58,12198.8,12158.19,12192.95,49.4174
2020-03-14 13:15:00,12225.97,12234.9,12211.91,12215.42,58.7023
2020-03-14 13:30:00,12179.52,12192.27,12136.91,12189.96,46.917
2020-03-14 13:45:00,12205.65,12231.54,12172.98,12194.85,8.7335
2020-03-14 14:00:00,12220.09,12229.67,12197.88,12204.11,61.6033
2020-03-14 14:15:00,12182.67,12235.24,12167.2,12170.33,109.4933
2020-03-14 14:30:00,12152.72,12178.57,12124.8,12156.91,233.693
2020-03-14 14:45:00,12124.18,12169.8,12108.88,12150.01,144.3089
2020-03-14 15:00:00,12216.25,12225.51,12198.98,12209.14,8.2608
2020-03-14 15:15:00,12132.02,12136.37,12123.65,12133.54,18.1287
2020-03-14 15:30:00,12166.12,12180.78,12154.73,12178.04,4.5862
2020-03-14 15:45:00,12137.67,12192.5,12112.68,12144.42,12.714
2020-03-14 16:00:00,12112.39,12122.12,12090.69,12095.04,65.4941
2020-03-14 16:15:00,12124.65,12147.27,12114.19,12138.46,24.8128
2020-03-14 16:30:00,12171.42,12175.28,12143.91,12165.72,104.3943
2020-03-14 16:45:00,12214.78,12227.62,12191.72,12212.11,3.2902
2020-03-14 17:00:00,12237.68,12258.29,12219.24,12242.06,194.6635
2020-03-14 17:15:00,12326.26,12346.21,12264.44,12318.32,113.2088
2020-03-14 17:30:00,12359.73,12382.22,12335.22,12339.59,347.6282
2020-03-14 17:45:00,12330.76,12349.6,12328.38,12334.41,305.4003
2020-03-14 18:00:00,12344.71,12381.31,12333.17,12347.72,118.0667
2020-03-14 18:15:00,12402.11,12445.11,12387.26,12394.4,17.2028
2020-03-14 18:30:00,12377.39,12420.47,12344.14,12366.04,25.1135
2020-03-14 18:45:00,12340.89,12371.74,12338.7,12342.47,32.5151
2020-03-14 19:00:00,12327.88,12340.14,12316.59,12331.65,55.6301
2020-03-14 19:15:00,12227.23,12272.0,12214.41,12254.4,84.6001
2020-03-14 19:30:00,12250.55,12340.53,12239.67,12260.09,114.7592
2020-03-14 19:45:00,12177.44,12206.31,12151.53,12191.33,7.8651
2020-03-14 20:00:00,12202.23,12236.8,12181.19,12193.88,94.3015
2020-03-14 20:15:00,12223.17,12236.79,12216.55,12226.15,6.1011
2020-03-14 20:30:00,12205.81,12273.62,12174.92,12209.27,175.4615
2020-03-14 20:45:00,12271.2,12290.54,12265.16,12271.31,4.1265
2020-03-14 21:00:00,12207.52,12234.91,12203.35,12218.15,49.4374
2020-03-14 21:15:00,12281.48,12291.06,12234.92,12262.43,54.4696
2020-03-14 21:30:00,12303.83,12312.68,12275.57,12287.88,84.4868
2020-03-14 21:45:00,12245.02,12257.29,12212.56,12225.23,10.0315
2020-03-14 22:00:00,12333.69,12398.5,12314.78,12325.27,270.4618
2020-03-14 22:15:00,12323.16,12329.36,12309.47,12323.53,48.3221
2020-03-14 22:30:00,12311.55,12323.51,12288.65,12291.7,50.4509
2020-03-14 22:45:00,12232.09,12274.24,12226.06,12240.43,27.8507
2020-03-14 23:00:00,12222.3,12247.45,12179.04,12232.96,151.7392
2020-03-14 23:15:00,12221.54,12233.38,12217.92,12228.9,0.7792
2020-03-14 23:30:00,12239.67,12245.15,12171.07,12233.27,11.2278
2020-03-14 23:45:00,12213.64,12264.2,12154.34,12222.96,63.6317
2020-03-15 00:00:00,12244.89,12262.99,12215.38,12246.79,345.1405
2020-03-15 00:15:00,12213.56,12242.84,12168.76,12233.16,3.6236
2020-03-15 00:30:00,12168.61,12188.26,12149.52,12162.76,6.3997
2020-03-15 00:45:00,12139.47,12189.87,12109.95,12157.92,125.4889
2020-03-15 01:00:00,12060.92,12078.78,12053.62,12072.17,132.9708
2020-03-15 01:15:00,12100.3,12116.4,12076.26,12085.59,227.2412
2020-03-15 01:30:00,12064.91,12079.49,12034.67,12050.69,85.9508
2020-03-15 01:45:00,12061.71,12070.54,12037.53,12057.2,51.676
2020-03-15 02:00:00,12108.67,12115.65,12087.67,12105.33,59.9792
2020-03-15 02:15:00,12065.07,12072.19,12001.56,12071.48,56.4781
2020-03-15 02:30:00,12101.16,12139.66,12088.08,12110.52,363.1995
2020-03-15 02:45:00,12091.0,12120.91,12068.89,12095.38,47.8177
2020-03-15 03:00:00,12141.19,12177.8,12120.04,12159.6,10.1
2020-03-15 03:15:00,12149.95,12154.72,12104.51,12146.89,34.1963
2020-03-15 03:30:00,12117.46,12118.46,12091.1,12116.87,322.1088
2020-03-15 03:45:00,12131.12,12146.34,12093.67,12142.45,55.9047
2020-03-15 04:00:00,12146.21,12148.98,12114.37,12127.19,37.9905
2020-03-15 04:15:00,12104.52,12150.06,12086.07,12097.18,37.2157
2020-03-15 04:30:00,12088.8,12109.33,12079.17,12080.44,0.9106
2020-03-15 04:45:00,12073.54,12108.14,12064.51,12079.43,100.2715
2020-03-15 05:00:00,12128.66,12139.93,12110.64,12128.67,128.8334
2020-03-15 05:15:00,12066.47,12068.22,12050.39,12058.9,43.5333
2020-03-15 05:30:00,12062.18,12072.07,12026.14,12060.34,206.1927
2020-03-15 05:45:00,12102.91,12108.38,12083.48,12083.56,135.8254
2020-03-15 06:00:00,12088.71,12110.71,12083.3,12091.17,91.8467
2020-03-15 06:15:00,12133.16,12162.96,12119.29,12139.29,121.6777
2020-03-15 06:30:00,12144.89,12162.49,12128.52,12137.19,146.7299
2020-03-15 06:45:00,12115.73,12135.13,12101.19,12131.08,74.8765
2020-03-15 07:00:00,12164.47,12208.44,12150.0,12153.24,50.7167
2020-03-15 07:15:00,12141.65,12159.55,12109.25,12157.47,13.4348
2020-03-15 07:30:00,12151.59,12183.34,12119.79,12143.84,51.9101
2020-03-15 07:45:00,12155.36,12176.26,12155.06,12163.25,79.8721
2020-03-15 08:00:00,12145.83,12149.7,12120.07,12140.05,295.3901
2020-03-15 08:15:00,12129.39,12165.95,12112.02,12118.39,16.8294
2020-03-15 08:30:00,12101.66,12102.96,12086.0,12099.8,141.4524
2020-03-15 08:45:00,12134.95,12151.19,12114.92,12149.52,27.5363
2020-03-15 09:00:00,12021.94,12050.9,12015.94,12032.73,314.6697
2020-03-15 09:15:00,12038.83,12058.55,12019.09,12047.61,90.3394
2020-03-15 09:30:00,12026.62,12056.07,11997.91,12049.45,56.7013
2020-03-15 09:45:00,12002.81,12005.1,11982.26,11989.3,42.5911
2020-03-15 10:00:00,12002.36,12012.4,11983.66,12001.04,22.5625
2020-03-15 10:15:00,12005.12,12058.92,11979.8,12018.76,125.3505
2020-03-15 10:30:00,12058.15,12060.84,12004.29,12040.63,101.0514
2020-03-15 10:45:00,11937.06,11963.23,11905.61,11945.44,220.8687
2020-03-15 11:00:00,11998.01,12020.41,11993.78,11995.0,90.9659
2020-03-15 11:15:00,11959.18,11974.27,11938.74,11969.05,18.6093
2020-03-15 11:30:00,11970.1,11996.0,11959.29,11994.31,114.8329
2020-03-15 11:45:00,12005.17,12048.08,12000.28,12021.57,211.0261
2020-03-15 12:00:00,11985.18,11991.28,11973.6,11990.55,465.251
2020-03-15 12:15:00,12025.7,12032.63,11985.47,12014.91,115.5392
2020-03-15 12:30:00,12005.78,12005.98,11978.6,12001.62,34.1837
2020-03-15 12:45:00,11929.31,11941.06,11919.9,11927.64,83.3287
2020-03-15 13:00:00,11945.96,11997.18,11945.23,11970.02,72.3573
2020-03-15 13:15:00,11957.95,11964.77,11925.67,11942.79,71.7396
2020-03-15 13:30:00,11915.43,11924.81,11906.35,11912.77,8.1883
2020-03-15 13:45:00,11897.54,11901.89,11888.27,11898.96,21.6349
2020-03-15 14:00:00,11922.76,11958.04,11903.64,11909.27,74.2581
2020-03-15 14:15:00,11922.68,11945.23,11903.88,11907.82,160.0388
2020-03-15 14:30:00,11941.77,11971.4,11921.99,11928.0,20.0632
2020-03-15 14:45:00,11877.72,11928.95,11874.96,11880.66,17.9463
2020-03-15 15:00:00,11842.9,11892.24,11791.94,11854.79,142.6514
2020-03-15 15:15:00,11862.98,11869.31,11829.13,11851.26,117.2972
2020-03-15 15:30:00,11903.06,11929.08,11890.02,11919.33,66.3798
2020-03-15 15:45:00,11939.06,11960.46,11880.16,11915.86,5.1674
2020-03-15 16:00:00,11955.58,11956.09,11935.86,11955.25,63.9951
2020-03-15 16:15:00,11944.54,11982.82,11930.89,11957.23,180.0913
2020-03-15 16:30:00,11925.77,11975.04,11880.33,11940.48,1.0678
2020-03-15 16:45:00,11916.99,11950.57,11874.91,11932.23,10.8261
2020-03-15 17:00:00,11928.48,11951.99,11921.15,11926.8,165.7243
2020-03-15 17:15:00,11948.92,11954.6,11935.09,11949.0,74.476
2020-03-15 17:30:00,11984.04,12008.13,11958.94,11998.87,108.55
2020-03-15 17:45:00,12008.14,12012.51,11979.84,12012.42,136.6695
2020-03-15 18:00:00,12039.31,12058.16,12008.4,12055.8,35.6972
2020-03-15 18:15:00,12028.59,12061.0,12007.13,12021.51,35.3644
2020-03-15 18:30:00,12006.5,12018.18,11991.11,12007.15,30.6465
2020-03-15 18:45:00,11977.13,12002.22,11946.43,11981.66,18.3027
2020-03-15 19:00:00,11978.12,12010.85,11944.58,11993.57,36.3475
2020-03-15 19:15:00,11977.65,11990.55,11947.66,11981.25,305.4004
2020-03-15 19:30:00,12003.1,12017.31,11969.97,12008.08,8.9899
2020-03-15 19:45:00,11978.95,11991.28,11963.93,11975.14,27.5274
2020-03-15 20:00:00,11979.29,12005.68,11964.19,11977.29,38.2751
2020-03-15 20:15:00,12012.07,12019.05,11958.16,12002.56,16.7018
2020-03-15 20:30:00,11923.02,11939.67,11899.77,11928.8,8.0561
2020-03-15 20:45:00,11982.98,12028.17,11980.77,12005.32,17.6568
2020-03-15 21:00:00,12007.61,12019.27,11991.26,11995.72,75.0351
2020-03-15 21:15:00,11912.29,11943.66,11911.01,11923.45,90.8205
2020-03-15 21:30:00,11916.49,11935.56,11865.29,11929.7,24.2397
2020-03-15 21:45:00,11930.98,11974.0,11890.62,11931.49,70.0784
2020-03-15 22:00:00,11932.76,11985.64,11890.09,11929.16,0.6249
2020-03-15 22:15:00,11958.87,11977.12,11947.22,11965.22,92.135
2020-03-15 22:30:00,11986.19,12003.9,11985.92,11992.65,0.1306
2020-03-15 22:45:00,11999.28,12010.43,11979.25,12003.97,102.9394
2020-03-15 23:00:00,12037.81,12067.29,12015.66,12020.78,66.0334
2020-03-15 23:15:00,12017.59,12038.57,11998.06,12017.62,11.5718
2020-03-15 23:30:00,12070.54,12122.89,12045.49,12082.23,9.2559
2020-03-15 23:45:00,12017.7,12044.34,12008.04,12029.22,0.6914
2020-03-16 00:00:00,12031.84,12064.53,12028.94,12034.86,80.217
2020-03-16 00:15:00,12040.67,12055.7,12033.14,12037.81,164.2733
2020-03-16 00:30:00,12073.62,12091.71,12054.01,12067.78,194.1725
2020-03-16 00:45:00,12039.33,12045.99,11996.76,12037.84,84.2198
2020-03-16 01:00:00,11965.38,11993.38,11952.58,11975.47,218.1854
2020-03-16 01:15:00,11976.62,12009.77,11955.69,11981.7,198.0353
2020-03-16 01:30:00,12001.21,12009.69,11989.08,11992.41,119.8066
2020-03-16 01:45:00,12032.79,12054.08,12007.82,12046.6,45.1116
2020-03-16 02:00:00,11995.7,12009.51,11974.51,12001.29,175.5576
2020-03-16 02:15:00,12050.66,12081.32,12019.53,12043.46,49.7048
2020-03-16 02:30:00,12140.22,12159.24,12080.53,12129.6,51.6281
2020-03-16 02:45:00,12114.12,12148.05,12100.42,12116.46,113.3437
2020-03-16 03:00:00,12065.18,12110.33,12046.95,12070.14,262.996
2020-03-16 03:15:00,12040.07,12072.03,12032.02,12056.01,69.3187
2020-03-16 03:30:00,12063.46,12088.35,12040.38,12057.12,19.5056
2020-03-16 03:45:00,12094.04,12108.09,12055.64,12078.11,15.368
2020-03-16 04:00:00,12088.22,12091.24,12018.65,12057.29,35.9878
2020-03-16 04:15:00,12118.83,12130.32,12084.6,12114.15,61.1852
2020-03-16 04:30:00,12073.63,12093.29,12072.23,12074.25,35.3341
2020-03-16 04:45:00,12000.8,12059.41,11970.63,12011.85,124.451
2020-03-16 05:00:00,12029.69,12071.43,12014.63,12052.33,78.2311
2020-03-16 05:15:00,11972.81,11974.98,11955.0,11970.69,52.2108
2020-03-16 05:30:00,11992.08,12003.81,11960.05,11963.96,24.0042
2020-03-16 05:45:00,12091.81,12103.96,12072.53,12076.46,92.992
2020-03-16 06:00:00,12090.11,12099.45,12049.22,12076.63,112.1165
2020-03-16 06:15:00,12039.58,12040.28,12017.02,12036.63,153.3267
2020-03-16 06:30:00,12039.48,12040.59,12020.98,12035.15,469.3612
2020-03-16 06:45:00,12004.75,12051.84,11992.92,12033.92,26.3092
2020-03-16 07:00:00,12049.5,12053.34,12025.41,12040.32,1.5227
2020-03-16 07:15:00,12057.86,12110.91,12050.32,12064.85,69.4036
2020-03-16 07:30:00,12019.4,12061.33,12005.74,12027.84,257.7086
2020-03-16 07:45:00,12085.43,12115.55,12070.09,12089.33,28.6032
2020-03-16 08:00:00,12094.51,12109.88,12090.94,12098.83,141.0076
2020-03-16 08:15:00,12117.11,12139.32,12107.9,12125.81,38.4944
2020-03-16 08:30:00,12103.74,12144.17,12095.35,12103.57,49.6266
2020-03-16 08:45:00,12144.1,12175.54,12126.62,12150.88,295.1244
2020-03-16 09:00:00,12143.34,12175.14,12131.45,12142.12,61.8073
2020-03-16 09:15:00,12134.77,12199.94,12111.89,12152.84,129.2156
2020-03-16 09:30:00,12116.83,12119.86,12113.66,12119.43,79.8184
2020-03-16 09:45:00,12070.54,12089.71,12066.37,12083.79,144.3523
2020-03-16 10:00:00,12101.57,12115.19,12079.82,12109.34,38.1796
2020-03-16 10:15:00,12095.56,12103.05,12088.15,12093.83,209.4716
2020-03-16 10:30:00,12044.11,12066.3,12039.41,12063.46,79.6116
2020-03-16 10:45:00,12030.88,12070.53,12006.23,12040.78,36.9848
2020-03-16 11:00:00,12073.5,12094.39,12058.87,12066.63,3.8947
2020-03-16 11:15:00,12027.44,12050.48,12002.89,12044.46,1.3296
2020-03-16 11:30:00,12062.22,12070.96,12022.62,12040.81,43.5976
2020-03-16 11:45:00,12056.46,12063.19,12033.91,12041.96,24.2964
2020-03-16 12:00:00,11967.37,11981.15,11955.24,11973.3,5.4117
2020-03-16 12:15:00,11911.67,11933.56,11874.88,11921.05,80.4853
2020-03-16 12:30:00,11936.08,11974.04,11901.13,11933.67,449.0863
2020-03-16 12:45:00,11890.65,11941.07,11883.85,11907.88,54.8747
2020-03-16 13:00:00,11922.31,11980.73,11909.55,11946.23,80.3214
2020-03-16 13:15:00,11975.97,11987.85,11939.64,11981.48,24.821
2020-03-16 13:30:00,12006.32,12015.9,11997.23,12007.93,22.9308
2020-03-16 13:45:00,12075.22,12078.22,12069.07,12074.08,39.8053
2020-03-16 14:00:00,12064.25,12072.25,12043.55,12071.67,180.2123
2020-03-16 14:15:00,12111.19,12126.25,12060.3,12095.78,323.3389
2020-03-16 14:30:00,12057.12,12082.09,12053.71,12075.18,134.6017
2020-03-16 14:45:00,12150.77,12194.01,12140.35,12164.62,2.0771
2020-03-16 15:00:00,12243.57,12262.91,12215.54,12237.62,57.6989
2020-03-16 15:15:00,12224.45,12242.59,12221.6,12238.66,54.5939
2020-03-16 15:30:00,12238.76,12284.23,12220.97,12253.47,273.6454
2020-03-16 15:45:00,12305.57,12306.48,12283.74,12304.05,136.8723
2020-03-16 16:00:00,12286.28,12300.73,12273.24,12299.24,125.3131
2020-03-16 16:15:00,12273.99,12284.41,12267.46,12275.62,83.1895
2020-03-16 16:30:00,12299.81,12313.57,12269.34,12308.42,103.7992
2020-03-16 16:45:00,12301.33,12351.68,12293.41,12311.93,119.9346
2020-03-16 17:00:00,12293.41,12342.79,12272.61,12319.31,80.4203
2020-03-16 17:15:00,12290.81,12318.9,12269.11,12289.09,186.3224
2020-03-16 17:30:00,12211.13,12247.9,12186.03,12226.38,3.7592
2020-03-16 17:45:00,12233.59,12292.09,12213.55,12235.65,283.6699
2020-03-16 18:00:00,12263.2,12291.1,12229.62,12269.48,148.5398
2020-03-16 18:15:00,12259.25,12267.55,12254.54,12261.79,75.2816
2020-03-16 18:30:00,12313.39,12332.32,12309.56,12315.24,196.8459
2020-03-16 18:45:00,12292.23,12297.67,12272.55,12289.85,176.0148
2020-03-16 19:00:00,12242.66,12266.48,12208.4,12251.58,54.3676
2020-03-16 19:15:00,12264.94,12271.88,12247.46,12249.72,183.1433
2020-03-16 19:30:00,12224.67,12263.58,12217.25,12247.29,20.8671
2020-03-16 19:45:00,12273.41,12306.24,12263.77,12276.2,63.3373
2020-03-16 20:00:00,12258.51,12265.17,12232.68,12248.27,26.4328
2020-03-16 20:15:00,12305.02,12349.17,12297.1,12299.15,13.2844
2020-03-16 20:30:00,12360.28,12378.69,12355.6,12372.34,225.0021
2020-03-16 20:45:00,12361.51,12379.52,12353.48,12371.51,45.7201
2020-03-16 21:00:00,12406.01,12424.2,12401.09,12418.51,115.3227
2020-03-16 21:15:00,12387.19,12394.92,12376.1,12379.77,47.0162
2020-03-16 21:30:00,12411.13,12432.62,12375.84,12420.32,78.5532
2020-03-16 21:45:00,12463.14,12469.77,12415.08,12459.96,42.7775
2020-03-16 22:00:00,12496.16,12502.12,12481.66,12492.86,135.7616
2020-03-16 22:15:00,12522.49,12529.16,12465.72,12492.9,154.3948
2020-03-16 22:30:00,12386.69,12389.54,12337.27,12382.81,56.3054
2020-03-16 22:45:00,12349.56,12373.77,12347.8,12359.59,196.3354
2020-03-16 23:00:00,12318.98,12363.65,12294.79,12337.0,43.8976
2020-03-16 23:15:00,12298.01,12338.94,12279.49,12301.41,143.7423
2020-03-16 23:30:00,12305.07,12338.25,12298.46,12306.53,105.0004
2020-03-16 23:45:00,12264.51,12295.72,12241.65,12291.68,60.8771
2020-03-17 00:00:00,12253.14,12273.37,12252.32,12261.89,219.7486
2020-03-17 00:15:00,12227.19,12249.82,12192.32,12223.55,84.9224
2020-03-17 00:30:00,12191.43,12198.23,12150.09,12197.93,183.3723
2020-03-17 00:45:00,12251.43,12252.73,12233.33,12239.58,132.1759
2020-03-17 01:00:00,12196.88,12228.01,12165.68,12215.92,76.0515
2020-03-17 01:15:00,12205.91,12213.17,12190.08,12197.65,39.5149
2020-03-17 01:30:00,12192.69,12233.59,12137.38,12181.55,301.8729
2020-03-17 01:45:00,12206.21,12218.66,12187.38,12194.55,5.842
2020-03-17 02:00:00,12192.73,12234.6,12169.2,12211.85,224.8914
2020-03-17 02:15:00,12104.73,12110.06,12067.93,12100.92,70.6016
2020-03-17 02:30:00,12130.49,12141.59,12125.47,12138.61,138.1271
2020-03-17 02:45:00,12174.38,12211.32,12154.51,12191.53,40.6663
2020-03-17 03:00:00,12148.7,12171.01,12105.11,12153.73,48.4849
2020-03-17 03:15:00,12107.91,12149.15,12098.26,12118.88,21.1649
2020-03-17 03:30:00,12114.26,12117.35,12082.53,12103.12,308.6549
2020-03-17 03:45:00,12082.47,12093.92,12069.21,12076.27,4.4264
2020-03-17 04:00:00,12071.06,12088.14,12052.69,12084.99,48.9113
2020-03-17 04:15:00,12006.32,12024.13,11980.37,12015.02,40.7519
2020-03-17 04:30:00,11970.77,11977.44,11969.85,11975.33,167.7058
2020-03-17 04:45:00,12030.35,12085.29,12017.57,12031.22,69.6331
2020-03-17 05:00:00,12010.4,12041.89,11975.88,11998.32,18.5251
2020-03-17 05:15:00,12052.0,12075.5,12001.32,12043.68,71.1337
2020-03-17 05:30:00,12057.74,12063.63,12037.33,12057.12,26.9209
2020-03-17 05:45:00,11989.15,11996.83,11935.85,11992.28,1.7261
2020-03-17 06:00:00,11994.43,12015.82,11988.56,12015.74,78.6458
2020-03-17 06:15:00,12027.61,12047.47,12002.1,12012.1,44.6924
2020-03-17 06:30:00,11990.92,12007.49,11950.82,11996.28,27.2976
2020-03-17 06:45:00,12024.37,12032.28,11979.22,12005.7,18.903
2020-03-17 07:00:00,12025.75,12036.12,12013.14,12023.39,60.4575
2020-03-17 07:15:00,12073.92,12126.77,12039.88,12049.52,203.7308
2020-03-17 07:30:00,12100.04,12111.61,12063.76,12092.71,141.9352
2020-03-17 07:45:00,12090.78,12148.58,12058.25,12108.12,0.4641
2020-03-17 08:00:00,12051.35,12079.51,12028.11,12058.76,131.3602
2020-03-17 08:15:00,12040.19,12054.0,12016.81,12042.23,7.5502
2020-03-17 08:30:00,12138.54,12153.47,12099.82,12149.15,79.4076
2020-03-17 08:45:00,12171.57,12179.23,12159.65,12176.17,151.4339
2020-03-17 09:00:00,12246.56,12263.46,12232.55,12263.32,60.384
2020-03-17 09:15:00,12315.34,12330.68,12297.62,12315.27,47.272
2020-03-17 09:30:00,12327.75,12350.03,12314.05,12324.82,280.4667
2020-03-17 09:45:00,12324.19,12357.37,12299.91,12336.58,2.9703
2020-03-17 10:00:00,12359.78,12367.63,12328.72,12335.85,11.2021
2020-03-17 10:15:00,12272.93,12291.48,12237.97,12272.15,204.2749
2020-03-17 10:30:00,12263.4,12307.41,12254.66,12273.43,217.3642
2020-03-17 10:45:00,12298.55,12342.56,12280.47,12318.62,46.6382
2020-03-17 11:00:00,12297.81,12311.89,12288.13,12297.07,77.6957
2020-03-17 11:15:00,12309.68,12328.59,12297.58,12312.89,17.96
2020-03-17 11:30:00,12354.63,12374.04,12320.24,12344.96,215.6577
2020-03-17 11:45:00,12310.12,12339.92,12286.94,12311.89,63.3113
2020-03-17 12:00:00,12281.16,12326.19,12267.86,12295.83,83.0315
2020-03-17 12:15:00,12279.38,12279.42,12246.29,12258.9,12.5631
2020-03-17 12:30:00,12234.6,12252.4,12214.88,12229.28,95.4051
2020-03-17 12:45:00,12179.55,12211.87,12172.34,12182.65,119.0152
2020-03-17 13:00:00,12152.35,12166.42,12148.58,12150.35,34.9158
2020-03-17 13:15:00,12208.48,12210.78,12168.09,12202.7,226.4781
2020-03-17 13:30:00,12152.4,12176.23,12137.75,12169.79,22.8037
2020-03-17 13:45:00,12176.94,12211.13,12139.43,12175.02,227.6735
2020-03-17 14:00:00,12151.79,12183.75,12147.91,12157.26,121.5183
2020-03-17 14:15:00,12207.05,12224.03,12193.46,12200.86,177.6974
2020-03-17 14:30:00,12240.4,12269.32,12234.81,12249.46,120.0936
2020-03-17 14:45:00,12274.4,12296.44,12274.39,12281.83,55.9357
2020-03-17 15:00:00,12314.17,12332.87,12266.04,12293.72,40.2829
2020-03-17 15:15:00,12300.94,12319.15,12265.83,12285.82,132.4534
2020-03-17 15:30:00,12202.16,12253.57,12197.18,12242.5,35.4055
2020-03-17 15:45:00,12328.74,12366.78,12307.34,12314.49,6.3853
2020-03-17 16:00:00,12286.14,12296.53,12280.7,12287.05,28.3699
2020-03-17 16:15:00,12303.4,12336.22,12287.7,12312.12,140.7453
2020-03-17 16:30:00,12339.43,12364.87,12320.79,12351.87,157.6105
2020-03-17 16:45:00,12320.21,12358.99,12309.85,12331.92,32.3803
2020-03-17 17:00:00,12362.52,12381.31,12344.29,12370.93,39.7382
2020-03-17 17:15:00,12385.94,12405.87,12377.06,12399.92,79.7039
2020-03-17 17:30:00,12447.93,12473.94,12445.46,12464.82,30.3769
2020-03-17 17:45:00,12434.94,12470.02,12406.16,12447.89,93.1845
2020-03-17 18:00:00,12404.5,12426.9,12388.73,12400.49,33.1346
2020-03-17 18:15:00,12382.93,12419.5,12376.63,12382.31,12.8828
2020-03-17 18:30:00,12397.57,12430.43,12349.37,12390.68,16.822
2020-03-17 18:45:00,12392.64,12452.37,12366.75,12393.47,28.8416
2020-03-17 19:00:00,12363.28,12388.26,12348.62,12379.46,18.3809
2020-03-17 19:15:00,12315.26,12318.38,12265.77,12309.17,366.2925
2020-03-17 19:30:00,12314.78,12357.72,12304.43,12327.16,107.4029
2020-03-17 19:45:00,12408.74,12410.39,12355.21,12400.72,19.7547
2020-03-17 20:00:00,12404.13,12418.71,12397.25,12418.61,55.1479
2020-03-17 20:15:00,12433.37,12489.13,12425.46,12441.92,31.3519
2020-03-17 20:30:00,12459.41,12497.67,12452.18,12463.91,115.3691
2020-03-17 20:45:00,12487.8,12507.5,12439.03,12479.38,201.9487
2020-03-17 21:00:00,12517.09,12527.55,12497.24,12514.89,51.2204
2020-03-17 21:15:00,12530.61,12571.2,12524.7,12530.36,56.0081
2020-03-17 21:30:00,12542.84,12552.19,12484.25,12519.23,50.8272
2020-03-17 21:45:00,12467.02,12499.51,12445.25,12489.96,59.6428
2020-03-17 22:00:00,12468.3,12505.26,12455.58,12481.26,3.651
2020-03-17 22:15:00,12480.13,12510.95,12451.23,12493.64,89.7971
2020-03-17 22:30:00,12460.32,12524.44,12456.76,12482.42,303.7346
2020-03-17 22:45:00,12485.82,12512.14,12478.45,12494.81,153.8618
2020-03-17 23:00:00,12520.51,12537.79,12505.74,12511.9,197.6246
2020-03-17 23:15:00,12536.38,12549.23,12534.2,12543.8,26.0243
2020-03-17 23:30:00,12588.51,12620.34,12550.38,12592.7,93.4404
2020-03-17 23:45:00,12574.58,12607.66,12566.58,12596.28,223.465
2020-03-18 00:00:00,12537.49,12564.91,12527.9,12547.49,7.1073
2020-03-18 00:15:00,12529.34,12549.88,12516.71,12535.12,209.7641
2020-03-18 00:30:00,12545.46,12545.53,12522.2,12537.41,6.6675
2020-03-18 00:45:00,12448.1,12493.25,12426.38,12468.99,407.8575
2020-03-18 01:00:00,12515.86,12556.32,12480.81,12521.56,8.7653
2020-03-18 01:15:00,12541.15,12576.71,12501.97,12527.53,45.8813
2020-03-18 01:30:00,12536.91,12549.77,12520.12,12542.49,5.6198
2020-03-18 01:45:00,12567.85,12600.52,12534.22,12594.5,5.8448
2020-03-18 02:00:00,12587.4,12613.99,12562.5,12571.32,201.2038
2020-03-18 02:15:00,12602.85,12629.85,12558.46,12593.6,6.572
2020-03-18 02:30:00,12601.02,12621.75,12571.8,12590.08,157.321
2020-03-18 02:45:00,12561.81,12604.24,12560.06,12583.75,237.3878
2020-03-18 03:00:00,12574.22,12591.49,12511.86,12555.23,273.4135
2020-03-18 03:15:00,12608.84,12630.13,12561.75,12618.59,199.5422
2020-03-18 03:30:00,12598.59,12634.64,12559.45,12605.01,310.4751
2020-03-18 03:45:00,12623.21,12647.9,12587.4,12632.09,5.3183
2020-03-18 04:00:00,12573.56,12599.73,12542.18,12561.67,568.6497
2020-03-18 04:15:00,12604.5,12632.19,12585.01,12606.76,2.0701
2020-03-18 04:30:00,12653.28,12671.5,12636.86,12647.19,18.2139
2020-03-18 04:45:00,12652.48,12675.4,12632.7,12651.52,8.4413
2020-03-18 05:00:00,12642.33,12687.9,12611.87,12643.54,136.2559
2020-03-18 05:15:00,12647.35,12670.32,12600.21,12659.34,9.1051
2020-03-18 05:30:00,12770.0,12776.58,12690.26,12746.9,34.628
2020-03-18 05:45:00,12661.55,12704.66,12648.38,12680.11,101.6322
2020-03-18 06:00:00,12715.73,12722.27,12658.11,12710.49,68.9189
2020-03-18 06:15:00,12681.14,12690.75,12641.88,12676.36,14.6444
2020-03-18 06:30:00,12690.87,12711.57,12664.13,12676.24,73.7173
2020-03-18 06:45:00,12685.03,12710.16,12643.54,12667.45,41.652
2020-03-18 07:00:00,12650.07,12664.38,12643.46,12651.8,88.1742
2020-03-18 07:15:00,12658.75,12671.23,12651.25,12652.04,77.3264
2020-03-18 07:30:00,12631.88,12654.84,12568.06,12609.62,455.7063
2020-03-18 07:45:00,12648.36,12660.47,12631.73,12649.19,199.1557
2020-03-18 08:00:00,12568.32,12581.76,12560.8,12581.74,0.3674
2020-03-18 08:15:00,12597.89,12617.97,12596.91,12602.74,19.3599
2020-03-18 08:30:00,12574.6,12604.47,12558.3,12591.02,244.3429
2020-03-18 08:45:00,12552.09,12577.05,12537.64,12547.42,77.535
2020-03-18 09:00:00,12569.03,12576.54,12523.18,12555.67,142.4903
2020-03-18 09:15:00,12496.14,12514.01,12470.94,12497.65,70.0185
2020-03-18 09:30:00,12479.5,12506.36,12471.49,12499.76,154.0678
2020-03-18 09:45:00,12459.75,12469.43,12421.39,12447.03,14.2455
2020-03-18 10:00:00,12442.74,12492.41,12430.86,12464.88,133.9036
2020-03-18 10:15:00,12411.72,12441.04,12400.37,12430.94,203.7202
2020-03-18 10:30:00,12412.52,12451.41,12407.44,12414.74,30.8768
2020-03-18 10:45:00,12429.44,12483.93,12416.01,12426.31,45.9445
2020-03-18 11:00:00,12403.36,12416.05,12380.98,12398.13,89.3018
2020-03-18 11:15:00,12395.77,12422.61,12392.07,12396.59,202.6791
2020-03-18 11:30:00,12362.63,12367.61,12339.97,12340.91,238.3735
2020-03-18 11:45:00,12365.69,12371.67,12327.83,12364.89,76.4483
2020-03-18 12:00:00,12443.84,12472.86,12403.52,12430.98,107.3135
2020-03-18 12:15:00,12545.59,12566.75,12500.53,12535.73,206.2864
2020-03-18 12:30:00,12523.57,12541.0,12448.44,12539.78,26.3051
2020-03-18 12:45:00,12567.93,12581.88,12560.16,12570.06,174.4195
2020-03-18 13:00:00,12530.09,12532.36,12489.82,12503.54,30.3614
2020-03-18 13:15:00,12554.2,12563.8,12538.08,12560.53,86.9894
2020-03-18 13:30:00,12581.92,12612.75,12562.49,12590.41,272.8227
2020-03-18 13:45:00,12574.91,12578.75,12550.16,12572.76,71.6405
2020-03-18 14:00:00,12614.14,12630.65,12594.55,12620.06,9.8065
2020-03-18 14:15:00,12601.04,12628.85,12572.64,12611.05,226.1537
2020-03-18 14:30:00,12588.27,12597.74,12584.05,12594.35,87.9403
2020-03-18 14:45:00,12631.01,12640.19,12585.9,12612.94,7.3809
2020-03-18 15:00:00,12571.62,12579.64,12524.05,12573.34,1.0584
2020-03-18 15:15:00,12595.75,12615.08,12590.82,12612.5,30.284
2020-03-18 15:30:00,12554.17,12583.52,12542.1,12573.18,12.8161
2020-03-18 15:45:00,12561.86,12567.94,12519.66,12534.2,99.0031
2020-03-18 16:00:00,12497.83,12503.06,12493.71,12500.62,90.8113
2020-03-18 16:15:00,12535.17,12539.34,12520.88,12529.73,183.8103
2020-03-18 16:30:00,12497.52,12536.76,12487.79,12507.17,72.0233
2020-03-18 16:45:00,12461.21,12491.25,12454.91,12457.22,29.1852
2020-03-18 17:00:00,12453.35,12461.28,12426.71,12435.2,5.1591
2020-03-18 17:15:00,12426.52,12443.04,12388.73,12434.63,1.056
2020-03-18 17:30:00,12396.88,12436.12,12369.79,12391.2,260.0699
2020-03-18 17:45:00,12331.64,12383.15,12321.28,12349.0,15.6084
2020-03-18 18:00:00,12452.98,12459.32,12412.82,12427.84,69.1538
2020-03-18 18:15:00,12399.7,12423.43,12377.38,12396.37,158.3687
2020-03-18 18:30:00,12379.87,12412.72,12358.93,12384.98,263.9921
2020-03-18 18:45:00,12368.27,12382.16,12326.78,12371.96,22.5265
2020-03-18 19:00:00,12350.63,12412.11,12340.12,12356.93,26.3878
2020-03-18 19:15:00,12374.91,12384.24,12371.3,12380.59,19.8146
2020-03-18 19:30:00,12386.03,12421.68,12366.11,12416.42,17.3082
2020-03-18 19:45:00,12404.43,12432.61,12388.09,12405.65,60.6887
2020-03-18 20:00:00,12358.52,12404.49,12297.03,12360.25,101.0341
2020-03-18 20:15:00,12414.19,12425.65,12391.06,12408.12,122.5063
2020-03-18 20:30:00,12398.7,12436.19,12384.57,12405.19,39.6305
2020-03-18 20:45:00,12460.59,12521.62,12455.37,12470.21,97.7664
2020-03-18 21:00:00,12386.73,12393.34,12366.63,12386.82,0.2371
2020-03-18 21:15:00,12374.72,12428.21,12348.93,12394.71,219.1698
2020-03-18 21:30:00,12468.45,12469.23,12461.34,12466.67,203.8316
2020-03-18 21:45:00,12430.89,12472.8,12415.95,12454.08,78.545
2020-03-18 22:00:00,12460.23,12461.55,12410.03,12446.28,27.8881
2020-03-18 22:15:00,12466.46,12491.53,12432.55,12457.93,358.371
2020-03-18 22:30:00,12426.15,12488.37,12407.0,12437.67,166.4114
2020-03-18 22:45:00,12434.86,12456.95,12422.05,12426.65,1.7099
2020-03-18 23:00:00,12416.06,12432.67,12413.99,12414.68,63.4202
2020-03-18 23:15:00,12379.43,12395.75,12356.27,12391.93,10.7672
2020-03-18 23:30:00,12413.07,12448.41,12386.51,12438.23,14.1841
2020-03-18 23:45:00,12460.0,12467.45,12439.99,12456.06,0.1309
2020-03-19 00:00:00,12456.15,12473.1,12453.62,12466.05,116.3831
2020-03-19 00:15:00,12510.59,12540.97,12470.12,12496.91,29.1048
2020-03-19 00:30:00,12487.8,12501.14,12476.36,12487.62,36.3617
2020-03-19 00:45:00,12450.53,12501.65,12442.15,12459.24,4.8176
2020-03-19 01:00:00,12459.7,12521.62,12428.93,12437.34,0.7976
2020-03-19 01:15:00,12445.2,12461.92,12427.86,12438.03,157.3698
2020-03-19 01:30:00,12353.81,12408.83,12315.94,12399.13,108.2964
2020-03-19 01:45:00,12375.12,12410.58,12352.46,12381.14,48.1782
2020-03-19 02:00:00,12345.48,12385.67,12288.82,12362.59,7.2461
2020-03-19 02:15:00,12432.05,12454.25,12411.09,12442.0,149.5253
2020-03-19 02:30:00,12337.3,12350.86,12328.48,12339.09,260.8507
2020-03-19 02:45:00,12337.42,12353.89,12313.14,12333.06,74.9572
2020-03-19 03:00:00,12400.76,12427.79,12388.0,12397.52,14.9599
2020-03-19 03:15:00,12416.04,12458.76,12392.27,12402.67,105.7086
2020-03-19 03:30:00,12439.24,12444.83,12412.39,12431.33,7.4203
2020-03-19 03:45:00,12442.82,12450.24,12406.15,12435.67,18.0956
2020-03-19 04:00:00,12413.9,12420.5,12390.0,12411.4,63.6261
2020-03-19 04:15:00,12344.41,12345.55,12279.86,12328.54,28.6394
2020-03-19 04:30:00,12332.86,12366.02,12321.54,12336.76,266.2324
2020-03-19 04:45:00,12305.1,12313.87,12301.25,12308.67,165.4806
2020-03-19 05:00:00,12256.33,12279.8,12250.61,12279.73,32.4024
2020-03-19 05:15:00,12274.91,12282.66,12253.95,12261.96,331.8536
2020-03-19 05:30:00,12325.81,12331.15,12315.87,12326.76,47.529
2020-03-19 05:45:00,12452.74,12487.25,12404.43,12416.31,84.0194
2020-03-19 06:00:00,12419.98,12430.34,12408.09,12425.02,83.0142
2020-03-19 06:15:00,12409.42,12415.01,12400.22,12408.32,104.864
2020-03-19 06:30:00,12371.87,12380.91,12359.94,12365.12,27.9223
2020-03-19 06:45:00,12369.47,12386.39,12355.44,12383.12,255.1705
2020-03-19 07:00:00,12454.43,12533.64,12431.27,12449.97,30.8807
2020-03-19 07:15:00,12441.78,12471.85,12439.76,12441.35,109.315
2020-03-19 07:30:00,12349.43,12375.44,12311.97,12353.18,145.1413
2020-03-19 07:45:00,12393.15,12426.31,12328.15,12378.63,213.2939
2020-03-19 08:00:00,12404.62,12432.62,12372.03,12415.84,61.0528
2020-03-19 08:15:00,12360.79,12396.6,12345.93,12357.4,124.37
2020-03-19 08:30:00,12382.54,12411.14,12354.47,12364.56,8.9255
2020-03-19 08:45:00,12373.16,12393.76,12322.51,12381.91,150.5167
2020-03-19 09:00:00,12376.14,12392.0,12372.3,12379.82,140.9182
2020-03-19 09:15:00,12380.03,12390.19,12341.47,12351.07,52.8658
2020-03-19 09:30:00,12395.2,12396.45,12342.88,12389.33,37.6087
2020-03-19 09:45:00,12368.69,12381.96,12362.25,12374.95,47.8358
2020-03-19 10:00:00,12330.32,12339.91,12319.19,12320.44,9.4933
2020-03-19 10:15:00,12238.34,12257.37,12236.67,12245.3,101.5574
2020-03-19 10:30:00,12272.99,12336.1,12265.85,12292.23,244.2218
2020-03-19 10:45:00,12332.49,12355.37,12302.49,12315.59,109.5795
2020-03-19 11:00:00,12305.86,12345.27,12289.56,12319.45,86.8741
2020-03-19 11:15:00,12333.96,12373.53,12290.27,12303.8,467.8184
2020-03-19 11:30:00,12278.87,12293.96,12243.71,12284.89,78.0533
2020-03-19 11:45:00,12271.98,12276.22,12243.09,12245.85,42.439
2020-03-19 12:00:00,12213.88,12239.27,12206.2,12230.62,121.9633
2020-03-19 12:15:00,12165.9,12178.57,12151.61,12153.44,73.6948
2020-03-19 12:30:00,12133.27,12151.62,12098.09,12127.21,357.8751
2020-03-19 12:45:00,12126.65,12136.52,12113.13,12116.5,228.2342
2020-03-19 13:00:00,12151.03,12174.83,12124.48,12139.28,293.448
2020-03-19 13:15:00,12132.39,12152.5,12112.77,12138.43,0.1022
2020-03-19 13:30:00,12152.06,12173.38,12134.78,12167.98,40.6783
2020-03-19 13:45:00,12217.22,12271.36,12211.51,12217.84,98.6768
2020-03-19 14:00:00,12259.97,12260.16,12251.62,12257.24,36.863
2020-03-19 14:15:00,12269.36,12284.55,12249.56,12275.15,106.8404
2020-03-19 14:30:00,12279.61,12281.94,12232.34,12276.2,125.5096
2020-03-19 14:45:00,12244.73,12245.93,12229.69,12240.69,97.6263
2020-03-19 15:00:00,12257.31,12268.94,12203.58,12268.48,61.2971
2020-03-19 15:15:00,12335.79,12346.51,12308.07,12330.92,119.3207
2020-03-19 15:30:00,12340.89,12348.57,12321.68,12344.19,151.584
2020-03-19 15:45:00,12407.12,12431.25,12396.71,12415.81,119.102
2020-03-19 16:00:00,12369.34,12379.71,12355.7,12359.6,167.1331
2020-03-19 16:15:00,12307.86,12338.01,12285.81,12317.43,294.2227
2020-03-19 16:30:00,12344.0,12367.29,12333.36,12349.64,10.8155
2020-03-19 16:45:00,12360.94,12382.71,12345.8,12360.05,236.8933
2020-03-19 17:00:00,12426.44,12450.39,12406.1,12409.39,31.9543
2020-03-19 17:15:00,12411.82,12422.95,12378.78,12409.43,82.9584
2020-03-19 17:30:00,12384.28,12398.83,12355.96,12377.74,285.3738
2020-03-19 17:45:00,12366.74,12396.3,12355.99,12370.43,96.7775
2020-03-19 18:00:00,12313.2,12356.45,12304.16,12314.16,8.7925
2020-03-19 18:15:00,12272.49,12296.81,12269.92,12273.09,69.1603
2020-03-19 18:30:00,12313.12,12350.64,12278.82,12309.51,224.7607
2020-03-19 18:45:00,12338.7,12361.7,12305.46,12342.35,53.1189
2020-03-19 19:00:00,12372.97,12378.7,12338.05,12356.41,188.3598
2020-03-19 19:15:00,12288.64,12295.04,12277.8,12293.23,158.0768
2020-03-19 19:30:00,12259.66,12326.98,12236.43,12280.63,236.9068
2020-03-19 19:45:00,12269.67,12288.53,12175.37,12236.11,30.5267
2020-03-19 20:00:00,12275.89,12285.71,12243.36,12279.91,68.6281
2020-03-19 20:15:00,12275.12,12302.82,12240.03,12259.02,40.8284
2020-03-19 20:30:00,12236.87,12253.0,12217.54,12219.7,76.4146
2020-03-19 20:45:00,12232.96,12250.17,12196.25,12221.4,1.9308
2020-03-19 21:00:00,12196.13,12243.24,12187.45,12198.54,27.6641
2020-03-19 21:15:00,12256.97,12300.08,12243.09,12253.45,365.1054
2020-03-19 21:30:00,12211.47,12251.38,12190.83,12227.05,92.4147
2020-03-19 21:45:00,12200.57,12217.18,12146.18,12176.34,19.0343
2020-03-19 22:00:00,12088.0,12118.38,12069.9,12098.3,70.9923
2020-03-19 22:15:00,12094.72,12129.57,12071.94,12097.79,119.7285
2020-03-19 22:30:00,12079.2,12110.33,12046.02,12078.0,92.5637
2020-03-19 22:45:00,12025.54,12041.26,12006.94,12026.83,69.7003
2020-03-19 23:00:00,12062.41,12102.84,12039.33,12070.34,112.0738
2020-03-19 23:15:00,12111.97,12113.61,12065.22,12095.11,18.2654
2020-03-19 23:30:00,12106.18,12116.74,12087.49,12094.69,57.6586
2020-03-19 23:45:00,12148.71,12150.41,12117.0,12144.79,138.7339
2020-03-20 00:00:00,12164.68,12191.24,12154.81,12169.54,86.6206
2020-03-20 00:15:00,12153.03,12165.5,12093.75,12140.11,236.7438
2020-03-20 00:30:00,12097.25,12105.44,12095.92,12102.87,58.6557
2020-03-20 00:45:00,12152.23,12203.31,12126.33,12133.17,14.177
2020-03-20 01:00:00,12149.56,12165.11,12134.48,12148.21,4.9988
2020-03-20 01:15:00,12169.95,12187.7,12147.71,12155.0,64.9024
2020-03-20 01:30:00,12123.36,12154.8,12103.76,12124.74,57.5494
2020-03-20 01:45:00,12148.33,12176.79,12144.14,12147.46,29.6404
2020-03-20 02:00:00,12135.39,12147.95,12119.74,12120.53,89.2856
2020-03-20 02:15:00,12144.02,12148.74,12106.35,12117.43,28.7916
2020-03-20 02:30:00,12189.63,12237.77,12157.37,12170.64,24.3756
2020-03-20 02:45:00,12157.77,12177.76,12142.68,12147.12,97.3438
2020-03-20 03:00:00,12097.53,12105.12,12072.77,12090.4,289.9373
2020-03-20 03:15:00,12046.72,12069.14,12040.94,12052.83,22.6618
2020-03-20 03:30:00,12092.96,12107.09,12078.48,12089.39,20.1899
2020-03-20 03:45:00,12088.18,12102.8,12034.85,12099.23,73.2617
2020-03-20 04:00:00,12099.7,12120.98,12074.35,12095.16,12.7195
2020-03-20 04:15:00,12082.6,12114.6,12033.02,12077.29,34.8265
2020-03-20 04:30:00,12071.76,12099.7,12029.07,12095.48,468.4197
2020-03-20 04:45:00,12065.74,12081.85,12043.67,12065.27,183.9125
2020-03-20 05:00:00,12081.95,12109.89,12050.16,12076.94,122.4593
2020-03-20 05:15:00,12050.04,12081.58,12000.0,12051.05,2.6369
2020-03-20 05:30:00,12023.5,12067.06,11987.05,12019.2,30.7985
2020-03-20 05:45:00,11980.72,12000.98,11965.43,11996.81,84.3199
2020-03-20 06:00:00,11974.6,11993.48,11945.51,11983.9,123.8843
2020-03-20 06:15:00,11995.15,12000.26,11960.81,11982.74,110.3751
2020-03-20 06:30:00,11991.81,12006.93,11952.39,11991.81,20.5134
2020-03-20 06:45:00,11863.75,11866.29,11852.09,11859.72,62.7896
2020-03-20 07:00:00,11825.11,11832.4,11796.54,11831.57,22.1278
2020-03-20 07:15:00,11818.5,11818.85,11808.71,11818.27,257.1381
2020-03-20 07:30:00,11844.89,11902.2,11828.87,11872.22,81.5124
2020-03-20 07:45:00,11844.36,11865.5,11812.34,11834.35,49.4721
2020-03-20 08:00:00,11862.13,11875.24,11833.34,11840.72,250.1264
2020-03-20 08:15:00,11881.75,11910.09,11848.95,11894.42,234.3001
2020-03-20 08:30:00,11837.02,11864.84,11815.06,11848.16,70.1382
2020-03-20 08:45:00,11867.99,11892.97,11859.58,11862.76,116.0843
2020-03-20 09:00:00,11852.24,11858.59,11831.52,11834.8,38.3965
2020-03-20 09:15:00,11817.45,11838.63,11770.83,11817.47,36.7683
2020-03-20 09:30:00,11775.1,11806.64,11746.66,11789.59,79.7535
2020-03-20 09:45:00,11761.84,11807.66,11761.09,11764.3,187.4998
2020-03-20 10:00:00,11848.73,11885.32,11844.03,11860.95,90.9216
2020-03-20 10:15:00,11883.64,11902.25,11847.14,11891.59,61.4408
2020-03-20 10:30:00,11927.86,11960.88,11909.93,11931.49,109.1065
2020-03-20 10:45:00,11938.59,11964.01,11890.05,11949.7,167.2872
2020-03-20 11:00:00,11883.46,11905.83,11860.46,11892.71,154.8072
2020-03-20 11:15:00,11908.29,11908.65,11897.53,11907.4,46.2982
2020-03-20 11:30:00,11948.89,11983.66,11913.81,11946.32,274.3562
2020-03-20 11:45:00,11899.36,11930.16,11874.71,11916.33,1.5884
2020-03-20 12:00:00,11956.18,11995.89,11950.39,11951.44,59.9273
2020-03-20 12:15:00,11972.71,12011.52,11961.54,11977.29,238.0821
2020-03-20 12:30:00,12053.11,12067.19,12027.36,12044.44,119.0748
2020-03-20 12:45:00,12039.33,12055.43,11979.69,12029.94,121.7368
2020-03-20 13:00:00,11984.4,12004.13,11955.33,11990.93,17.016
2020-03-20 13:15:00,11985.88,11986.92,11977.24,11978.52,87.2407
2020-03-20 13:30:00,12020.64,12034.97,12018.87,12030.71,340.9703
2020-03-20 13:45:00,11981.16,11997.53,11948.53,11965.32,23.7684
2020-03-20 14:00:00,11882.17,11912.68,11880.81,11891.67,39.6279
2020-03-20 14:15:00,11899.65,11918.97,11852.12,11895.45,49.204
2020-03-20 14:30:00,11878.03,11898.02,11841.6,11880.26,44.6112
2020-03-20 14:45:00,11869.04,11920.72,11841.3,11881.12,98.631
2020-03-20 15:00:00,11926.15,11947.19,11906.55,11915.41,26.7322
2020-03-20 15:15:00,11888.95,11932.81,11878.97,11896.26,70.4591
2020-03-20 15:30:00,11809.89,11891.13,11809.66,11830.01,51.1224
2020-03-20 15:45:00,11868.85,11917.34,11806.09,11903.16,103.4175
2020-03-20 16:00:00,11857.76,11874.41,11831.49,11868.14,27.6994
2020-03-20 16:15:00,11847.31,11871.64,11789.21,11831.03,80.5476
2020-03-20 16:30:00,11885.72,11912.48,11858.51,11870.79,134.8483
2020-03-20 16:45:00,11849.17,11869.7,11802.99,11857.69,118.0761
2020-03-20 17:00:00,11851.59,11877.39,11831.97,11856.03,179.7453
2020-03-20 17:15:00,11868.28,11898.96,11822.58,11873.8,312.7221
2020-03-20 17:30:00,11897.1,11918.76,11878.53,11912.99,192.3935
2020-03-20 17:45:00,11890.37,11902.07,11886.45,11901.67,278.3937
2020-03-20 18:00:00,11968.26,11972.95,11918.23,11956.53,1.7664
2020-03-20 18:15:00,11886.51,11900.12,11861.87,11880.52,99.1368
2020-03-20 18:30:00,11911.45,11938.02,11901.0,11908.19,31.16
2020-03-20 18:45:00,11862.94,11897.33,11856.93,11878.8,165.5457
2020-03-20 19:00:00,11929.5,11932.82,11909.2,11928.29,170.9468
2020-03-20 19:15:00,11906.48,11962.64,11880.52,11933.97,4.8947
2020-03-20 19:30:00,11920.52,11949.86,11881.67,11910.48,90.524
2020-03-20 19:45:00,11937.85,11956.92,11902.82,11934.76,190.3018
2020-03-20 20:00:00,11951.24,11986.16,11910.11,11967.34,88.5309
2020-03-20 20:15:00,12010.36,12031.39,11983.34,11990.98,55.4325
2020-03-20 20:30:00,11933.07,11971.37,11928.39,11954.54,7.9888
2020-03-20 20:45:00,11944.11,11982.54,11931.6,11937.78,131.034
2020-03-20 21:00:00,11944.86,11978.51,11898.24,11938.23,7.7574
2020-03-20 21:15:00,11922.55,11964.45,11905.48,11937.35,91.109
2020-03-20 21:30:00,11964.34,11978.02,11962.37,11964.79,249.6496
2020-03-20 21:45:00,11873.6,11912.71,11855.11,11893.07,54.3194
2020-03-20 22:00:00,11871.7,11916.49,11851.34,11905.59,147.0394
2020-03-20 22:15:00,11883.13,11932.14,11838.72,11895.83,160.8493
2020-03-20 22:30:00,11859.18,11867.33,11846.41,11866.5,1.0395
2020-03-20 22:45:00,11848.29,11867.43,11819.6,11840.66,246.4398
2020-03-20 23:00:00,11834.43,11840.45,11825.18,11833.63,20.9216
2020-03-20 23:15:00,11707.48,11722.55,11684.61,11706.38,33.2259
2020-03-20 23:30:00,11670.49,11700.99,11653.86,11682.34,204.6198
2020-03-20 23:45:00,11646.05,11691.96,11628.15,11652.23,116.0247
2020-03-21 00:00:00,11660.58,11689.66,11645.62,11671.44,46.4989
2020-03-21 00:15:00,11629.55,11678.28,11619.18,11643.81,9.1983
2020-03-21 00:30:00,11629.97,11657.27,11603.37,11636.88,48.8139
2020-03-21 00:45:00,11692.18,11712.23,11676.48,11691.31,339.1214
2020-03-21 01:00:00,11720.05,11749.49,11709.31,11726.77,11.0503
2020-03-21 01:15:00,11755.29,11791.67,11721.08,11759.1,187.1659
2020-03-21 01:30:00,11750.21,11766.63,11728.05,11742.05,39.3489
2020-03-21 01:45:00,11755.88,11768.0,11746.17,11761.77,106.2946
2020-03-21 02:00:00,11738.42,11799.75,11724.73,11754.1,99.8433
2020-03-21 02:15:00,11754.39,11763.87,11741.76,11747.77,39.3916
2020-03-21 02:30:00,11765.93,11769.13,11760.21,11762.8,5.5823
2020-03-21 02:45:00,11746.18,11747.32,11720.45,11742.32,16.113
2020-03-21 03:00:00,11802.88,11834.06,11776.15,11795.5,83.4362
2020-03-21 03:15:00,11795.81,11813.81,11750.3,11790.42,297.3149
2020-03-21 03:30:00,11813.23,11827.94,11797.81,11812.89,260.0561
2020-03-21 03:45:00,11893.44,11906.18,11817.1,11865.06,12.0443
2020-03-21 04:00:00,11887.08,11914.73,11859.14,11902.38,208.1274
2020-03-21 04:15:00,11845.71,11855.81,11817.86,11852.66,26.6324
2020-03-21 04:30:00,11880.56,11887.91,11860.24,11869.08,240.6515
2020-03-21 04:45:00,11901.66,11943.89,11897.02,11899.96,142.086
2020-03-21 05:00:00,11941.44,11962.24,11921.49,11932.4,325.0983
2020-03-21 05:15:00,11895.16,11926.49,11862.95,11893.14,58.291
2020-03-21 05:30:00,11886.6,11898.03,11863.93,11870.29,131.5222
2020-03-21 05:45:00,11894.31,11930.21,11889.14,11906.3,132.9063
2020-03-21 06:00:00,11895.64,11914.7,11848.6,11879.69,68.552
2020-03-21 06:15:00,11883.5,11883.89,11859.86,11869.6,366.981
2020-03-21 06:30:00,11911.88,11943.73,11902.76,11926.31,27.9267
2020-03-21 06:45:00,11932.72,11953.77,11906.41,11925.2,428.4103
2020-03-21 07:00:00,11899.28,11915.23,11892.47,11899.79,167.1945
2020-03-21 07:15:00,11861.86,11873.22,11842.85,11869.06,95.7366
2020-03-21 07:30:00,11859.06,11892.45,11856.32,11881.5,7.8596
2020-03-21 07:45:00,11822.61,11843.25,11817.72,11834.57,30.0244
2020-03-21 08:00:00,11834.76,11846.36,11791.73,11826.38,184.0627
2020-03-21 08:15:00,11848.43,11866.77,11828.13,11838.8,130.2518
2020-03-21 08:30:00,11883.02,11894.24,11869.01,11885.53,328.8562
2020-03-21 08:45:00,11919.66,11927.86,11909.38,11909.93,50.5485
2020-03-21 09:00:00,11896.24,11904.35,11867.57,11885.01,224.8608
2020-03-21 09:15:00,11929.46,11947.08,11914.53,11927.62,197.9242
2020-03-21 09:30:00,11908.89,11941.02,11904.55,11917.5,338.5354
2020-03-21 09:45:00,11879.15,11922.18,11858.75,11873.91,31.8073
2020-03-21 10:00:00,11874.16,11885.21,11866.18,11868.38,68.2271
2020-03-21 10:15:00,11928.21,11963.04,11856.65,11920.18,8.4429
2020-03-21 10:30:00,11937.0,11939.8,11896.51,11926.68,89.3837
2020-03-21 10:45:00,11911.48,11953.84,11889.76,11927.73,131.7972
2020-03-21 11:00:00,11980.8,12002.5,11978.93,11986.91,27.1824
2020-03-21 11:15:00,11913.37,11947.16,11880.15,11936.04,18.5911
2020-03-21 11:30:00,11899.48,11916.7,11881.6,11890.6,102.0348
2020-03-21 11:45:00,11831.04,11857.6,11795.23,11833.55,49.9437
2020-03-21 12:00:00,11852.48,11870.58,11845.41,11847.37,55.6109
2020-03-21 12:15:00,11836.39,11866.52,11829.17,11853.88,63.6994
2020-03-21 12:30:00,11926.02,11946.62,11893.02,11909.34,71.6363
2020-03-21 12:45:00,11904.4,11963.45,11879.16,11918.63,21.7567
2020-03-21 13:00:00,11914.0,11966.88,11880.57,11904.78,86.2129
2020-03-21 13:15:00,11906.84,11915.93,11901.63,11905.44,7.16
2020-03-21 13:30:00,11907.98,11916.24,11902.99,11910.24,12.0486
2020-03-21 13:45:00,11847.9,11866.64,11843.71,11851.1,124.3159
2020-03-21 14:00:00,11940.43,11980.61,11937.85,11948.05,131.466
2020-03-21 14:15:00,11982.78,12015.03,11959.47,11967.28,30.9683
2020-03-21 14:30:00,11975.57,11988.22,11939.07,11975.42,20.4194
2020-03-21 14:45:00,11982.89,11998.2,11929.3,11998.12,5.5505
2020-03-21 15:00:00,12019.64,12048.52,11984.83,12024.26,54.2809
2020-03-21 15:15:00,12021.33,12038.59,12019.27,12019.79,71.1403
2020-03-21 15:30:00,12008.4,12017.23,11996.49,11997.63,229.7192
2020-03-21 15:45:00,12012.53,12028.46,11986.28,12019.8,0.2463
2020-03-21 16:00:00,12027.84,12054.61,12009.61,12034.31,52.0642
2020-03-21 16:15:00,12005.95,12007.74,11964.61,12005.67,54.349
2020-03-21 16:30:00,12067.91,12069.42,12038.3,12057.38,217.6428
2020-03-21 16:45:00,12052.08,12102.49,12045.34,12068.6,21.8205
2020-03-21 17:00:00,12101.74,12113.68,12088.8,12095.62,6.848
2020-03-21 17:15:00,12141.1,12165.46,12125.88,12146.74,48.0636
2020-03-21 17:30:00,12144.2,12166.62,12133.82,12148.14,94.7569
2020-03-21 17:45:00,12184.64,12192.76,12135.14,12160.3,195.2946
2020-03-21 18:00:00,12188.06,12228.6,12157.04,12190.46,31.3373
2020-03-21 18:15:00,12173.74,12179.34,12158.17,12164.56,28.9432
2020-03-21 18:30:00,12175.89,12179.39,12155.57,12167.14,39.4491
2020-03-21 18:45:00,12157.97,12183.69,12155.4,12172.33,12.5828
2020-03-21 19:00:00,12115.63,12152.89,12087.6,12138.03,378.1664
2020-03-21 19:15:00,12233.06,12235.48,12182.26,12223.03,77.7873
2020-03-21 19:30:00,12158.85,12211.72,12148.31,12172.04,31.7761
2020-03-21 19:45:00,12105.06,12154.85,12081.82,12125.24,44.9005
2020-03-21 20:00:00,12186.15,12200.9,12130.54,12173.66,200.9588
2020-03-21 20:15:00,12187.88,12216.23,12176.76,12200.31,112.0013
2020-03-21 20:30:00,12153.98,12178.42,12142.9,12163.37,80.5657
2020-03-21 20:45:00,12210.2,12216.29,12170.83,12186.14,129.0284
2020-03-21 21:00:00,12220.1,12298.18,12176.54,12240.41,140.9862
2020-03-21 21:15:00,12224.54,12278.14,12219.79,12239.91,21.5933
2020-03-21 21:30:00,12330.28,12366.54,12299.61,12335.95,17.2783
2020-03-21 21:45:00,12269.82,12289.96,12253.37,12272.77,340.2089
2020-03-21 22:00:00,12287.93,12310.2,12281.56,12298.92,20.5458
2020-03-21 22:15:00,12328.28,12352.1,12298.62,12342.58,62.5044
2020-03-21 22:30:00,12394.89,12439.64,12372.39,12376.2,406.1725
2020-03-21 22:45:00,12372.49,12398.5,12366.56,12369.23,53.9933
2020-03-21 23:00:00,12366.31,12371.8,12321.81,12359.07,72.3295
2020-03-21 23:15:00,12374.46,12379.33,12353.78,12376.16,160.1289
2020-03-21 23:30:00,12410.66,12413.75,12405.51,12407.07,41.6112
2020-03-21 23:45:00,12441.71,12448.48,12427.02,12430.11,56.3934
2020-03-22 00:00:00,12457.09,12521.97,12451.38,12469.52,40.3727
2020-03-22 00:15:00,12435.32,12447.89,12425.01,12432.03,33.883
2020-03-22 00:30:00,12432.8,12434.35,12403.06,12424.15,63.8315
2020-03-22 00:45:00,12408.88,12413.53,12366.8,12389.74,136.997
2020-03-22 01:00:00,12400.11,12423.11,12357.6,12376.01,201.9575
2020-03-22 01:15:00,12415.18,12441.15,12374.46,12414.32,63.5096
2020-03-22 01:30:00,12433.1,12438.99,12371.36,12418.96,38.714
2020-03-22 01:45:00,12483.28,12523.82,12448.06,12516.7,242.58
2020-03-22 02:00:00,12544.03,12565.43,12498.97,12524.59,40.9361
2020-03-22 02:15:00,12518.37,12577.66,12515.72,12527.46,149.1676
2020-03-22 02:30:00,12529.06,12560.98,12522.34,12532.08,138.0787
2020-03-22 02:45:00,12514.24,12515.86,12500.12,12508.73,5.1057
2020-03-22 03:00:00,12505.26,12513.41,12503.98,12507.18,19.5576
2020-03-22 03:15:00,12552.59,12553.05,12523.94,12550.12,85.0613
2020-03-22 03:30:00,12574.97,12591.56,12519.15,12555.04,202.2134
2020-03-22 03:45:00,12520.97,12558.66,12504.17,12525.78,90.1385
2020-03-22 04:00:00,12478.07,12495.07,12476.79,12491.65,135.7552
2020-03-22 04:15:00,12498.02,12502.19,12437.17,12475.4,132.5809
2020-03-22 04:30:00,12485.36,12501.29,12465.56,12478.79,68.1943
2020-03-22 04:45:00,12548.17,12566.93,12483.92,12524.1,82.2806
2020-03-22 05:00:00,12485.13,12535.59,12432.61,12474.36,7.395
2020-03-22 05:15:00,12446.52,12527.93,12435.65,12463.01,262.7379
2020-03-22 05:30:00,12477.08,12487.1,12439.45,12469.03,112.192
2020-03-22 05:45:00,12388.86,12404.23,12381.11,12401.06,16.7823
2020-03-22 06:00:00,12370.76,12376.51,12338.52,12370.67,27.9721
2020-03-22 06:15:00,12345.12,12360.01,12343.24,12346.05,0.4663
2020-03-22 06:30:00,12297.27,12356.39,12259.15,12317.19,30.6536
2020-03-22 06:45:00,12314.88,12371.47,12279.25,12324.9,38.0706
2020-03-22 07:00:00,12346.74,12355.81,12296.17,12319.58,114.9294
2020-03-22 07:15:00,12302.6,12308.2,12297.92,12299.67,64.7519
2020-03-22 07:30:00,12313.91,12325.03,12296.12,12316.08,185.01
2020-03-22 07:45:00,12402.8,12441.05,12376.77,12380.36,9.0786
2020-03-22 08:00:00,12436.93,12465.9,12395.68,12441.86,122.7657
2020-03-22 08:15:00,12369.58,12371.83,12353.71,12370.71,207.8595
2020-03-22 08:30:00,12405.03,12412.09,12363.35,12392.75,54.7018
2020-03-22 08:45:00,12381.79,12390.82,12354.05,12386.75,34.0708
2020-03-22 09:00:00,12383.88,12427.32,12374.09,12393.13,58.981
2020-03-22 09:15:00,12351.05,12393.19,12258.53,12378.95,155.5151
2020-03-22 09:30:00,12372.33,12415.8,12335.89,12383.93,251.3817
2020-03-22 09:45:00,12378.45,12395.55,12307.33,12390.18,6.7838
2020-03-22 10:00:00,12371.24,12373.91,12368.39,12369.28,75.1876
2020-03-22 10:15:00,12329.1,12359.64,12313.59,12336.63,102.0847
2020-03-22 10:30:00,12347.23,12362.64,12296.34,12320.64,1.7631
2020-03-22 10:45:00,12316.88,12338.03,12287.83,12329.92,19.9974
2020-03-22 11:00:00,12369.99,12400.26,12327.08,12352.69,6.4604
2020-03-22 11:15:00,12387.65,12410.82,12370.78,12384.93,34.301
2020-03-22 11:30:00,12377.17,12385.47,12350.08,12367.19,22.9923
2020-03-22 11:45:00,12387.57,12414.77,12362.21,12378.34,66.709
2020-03-22 12:00:00,12387.16,12419.79,12378.87,12414.7,106.5201
2020-03-22 12:15:00,12458.59,12486.22,12433.59,12458.73,184.6538
2020-03-22 12:30:00,12453.89,12475.77,12433.71,12457.16,36.285
2020-03-22 12:45:00,12435.42,12474.1,12413.89,12449.52,5.1721
2020-03-22 13:00:00,12463.01,12472.92,12428.46,12457.28,0.3856
2020-03-22 13:15:00,12436.25,12436.31,12399.67,12414.94,186.1442
2020-03-22 13:30:00,12375.18,12426.42,12362.81,12408.35,210.4846
2020-03-22 13:45:00,12430.04,12494.59,12407.87,12436.69,10.6464
2020-03-22 14:00:00,12445.74,12481.7,12384.98,12461.26,1.0228
2020-03-22 14:15:00,12452.67,12475.44,12432.27,12451.78,161.0766
2020-03-22 14:30:00,12456.48,12474.13,12427.37,12460.53,102.3676
2020-03-22 14:45:00,12422.8,12434.23,12417.79,12430.33,81.2256
2020-03-22 15:00:00,12465.78,12468.17,12414.8,12457.19,76.1861
2020-03-22 15:15:00,12475.28,12510.4,12437.29,12454.9,148.6159
2020-03-22 15:30:00,12478.33,12481.98,12435.67,12445.21,34.7169
2020-03-22 15:45:00,12423.13,12465.36,12402.99,12432.33,49.2846
2020-03-22 16:00:00,12407.97,12462.97,12379.16,12430.61,8.1049
2020-03-22 16:15:00,12421.47,12456.22,12387.58,12414.53,83.501
2020-03-22 16:30:00,12459.69,12481.16,12423.05,12439.66,323.9372
2020-03-22 16:45:00,12435.64,12456.88,12399.91,12425.53,33.3866
2020-03-22 17:00:00,12505.59,12527.2,12472.66,12485.53,264.8599
2020-03-22 17:15:00,12538.21,12556.54,12500.92,12541.04,130.6402
2020-03-22 17:30:00,12500.5,12532.2,12473.6,12508.12,26.6416
2020-03-22 17:45:00,12512.81,12538.74,12508.14,12511.36,108.724
2020-03-22 18:00:00,12483.44,12508.67,12442.83,12487.56,45.6075
2020-03-22 18:15:00,12484.22,12499.22,12416.9,12475.95,13.0453
2020-03-22 18:30:00,12563.69,12578.22,12526.68,12551.52,9.7306
2020-03-22 18:45:00,12553.71,12577.5,12500.16,12540.57,1.7378
2020-03-22 19:00:00,12561.16,12584.35,12531.61,12554.75,159.854
2020-03-22 19:15:00,12578.86,12604.87,12563.76,12575.76,216.1518
2020-03-22 19:30:00,12548.6,12575.49,12506.05,12538.64,65.882
2020-03-22 19:45:00,12482.55,12537.45,12421.78,12507.1,73.3815
2020-03-22 20:00:00,12465.1,12491.93,12456.56,12462.48,117.6313
2020-03-22 20:15:00,12430.63,12453.62,12393.23,12429.98,120.7005
2020-03-22 20:30:00,12326.95,12340.7,12298.62,12324.32,39.1751
2020-03-22 20:45:00,12343.99,12386.95,12281.33,12345.07,17.338
2020-03-22 21:00:00,12427.13,12439.81,12403.27,12421.77,56.2851
2020-03-22 21:15:00,12420.75,12456.67,12420.35,12427.9,119.4067
2020-03-22 21:30:00,12389.69,12411.04,12374.17,12375.71,163.0703
2020-03-22 21:45:00,12358.32,12369.43,12351.84,12352.47,9.3391
2020-03-22 22:00:00,12337.94,12376.05,12310.06,12336.08,88.7495
2020-03-22 22:15:00,12290.46,12303.22,12250.01,12299.04,5.5616
2020-03-22 22:30:00,12341.45,12356.42,12301.99,12331.39,174.1712
2020-03-22 22:45:00,12364.54,12388.12,12360.07,12361.98,109.9031
2020-03-22 23:00:00,12310.44,12326.28,12275.93,12319.75,119.2788
2020-03-22 23:15:00,12346.46,12369.45,12341.34,12347.16,143.4302
2020-03-22 23:30:00,12412.14,12443.02,12399.3,12404.34,68.447
2020-03-22 23:45:00,12482.64,12493.41,12470.34,12475.76,35.5102
2020-03-23 00:00:00,12589.75,12607.92,12530.4,12583.62,154.0211
2020-03-23 00:15:00,12551.36,12552.65,12531.41,12550.2,150.2242
2020-03-23 00:30:00,12670.14,12675.4,12604.74,12657.16,14.496
2020-03-23 00:45:00,12659.99,12677.42,12600.25,12644.34,233.0597
2020-03-23 01:00:00,12631.81,12662.53,12616.77,12622.5,25.0018
2020-03-23 01:15:00,12628.09,12666.44,12620.5,12635.52,36.5945
2020-03-23 01:30:00,12600.74,12623.72,12549.02,12614.08,24.324
2020-03-23 01:45:00,12622.94,12637.52,12594.12,12629.81,336.9618
2020-03-23 02:00:00,12605.01,12642.53,12561.28,12580.43,35.5906
2020-03-23 02:15:00,12575.59,12613.99,12552.66,12572.05,355.4439
2020-03-23 02:30:00,12648.0,12670.16,12614.19,12621.16,101.5942
2020-03-23 02:45:00,12618.12,12634.58,12608.52,12619.63,19.427
2020-03-23 03:00:00,12622.36,12636.31,12616.22,12625.63,80.7084
2020-03-23 03:15:00,12643.32,12667.68,12625.56,12644.26,213.9313
2020-03-23 03:30:00,12688.13,12720.86,12650.75,12689.3,82.4794
2020-03-23 03:45:00,12617.15,12653.21,12598.5,12626.92,14.225
2020-03-23 04:00:00,12635.16,12667.17,12603.38,12649.69,33.8183
2020-03-23 04:15:00,12646.49,12669.44,12602.08,12640.15,25.4644
2020-03-23 04:30:00,12660.44,12664.19,12616.93,12647.1,13.451
2020-03-23 04:45:00,12718.97,12775.63,12681.72,12687.95,39.6436
2020-03-23 05:00:00,12637.65,12685.26,12621.1,12643.13,108.194
2020-03-23 05:15:00,12600.91,12622.06,12578.02,12605.35,48.2092
2020-03-23 05:30:00,12523.13,12553.82,12496.22,12532.79,58.663
2020-03-23 05:45:00,12526.86,12560.67,12465.74,12512.77,38.6633
2020-03-23 06:00:00,12573.58,12601.22,12535.73,12563.34,519.7896
2020-03-23 06:15:00,12548.41,12564.37,12537.08,12559.42,88.2367
2020-03-23 06:30:00,12498.27,12535.14,12491.15,12509.56,179.5059
2020-03-23 06:45:00,12503.85,12517.87,12406.48,12491.96,58.2195
2020-03-23 07:00:00,12441.59,12472.01,12392.71,12436.82,18.4689
2020-03-23 07:15:00,12404.86,12420.14,12378.62,12395.46,187.6061
2020-03-23 07:30:00,12399.58,12456.93,12376.96,12410.54,144.153
2020-03-23 07:45:00,12344.23,12369.28,12325.51,12367.46,40.0192
2020-03-23 08:00:00,12398.5,12423.93,12390.98,12409.36,93.2465
2020-03-23 08:15:00,12415.86,12449.32,12359.33,12407.33,9.8129
2020-03-23 08:30:00,12437.33,12437.76,12398.39,12411.13,2.6675
2020-03-23 08:45:00,12396.06,12421.35,12379.95,12401.39,169.1512
2020-03-23 09:00:00,12459.05,12475.72,12400.35,12430.76,284.6071
2020-03-23 09:15:00,12470.93,12528.66,12449.05,12460.59,42.1685
2020-03-23 09:30:00,12456.36,12491.5,12443.4,12473.74,91.0242
2020-03-23 09:45:00,12498.17,12543.61,12495.44,12495.5,126.3338
2020-03-23 10:00:00,12498.96,12504.21,12447.73,12488.17,137.0589
2020-03-23 10:15:00,12478.77,12526.85,12452.54,12509.11,65.5989
2020-03-23 10:30:00,12505.11,12514.13,12471.56,12497.06,95.006
2020-03-23 10:45:00,12512.42,12550.69,12448.76,12497.76,107.0179
2020-03-23 11:00:00,12493.07,12534.55,12463.21,12488.09,10.8984
2020-03-23 11:15:00,12470.82,12503.68,12440.18,12471.59,103.5949
2020-03-23 11:30:00,12444.27,12476.49,12430.88,12446.43,71.5102
2020-03-23 11:45:00,12461.63,12509.26,12421.17,12464.51,47.5619
2020-03-23 12:00:00,12499.43,12522.22,12461.47,12514.14,30.3454
2020-03-23 12:15:00,12550.1,12590.24,12549.72,12558.74,101.5889
2020-03-23 12:30:00,12506.81,12515.24,12480.1,12512.02,18.2432
2020-03-23 12:45:00,12562.46,12568.39,12557.81,12561.04,166.5137
2020-03-23 13:00:00,12542.69,12592.04,12514.21,12549.68,18.8497
2020-03-23 13:15:00,12561.99,12591.99,12528.26,12572.92,147.6733
2020-03-23 13:30:00,12548.9,12549.56,12534.75,12539.37,170.0551
2020-03-23 13:45:00,12549.99,12581.77,12528.74,12545.34,280.7663
2020-03-23 14:00:00,12551.0,12562.51,12513.24,12557.77,62.2299
2020-03-23 14:15:00,12508.8,12511.64,12458.75,12502.47,6.5806
2020-03-23 14:30:00,12520.23,12546.33,12492.2,12525.91,113.2217
2020-03-23 14:45:00,12577.91,12605.47,12500.98,12577.11,33.2153
2020-03-23 15:00:00,12583.41,12606.12,12553.87,12571.15,9.7311
2020-03-23 15:15:00,12615.46,12643.0,12598.38,12623.08,193.6318
2020-03-23 15:30:00,12601.73,12619.35,12596.17,12616.52,15.0518
2020-03-23 15:45:00,12647.48,12689.75,12575.73,12649.31,70.5972
2020-03-23 16:00:00,12548.62,12593.06,12535.43,12565.75,155.3585
2020-03-23 16:15:00,12654.05,12659.01,12632.25,12657.56,22.2012
2020-03-23 16:30:00,12711.41,12722.83,12708.34,12714.98,226.9493
2020-03-23 16:45:00,12673.46,12716.16,12657.64,12704.76,40.2849
2020-03-23 17:00:00,12636.93,12642.6,12612.75,12630.23,50.4872
2020-03-23 17:15:00,12639.47,12668.81,12593.98,12641.78,14.098
2020-03-23 17:30:00,12602.53,12610.61,12578.61,12587.65,103.4117
2020-03-23 17:45:00,12607.79,12655.81,12573.91,12605.08,68.3823
2020-03-23 18:00:00,12630.55,12632.73,12610.6,12621.27,365.5848
2020-03-23 18:15:00,12601.23,12634.76,12576.76,12586.26,119.8421
2020-03-23 18:30:00,12627.55,12674.57,12609.76,12629.21,142.2925
2020-03-23 18:45:00,12660.35,12663.62,12627.79,12660.36,22.2
2020-03-23 19:00:00,12678.08,12715.04,12652.78,12698.06,124.7477
2020-03-23 19:15:00,12714.77,12735.53,12693.41,12699.03,81.5076
2020-03-23 19:30:00,12643.9,12664.61,12581.71,12645.74,51.7234
2020-03-23 19:45:00,12670.71,12711.43,12645.99,12683.47,152.629
2020-03-23 20:00:00,12683.19,12698.08,12658.1,12673.82,384.1908
2020-03-23 20:15:00,12594.1,12651.67,12543.93,12621.61,9.9579
2020-03-23 20:30:00,12667.99,12716.77,12656.14,12673.43,155.5373
2020-03-23 20:45:00,12765.47,12796.52,12726.48,12753.89,251.9244
2020-03-23 21:00:00,12747.37,12764.65,12741.91,12752.95,37.8608
2020-03-23 21:15:00,12826.98,12861.24,12815.38,12836.19,45.102
2020-03-23 21:30:00,12835.01,12841.42,12798.85,12840.35,158.3634
2020-03-23 21:45:00,12800.56,12862.62,12792.62,12826.34,307.1369
2020-03-23 22:00:00,12811.88,12842.72,12788.33,12802.72,279.5582
2020-03-23 22:15:00,12864.65,12870.0,12848.83,12866.24,5.7233
2020-03-23 22:30:00,12833.27,12836.98,12815.98,12836.77,205.1268
2020-03-23 22:45:00,12862.27,12874.33,12825.45,12865.72,88.2985
2020-03-23 23:00:00,12844.97,12885.51,12835.32,12844.78,54.6671
2020-03-23 23:15:00,12836.07,12852.45,12823.98,12827.69,186.7782
2020-03-23 23:30:00,12867.31,12884.32,12809.03,12867.98,161.1609
2020-03-23 23:45:00,12836.45,12870.24,12816.54,12853.95,71.2021
2020-03-24 00:00:00,12846.37,12857.15,12838.78,12838.98,52.8855
2020-03-24 00:15:00,12889.68,12929.69,12855.99,12883.26,63.9556
2020-03-24 00:30:00,12948.3,12958.33,12928.32,12945.64,38.3249
2020-03-24 00:45:00,12985.27,12998.26,12960.31,12971.33,114.1062
2020-03-24 01:00:00,12946.89,12997.5,12937.13,12946.49,222.5935
2020-03-24 01:15:00,12941.68,12949.24,12920.86,12927.31,28.8349
2020-03-24 01:30:00,12949.25,12977.16,12918.99,12931.06,174.5875
2020-03-24 01:45:00,12951.69,12971.81,12919.58,12944.15,44.7451
2020-03-24 02:00:00,12896.78,12916.21,12886.29,12906.44,14.1366
2020-03-24 02:15:00,12933.39,12944.45,12917.75,12935.08,4.1338
2020-03-24 02:30:00,12955.07,12967.64,12926.94,12939.04,65.2699
2020-03-24 02:45:00,12853.81,12878.25,12849.56,12873.09,84.0056
2020-03-24 03:00:00,12832.83,12843.25,12803.65,12837.86,0.6052
2020-03-24 03:15:00,12814.69,12822.57,12776.02,12819.09,105.7355
2020-03-24 03:30:00,12805.84,12820.23,12776.46,12816.93,73.091
2020-03-24 03:45:00,12901.46,12947.47,12871.63,12890.21,595.8437
2020-03-24 04:00:00,12904.93,12906.51,12886.57,12900.07,11.039
2020-03-24 04:15:00,12859.02,12883.03,12809.45,12868.17,122.0845
2020-03-24 04:30:00,12885.13,12927.73,12876.35,12877.33,24.4664
2020-03-24 04:45:00,12862.34,12926.58,12861.01,12864.38,23.1103
2020-03-24 05:00:00,12866.09,12885.57,12857.41,12877.55,1.8896
2020-03-24 05:15:00,12891.43,12900.96,12863.92,12900.63,0.6565
2020-03-24 05:30:00,12953.72,12963.33,12924.68,12948.07,20.656
2020-03-24 05:45:00,12959.93,12978.86,12937.88,12947.77,19.2981
2020-03-24 06:00:00,13005.75,13042.33,12981.11,13012.08,0.0437
2020-03-24 06:15:00,13055.28,13063.45,13038.48,13048.18,126.2835
2020-03-24 06:30:00,13041.74,13066.57,13001.39,13021.14,70.0521
2020-03-24 06:45:00,13091.61,13127.03,13056.75,13108.12,50.4422
2020-03-24 07:00:00,13126.3,13148.0,13093.88,13121.63,10.9585
2020-03-24 07:15:00,13100.28,13129.14,13077.62,13089.41,40.6313
2020-03-24 07:30:00,13153.72,13157.58,13072.95,13154.97,63.5991
2020-03-24 07:45:00,13254.02,13274.55,13211.9,13237.63,623.8824
2020-03-24 08:00:00,13266.09,13276.7,13201.43,13236.98,71.4574
2020-03-24 08:15:00,13222.18,13250.19,13187.94,13217.64,1.9701
2020-03-24 08:30:00,13208.38,13236.18,13164.24,13211.47,23.2868
2020-03-24 08:45:00,13253.39,13277.4,13205.29,13240.46,43.7764
2020-03-24 09:00:00,13303.07,13352.63,13275.46,13291.88,60.8671
2020-03-24 09:15:00,13281.75,13316.44,13246.03,13315.29,112.1717
2020-03-24 09:30:00,13319.98,13334.56,13272.24,13320.02,89.3045
2020-03-24 09:45:00,13375.27,13418.13,13337.68,13380.55,71.1851
2020-03-24 10:00:00,13373.96,13397.86,13339.96,13368.66,181.9507
2020-03-24 10:15:00,13408.07,13427.85,13393.58,13410.67,21.8466
2020-03-24 10:30:00,13398.61,13405.02,13344.9,13399.75,8.1079
2020-03-24 10:45:00,13406.17,13431.83,13396.45,13417.75,182.1422
2020-03-24 11:00:00,13423.7,13425.85,13386.82,13413.85,62.0202
2020-03-24 11:15:00,13434.47,13456.78,13367.02,13412.27,80.5989
2020-03-24 11:30:00,13386.4,13410.54,13372.42,13397.76,181.6367
2020-03-24 11:45:00,13433.69,13460.26,13423.04,13452.48,291.5337
2020-03-24 12:00:00,13423.84,13428.73,13392.46,13423.58,80.2964
2020-03-24 12:15:00,13394.05,13417.18,13359.21,13394.44,167.2679
2020-03-24 12:30:00,13496.12,13519.16,13450.61,13480.33,78.6981
2020-03-24 12:45:00,13503.93,13526.98,13497.39,13520.55,3.3892
2020-03-24 13:00:00,13417.26,13436.04,13405.62,13424.49,312.0356
2020-03-24 13:15:00,13373.61,13410.75,13359.15,13402.39,170.247
2020-03-24 13:30:00,13348.54,13356.94,13314.49,13330.21,140.0078
2020-03-24 13:45:00,13296.19,13320.13,13276.96,13292.86,58.3084
2020-03-24 14:00:00,13162.26,13192.44,13157.08,13168.36,285.6755
2020-03-24 14:15:00,13146.2,13217.53,13133.25,13163.61,67.3043
2020-03-24 14:30:00,13103.03,13146.5,13065.41,13119.17,127.5779
2020-03-24 14:45:00,13127.62,13164.46,13090.5,13122.18,10.6019
2020-03-24 15:00:00,13044.4,13066.58,13018.22,13058.86,24.7002
2020-03-24 15:15:00,13064.12,13071.29,13027.82,13062.76,55.2004
2020-03-24 15:30:00,13073.81,13080.98,13026.33,13047.16,87.0596
2020-03-24 15:45:00,13102.04,13121.32,13053.49,13106.6,163.7604
2020-03-24 16:00:00,13150.09,13164.61,13108.78,13162.75,27.5585
2020-03-24 16:15:00,13199.46,13201.27,13136.55,13194.42,148.8796
2020-03-24 16:30:00,13165.99,13198.33,13158.28,13182.15,220.7204
2020-03-24 16:45:00,13284.13,13296.51,13253.88,13261.32,170.6226
2020-03-24 17:00:00,13218.73,13228.57,13192.21,13200.2,97.3955
2020-03-24 17:15:00,13143.12,13149.87,13133.26,13145.28,166.0692
2020-03-24 17:30:00,13130.84,13145.46,13104.21,13142.63,209.9661
2020-03-24 17:45:00,13226.53,13253.82,13162.79,13232.16,80.9906
2020-03-24 18:00:00,13220.88,13230.5,13210.31,13224.79,166.1581
2020-03-24 18:15:00,13223.25,13237.57,13217.1,13218.18,54.6671
2020-03-24 18:30:00,13175.35,13205.12,13147.04,13161.66,73.9146
2020-03-24 18:45:00,13185.99,13244.13,13175.52,13199.67,5.4047
2020-03-24 19:00:00,13251.46,13275.03,13234.35,13238.08,214.9779
2020-03-24 19:15:00,13278.27,13324.59,13239.04,13270.08,15.1254
2020-03-24 19:30:00,13238.96,13259.92,13215.86,13245.69,32.3235
2020-03-24 19:45:00,13203.91,13240.42,13186.16,13218.27,38.1939
2020-03-24 20:00:00,13169.18,13184.1,13112.11,13167.65,12.3186
2020-03-24 20:15:00,13157.67,13174.82,13073.89,13171.62,254.789
2020-03-24 20:30:00,13143.03,13180.68,13100.21,13129.59,350.7681
2020-03-24 20:45:00,13069.17,13119.42,13054.44,13083.87,200.394
2020-03-24 21:00:00,13075.05,13095.36,13067.86,13067.89,42.5206
2020-03-24 21:15:00,13048.32,13062.5,13024.93,13049.37,5.6821
2020-03-24 21:30:00,13021.66,13045.65,13002.95,13028.96,20.1983
2020-03-24 21:45:00,13046.5,13069.01,13008.43,13047.85,147.8848
2020-03-24 22:00:00,13065.69,13099.22,13026.17,13051.59,33.6836
2020-03-24 22:15:00,13025.41,13099.06,13012.89,13040.96,223.1244
2020-03-24 22:30:00,13043.4,13089.55,12988.06,13048.77,180.2597
2020-03-24 22:45:00,13000.83,13034.6,13000.61,13010.61,27.0426
2020-03-24 23:00:00,13014.87,13035.02,12998.27,13015.37,118.2389
2020-03-24 23:15:00,13012.99,13033.23,12982.65,13021.9,58.3925
2020-03-24 23:30:00,12940.92,12973.96,12938.9,12963.84,24.2004
2020-03-24 23:45:00,12989.49,13020.11,12970.02,13003.21,89.1872
2020-03-25 00:00:00,12990.72,13045.7,12963.66,12969.47,181.6215
2020-03-25 00:15:00,12976.84,12981.82,12971.59,12973.64,261.4468
2020-03-25 00:30:00,13022.37,13029.26,12999.16,13019.61,6.0524
2020-03-25 00:45:00,13052.72,13074.6,13051.54,13056.41,54.2548
2020-03-25 01:00:00,13057.74,13094.92,13034.51,13058.41,92.7406
2020-03-25 01:15:00,13039.26,13051.18,13032.44,13044.86,41.2476
2020-03-25 01:30:00,13089.49,13091.02,13048.84,13082.59,38.2232
2020-03-25 01:45:00,13111.05,13131.92,13105.07,13109.73,147.8119
2020-03-25 02:00:00,13070.74,13125.06,13055.11,13086.06,152.5592
2020-03-25 02:15:00,13058.83,13059.42,13046.81,13055.51,130.5346
2020-03-25 02:30:00,12943.1,12995.57,12924.28,12975.0,228.7944
2020-03-25 02:45:00,12987.02,12989.39,12948.65,12981.64,68.2619
2020-03-25 03:00:00,12960.78,13012.9,12957.42,12979.07,155.0282
2020-03-25 03:15:00,13022.71,13036.53,12994.86,13023.96,1.1275
2020-03-25 03:30:00,13023.06,13043.57,13009.6,13038.64,437.6409
2020-03-25 03:45:00,13091.52,13146.68,13061.35,13091.48,251.6191
2020-03-25 04:00:00,13072.3,13107.67,13056.62,13064.75,184.1048
2020-03-25 04:15:00,13129.71,13181.54,13074.82,13110.01,88.6166
2020-03-25 04:30:00,13069.69,13102.55,13064.81,13089.86,78.5601
2020-03-25 04:45:00,13133.85,13172.82,13084.84,13121.05,16.2672
2020-03-25 05:00:00,13066.0,13088.64,13062.37,13064.29,5.5474
2020-03-25 05:15:00,13068.27,13084.46,13038.68,13074.16,29.5549
2020-03-25 05:30:00,13006.84,13014.88,12992.0,12996.97,16.3672
2020-03-25 05:45:00,12984.14,12997.1,12979.09,12987.2,82.2848
2020-03-25 06:00:00,13014.34,13052.08,12976.6,13005.01,40.429
2020-03-25 06:15:00,12972.45,13006.77,12944.35,12985.33,49.079
2020-03-25 06:30:00,12936.87,12949.38,12908.68,12945.06,2.6746
2020-03-25 06:45:00,12990.81,12995.29,12970.15,12978.57,79.5441
2020-03-25 07:00:00,12994.46,13007.41,12964.97,12975.19,106.7592
2020-03-25 07:15:00,12956.33,12970.57,12940.65,12956.78,40.7074
2020-03-25 07:30:00,12922.93,12971.98,12910.05,12959.06,14.0703
2020-03-25 07:45:00,13059.61,13080.44,13024.4,13062.21,121.6476
2020-03-25 08:00:00,13108.49,13117.77,13101.21,13108.06,13.8093
2020-03-25 08:15:00,13151.38,13181.48,13124.35,13154.44,169.7485
2020-03-25 08:30:00,13176.71,13188.3,13170.86,13172.28,78.9707
2020-03-25 08:45:00,13173.24,13197.54,13168.61,13179.52,27.108
2020-03-25 09:00:00,13096.42,13140.74,13063.35,13085.44,228.9956
2020-03-25 09:15:00,13044.21,13082.81,13032.62,13059.44,15.2886
2020-03-25 09:30:00,13057.4,13067.45,13025.04,13041.27,91.9254
2020-03-25 09:45:00,12988.67,13013.27,12967.77,12968.57,96.1056
2020-03-25 10:00:00,12912.38,12925.4,12888.93,12924.18,3.8021
2020-03-25 10:15:00,12836.29,12855.48,12813.13,12848.03,94.0876
2020-03-25 10:30:00,12852.47,12900.05,12811.2,12847.19,118.4878
2020-03-25 10:45:00,12864.1,12915.4,12834.3,12879.39,240.9417
2020-03-25 11:00:00,12916.43,12947.47,12893.13,12922.8,123.4207
2020-03-25 11:15:00,12953.79,12987.56,12926.31,12939.53,66.2484
2020-03-25 11:30:00,12912.29,12914.47,12893.41,12902.78,191.9366
2020-03-25 11:45:00,12854.04,12860.27,12826.23,12828.63,43.6624
2020-03-25 12:00:00,12763.84,12790.98,12744.75,12761.66,193.4579
2020-03-25 12:15:00,12705.95,12716.87,12653.45,12713.72,185.7709
2020-03-25 12:30:00,12681.1,12691.86,12640.7,12680.45,92.5482
2020-03-25 12:45:00,12673.1,12677.53,12672.73,12675.01,42.2545
2020-03-25 13:00:00,12635.35,12652.96,12603.1,12637.08,89.4542
2020-03-25 13:15:00,12650.26,12662.9,12639.78,12650.56,236.3377
2020-03-25 13:30:00,12630.6,12683.72,12586.46,12642.38,101.2085
2020-03-25 13:45:00,12646.98,12666.56,12561.85,12643.41,183.2662
2020-03-25 14:00:00,12669.42,12722.65,12644.78,12687.29,42.2549
2020-03-25 14:15:00,12633.94,12678.48,12578.71,12643.0,34.5749
2020-03-25 14:30:00,12658.01,12676.63,12636.89,12659.52,29.5509
2020-03-25 14:45:00,12631.01,12673.93,12628.19,12659.62,67.5799
2020-03-25 15:00:00,12657.31,12695.49,12634.13,12647.59,56.5592
2020-03-25 15:15:00,12655.77,12698.31,12640.94,12681.81,192.5663
2020-03-25 15:30:00,12724.4,12750.52,12690.98,12715.89,11.9462
2020-03-25 15:45:00,12664.02,12691.44,12631.87,12680.41,80.7541
2020-03-25 16:00:00,12668.99,12682.57,12631.19,12674.12,51.6519
2020-03-25 16:15:00,12692.03,12696.21,12675.34,12685.44,277.3707
2020-03-25 16:30:00,12703.55,12723.85,12651.91,12675.69,155.3008
2020-03-25 16:45:00,12700.05,12707.42,12672.56,12698.57,56.8015
2020-03-25 17:00:00,12684.72,12710.28,12676.8,12709.92,102.3357
2020-03-25 17:15:00,12792.62,12820.37,12769.04,12780.43,136.8813
2020-03-25 17:30:00,12719.44,12747.44,12706.27,12722.39,7.3799
2020-03-25 17:45:00,12719.25,12730.43,12709.27,12718.36,111.9999
2020-03-25 18:00:00,12691.41,12693.25,12667.88,12684.33,15.023
2020-03-25 18:15:00,12679.67,12734.26,12673.09,12707.95,20.9423
2020-03-25 18:30:00,12647.02,12650.18,12646.92,12646.93,61.8432
2020-03-25 18:45:00,12655.52,12685.53,12615.93,12660.71,388.5023
2020-03-25 19:00:00,12652.85,12678.89,12636.5,12637.41,303.9836
2020-03-25 19:15:00,12619.38,12630.3,12599.78,12610.21,232.5555
2020-03-25 19:30:00,12535.69,12577.19,12531.3,12556.11,3.4932
2020-03-25 19:45:00,12555.06,12575.89,12530.05,12539.22,191.6209
2020-03-25 20:00:00,12586.3,12590.79,12532.12,12580.65,149.685
2020-03-25 20:15:00,12560.86,12584.29,12524.07,12580.33,69.0712
2020-03-25 20:30:00,12605.35,12610.63,12603.33,12604.64,39.3674
2020-03-25 20:45:00,12681.33,12693.37,12637.77,12668.22,140.8902
2020-03-25 21:00:00,12663.49,12701.98,12631.72,12678.88,11.3201
2020-03-25 21:15:00,12675.69,12677.22,12656.7,12658.26,105.109
2020-03-25 21:30:00,12657.46,12716.98,12645.59,12676.63,111.4362
2020-03-25 21:45:00,12646.55,12683.25,12600.14,12656.57,80.6754
2020-03-25 22:00:00,12626.13,12658.11,12586.33,12638.05,210.1937
2020-03-25 22:15:00,12598.38,12603.24,12547.64,12581.05,40.0269
2020-03-25 22:30:00,12610.45,12670.36,12598.17,12616.64,65.0397
2020-03-25 22:45:00,12588.01,12628.62,12564.55,12602.66,142.1558
2020-03-25 23:00:00,12615.79,12616.74,12555.35,12610.18,126.1203
2020-03-25 23:15:00,12579.93,12585.48,12557.76,12571.62,82.6588
2020-03-25 23:30:00,12597.09,12608.65,12567.15,12588.69,31.764
2020-03-25 23:45:00,12557.13,12570.42,12546.4,12560.54,34.8495
2020-03-26 00:00:00,12559.03,12573.92,12541.06,12555.83,135.172
2020-03-26 00:15:00,12581.34,12607.22,12533.94,12589.52,0.5761
2020-03-26 00:30:00,12641.16,12645.72,12578.74,12620.02,105.7665
2020-03-26 00:45:00,12634.26,12671.49,12609.27,12619.82,28.5382
2020-03-26 01:00:00,12567.1,12573.18,12549.5,12553.51,111.7778
2020-03-26 01:15:00,12676.9,12694.82,12650.95,12666.85,20.6948
2020-03-26 01:30:00,12740.44,12765.38,12698.52,12733.82,47.2309
2020-03-26 01:45:00,12746.19,12764.39,12716.6,12762.07,140.1677
2020-03-26 02:00:00,12741.93,12776.12,12724.76,12733.87,140.7318
2020-03-26 02:15:00,12731.62,12762.26,12699.21,12730.16,23.533
2020-03-26 02:30:00,12726.11,12733.33,12701.57,12710.05,47.2056
2020-03-26 02:45:00,12769.18,12807.16,12751.42,12758.87,69.8172
2020-03-26 03:00:00,12776.59,12780.62,12757.48,12769.56,88.5177
2020-03-26 03:15:00,12718.7,12753.56,12712.76,12740.16,135.6481
2020-03-26 03:30:00,12721.67,12722.98,12715.26,12722.8,2.3921
2020-03-26 03:45:00,12759.11,12787.32,12757.03,12766.23,12.2534
2020-03-26 04:00:00,12831.39,12836.61,12822.9,12828.15,17.1646
2020-03-26 04:15:00,12882.26,12903.01,12847.1,12887.61,21.154
2020-03-26 04:30:00,12913.96,12923.6,12885.79,12917.52,3.0741
2020-03-26 04:45:00,12914.31,12922.5,12892.52,12908.38,253.1637
2020-03-26 05:00:00,12777.97,12800.41,12752.2,12783.5,17.697
2020-03-26 05:15:00,12797.09,12804.63,12780.86,12795.53,7.6491
2020-03-26 05:30:00,12776.66,12820.27,12774.71,12796.1,63.8139
2020-03-26 05:45:00,12791.46,12814.26,12789.2,12802.12,283.3328
2020-03-26 06:00:00,12813.23,12816.62,12790.44,12804.83,333.5012
2020-03-26 06:15:00,12738.83,12765.95,12734.83,12754.52,112.8256
2020-03-26 06:30:00,12792.4,12805.87,12773.44,12776.49,19.6439
2020-03-26 06:45:00,12813.83,12846.57,12787.62,12801.36,0.3803
2020-03-26 07:00:00,12824.76,12832.17,12801.24,12828.2,40.8017
2020-03-26 07:15:00,12903.85,12904.07,12843.83,12865.27,13.4053
2020-03-26 07:30:00,12905.25,12935.75,12879.61,12889.23,140.6887
2020-03-26 07:45:00,12861.8,12879.75,12843.86,12874.02,347.7188
2020-03-26 08:00:00,12881.53,12887.23,12826.79,12871.93,8.7436
2020-03-26 08:15:00,12876.94,12877.46,12861.26,12876.09,50.5729
2020-03-26 08:30:00,12870.89,12890.22,12845.19,12880.89,232.759
2020-03-26 08:45:00,12906.29,12938.87,12859.52,12920.11,130.3024
2020-03-26 09:00:00,12958.58,12960.09,12941.42,12945.7,203.8534
2020-03-26 09:15:00,13019.24,13094.48,12980.14,13027.03,256.3666
2020-03-26 09:30:00,13112.58,13119.36,13095.09,13113.91,53.2078
2020-03-26 09:45:00,13105.62,13189.76,13104.75,13117.7,118.3067
2020-03-26 10:00:00,12957.67,12996.21,12950.13,12967.37,123.5584
2020-03-26 10:15:00,13014.49,13029.99,13001.53,13016.14,99.646
2020-03-26 10:30:00,13000.73,13017.46,12971.48,12995.69,39.419
2020-03-26 10:45:00,12931.53,12980.16,12893.74,12965.09,178.4797
2020-03-26 11:00:00,12950.46,12982.56,12917.04,12950.24,146.4893
2020-03-26 11:15:00,12923.89,12945.87,12888.52,12933.54,58.9171
2020-03-26 11:30:00,12976.11,12981.14,12948.68,12957.94,54.6397
2020-03-26 11:45:00,12935.92,12945.9,12896.63,12897.97,1.0842
2020-03-26 12:00:00,12852.29,12883.13,12812.52,12856.91,185.4344
2020-03-26 12:15:00,12848.62,12891.52,12825.42,12870.79,33.4053
2020-03-26 12:30:00,12896.99,12927.72,12891.83,12895.48,63.6396
2020-03-26 12:45:00,12918.29,12932.27,12855.59,12920.95,52.984
2020-03-26 13:00:00,12916.5,12925.21,12880.64,12891.09,113.3636
2020-03-26 13:15:00,12875.32,12899.38,12796.49,12853.9,49.4466
2020-03-26 13:30:00,12846.11,12873.17,12815.85,12835.0,19.813
2020-03-26 13:45:00,12837.35,12854.7,12787.04,12844.88,202.9637
2020-03-26 14:00:00,12911.51,12925.97,12872.04,12902.77,20.2785
2020-03-26 14:15:00,12827.56,12832.45,12816.0,12824.16,2.8841
2020-03-26 14:30:00,12819.4,12837.02,12771.51,12816.31,21.8454
2020-03-26 14:45:00,12745.82,12777.94,12722.97,12765.71,60.7234
2020-03-26 15:00:00,12716.56,12739.85,12662.62,12703.07,55.0309
2020-03-26 15:15:00,12741.93,12743.3,12686.06,12740.56,159.121
2020-03-26 15:30:00,12760.72,12785.87,12732.68,12762.01,21.6828
2020-03-26 15:45:00,12772.19,12802.09,12763.53,12779.86,149.4372
2020-03-26 16:00:00,12805.63,12855.19,12766.9,12815.81,10.1333
2020-03-26 16:15:00,12802.06,12823.7,12765.81,12798.0,64.1809
2020-03-26 16:30:00,12759.67,12782.83,12726.23,12782.03,200.492
2020-03-26 16:45:00,12876.64,12900.27,12852.09,12866.49,53.2618
2020-03-26 17:00:00,12844.06,12858.23,12836.12,12857.61,330.4458
2020-03-26 17:15:00,12860.08,12901.08,12831.88,12886.61,99.7066
2020-03-26 17:30:00,12910.98,12912.31,12884.57,12887.5,141.3263
2020-03-26 17:45:00,12805.69,12843.78,12784.88,12816.69,71.306
2020-03-26 18:00:00,12729.51,12741.74,12702.17,12738.71,56.1694
2020-03-26 18:15:00,12731.65,12760.35,12688.44,12717.22,8.8479
2020-03-26 18:30:00,12781.81,12789.84,12741.01,12758.15,12.7776
2020-03-26 18:45:00,12769.35,12830.49,12746.82,12788.96,84.794
2020-03-26 19:00:00,12812.41,12870.11,12788.18,12824.67,95.0969
2020-03-26 19:15:00,12776.05,12797.03,12768.16,12787.33,418.3493
2020-03-26 19:30:00,12861.97,12878.64,12841.86,12849.96,195.0122
2020-03-26 19:45:00,12834.41,12856.89,12772.64,12813.41,186.1025
2020-03-26 20:00:00,12808.38,12856.45,12800.56,12822.23,33.7718
2020-03-26 20:15:00,12840.61,12847.16,12776.89,12822.47,53.0658
2020-03-26 20:30:00,12807.34,12825.44,12792.84,12816.43,10.7729
2020-03-26 20:45:00,12872.86,12881.71,12851.76,12868.53,87.1165
2020-03-26 21:00:00,12825.63,12897.24,12798.03,12841.96,7.2074
2020-03-26 21:15:00,12789.04,12825.26,12774.79,12790.6,59.2091
2020-03-26 21:30:00,12790.59,12840.73,12753.31,12792.01,83.5171
2020-03-26 21:45:00,12773.28,12800.69,12743.6,12777.31,25.901
2020-03-26 22:00:00,12912.38,12923.02,12898.16,12907.41,149.3631
2020-03-26 22:15:00,12921.22,12939.85,12886.26,12934.25,112.3461
2020-03-26 22:30:00,12907.59,12946.79,12864.75,12919.01,16.001
2020-03-26 22:45:00,12884.36,12915.13,12851.25,12878.73,411.5395
2020-03-26 23:00:00,12823.91,12847.41,12777.41,12806.72,78.0985
2020-03-26 23:15:00,12767.68,12779.47,12738.46,12767.97,2.6773
2020-03-26 23:30:00,12779.45,12787.98,12726.17,12773.01,43.0952
2020-03-26 23:45:00,12838.07,12845.79,12815.32,12828.35,387.8142
2020-03-27 00:00:00,12882.85,12896.4,12859.55,12872.16,232.595
2020-03-27 00:15:00,12869.36,12946.09,12851.85,12881.65,16.3888
2020-03-27 00:30:00,12859.8,12877.15,12850.66,12869.8,193.1061
2020-03-27 00:45:00,12871.94,12891.82,12835.89,12880.82,96.3411
2020-03-27 01:00:00,12886.23,12915.11,12855.32,12861.43,2.1974
2020-03-27 01:15:00,12934.94,12935.7,12892.0,12928.37,141.6466
2020-03-27 01:30:00,12927.67,12928.16,12885.51,12921.68,53.2452
2020-03-27 01:45:00,12923.71,12960.27,12883.69,12918.98,50.4411
2020-03-27 02:00:00,12816.8,12851.17,12782.78,12833.75,48.2562
2020-03-27 02:15:00,12851.73,12870.47,12808.33,12826.86,90.7723
2020-03-27 02:30:00,12865.86,12902.34,12841.11,12859.69,125.2514
2020-03-27 02:45:00,12828.42,12838.69,12814.97,12819.15,104.3109
2020-03-27 03:00:00,12768.33,12816.64,12752.21,12790.92,27.6758
2020-03-27 03:15:00,12831.97,12843.65,12786.54,12821.97,122.6908
2020-03-27 03:30:00,12761.27,12770.3,12743.53,12765.81,14.5624
2020-03-27 03:45:00,12790.02,12807.89,12759.87,12806.96,355.2287
2020-03-27 04:00:00,12774.96,12803.89,12766.01,12787.16,64.1719
2020-03-27 04:15:00,12756.74,12792.58,12749.11,12772.89,9.5791
2020-03-27 04:30:00,12714.15,12752.0,12695.88,12730.46,85.9497
2020-03-27 04:45:00,12746.31,12780.58,12675.46,12745.54,86.034
2020-03-27 05:00:00,12835.27,12900.91,12814.26,12840.23,3.9585
2020-03-27 05:15:00,12875.28,12875.91,12856.71,12870.98,1.0923
2020-03-27 05:30:00,12859.77,12890.96,12799.84,12838.25,554.7352
2020-03-27 05:45:00,12880.96,12947.41,12836.7,12882.63,49.4435
2020-03-27 06:00:00,12842.14,12877.87,12837.5,12871.04,28.1641
2020-03-27 06:15:00,12921.63,12962.51,12887.83,12924.75,79.3464
2020-03-27 06:30:00,12972.14,12994.49,12910.17,12956.68,0.8373
2020-03-27 06:45:00,12841.82,12844.22,12820.59,12842.92,1.2979
2020-03-27 07:00:00,12824.46,12833.05,12796.11,12804.88,11.9662
2020-03-27 07:15:00,12847.62,12881.38,12838.51,12841.8,162.2145
2020-03-27 07:30:00,12824.67,12893.74,12817.42,12848.28,28.5349
2020-03-27 07:45:00,12810.87,12835.64,12784.4,12809.47,70.0085
2020-03-27 08:00:00,12789.56,12802.03,12771.79,12785.76,25.3115
2020-03-27 08:15:00,12727.01,12753.26,12703.45,12713.28,78.7081
2020-03-27 08:30:00,12733.67,12763.11,12695.46,12710.55,71.0915
2020-03-27 08:45:00,12807.09,12811.17,12768.88,12795.48,51.2034
2020-03-27 09:00:00,12832.67,12833.5,12812.21,12827.02,56.7745
2020-03-27 09:15:00,12920.68,12928.75,12886.96,12911.95,105.9521
2020-03-27 09:30:00,12944.6,12954.83,12934.43,12946.77,184.6135
2020-03-27 09:45:00,12968.33,13009.57,12953.04,12987.33,38.4794
2020-03-27 10:00:00,13065.43,13066.77,13018.81,13064.89,75.9598
2020-03-27 10:15:00,13085.11,13092.1,13063.05,13080.33,192.5351
2020-03-27 10:30:00,13057.9,13082.71,13020.91,13073.64,18.3833
2020-03-27 10:45:00,13132.19,13175.06,13105.05,13114.79,389.0127
2020-03-27 11:00:00,13185.89,13190.81,13170.12,13172.65,138.8814
2020-03-27 11:15:00,13136.3,13172.47,13126.98,13154.34,45.5885
2020-03-27 11:30:00,13144.45,13148.43,13082.95,13126.52,47.029
2020-03-27 11:45:00,13128.6,13156.42,13100.54,13132.65,22.9851
2020-03-27 12:00:00,13155.81,13180.71,13140.85,13166.06,31.1859
2020-03-27 12:15:00,13212.49,13244.11,13185.1,13198.25,88.4393
2020-03-27 12:30:00,13141.85,13188.27,13109.47,13142.52,0.3745
2020-03-27 12:45:00,13243.65,13284.54,13188.53,13218.54,2.3432
2020-03-27 13:00:00,13182.53,13226.46,13146.26,13193.78,430.3348
2020-03-27 13:15:00,13161.12,13207.32,13128.44,13183.95,26.8572
2020-03-27 13:30:00,13145.22,13172.0,13143.37,13148.9,176.9401
2020-03-27 13:45:00,13266.46,13306.13,13250.31,13256.0,94.7784
2020-03-27 14:00:00,13253.99,13290.74,13215.1,13266.29,59.0555
2020-03-27 14:15:00,13215.49,13241.83,13176.58,13233.09,131.7442
2020-03-27 14:30:00,13271.08,13281.8,13250.23,13268.05,5.1316
2020-03-27 14:45:00,13279.86,13329.19,13264.57,13299.32,141.0909
2020-03-27 15:00:00,13296.58,13344.76,13237.05,13292.5,194.4841
2020-03-27 15:15:00,13322.15,13352.61,13285.82,13326.68,32.8822
2020-03-27 15:30:00,13300.93,13301.57,13285.6,13294.36,35.8986
2020-03-27 15:45:00,13256.99,13281.1,13230.82,13275.36,10.8718
2020-03-27 16:00:00,13213.1,13223.63,13165.53,13195.97,193.7205
2020-03-27 16:15:00,13141.81,13160.01,13102.56,13144.21,164.9789
2020-03-27 16:30:00,13226.24,13236.01,13208.66,13216.15,55.3754
2020-03-27 16:45:00,13294.64,13309.67,13262.08,13281.89,47.4363
2020-03-27 17:00:00,13269.8,13294.4,13230.71,13285.18,55.7789
2020-03-27 17:15:00,13363.9,13407.35,13315.03,13352.12,54.5324
2020-03-27 17:30:00,13327.35,13367.11,13308.68,13346.37,56.1447
2020-03-27 17:45:00,13319.02,13357.41,13316.63,13337.29,15.7523
2020-03-27 18:00:00,13366.42,13413.38,13335.44,13340.22,1.3569
2020-03-27 18:15:00,13350.72,13371.46,13322.6,13335.89,143.7306
2020-03-27 18:30:00,13355.59,13377.39,13289.72,13327.95,42.1213
2020-03-27 18:45:00,13369.38,13403.86,13363.66,13374.33,67.5089
2020-03-27 19:00:00,13382.39,13389.98,13373.71,13381.02,36.7356
2020-03-27 19:15:00,13417.37,13420.32,13379.58,13410.29,48.0684
2020-03-27 19:30:00,13452.29,13513.77,13423.73,13452.46,7.7814
2020-03-27 19:45:00,13458.75,13522.55,13445.29,13468.8,46.2491
2020-03-27 20:00:00,13418.23,13434.99,13382.84,13430.27,62.1973
2020-03-27 20:15:00,13379.29,13379.32,13330.59,13376.43,178.881
2020-03-27 20:30:00,13368.79,13418.13,13365.31,13383.07,38.8911
2020-03-27 20:45:00,13362.22,13403.32,13332.7,13376.86,9.2712
2020-03-27 21:00:00,13386.3,13394.29,13357.05,13381.04,142.3763
2020-03-27 21:15:00,13379.79,13433.32,13333.85,13381.06,47.1021
2020-03-27 21:30:00,13498.08,13513.32,13441.92,13485.44,246.9389
2020-03-27 21:45:00,13426.59,13458.17,13417.55,13432.3,319.5058
2020-03-27 22:00:00,13345.02,13385.88,13323.71,13352.78,205.4572
2020-03-27 22:15:00,13372.43,13393.19,13352.3,13366.77,25.7018
2020-03-27 22:30:00,13341.5,13364.41,13318.42,13352.34,29.2775
2020-03-27 22:45:00,13356.87,13401.57,13316.41,13365.67,158.0473
2020-03-27 23:00:00,13381.47,13423.55,13363.49,13389.75,59.0789
2020-03-27 23:15:00,13439.18,13444.93,13436.58,13442.0,35.3539
2020-03-27 23:30:00,13405.61,13411.03,13349.7,13381.89,34.8009
2020-03-27 23:45:00,13341.82,13372.93,13340.35,13360.21,86.1485
2020-03-28 00:00:00,13395.4,13450.4,13357.45,13378.06,225.4082
2020-03-28 00:15:00,13419.55,13435.75,13339.09,13409.66,96.4764
2020-03-28 00:30:00,13519.72,13519.99,13479.84,13498.57,96.8321
2020-03-28 00:45:00,13580.41,13655.3,13521.56,13537.94,137.4141
2020-03-28 01:00:00,13555.69,13578.08,13524.78,13536.31,142.8369
2020-03-28 01:15:00,13513.33,13594.26,13496.92,13500.83,240.1856
2020-03-28 01:30:00,13460.96,13483.72,13432.93,13478.65,17.6871
2020-03-28 01:45:00,13439.4,13477.17,13416.23,13455.36,417.5524
2020-03-28 02:00:00,13487.34,13491.74,13429.6,13482.48,39.8734
2020-03-28 02:15:00,13470.64,13532.18,13411.54,13493.55,33.0684
2020-03-28 02:30:00,13448.91,13461.34,13418.0,13440.64,71.2915
2020-03-28 02:45:00,13395.08,13464.01,13370.75,13423.74,30.7015
2020-03-28 03:00:00,13475.26,13493.34,13448.13,13459.75,26.5153
2020-03-28 03:15:00,13470.29,13491.83,13467.61,13474.62,340.5408
2020-03-28 03:30:00,13499.99,13502.14,13481.95,13498.28,10.9808
2020-03-28 03:45:00,13504.35,13528.01,13498.23,13514.46,459.9483
2020-03-28 04:00:00,13555.3,13622.16,13550.72,13581.08,97.4126
2020-03-28 04:15:00,13608.16,13618.64,13541.03,13591.38,318.3983
2020-03-28 04:30:00,13594.45,13610.41,13570.51,13576.32,227.6926
2020-03-28 04:45:00,13534.94,13576.7,13520.94,13539.7,104.5259
2020-03-28 05:00:00,13559.48,13590.81,13527.72,13550.51,89.1203
2020-03-28 05:15:00,13446.71,13489.56,13437.44,13451.97,491.0568
2020-03-28 05:30:00,13449.09,13470.65,13392.61,13445.21,72.4044
2020-03-28 05:45:00,13447.78,13453.31,13437.57,13437.58,19.6938
2020-03-28 06:00:00,13390.67,13414.09,13354.03,13383.24,495.3837
2020-03-28 06:15:00,13364.54,13399.99,13280.21,13346.64,39.0857
2020-03-28 06:30:00,13386.67,13395.98,13354.62,13379.73,9.1473
2020-03-28 06:45:00,13390.03,13423.46,13379.55,13389.66,126.1931
2020-03-28 07:00:00,13384.22,13418.9,13367.28,13394.42,59.0679
2020-03-28 07:15:00,13400.98,13441.28,13384.76,13407.4,49.1062
2020-03-28 07:30:00,13422.66,13477.74,13400.25,13411.79,99.8608
2020-03-28 07:45:00,13442.25,13472.93,13440.37,13462.47,5.43
2020-03-28 08:00:00,13483.02,13516.4,13457.89,13468.13,119.8064
2020-03-28 08:15:00,13406.11,13430.16,13378.76,13409.88,70.0067
2020-03-28 08:30:00,13465.1,13477.18,13449.28,13476.13,67.3818
2020-03-28 08:45:00,13476.96,13496.85,13456.94,13491.78,230.2924
2020-03-28 09:00:00,13477.69,13496.92,13414.06,13468.6,177.9105
2020-03-28 09:15:00,13418.44,13459.4,13370.58,13418.63,75.8404
2020-03-28 09:30:00,13456.59,13497.67,13421.01,13435.24,86.3558
2020-03-28 09:45:00,13414.23,13471.04,13383.57,13431.19,164.4877
2020-03-28 10:00:00,13487.49,13507.65,13428.02,13495.29,52.9816
2020-03-28 10:15:00,13480.72,13498.84,13445.21,13481.96,111.2411
2020-03-28 10:30:00,13438.65,13466.66,13418.15,13448.77,77.8217
2020-03-28 10:45:00,13485.66,13514.77,13482.75,13485.58,69.2404
2020-03-28 11:00:00,13528.01,13537.16,13476.31,13523.69,418.1266
2020-03-28 11:15:00,13537.76,13543.87,13505.09,13531.21,1.7663
2020-03-28 11:30:00,13579.76,13583.0,13558.92,13559.34,53.5503
2020-03-28 11:45:00,13540.81,13574.29,13534.86,13558.48,266.1805
2020-03-28 12:00:00,13573.26,13593.65,13549.87,13568.67,263.3149
2020-03-28 12:15:00,13607.97,13621.22,13533.08,13616.77,137.7193
2020-03-28 12:30:00,13648.87,13675.25,13637.72,13643.0,89.6259
2020-03-28 12:45:00,13642.64,13685.42,13616.89,13636.75,117.3915
2020-03-28 13:00:00,13679.25,13723.2,13658.29,13692.76,29.1591
2020-03-28 13:15:00,13584.05,13610.05,13578.46,13596.3,67.0203
2020-03-28 13:30:00,13687.68,13714.57,13676.99,13680.68,76.8002
2020-03-28 13:45:00,13611.67,13643.85,13604.64,13611.35,6.5842
2020-03-28 14:00:00,13583.44,13605.82,13572.33,13586.43,201.1561
2020-03-28 14:15:00,13594.38,13608.63,13582.9,13585.44,61.0071
2020-03-28 14:30:00,13590.08,13593.29,13517.05,13580.15,229.1662
2020-03-28 14:45:00,13614.61,13631.02,13576.57,13621.83,49.4231
2020-03-28 15:00:00,13567.71,13605.88,13555.11,13579.28,52.5714
2020-03-28 15:15:00,13573.43,13612.98,13540.21,13590.58,28.0
2020-03-28 15:30:00,13568.14,13597.74,13557.03,13567.69,103.3732
2020-03-28 15:45:00,13561.05,13580.7,13558.02,13580.38,79.5174
2020-03-28 16:00:00,13579.77,13604.78,13561.88,13578.42,244.1491
2020-03-28 16:15:00,13599.41,13620.55,13568.21,13582.88,56.0781
2020-03-28 16:30:00,13556.36,13607.56,13547.56,13561.15,104.4337
2020-03-28 16:45:00,13533.82,13544.7,13524.03,13541.08,122.9507
2020-03-28 17:00:00,13580.5,13628.98,13531.77,13553.43,38.545
2020-03-28 17:15:00,13613.0,13623.73,13583.3,13592.48,212.7172
2020-03-28 17:30:00,13558.38,13605.62,13520.96,13568.76,47.941
2020-03-28 17:45:00,13535.95,13550.31,13479.78,13534.07,101.4343
2020-03-28 18:00:00,13564.11,13565.52,13530.58,13559.66,95.6697
2020-03-28 18:15:00,13561.78,13603.39,13551.57,13559.01,54.7158
2020-03-28 18:30:00,13618.14,13627.06,13584.37,13593.47,20.2533
2020-03-28 18:45:00,13558.4,13581.79,13525.54,13557.21,89.7709
2020-03-28 19:00:00,13488.72,13492.09,13470.37,13485.52,47.0859
2020-03-28 19:15:00,13473.9,13526.71,13441.86,13464.63,47.6572
2020-03-28 19:30:00,13450.33,13479.73,13427.19,13434.35,67.909
2020-03-28 19:45:00,13444.43,13481.54,13407.61,13431.84,113.0849
2020-03-28 20:00:00,13414.07,13430.56,13406.67,13406.85,130.7924
2020-03-28 20:15:00,13416.38,13443.35,13413.66,13437.33,55.6996
2020-03-28 20:30:00,13419.83,13440.67,13402.12,13426.38,12.7698
2020-03-28 20:45:00,13444.12,13477.98,13418.18,13433.12,156.8845
2020-03-28 21:00:00,13443.51,13495.94,13417.65,13440.14,110.6888
2020-03-28 21:15:00,13459.78,13498.99,13437.53,13448.67,161.2908
2020-03-28 21:30:00,13473.75,13517.27,13440.22,13448.37,37.9634
2020-03-28 21:45:00,13453.79,13469.88,13417.63,13469.64,239.8211
2020-03-28 22:00:00,13453.46,13506.26,13422.48,13438.17,30.4802
2020-03-28 22:15:00,13490.8,13527.21,13443.4,13495.26,34.2158
2020-03-28 22:30:00,13498.97,13532.31,13468.46,13486.35,76.8682
2020-03-28 22:45:00,13433.41,13466.99,13414.89,13433.96,593.0324
2020-03-28 23:00:00,13470.81,13482.19,13422.54,13442.22,22.5838
2020-03-28 23:15:00,13410.31,13417.52,13382.64,13408.56,182.3275
2020-03-28 23:30:00,13427.39,13439.69,13368.22,13436.0,0.2355
2020-03-28 23:45:00,13531.41,13569.33,13487.2,13525.73,27.1181
2020-03-29 00:00:00,13498.86,13513.84,13467.54,13494.49,42.4865
2020-03-29 00:15:00,13524.0,13544.4,13503.6,13508.62,104.5852
2020-03-29 00:30:00,13444.18,13462.88,13428.77,13438.15,12.0766
2020-03-29 00:45:00,13490.43,13523.06,13455.11,13457.13,13.7769
2020-03-29 01:00:00,13420.55,13423.46,13416.29,13422.04,15.8242
2020-03-29 01:15:00,13396.22,13415.52,13366.04,13397.55,108.635
2020-03-29 01:30:00,13345.89,13356.96,13339.92,13353.96,12.1763
2020-03-29 01:45:00,13385.1,13391.83,13367.89,13383.96,50.7872
2020-03-29 02:00:00,13428.17,13450.45,13401.68,13425.07,17.0405
2020-03-29 02:15:00,13430.46,13461.45,13412.38,13426.69,48.1381
2020-03-29 02:30:00,13393.44,13409.9,13385.23,13392.54,125.1917
2020-03-29 02:45:00,13448.86,13483.34,13437.35,13457.07,32.5347
2020-03-29 03:00:00,13415.61,13435.06,13392.41,13427.45,96.1409
2020-03-29 03:15:00,13336.02,13373.51,13324.04,13341.03,28.569
2020-03-29 03:30:00,13375.29,13380.75,13358.79,13360.04,133.7785
2020-03-29 03:45:00,13334.5,13359.05,13274.75,13316.43,150.0877
2020-03-29 04:00:00,13355.56,13379.44,13348.64,13356.59,37.1634
2020-03-29 04:15:00,13329.42,13349.91,13316.27,13341.99,2.4077
2020-03-29 04:30:00,13365.73,13380.04,13353.93,13366.82,13.8211
2020-03-29 04:45:00,13451.76,13465.74,13415.31,13423.69,67.522
2020-03-29 05:00:00,13389.04,13419.39,13362.99,13375.67,48.1356
2020-03-29 05:15:00,13360.99,13391.14,13344.17,13353.63,42.3975
2020-03-29 05:30:00,13364.12,13369.04,13339.73,13351.27,86.5843
2020-03-29 05:45:00,13434.19,13453.49,13391.88,13413.52,17.6142
2020-03-29 06:00:00,13372.27,13417.19,13370.23,13387.7,61.0059
2020-03-29 06:15:00,13359.25,13376.93,13341.8,13364.49,22.7382
2020-03-29 06:30:00,13377.25,13386.51,13369.43,13384.33,396.647
2020-03-29 06:45:00,13369.67,13371.8,13340.7,13361.82,4.9846
2020-03-29 07:00:00,13370.74,13400.1,13365.33,13368.6,1.5908
2020-03-29 07:15:00,13317.11,13328.87,13281.88,13307.05,83.0528
2020-03-29 07:30:00,13389.32,13423.51,13358.68,13396.11,6.4676
2020-03-29 07:45:00,13360.92,13364.77,13341.96,13342.62,166.5959
2020-03-29 08:00:00,13329.48,13339.47,13329.06,13330.41,171.2557
2020-03-29 08:15:00,13339.03,13376.34,13313.9,13329.77,56.609
2020-03-29 08:30:00,13422.95,13433.83,13359.33,13406.93,182.2457
2020-03-29 08:45:00,13369.2,13378.84,13352.15,13354.31,134.9034
2020-03-29 09:00:00,13439.3,13454.62,13394.39,13434.45,14.5506
2020-03-29 09:15:00,13476.67,13492.77,13433.81,13465.64,196.327
2020-03-29 09:30:00,13506.65,13515.88,13446.56,13483.16,207.3688
2020-03-29 09:45:00,13450.91,13457.41,13430.66,13444.01,38.966
2020-03-29 10:00:00,13457.89,13482.67,13425.79,13467.72,149.1624
2020-03-29 10:15:00,13447.0,13449.04,13430.15,13439.16,227.6541
2020-03-29 10:30:00,13490.4,13503.45,13474.96,13490.9,136.9019
2020-03-29 10:45:00,13420.69,13497.08,13413.14,13452.27,9.873
2020-03-29 11:00:00,13454.59,13483.11,13448.12,13448.38,9.9426
2020-03-29 11:15:00,13428.22,13437.3,13408.03,13426.65,403.9366
2020-03-29 11:30:00,13403.02,13416.56,13364.05,13387.54,77.9473
2020-03-29 11:45:00,13407.92,13426.01,13374.99,13417.99,103.4079
2020-03-29 12:00:00,13419.97,13444.49,13382.72,13440.21,243.3369
2020-03-29 12:15:00,13491.91,13505.2,13474.75,13489.63,0.7465
2020-03-29 12:30:00,13423.38,13425.73,13399.46,13418.28,55.6332
2020-03-29 12:45:00,13463.05,13484.4,13427.99,13461.78,83.5632
2020-03-29 13:00:00,13563.92,13598.3,13500.79,13563.64,0.2145
2020-03-29 13:15:00,13531.47,13548.7,13503.51,13545.94,97.9269
2020-03-29 13:30:00,13621.74,13678.38,13616.44,13623.63,190.3391
2020-03-29 13:45:00,13608.82,13668.94,13597.41,13613.56,5.6473
2020-03-29 14:00:00,13572.73,13590.45,13505.77,13558.19,163.0792
2020-03-29 14:15:00,13551.58,13556.86,13514.38,13546.44,379.5561
2020-03-29 14:30:00,13585.93,13609.48,13537.96,13589.71,252.9331
2020-03-29 14:45:00,13579.59,13617.86,13517.13,13556.22,77.0058
2020-03-29 15:00:00,13528.84,13581.36,13511.64,13532.48,196.9418
2020-03-29 15:15:00,13564.82,13574.69,13521.85,13557.26,147.2448
2020-03-29 15:30:00,13555.79,13590.32,13511.47,13558.06,170.1913
2020-03-29 15:45:00,13604.67,13610.06,13562.9,13582.51,50.7582
2020-03-29 16:00:00,13594.07,13668.65,13583.39,13592.88,64.554
2020-03-29 16:15:00,13614.71,13644.67,13603.55,13613.12,27.3284
2020-03-29 16:30:00,13594.25,13600.97,13591.69,13596.15,5.2947
2020-03-29 16:45:00,13608.95,13630.54,13598.03,13606.28,90.9391
2020-03-29 17:00:00,13585.38,13656.75,13568.18,13569.11,37.045
2020-03-29 17:15:00,13633.76,13652.15,13614.61,13622.23,69.8577
2020-03-29 17:30:00,13597.38,13624.8,13590.22,13596.99,328.855
2020-03-29 17:45:00,13666.93,13687.31,13635.84,13643.72,6.523
2020-03-29 18:00:00,13646.74,13710.98,13620.55,13634.84,206.7407
2020-03-29 18:15:00,13637.81,13678.11,13607.77,13643.79,9.076
2020-03-29 18:30:00,13605.4,13637.31,13582.63,13624.21,106.0095
2020-03-29 18:45:00,13577.73,13631.87,13567.13,13583.36,42.0468
2020-03-29 19:00:00,13518.53,13520.03,13503.77,13512.94,10.5524
2020-03-29 19:15:00,13478.88,13508.31,13447.42,13470.84,141.4443
2020-03-29 19:30:00,13476.71,13504.59,13450.95,13458.42,119.9261
2020-03-29 19:45:00,13452.91,13473.23,13435.13,13467.65,102.2367
2020-03-29 20:00:00,13503.21,13516.56,13485.42,13509.14,334.9046
2020-03-29 20:15:00,13475.87,13523.8,13473.32,13491.75,2.3962
2020-03-29 20:30:00,13438.72,13471.26,13401.91,13456.73,57.0333
2020-03-29 20:45:00,13390.75,13444.1,13365.27,13399.16,82.7051
2020-03-29 21:00:00,13424.05,13432.31,13360.17,13419.13,44.2702
2020-03-29 21:15:00,13485.88,13514.73,13464.84,13475.48,110.714
2020-03-29 21:30:00,13514.52,13555.39,13467.96,13527.35,229.4645
2020-03-29 21:45:00,13545.87,13573.71,13532.62,13556.84,119.3968
2020-03-29 22:00:00,13559.31,13593.55,13533.75,13583.48,84.2517
2020-03-29 22:15:00,13656.27,13672.93,13625.41,13653.34,133.8803
2020-03-29 22:30:00,13657.62,13690.06,13602.28,13667.63,11.6119
2020-03-29 22:45:00,13717.58,13741.99,13684.41,13694.8,99.4237
2020-03-29 23:00:00,13687.92,13775.83,13654.54,13682.31,52.2972
2020-03-29 23:15:00,13624.75,13638.8,13592.31,13627.09,38.3893
2020-03-29 23:30:00,13591.09,13636.1,13587.09,13599.81,70.7466
2020-03-29 23:45:00,13579.79,13623.74,13524.73,13600.12,163.3387
2020-03-30 00:00:00,13584.67,13609.91,13528.08,13603.28,53.1999
2020-03-30 00:15:00,13674.06,13688.19,13658.07,13682.57,121.2171
2020-03-30 00:30:00,13677.02,13694.68,13635.67,13686.59,88.8907
2020-03-30 00:45:00,13721.95,13768.35,13683.65,13735.68,247.8791
2020-03-30 01:00:00,13723.61,13723.98,13689.69,13718.44,58.8503
2020-03-30 01:15:00,13713.34,13762.88,13675.92,13706.29,171.4354
2020-03-30 01:30:00,13646.07,13671.78,13621.73,13652.33,184.5013
2020-03-30 01:45:00,13648.97,13675.36,13569.77,13622.61,62.3949
2020-03-30 02:00:00,13620.99,13697.61,13565.27,13644.83,67.0582
2020-03-30 02:15:00,13646.61,13654.2,13630.87,13645.82,40.5586
2020-03-30 02:30:00,13682.11,13736.33,13635.44,13685.1,68.4292
2020-03-30 02:45:00,13685.69,13700.52,13623.09,13693.23,28.6688
2020-03-30 03:00:00,13669.89,13686.88,13644.9,13679.44,195.3808
2020-03-30 03:15:00,13768.19,13780.18,13730.62,13768.28,28.7566
2020-03-30 03:30:00,13761.99,13769.72,13720.52,13765.09,29.7898
2020-03-30 03:45:00,13808.39,13848.95,13806.27,13813.81,226.0087
2020-03-30 04:00:00,13779.95,13851.2,13764.35,13797.87,75.9629
2020-03-30 04:15:00,13805.56,13891.36,13785.76,13827.93,11.1086
2020-03-30 04:30:00,13863.12,13889.72,13862.42,13867.12,42.4227
2020-03-30 04:45:00,13870.91,13901.31,13866.35,13876.49,122.2091
2020-03-30 05:00:00,13776.45,13850.62,13770.34,13779.17,52.0547
2020-03-30 05:15:00,13779.11,13794.86,13747.84,13780.61,55.0219
2020-03-30 05:30:00,13824.94,13846.53,13819.0,13832.17,69.0527
2020-03-30 05:45:00,13851.81,13873.6,13804.9,13854.75,25.1679
2020-03-30 06:00:00,13862.13,13884.27,13855.26,13873.97,55.1743
2020-03-30 06:15:00,13824.02,13848.21,13742.49,13802.98,24.2507
2020-03-30 06:30:00,13762.82,13790.45,13729.05,13773.84,43.193
2020-03-30 06:45:00,13786.41,13798.79,13784.02,13791.53,76.0078
2020-03-30 07:00:00,13799.2,13828.48,13794.38,13809.2,118.3267
2020-03-30 07:15:00,13849.94,13897.71,13826.67,13860.21,100.4917
2020-03-30 07:30:00,13855.22,13856.43,13850.44,13854.88,85.6901
2020-03-30 07:45:00,13871.02,13878.37,13843.76,13872.44,90.5187
2020-03-30 08:00:00,13867.44,13875.34,13830.54,13873.81,71.5247
2020-03-30 08:15:00,13829.51,13866.45,13820.0,13833.43,95.3509
2020-03-30 08:30:00,13730.61,13761.65,13720.85,13740.5,47.0834
2020-03-30 08:45:00,13764.48,13804.6,13696.18,13758.96,229.7077
2020-03-30 09:00:00,13795.12,13805.91,13759.47,13766.83,89.2966
2020-03-30 09:15:00,13729.96,13744.31,13719.76,13741.98,275.8156
2020-03-30 09:30:00,13681.31,13723.74,13650.73,13675.92,51.8492
2020-03-30 09:45:00,13703.05,13744.0,13688.12,13702.44,50.1725
2020-03-30 10:00:00,13701.35,13724.74,13664.31,13692.19,335.2975
2020-03-30 10:15:00,13725.31,13734.75,13703.61,13715.75,130.5843
2020-03-30 10:30:00,13795.97,13836.82,13759.19,13793.14,73.1347
2020-03-30 10:45:00,13704.67,13708.25,13693.18,13705.22,126.7645
2020-03-30 11:00:00,13671.2,13692.09,13633.57,13677.14,50.538
2020-03-30 11:15:00,13658.77,13703.86,13656.31,13669.23,142.2161
2020-03-30 11:30:00,13728.24,13759.04,13727.18,13729.57,23.5188
2020-03-30 11:45:00,13645.31,13663.05,13556.2,13662.86,301.3486
2020-03-30 12:00:00,13734.73,13762.28,13706.8,13742.89,61.777
2020-03-30 12:15:00,13764.4,13778.13,13693.03,13749.18,9.751
2020-03-30 12:30:00,13747.26,13766.11,13738.36,13745.9,186.4413
2020-03-30 12:45:00,13750.69,13800.6,13735.53,13738.42,224.7703
2020-03-30 13:00:00,13741.3,13765.15,13661.35,13721.13,130.9178
2020-03-30 13:15:00,13762.52,13770.71,13725.44,13764.96,99.3453
2020-03-30 13:30:00,13724.37,13738.44,13708.23,13721.52,263.6925
2020-03-30 13:45:00,13732.28,13741.33,13719.52,13736.43,97.3009
2020-03-30 14:00:00,13710.13,13731.39,13679.73,13721.28,156.741
2020-03-30 14:15:00,13677.55,13704.25,13642.06,13690.6,63.7231
2020-03-30 14:30:00,13809.13,13815.84,13778.15,13797.49,129.9037
2020-03-30 14:45:00,13818.41,13871.94,13779.58,13815.53,689.0301
2020-03-30 15:00:00,13867.2,13886.41,13840.52,13841.64,48.2085
2020-03-30 15:15:00,13903.08,13917.22,13866.94,13889.58,127.3347
2020-03-30 15:30:00,13820.93,13852.7,13798.37,13831.04,16.1216
2020-03-30 15:45:00,13916.13,13938.2,13902.74,13904.44,100.8128
2020-03-30 16:00:00,13796.27,13849.78,13778.51,13800.48,38.9919
2020-03-30 16:15:00,13786.1,13797.44,13723.44,13769.34,201.438
2020-03-30 16:30:00,13744.38,13765.71,13729.03,13751.07,44.5724
2020-03-30 16:45:00,13761.26,13805.61,13737.43,13775.76,58.9047
2020-03-30 17:00:00,13774.51,13796.88,13767.61,13785.48,392.7661
2020-03-30 17:15:00,13769.01,13783.36,13751.94,13779.27,24.2544
2020-03-30 17:30:00,13767.89,13818.34,13757.73,13779.47,83.186
2020-03-30 17:45:00,13731.86,13755.8,13679.4,13739.73,199.3325
2020-03-30 18:00:00,13690.42,13708.55,13654.18,13678.7,37.8084
2020-03-30 18:15:00,13733.82,13773.18,13706.48,13709.2,1.5391
2020-03-30 18:30:00,13720.14,13750.24,13715.99,13738.41,226.6648
2020-03-30 18:45:00,13821.85,13856.63,13801.47,13804.4,96.6616
2020-03-30 19:00:00,13765.8,13829.98,13760.8,13772.38,26.1917
2020-03-30 19:15:00,13806.49,13842.31,13797.77,13801.69,32.3426
2020-03-30 19:30:00,13767.82,13806.1,13763.38,13790.63,160.7376
2020-03-30 19:45:00,13847.83,13896.14,13805.6,13840.58,102.7496
2020-03-30 20:00:00,13855.86,13910.43,13843.72,13883.7,131.9011
2020-03-30 20:15:00,13897.55,13917.6,13860.5,13893.19,86.0909
2020-03-30 20:30:00,13883.31,13915.08,13837.9,13879.74,156.0841
2020-03-30 20:45:00,13923.1,13969.41,13875.58,13920.44,172.0741
2020-03-30 21:00:00,13937.9,13985.5,13902.32,13948.15,48.9222
2020-03-30 21:15:00,13927.86,13955.17,13902.03,13920.21,231.2247
2020-03-30 21:30:00,13870.88,13883.36,13851.91,13865.46,70.3601
2020-03-30 21:45:00,13851.24,13860.47,13823.83,13854.15,17.455
2020-03-30 22:00:00,13927.18,13940.85,13910.46,13917.83,24.6508
2020-03-30 22:15:00,13965.06,14022.83,13948.23,13966.39,132.36
2020-03-30 22:30:00,13927.85,13963.77,13891.04,13920.48,47.3756
2020-03-30 22:45:00,13870.67,13880.24,13831.5,13872.41,30.4407
2020-03-30 23:00:00,13929.17,13971.04,13911.35,13926.16,92.8292
2020-03-30 23:15:00,13887.38,13897.8,13877.48,13879.41,152.45
2020-03-30 23:30:00,13895.78,13922.26,13895.69,13901.31,11.5665
2020-03-30 23:45:00,13859.19,13897.6,13837.08,13876.31,59.6249
2020-03-31 00:00:00,13948.17,13976.18,13933.41,13944.32,147.609
2020-03-31 00:15:00,13929.34,13951.62,13900.92,13912.79,233.9548
2020-03-31 00:30:00,13965.38,14006.22,13959.91,13961.21,1.3643
2020-03-31 00:45:00,13974.09,13975.52,13956.05,13969.65,106.7375
2020-03-31 01:00:00,13980.32,13995.14,13957.9,13980.91,90.9741
2020-03-31 01:15:00,13909.25,13950.65,13893.22,13898.97,72.9274
2020-03-31 01:30:00,13805.25,13829.04,13772.51,13807.81,17.4588
2020-03-31 01:45:00,13793.1,13799.37,13780.06,13799.37,135.3973
2020-03-31 02:00:00,13825.54,13844.11,13806.78,13810.28,49.889
2020-03-31 02:15:00,13757.05,13838.91,13749.75,13764.35,26.7389
2020-03-31 02:30:00,13732.29,13753.96,13702.6,13720.08,189.7287
2020-03-31 02:45:00,13759.08,13767.83,13710.09,13743.88,36.6769
2020-03-31 03:00:00,13775.58,13789.63,13730.28,13767.77,22.1165
2020-03-31 03:15:00,13745.58,13778.11,13743.23,13762.77,37.4034
2020-03-31 03:30:00,13796.05,13854.77,13772.4,13795.67,19.9736
2020-03-31 03:45:00,13744.99,13749.08,13729.4,13747.77,150.1809
2020-03-31 04:00:00,13726.96,13736.39,13723.29,13733.78,20.0979
2020-03-31 04:15:00,13804.33,13847.18,13769.72,13802.36,126.1136
2020-03-31 04:30:00,13816.5,13820.25,13785.59,13805.88,17.7335
2020-03-31 04:45:00,13805.46,13836.0,13803.21,13811.8,25.6579
2020-03-31 05:00:00,13905.65,13913.44,13884.95,13908.04,41.9341
2020-03-31 05:15:00,13847.01,13875.86,13823.86,13850.35,299.6946
2020-03-31 05:30:00,13900.29,13920.46,13858.79,13884.13,245.1273
2020-03-31 05:45:00,13950.55,13965.38,13928.97,13954.13,8.8958
2020-03-31 06:00:00,13924.02,13992.65,13915.74,13941.23,40.9207
2020-03-31 06:15:00,13955.89,14024.68,13942.23,13977.88,42.5175
2020-03-31 06:30:00,13942.46,13993.78,13926.04,13937.4,23.7704
2020-03-31 06:45:00,13898.8,13911.92,13875.05,13909.38,57.2022
2020-03-31 07:00:00,13935.46,14001.03,13897.34,13926.14,137.8307
2020-03-31 07:15:00,13941.62,13964.67,13846.58,13960.2,10.4629
2020-03-31 07:30:00,14000.3,14011.59,13980.44,14007.85,111.3679
2020-03-31 07:45:00,14055.78,14098.61,13987.21,14074.51,30.2137
2020-03-31 08:00:00,14078.48,14092.68,14049.22,14072.36,102.8451
2020-03-31 08:15:00,14132.62,14158.11,14114.46,14123.46,114.5369
2020-03-31 08:30:00,14114.44,14126.12,14082.54,14109.66,130.2459
2020-03-31 08:45:00,14133.19,14157.71,14125.84,14148.55,197.84
2020-03-31 09:00:00,14147.51,14161.07,14136.42,14158.07,229.879
2020-03-31 09:15:00,14181.03,14205.18,14169.47,14177.7,142.3499
2020-03-31 09:30:00,14172.47,14202.9,14151.6,14196.43,65.6041
2020-03-31 09:45:00,14125.38,14173.56,14106.92,14128.79,4.5188
2020-03-31 10:00:00,14103.21,14133.28,14081.41,14081.85,276.6329
2020-03-31 10:15:00,14084.35,14113.84,14082.54,14086.89,91.9615
2020-03-31 10:30:00,13995.42,14020.6,13958.3,14016.29,76.4796
2020-03-31 10:45:00,14043.4,14060.97,14014.62,14051.94,27.376
2020-03-31 11:00:00,14080.5,14122.15,14038.66,14089.38,115.2761
2020-03-31 11:15:00,14134.1,14181.63,14095.61,14103.91,524.5906
2020-03-31 11:30:00,14080.6,14089.76,14026.1,14057.18,40.0521
2020-03-31 11:45:00,14126.41,14141.94,14042.45,14116.09,160.734
2020-03-31 12:00:00,14198.19,14252.81,14195.72,14203.07,34.4073
2020-03-31 12:15:00,14227.1,14228.21,14193.64,14210.04,66.8906
2020-03-31 12:30:00,14216.39,14249.44,14214.36,14232.52,23.9891
2020-03-31 12:45:00,14257.18,14314.97,14229.4,14241.84,71.9049
2020-03-31 13:00:00,14278.45,14301.37,14255.67,14265.22,61.4892
2020-03-31 13:15:00,14258.65,14299.99,14229.35,14260.81,3.9693
2020-03-31 13:30:00,14276.29,14310.83,14249.58,14260.05,48.0952
2020-03-31 13:45:00,14293.11,14314.41,14253.98,14299.51,6.4776
2020-03-31 14:00:00,14382.63,14432.05,14371.85,14400.85,59.8975
2020-03-31 14:15:00,14355.1,14392.57,14297.46,14341.08,392.0625
2020-03-31 14:30:00,14336.11,14354.01,14332.38,14337.33,34.6692
2020-03-31 14:45:00,14295.87,14314.51,14250.87,14287.27,72.4926
2020-03-31 15:00:00,14382.37,14396.23,14334.36,14356.22,13.9488
2020-03-31 15:15:00,14321.28,14372.68,14284.42,14331.63,16.7204
2020-03-31 15:30:00,14268.25,14280.83,14225.77,14270.3,43.9233
2020-03-31 15:45:00,14320.77,14328.51,14294.73,14298.33,67.283
2020-03-31 16:00:00,14383.48,14384.52,14363.86,14373.87,120.868
2020-03-31 16:15:00,14393.12,14410.2,14375.99,14403.2,61.008
2020-03-31 16:30:00,14399.01,14449.59,14374.55,14412.77,2.4688
2020-03-31 16:45:00,14423.56,14461.25,14398.56,14431.18,31.6025
2020-03-31 17:00:00,14482.45,14515.02,14482.37,14493.16,2.5085
2020-03-31 17:15:00,14459.3,14493.76,14429.22,14455.87,250.0326
2020-03-31 17:30:00,14452.88,14507.32,14444.25,14451.74,2.9465
2020-03-31 17:45:00,14436.87,14446.24,14373.98,14432.84,5.0862
2020-03-31 18:00:00,14370.9,14405.1,14337.11,14382.99,35.4214
2020-03-31 18:15:00,14368.53,14377.8,14288.49,14369.54,100.0566
2020-03-31 18:30:00,14388.38,14442.5,14362.34,14418.02,44.31
2020-03-31 18:45:00,14445.34,14464.52,14426.46,14443.24,6.3543
2020-03-31 19:00:00,14488.9,14505.56,14429.93,14471.88,180.9422
2020-03-31 19:15:00,14458.34,14490.54,14453.42,14478.97,120.4708
2020-03-31 19:30:00,14509.43,14551.67,14476.74,14502.42,50.4797
2020-03-31 19:45:00,14459.48,14472.33,14425.97,14468.32,112.9815
2020-03-31 20:00:00,14467.21,14504.31,14423.06,14455.61,32.1014
2020-03-31 20:15:00,14466.95,14483.78,14439.82,14464.66,75.0496
2020-03-31 20:30:00,14483.28,14501.7,14471.49,14477.42,212.4509
2020-03-31 20:45:00,14492.99,14509.86,14440.52,14492.05,11.3932
2020-03-31 21:00:00,14506.0,14537.79,14484.46,14486.76,187.6622
2020-03-31 21:15:00,14476.11,14495.81,14461.3,14471.08,155.3759
2020-03-31 21:30:00,14598.59,14677.49,14587.64,14608.9,297.791
2020-03-31 21:45:00,14650.81,14666.74,14595.58,14649.37,72.1088
2020-03-31 22:00:00,14662.85,14680.4,14645.43,14668.26,32.1461
2020-03-31 22:15:00,14661.11,14671.35,14602.81,14658.73,43.5563
2020-03-31 22:30:00,14633.47,14695.52,14622.03,14639.62,102.1122
2020-03-31 22:45:00,14624.7,14643.59,14610.52,14634.61,15.1748
2020-03-31 23:00:00,14651.11,14673.56,14643.53,14648.19,43.3352
2020-03-31 23:15:00,14567.1,14568.92,14555.09,14566.29,129.6209
2020-03-31 23:30:00,14513.86,14520.11,14453.52,14498.44,85.2723
2020-03-31 23:45:00,14465.46,14485.04,14422.14,14471.46,6.4808
2020-04-01 00:00:00,14452.49,14524.97,14431.21,14481.18,68.6875
2020-04-01 00:15:00,14466.24,14508.44,14451.45,14471.51,74.2793
2020-04-01 00:30:00,14512.76,14542.17,14460.69,14536.4,120.6664
2020-04-01 00:45:00,14478.5,14479.7,14470.44,14472.48,1.0712
2020-04-01 01:00:00,14416.41,14452.02,14401.51,14440.59,55.9321
2020-04-01 01:15:00,14492.82,14524.81,14491.18,14507.16,217.6978
2020-04-01 01:30:00,14508.33,14542.04,14449.58,14513.59,2.547
2020-04-01 01:45:00,14575.31,14581.25,14526.53,14552.85,111.5993
2020-04-01 02:00:00,14627.42,14657.5,14605.52,14643.13,25.2549
2020-04-01 02:15:00,14613.56,14663.64,14583.55,14613.38,49.0183
2020-04-01 02:30:00,14618.23,14634.39,14573.69,14609.76,215.5127
2020-04-01 02:45:00,14620.21,14626.96,14579.28,14598.55,45.0244
2020-04-01 03:00:00,14524.96,14539.99,14478.54,14513.68,78.845
2020-04-01 03:15:00,14516.75,14519.02,14464.15,14500.89,9.3917
2020-04-01 03:30:00,14552.51,14585.57,14503.32,14539.94,39.2606
2020-04-01 03:45:00,14546.64,14579.78,14541.2,14564.25,15.2744
2020-04-01 04:00:00,14597.27,14659.59,14586.18,14592.02,82.4526
2020-04-01 04:15:00,14588.69,14616.94,14564.18,14576.32,61.5791
2020-04-01 04:30:00,14534.44,14569.64,14504.95,14548.35,30.7309
2020-04-01 04:45:00,14596.01,14607.35,14590.8,14604.48,788.3839
2020-04-01 05:00:00,14571.71,14598.97,14570.08,14583.42,16.6379
2020-04-01 05:15:00,14608.29,14608.77,14562.07,14597.02,174.5724
2020-04-01 05:30:00,14603.89,14656.72,14581.27,14604.9,3.6416
2020-04-01 05:45:00,14664.97,14693.84,14622.87,14669.67,187.6256
2020-04-01 06:00:00,14694.3,14717.98,14638.94,14713.16,64.816
2020-04-01 06:15:00,14655.73,14701.14,14652.48,14656.72,176.1367
2020-04-01 06:30:00,14596.95,14616.69,14578.34,14605.24,137.5114
2020-04-01 06:45:00,14634.89,14641.67,14603.21,14631.33,85.0115
2020-04-01 07:00:00,14612.52,14640.97,14590.41,14629.24,46.4525
2020-04-01 07:15:00,14612.59,14641.1,14593.06,14609.99,109.5155
2020-04-01 07:30:00,14648.81,14668.46,14604.75,14655.24,178.7059
2020-04-01 07:45:00,14645.89,14668.11,14591.75,14664.21,69.9781
2020-04-01 08:00:00,14647.79,14676.13,14626.77,14667.26,53.5918
2020-04-01 08:15:00,14685.0,14719.25,14666.42,14702.3,15.4194
2020-04-01 08:30:00,14683.46,14694.79,14663.81,14686.49,226.575
2020-04-01 08:45:00,14758.12,14759.42,14711.53,14756.34,31.1024
2020-04-01 09:00:00,14726.16,14794.45,14717.89,14722.19,13.1842
2020-04-01 09:15:00,14756.47,14766.08,14714.94,14751.94,6.8516
2020-04-01 09:30:00,14804.89,14836.2,14800.54,14816.13,138.9421
2020-04-01 09:45:00,14771.27,14775.78,14754.91,14755.65,112.3918
2020-04-01 10:00:00,14734.67,14785.46,14714.2,14741.19,12.8354
2020-04-01 10:15:00,14799.1,14845.66,14787.96,14792.44,75.5325
2020-04-01 10:30:00,14842.1,14902.4,14811.26,14844.54,16.5695
2020-04-01 10:45:00,14843.22,14845.03,14834.38,14837.64,48.3814
2020-04-01 11:00:00,14802.51,14824.68,14780.94,14805.68,152.7252
2020-04-01 11:15:00,14854.73,14885.92,14837.0,14848.88,25.8558
2020-04-01 11:30:00,14902.24,14912.88,14889.08,14902.35,2.8106
2020-04-01 11:45:00,14863.11,14896.26,14842.56,14851.02,21.4849
2020-04-01 12:00:00,14786.01,14812.13,14745.4,14798.13,51.1651
2020-04-01 12:15:00,14782.66,14810.01,14773.8,14808.87,27.6653
2020-04-01 12:30:00,14823.13,14844.28,14779.01,14837.57,128.0935
2020-04-01 12:45:00,14840.84,14865.96,14805.59,14825.0,155.6748
2020-04-01 13:00:00,14853.66,14881.23,14828.39,14855.95,27.5099
2020-04-01 13:15:00,14826.41,14897.78,14818.53,14825.04,31.2826
2020-04-01 13:30:00,14716.21,14739.16,14708.31,14731.73,82.1146
2020-04-01 13:45:00,14714.7,14717.84,14654.11,14713.74,139.6407
2020-04-01 14:00:00,14702.21,14776.77,14638.44,14717.26,320.3223
2020-04-01 14:15:00,14692.94,14717.12,14683.63,14705.82,35.7463
2020-04-01 14:30:00,14649.54,14660.52,14619.75,14655.44,241.9918
2020-04-01 14:45:00,14582.83,14599.2,14536.18,14576.35,20.0599
2020-04-01 15:00:00,14562.63,14620.87,14549.6,14554.59,4.1927
2020-04-01 15:15:00,14602.97,14612.45,14589.28,14594.52,157.2593
2020-04-01 15:30:00,14626.98,14678.75,14596.04,14650.25,65.1265
2020-04-01 15:45:00,14703.08,14743.79,14665.29,14703.18,7.997
2020-04-01 16:00:00,14665.04,14682.36,14660.75,14667.93,7.3761
2020-04-01 16:15:00,14595.5,14643.21,14593.92,14617.89,1.3712
2020-04-01 16:30:00,14640.64,14688.66,14622.11,14640.4,36.5752
2020-04-01 16:45:00,14665.36,14680.01,14640.29,14669.03,132.9397
2020-04-01 17:00:00,14694.89,14706.65,14682.64,14687.37,109.4562
2020-04-01 17:15:00,14600.55,14638.03,14596.73,14599.36,800.974
2020-04-01 17:30:00,14554.13,14575.96,14550.22,14562.13,90.1233
2020-04-01 17:45:00,14575.04,14575.45,14531.64,14561.56,11.7065
2020-04-01 18:00:00,14551.18,14617.37,14538.82,14583.57,383.9723
2020-04-01 18:15:00,14616.93,14627.92,14601.44,14617.87,118.0815
2020-04-01 18:30:00,14599.14,14652.5,14581.2,14624.93,46.8462
2020-04-01 18:45:00,14626.82,14665.1,14607.63,14640.17,28.3683
2020-04-01 19:00:00,14652.32,14653.86,14612.34,14644.63,25.1243
2020-04-01 19:15:00,14656.78,14693.3,14654.71,14675.48,312.8879
2020-04-01 19:30:00,14669.08,14767.24,14639.07,14689.99,54.3729
2020-04-01 19:45:00,14728.62,14753.25,14685.66,14693.62,66.7103
2020-04-01 20:00:00,14662.57,14714.38,14636.94,14682.53,181.2792
2020-04-01 20:15:00,14711.08,14714.35,14642.58,14686.84,332.047
2020-04-01 20:30:00,14706.4,14712.04,14663.69,14708.93,0.4403
2020-04-01 20:45:00,14713.74,14734.12,14687.52,14721.47,462.9797
2020-04-01 21:00:00,14747.38,14824.78,14708.96,14739.02,7.8461
2020-04-01 21:15:00,14818.91,14822.14,14760.63,14799.13,181.2993
2020-04-01 21:30:00,14794.67,14829.53,14791.92,14811.64,300.2124
2020-04-01 21:45:00,14776.0,14805.84,14748.61,14783.54,82.3515
2020-04-01 22:00:00,14836.03,14845.98,14807.02,14823.47,80.2323
2020-04-01 22:15:00,14767.71,14809.68,14744.92,14763.46,110.5679
2020-04-01 22:30:00,14732.52,14764.54,14693.61,14716.3,43.5149
2020-04-01 22:45:00,14739.45,14761.75,14726.96,14731.86,18.1286
2020-04-01 23:00:00,14782.1,14805.19,14733.78,14755.42,6.8723
2020-04-01 23:15:00,14703.67,14740.32,14699.54,14701.05,212.9482
2020-04-01 23:30:00,14688.16,14749.89,14673.87,14684.9,79.2586
2020-04-01 23:45:00,14663.65,14667.9,14652.61,14658.93,118.4401
2020-04-02 00:00:00,14636.18,14673.59,14627.19,14638.26,40.3545
2020-04-02 00:15:00,14692.88,14735.96,14673.39,14680.43,164.5109
2020-04-02 00:30:00,14715.77,14740.59,14684.86,14712.28,43.0662
2020-04-02 00:45:00,14723.77,14753.5,14708.59,14712.17,3.0213
2020-04-02 01:00:00,14702.69,14714.81,14644.14,14688.81,41.0836
2020-04-02 01:15:00,14636.34,14641.58,14619.86,14630.07,189.9295
2020-04-02 01:30:00,14700.51,14707.51,14666.08,14693.14,208.6575
2020-04-02 01:45:00,14705.1,14755.86,14615.52,14719.97,272.9049
2020-04-02 02:00:00,14681.42,14708.69,14616.52,14689.5,69.2105
2020-04-02 02:15:00,14734.36,14737.13,14699.21,14721.95,313.714
2020-04-02 02:30:00,14740.54,14779.98,14691.87,14719.58,69.1506
2020-04-02 02:45:00,14679.1,14741.87,14631.45,14707.64,16.7136
2020-04-02 03:00:00,14719.21,14759.87,14684.71,14727.58,69.7229
2020-04-02 03:15:00,14695.9,14706.53,14652.89,14695.55,202.9617
2020-04-02 03:30:00,14668.22,14684.65,14662.2,14681.13,154.0331
2020-04-02 03:45:00,14675.13,14702.17,14660.61,14687.21,56.9255
2020-04-02 04:00:00,14672.91,14713.86,14647.19,14665.94,23.8947
2020-04-02 04:15:00,14719.35,14728.35,14669.15,14696.11,87.017
2020-04-02 04:30:00,14749.22,14801.6,14743.66,14779.25,267.692
2020-04-02 04:45:00,14744.03,14806.11,14695.78,14746.55,19.5397
2020-04-02 05:00:00,14680.42,14691.97,14626.35,14673.62,175.4696
2020-04-02 05:15:00,14597.62,14605.5,14561.71,14586.24,15.9376
2020-04-02 05:30:00,14585.03,14617.54,14535.66,14580.38,252.0752
2020-04-02 05:45:00,14577.73,14611.1,14533.88,14552.1,118.1742
2020-04-02 06:00:00,14562.33,14580.45,14550.94,14561.9,11.5614
2020-04-02 06:15:00,14587.54,14595.68,14564.87,14568.43,22.6179
2020-04-02 06:30:00,14489.71,14514.31,14439.89,14499.08,261.6224
2020-04-02 06:45:00,14421.7,14447.72,14385.71,14420.87,70.8396
2020-04-02 07:00:00,14416.89,14476.88,14415.87,14434.39,60.4204
2020-04-02 07:15:00,14453.99,14455.8,14425.93,14440.98,6.0039
2020-04-02 07:30:00,14421.51,14425.39,14377.62,14423.25,8.7782
2020-04-02 07:45:00,14357.4,14364.52,14337.32,14352.27,117.6515
2020-04-02 08:00:00,14368.78,14374.83,14364.41,14373.28,150.0287
2020-04-02 08:15:00,14437.31,14443.69,14411.36,14428.85,201.7455
2020-04-02 08:30:00,14447.34,14469.34,14425.56,14441.6,69.8783
2020-04-02 08:45:00,14391.28,14450.7,14367.87,14405.61,39.8351
2020-04-02 09:00:00,14394.75,14424.68,14296.3,14408.25,98.2224
2020-04-02 09:15:00,14349.52,14376.63,14346.37,14349.92,96.4641
2020-04-02 09:30:00,14405.68,14408.0,14391.08,14396.18,3.5282
2020-04-02 09:45:00,14427.26,14489.52,14395.72,14400.44,279.3654
2020-04-02 10:00:00,14329.11,14352.66,14281.29,14324.77,102.8789
2020-04-02 10:15:00,14326.99,14347.32,14311.17,14312.57,0.649
2020-04-02 10:30:00,14310.06,14340.24,14290.24,14333.18,320.9772
2020-04-02 10:45:00,14348.4,14355.42,14308.77,14319.57,305.0209
2020-04-02 11:00:00,14317.1,14343.51,14268.81,14308.43,291.7286
2020-04-02 11:15:00,14255.89,14305.63,14219.1,14256.59,219.7314
2020-04-02 11:30:00,14279.18,14307.14,14246.24,14281.54,20.4121
2020-04-02 11:45:00,14238.68,14280.35,14213.64,14254.47,377.9806
2020-04-02 12:00:00,14151.33,14165.72,14140.88,14162.96,143.5201
2020-04-02 12:15:00,14174.93,14180.93,14118.92,14147.9,102.3756
2020-04-02 12:30:00,14176.21,14210.44,14155.05,14190.25,285.8942
2020-04-02 12:45:00,14160.19,14199.7,14153.19,14174.49,47.9791
2020-04-02 13:00:00,14239.09,14279.17,14230.61,14249.1,267.9011
2020-04-02 13:15:00,14251.05,14291.54,14232.05,14268.15,93.0604
2020-04-02 13:30:00,14283.58,14290.39,14275.94,14283.36,86.5829
2020-04-02 13:45:00,14294.12,14307.51,14257.95,14278.57,103.8321
2020-04-02 14:00:00,14267.65,14309.63,14267.31,14276.36,140.3076
2020-04-02 14:15:00,14246.2,14282.74,14227.14,14265.8,58.8643
2020-04-02 14:30:00,14257.73,14276.59,14221.99,14253.57,394.2704
2020-04-02 14:45:00,14276.19,14326.79,14272.51,14276.99,9.2684
2020-04-02 15:00:00,14251.89,14270.15,14186.75,14237.62,245.1364
2020-04-02 15:15:00,14185.92,14198.69,14164.8,14192.37,107.1259
2020-04-02 15:30:00,14141.58,14210.84,14097.55,14145.26,240.7018
2020-04-02 15:45:00,14230.65,14239.35,14190.49,14232.78,46.0069
2020-04-02 16:00:00,14257.4,14297.28,14255.85,14256.13,176.6084
2020-04-02 16:15:00,14264.27,14281.9,14263.92,14269.87,95.7082
2020-04-02 16:30:00,14217.42,14255.69,14213.85,14225.31,177.8501
2020-04-02 16:45:00,14226.25,14268.2,14207.24,14252.62,39.3076
2020-04-02 17:00:00,14240.3,14257.57,14176.91,14248.35,249.255
2020-04-02 17:15:00,14268.42,14285.73,14215.13,14258.22,258.0196
2020-04-02 17:30:00,14229.25,14283.35,14184.62,14217.16,64.402
2020-04-02 17:45:00,14218.0,14230.99,14215.1,14224.7,51.1351
2020-04-02 18:00:00,14225.79,14257.31,14205.93,14207.33,85.6123
2020-04-02 18:15:00,14175.0,14178.1,14155.56,14175.41,22.3374
2020-04-02 18:30:00,14188.33,14222.6,14145.08,14207.33,68.5595
2020-04-02 18:45:00,14119.14,14143.26,14070.73,14142.5,227.1288
2020-04-02 19:00:00,14184.43,14207.51,14132.64,14167.17,45.4407
2020-04-02 19:15:00,14191.68,14226.43,14148.99,14196.97,133.1991
2020-04-02 19:30:00,14143.03,14195.88,14124.51,14160.22,97.5836
2020-04-02 19:45:00,14094.16,14172.64,14071.37,14126.08,30.2985
2020-04-02 20:00:00,14111.75,14142.1,14095.13,14117.33,75.8786
2020-04-02 20:15:00,14135.7,14140.21,14124.91,14129.98,191.4545
2020-04-02 20:30:00,14114.36,14139.21,14091.0,14124.21,80.9499
2020-04-02 20:45:00,14128.39,14158.17,14093.71,14143.29,119.3509
2020-04-02 21:00:00,14210.99,14271.11,14197.59,14218.8,149.3386
2020-04-02 21:15:00,14215.5,14226.33,14134.91,14197.85,5.0662
2020-04-02 21:30:00,14105.83,14170.05,14103.07,14125.51,5.2615
2020-04-02 21:45:00,14152.13,14202.8,14129.7,14161.21,12.2122
2020-04-02 22:00:00,14250.67,14263.66,14171.09,14233.43,17.7932
2020-04-02 22:15:00,14257.96,14274.92,14249.24,14250.92,166.8353
2020-04-02 22:30:00,14207.67,14221.24,14181.85,14205.13,57.1967
2020-04-02 22:45:00,14191.35,14250.45,14172.82,14200.56,20.489
2020-04-02 23:00:00,14154.05,14190.43,14151.42,14153.62,75.8864
2020-04-02 23:15:00,14173.99,14195.1,14145.87,14181.62,144.1132
2020-04-02 23:30:00,14112.7,14142.63,14111.77,14124.84,15.0897
2020-04-02 23:45:00,14097.58,14121.95,14084.17,14112.83,42.2208
2020-04-03 00:00:00,14082.04,14133.76,14004.65,14071.01,21.6131
2020-04-03 00:15:00,14076.22,14080.94,14070.8,14077.07,103.9518
2020-04-03 00:30:00,14066.72,14092.09,14047.46,14062.3,14.7149
2020-04-03 00:45:00,14072.59,14093.96,14050.54,14070.46,151.912
2020-04-03 01:00:00,14078.31,14116.08,14069.77,14072.11,23.297
2020-04-03 01:15:00,14027.58,14033.42,14024.3,14031.16,6.0389
2020-04-03 01:30:00,14051.47,14100.15,14049.81,14058.25,241.7644
2020-04-03 01:45:00,14045.43,14076.53,14000.99,14056.89,40.5284
2020-04-03 02:00:00,13996.09,14022.57,13932.73,14015.91,69.8653
2020-04-03 02:15:00,14095.0,14113.97,14067.69,14110.83,10.6464
2020-04-03 02:30:00,14126.54,14141.16,14124.89,14131.71,65.2892
2020-04-03 02:45:00,14103.27,14142.88,14101.49,14125.92,25.1752
2020-04-03 03:00:00,14166.99,14220.52,14154.11,14186.6,183.495
2020-04-03 03:15:00,14280.56,14307.46,14255.34,14265.69,125.0905
2020-04-03 03:30:00,14263.38,14325.53,14245.94,14260.19,108.8581
2020-04-03 03:45:00,14269.31,14286.34,14240.18,14275.76,151.9878
2020-04-03 04:00:00,14266.5,14287.52,14219.33,14234.16,34.7741
2020-04-03 04:15:00,14205.14,14271.03,14198.71,14228.59,60.4493
2020-04-03 04:30:00,14234.68,14240.1,14189.71,14220.8,9.0549
2020-04-03 04:45:00,14227.81,14268.48,14210.03,14229.4,7.0191
2020-04-03 05:00:00,14255.5,14266.44,14217.05,14244.32,39.9123
2020-04-03 05:15:00,14270.51,14273.57,14246.42,14268.95,173.0167
2020-04-03 05:30:00,14253.1,14297.29,14225.61,14279.84,91.047
2020-04-03 05:45:00,14230.04,14297.92,14207.32,14228.68,55.2534
2020-04-03 06:00:00,14194.1,14228.82,14165.16,14189.34,341.0952
2020-04-03 06:15:00,14135.73,14168.29,14131.27,14166.79,58.37
2020-04-03 06:30:00,14183.02,14222.4,14097.61,14155.5,63.2766
2020-04-03 06:45:00,14205.25,14232.23,14175.43,14200.83,489.6817
2020-04-03 07:00:00,14161.5,14230.3,14139.84,14151.99,14.083
2020-04-03 07:15:00,14121.05,14144.56,14072.58,14137.53,29.5195
2020-04-03 07:30:00,14188.45,14208.09,14164.3,14178.65,60.3868
2020-04-03 07:45:00,14182.04,14188.13,14151.0,14166.61,84.698
2020-04-03 08:00:00,14190.48,14195.32,14123.45,14186.88,16.0266
2020-04-03 08:15:00,14181.52,14183.64,14158.46,14181.65,39.8722
2020-04-03 08:30:00,14180.6,14207.92,14176.31,14193.29,24.88
2020-04-03 08:45:00,14181.2,14235.43,14173.55,14184.27,189.6427
2020-04-03 09:00:00,14206.09,14236.23,14178.58,14213.36,179.9509
2020-04-03 09:15:00,14156.29,14186.71,14140.0,14148.19,27.4223
2020-04-03 09:30:00,14121.47,14158.35,14098.34,14133.48,57.0799
2020-04-03 09:45:00,14154.75,14203.36,14140.25,14146.76,105.4526
2020-04-03 10:00:00,14158.23,14200.03,14155.11,14170.12,4.9362
2020-04-03 10:15:00,14230.56,14236.82,14202.42,14234.29,215.0793
2020-04-03 10:30:00,14227.07,14248.67,14206.69,14218.31,71.5441
2020-04-03 10:45:00,14272.07,14290.12,14255.04,14282.13,25.688
2020-04-03 11:00:00,14263.88,14286.65,14229.31,14254.6,50.5432
2020-04-03 11:15:00,14320.05,14348.97,14292.19,14312.13,231.943
2020-04-03 11:30:00,14344.06,14362.03,14337.08,14347.95,2.5095
2020-04-03 11:45:00,14325.97,14389.52,14292.15,14309.35,15.4073
2020-04-03 12:00:00,14324.36,14335.29,14315.74,14323.24,21.4108
2020-04-03 12:15:00,14337.54,14345.71,14315.65,14321.76,6.1995
2020-04-03 12:30:00,14375.09,14409.11,14304.76,14349.35,25.5222
2020-04-03 12:45:00,14337.0,14351.67,14333.05,14340.46,169.9122
2020-04-03 13:00:00,14337.2,14364.19,14316.33,14327.96,74.8822
2020-04-03 13:15:00,14378.35,14403.53,14377.83,14387.52,92.9966
2020-04-03 13:30:00,14369.12,14395.39,14312.64,14383.98,16.9467
2020-04-03 13:45:00,14417.54,14472.1,14412.7,14420.36,32.6167
2020-04-03 14:00:00,14391.7,14430.11,14384.36,14411.33,249.4814
2020-04-03 14:15:00,14470.53,14489.62,14413.19,14484.11,23.6279
2020-04-03 14:30:00,14463.91,14505.75,14452.69,14455.36,237.2403
2020-04-03 14:45:00,14422.04,14449.59,14409.41,14429.45,108.8307
2020-04-03 15:00:00,14506.46,14522.83,14486.12,14496.16,69.8708
2020-04-03 15:15:00,14481.87,14502.39,14411.85,14477.54,19.1099
2020-04-03 15:30:00,14574.73,14597.99,14518.63,14547.8,111.9633
2020-04-03 15:45:00,14595.1,14665.93,14545.12,14587.45,217.5048
2020-04-03 16:00:00,14597.66,14621.24,14545.57,14581.41,17.4093
2020-04-03 16:15:00,14508.65,14549.54,14475.41,14502.82,0.6198
2020-04-03 16:30:00,14507.22,14515.83,14483.75,14502.71,134.7309
2020-04-03 16:45:00,14524.75,14546.79,14470.14,14507.85,91.7443
2020-04-03 17:00:00,14569.12,14604.14,14506.32,14559.38,69.9341
2020-04-03 17:15:00,14632.56,14657.14,14594.78,14629.49,60.889
2020-04-03 17:30:00,14603.16,14605.43,14564.22,14600.16,68.8352
2020-04-03 17:45:00,14643.86,14650.26,14605.66,14635.98,46.9337
2020-04-03 18:00:00,14660.47,14681.29,14640.22,14670.32,8.5919
2020-04-03 18:15:00,14707.79,14723.14,14698.38,14718.29,149.4878
2020-04-03 18:30:00,14762.06,14764.66,14734.97,14741.05,63.08
2020-04-03 18:45:00,14683.21,14722.09,14640.75,14655.88,174.2709
2020-04-03 19:00:00,14636.17,14679.86,14611.25,14649.78,402.9723
2020-04-03 19:15:00,14589.95,14621.57,14571.27,14599.72,18.844
2020-04-03 19:30:00,14608.25,14624.59,14522.88,14591.58,157.7376
2020-04-03 19:45:00,14643.02,14654.21,14624.02,14635.21,379.5049
2020-04-03 20:00:00,14659.25,14676.44,14620.02,14649.34,128.8939
2020-04-03 20:15:00,14713.71,14736.22,14639.45,14700.53,28.2322
2020-04-03 20:30:00,14712.79,14727.24,14689.82,14716.33,226.8046
2020-04-03 20:45:00,14664.59,14702.76,14636.64,14659.75,157.6113
2020-04-03 21:00:00,14553.29,14575.02,14528.18,14549.62,59.6582
2020-04-03 21:15:00,14544.34,14572.13,14540.88,14556.84,84.9959
2020-04-03 21:30:00,14552.81,14557.22,14482.56,14548.22,127.9854
2020-04-03 21:45:00,14524.27,14548.88,14465.01,14506.31,13.2984
2020-04-03 22:00:00,14428.21,14434.04,14412.72,14433.03,261.7076
2020-04-03 22:15:00,14404.13,14405.22,14396.06,14401.94,437.7566
2020-04-03 22:30:00,14397.23,14408.51,14383.33,14394.25,40.1273
2020-04-03 22:45:00,14419.62,14431.46,14414.16,14423.73,125.5564
2020-04-03 23:00:00,14442.38,14444.42,14427.33,14432.61,54.6979
2020-04-03 23:15:00,14493.1,14525.71,14467.72,14502.96,2.8127
2020-04-03 23:30:00,14477.89,14481.58,14432.77,14458.63,318.7302
2020-04-03 23:45:00,14506.64,14511.02,14488.03,14497.57,15.3526
2020-04-04 00:00:00,14486.76,14568.49,14453.17,14500.35,7.79
2020-04-04 00:15:00,14555.97,14573.75,14513.12,14531.29,181.5166
2020-04-04 00:30:00,14515.43,14539.8,14512.13,14512.99,3.4454
2020-04-04 00:45:00,14549.85,14568.5,14540.22,14560.37,116.439
2020-04-04 01:00:00,14590.1,14619.07,14541.48,14574.0,266.0347
2020-04-04 01:15:00,14552.22,14583.45,14508.57,14545.02,52.119
2020-04-04 01:30:00,14519.45,14587.02,14483.15,14545.22,7.08
2020-04-04 01:45:00,14527.86,14558.01,14489.9,14535.5,24.6275
2020-04-04 02:00:00,14561.62,14583.46,14508.74,14557.56,296.2764
2020-04-04 02:15:00,14475.43,14543.99,14445.2,14506.76,62.621
2020-04-04 02:30:00,14507.44,14514.7,14481.69,14506.21,77.949
2020-04-04 02:45:00,14526.43,14595.17,14508.29,14524.14,16.9675
2020-04-04 03:00:00,14509.11,14540.59,14507.7,14526.3,250.1242
2020-04-04 03:15:00,14589.67,14605.92,14584.08,14585.73,72.8009
2020-04-04 03:30:00,14620.43,14632.42,14597.5,14620.32,75.2601
2020-04-04 03:45:00,14603.31,14637.89,14582.29,14620.73,85.8133
2020-04-04 04:00:00,14644.42,14655.3,14624.02,14630.96,145.8328
2020-04-04 04:15:00,14656.94,14675.41,14636.76,14644.67,22.6842
2020-04-04 04:30:00,14658.87,14676.37,14625.71,14663.12,285.301
2020-04-04 04:45:00,14580.65,14628.72,14557.57,14583.55,19.2863
2020-04-04 05:00:00,14581.67,14611.18,14560.55,14571.08,21.9918
2020-04-04 05:15:00,14504.01,14528.79,14502.7,14506.92,1.2486
2020-04-04 05:30:00,14535.16,14595.7,14500.57,14563.28,1.9881
2020-04-04 05:45:00,14568.44,14602.69,14530.86,14561.35,56.0089
2020-04-04 06:00:00,14541.79,14574.35,14539.27,14553.63,20.2082
2020-04-04 06:15:00,14587.82,14615.41,14542.36,14593.51,23.8133
2020-04-04 06:30:00,14634.04,14667.67,14597.43,14612.73,441.6895
2020-04-04 06:45:00,14562.03,14585.0,14524.52,14563.99,264.9508
2020-04-04 07:00:00,14561.64,14581.42,14516.73,14561.62,38.9277
2020-04-04 07:15:00,14555.12,14558.82,14540.85,14547.7,42.0311
2020-04-04 07:30:00,14479.61,14500.17,14425.88,14472.29,34.545
2020-04-04 07:45:00,14429.77,14489.06,14413.93,14443.05,213.9031
2020-04-04 08:00:00,14434.95,14441.28,14418.09,14435.82,10.3458
2020-04-04 08:15:00,14432.08,14442.37,14399.47,14431.56,87.7277
2020-04-04 08:30:00,14372.02,14399.2,14312.66,14368.11,20.6167
2020-04-04 08:45:00,14422.64,14460.27,14373.42,14418.47,141.945
2020-04-04 09:00:00,14452.07,14478.43,14402.64,14414.77,99.7934
2020-04-04 09:15:00,14400.17,14421.27,14348.27,14417.12,49.0767
2020-04-04 09:30:00,14449.32,14480.52,14405.69,14435.17,10.3262
2020-04-04 09:45:00,14418.8,14426.19,14370.71,14401.76,145.8473
2020-04-04 10:00:00,14429.31,14450.49,14407.92,14422.2,8.0165
2020-04-04 10:15:00,14397.67,14415.62,14328.89,14407.04,31.9851
2020-04-04 10:30:00,14392.93,14406.04,14342.48,14369.01,29.2554
2020-04-04 10:45:00,14362.89,14419.68,14348.98,14394.44,86.3995
2020-04-04 11:00:00,14449.7,14513.69,14415.09,14459.58,72.0998
2020-04-04 11:15:00,14508.72,14521.99,14438.59,14491.74,32.8147
2020-04-04 11:30:00,14527.22,14538.29,14511.87,14532.6,56.2777
2020-04-04 11:45:00,14533.79,14570.68,14468.8,14510.62,57.3351
2020-04-04 12:00:00,14419.97,14461.05,14401.49,14441.8,85.2282
2020-04-04 12:15:00,14490.95,14512.42,14465.95,14507.09,228.5126
2020-04-04 12:30:00,14589.47,14602.44,14559.36,14597.23,15.3073
2020-04-04 12:45:00,14671.64,14689.77,14656.9,14665.52,81.5759
2020-04-04 13:00:00,14648.22,14661.69,14571.18,14651.48,1.855
2020-04-04 13:15:00,14594.3,14608.36,14555.63,14601.46,119.8059
2020-04-04 13:30:00,14576.18,14604.35,14541.14,14555.51,102.2746
2020-04-04 13:45:00,14504.63,14513.54,14458.78,14482.71,118.4221
2020-04-04 14:00:00,14472.77,14479.25,14432.48,14478.77,64.4248
2020-04-04 14:15:00,14524.36,14594.04,14492.08,14549.24,20.685
2020-04-04 14:30:00,14512.41,14574.36,14472.27,14543.78,59.4354
2020-04-04 14:45:00,14561.19,14580.41,14554.71,14557.7,2.3881
2020-04-04 15:00:00,14628.1,14673.98,14603.08,14618.51,48.0354
2020-04-04 15:15:00,14602.44,14626.7,14571.55,14601.52,182.3715
2020-04-04 15:30:00,14690.37,14693.05,14689.03,14691.41,41.3376
2020-04-04 15:45:00,14768.05,14810.7,14739.34,14779.95,89.5886
2020-04-04 16:00:00,14784.55,14807.51,14765.92,14774.87,30.2613
2020-04-04 16:15:00,14774.76,14817.35,14704.98,14750.01,14.4122
2020-04-04 16:30:00,14748.83,14801.42,14696.23,14781.6,73.5893
2020-04-04 16:45:00,14765.78,14806.08,14756.08,14766.93,3.6419
2020-04-04 17:00:00,14702.15,14743.13,14645.66,14716.43,234.8421
2020-04-04 17:15:00,14751.71,14787.56,14742.39,14773.73,150.14
2020-04-04 17:30:00,14811.63,14830.62,14805.32,14828.39,617.4939
2020-04-04 17:45:00,14841.68,14869.58,14830.83,14836.05,498.8594
2020-04-04 18:00:00,14786.57,14878.34,14758.7,14780.58,130.5585
2020-04-04 18:15:00,14748.3,14762.39,14718.44,14726.8,149.9199
2020-04-04 18:30:00,14732.4,14765.4,14649.57,14732.27,75.097
2020-04-04 18:45:00,14685.05,14754.73,14661.31,14710.92,24.6596
2020-04-04 19:00:00,14693.1,14702.07,14692.22,14696.6,165.2387
2020-04-04 19:15:00,14721.95,14804.64,14702.09,14742.39,31.4291
2020-04-04 19:30:00,14757.72,14790.51,14730.84,14775.56,104.9779
2020-04-04 19:45:00,14846.0,14884.06,14824.41,14837.38,131.2587
2020-04-04 20:00:00,14796.9,14796.91,14778.45,14794.03,83.0781
2020-04-04 20:15:00,14788.22,14866.8,14750.25,14779.54,108.6864
2020-04-04 20:30:00,14808.63,14822.27,14806.2,14813.93,34.6599
2020-04-04 20:45:00,14846.31,14935.44,14832.24,14834.58,142.9267
2020-04-04 21:00:00,14897.36,14916.63,14893.94,14903.52,287.4366
2020-04-04 21:15:00,14939.73,14965.04,14918.53,14923.07,66.1659
2020-04-04 21:30:00,15011.73,15062.78,14998.24,15006.55,12.8945
2020-04-04 21:45:00,15028.5,15055.3,14966.3,15031.62,96.6843
2020-04-04 22:00:00,15083.46,15112.7,15063.95,15080.27,41.7659
2020-04-04 22:15:00,15066.11,15075.2,15053.36,15066.38,54.3186
2020-04-04 22:30:00,15091.83,15096.39,15044.07,15067.78,16.4433
2020-04-04 22:45:00,15113.42,15115.93,15106.43,15109.71,98.2932
2020-04-04 23:00:00,15183.56,15200.97,15154.3,15183.58,154.7636
2020-04-04 23:15:00,15213.93,15233.7,15122.07,15217.56,145.4316
2020-04-04 23:30:00,15227.35,15244.87,15152.12,15214.52,509.6474
2020-04-04 23:45:00,15288.97,15292.79,15255.3,15278.15,23.8507
2020-04-05 00:00:00,15174.29,15249.31,15163.1,15178.45,245.5065
2020-04-05 00:15:00,15096.98,15144.38,15092.51,15114.44,131.9079
2020-04-05 00:30:00,15132.45,15197.42,15060.95,15146.11,122.9241
2020-04-05 00:45:00,15144.72,15153.28,15143.68,15147.51,115.1249
2020-04-05 01:00:00,15196.25,15245.06,15104.1,15175.78,77.298
2020-04-05 01:15:00,15175.67,15202.03,15152.89,15179.47,47.586
2020-04-05 01:30:00,15197.2,15229.46,15161.91,15206.23,287.0787
2020-04-05 01:45:00,15143.13,15175.37,15121.32,15169.84,16.3798
2020-04-05 02:00:00,15219.56,15240.43,15160.82,15196.56,19.3563
2020-04-05 02:15:00,15251.33,15268.0,15188.97,15242.65,1.6856
2020-04-05 02:30:00,15311.41,15344.51,15296.33,15299.23,134.4711
2020-04-05 02:45:00,15407.21,15411.72,15366.86,15392.41,224.4175
2020-04-05 03:00:00,15401.92,15409.79,15385.8,15404.45,20.585
2020-04-05 03:15:00,15419.19,15441.91,15371.0,15417.88,3.5026
2020-04-05 03:30:00,15371.05,15373.24,15336.9,15348.2,27.9851
2020-04-05 03:45:00,15327.25,15348.34,15304.53,15324.5,215.1309
2020-04-05 04:00:00,15325.39,15339.24,15289.54,15316.39,1.6316
2020-04-05 04:15:00,15378.79,15413.51,15364.88,15365.42,10.6646
2020-04-05 04:30:00,15347.88,15350.36,15322.25,15338.02,2.5306
2020-04-05 04:45:00,15373.46,15417.8,15318.08,15375.43,286.734
2020-04-05 05:00:00,15375.6,15393.18,15342.4,15376.12,14.5608
2020-04-05 05:15:00,15380.67,15396.46,15366.01,15368.72,230.6777
2020-04-05 05:30:00,15392.9,15423.2,15338.84,15380.96,64.1387
2020-04-05 05:45:00,15381.63,15415.49,15303.92,15363.68,50.2292
2020-04-05 06:00:00,15353.13,15384.39,15331.44,15344.68,55.6019
2020-04-05 06:15:00,15276.07,15316.22,15263.57,15266.97,54.2435
2020-04-05 06:30:00,15249.56,15262.1,15228.79,15256.37,41.8142
2020-04-05 06:45:00,15226.31,15248.38,15189.28,15235.17,166.4947
2020-04-05 07:00:00,15224.22,15248.69,15160.14,15212.35,70.9268
2020-04-05 07:15:00,15223.39,15236.04,15203.35,15232.13,470.8391
2020-04-05 07:30:00,15262.67,15266.76,15253.62,15262.99,72.9337
2020-04-05 07:45:00,15295.45,15373.27,15230.18,15274.39,170.6358
2020-04-05 08:00:00,15339.46,15362.67,15315.25,15320.76,136.6872
2020-04-05 08:15:00,15352.61,15371.77,15343.27,15347.98,51.2665
2020-04-05 08:30:00,15330.62,15335.33,15327.77,15335.16,155.4171
2020-04-05 08:45:00,15312.75,15339.63,15297.53,15314.64,16.8381
2020-04-05 09:00:00,15343.08,15361.54,15311.84,15329.77,22.733
2020-04-05 09:15:00,15356.37,15378.33,15355.48,15356.93,96.464
2020-04-05 09:30:00,15413.49,15428.88,15375.53,15422.1,124.3282
2020-04-05 09:45:00,15496.8,15528.03,15445.9,15477.98,103.2344
2020-04-05 10:00:00,15456.42,15501.62,15430.02,15453.61,71.2215
2020-04-05 10:15:00,15440.73,15479.85,15437.28,15449.65,14.8045
2020-04-05 10:30:00,15488.94,15514.15,15471.49,15481.53,46.6426
2020-04-05 10:45:00,15546.99,15566.23,15511.71,15531.9,92.8594
2020-04-05 11:00:00,15560.74,15585.11,15542.21,15576.43,25.6274
2020-04-05 11:15:00,15571.1,15595.59,15555.31,15574.23,101.5658
2020-04-05 11:30:00,15512.59,15520.27,15476.32,15516.41,26.694
2020-04-05 11:45:00,15477.69,15504.26,15464.73,15470.69,10.2984
2020-04-05 12:00:00,15493.9,15523.03,15434.5,15484.12,39.2063
2020-04-05 12:15:00,15492.24,15573.08,15481.65,15500.79,31.849
2020-04-05 12:30:00,15427.41,15453.39,15395.03,15450.47,166.3081
2020-04-05 12:45:00,15469.25,15476.61,15453.0,15453.31,66.09
2020-04-05 13:00:00,15466.01,15500.75,15456.42,15483.35,6.6185
2020-04-05 13:15:00,15434.83,15440.48,15424.89,15430.65,169.0469
2020-04-05 13:30:00,15480.53,15500.68,15454.76,15482.57,31.2915
2020-04-05 13:45:00,15468.32,15496.96,15437.97,15465.81,83.9038
2020-04-05 14:00:00,15550.57,15657.17,15498.42,15524.93,77.9849
2020-04-05 14:15:00,15547.96,15570.81,15483.7,15500.86,356.093
2020-04-05 14:30:00,15428.65,15504.52,15395.37,15453.9,29.4284
2020-04-05 14:45:00,15448.61,15475.8,15420.29,15433.43,15.687
2020-04-05 15:00:00,15427.39,15438.82,15409.83,15429.8,29.8977
2020-04-05 15:15:00,15428.74,15438.66,15406.86,15412.58,85.9111
2020-04-05 15:30:00,15418.11,15484.39,15380.75,15403.37,24.5317
2020-04-05 15:45:00,15441.31,15487.92,15413.05,15419.57,41.6229
2020-04-05 16:00:00,15416.82,15485.84,15396.29,15412.42,107.3105
2020-04-05 16:15:00,15396.43,15452.69,15372.99,15410.14,12.3841
2020-04-05 16:30:00,15346.11,15374.01,15312.55,15331.89,290.5969
2020-04-05 16:45:00,15352.48,15396.68,15320.46,15350.67,76.004
2020-04-05 17:00:00,15343.74,15359.75,15311.42,15347.33,66.0867
2020-04-05 17:15:00,15414.9,15474.78,15407.43,15422.24,45.1056
2020-04-05 17:30:00,15395.02,15410.87,15334.35,15379.54,28.1918
2020-04-05 17:45:00,15321.4,15366.78,15276.17,15296.88,66.0488
2020-04-05 18:00:00,15307.69,15342.2,15268.34,15326.01,66.6062
2020-04-05 18:15:00,15352.25,15354.64,15314.79,15342.7,5.7758
2020-04-05 18:30:00,15291.36,15324.93,15290.14,15297.06,187.9851
2020-04-05 18:45:00,15205.28,15256.43,15198.49,15227.62,171.9044
2020-04-05 19:00:00,15300.87,15307.41,15266.9,15298.61,59.3857
2020-04-05 19:15:00,15351.48,15376.86,15331.16,15364.28,41.0613
2020-04-05 19:30:00,15226.33,15250.68,15218.37,15250.39,69.1014
2020-04-05 19:45:00,15218.29,15234.04,15204.58,15230.19,25.0302
2020-04-05 20:00:00,15291.26,15334.14,15262.99,15306.99,0.0843
2020-04-05 20:15:00,15276.01,15321.79,15272.7,15285.9,43.7423
2020-04-05 20:30:00,15243.92,15268.86,15209.03,15264.16,1.8169
2020-04-05 20:45:00,15245.95,15281.45,15223.62,15251.98,4.1554
2020-04-05 21:00:00,15190.61,15243.82,15136.7,15201.45,2.9913
2020-04-05 21:15:00,15130.15,15171.8,15115.18,15124.47,212.0757
2020-04-05 21:30:00,15181.99,15252.95,15164.58,15172.98,15.5026
2020-04-05 21:45:00,15093.78,15102.89,15076.59,15089.85,29.3483
2020-04-05 22:00:00,15098.24,15103.89,15089.89,15101.8,67.3866
2020-04-05 22:15:00,15138.75,15159.08,15051.48,15142.72,75.3557
2020-04-05 22:30:00,15064.93,15097.36,15051.62,15077.55,13.0187
2020-04-05 22:45:00,15024.27,15042.64,14998.2,15036.5,240.2555
2020-04-05 23:00:00,15102.59,15111.67,15066.17,15091.98,26.2771
2020-04-05 23:15:00,15090.26,15142.31,14996.06,15116.86,285.7515
2020-04-05 23:30:00,15088.4,15109.82,15046.49,15089.62,29.6892
2020-04-05 23:45:00,15139.9,15182.35,15127.9,15144.8,0.2597
2020-04-06 00:00:00,15209.48,15225.84,15176.19,15200.37,357.0612
2020-04-06 00:15:00,15191.72,15242.35,15164.01,15213.4,66.1099
2020-04-06 00:30:00,15173.27,15236.38,15132.21,15173.08,210.9904
2020-04-06 00:45:00,15160.22,15166.61,15120.82,15155.02,132.5549
2020-04-06 01:00:00,15139.9,15175.64,15103.43,15168.8,19.7255
2020-04-06 01:15:00,15144.69,15219.37,15125.9,15160.97,186.6065
2020-04-06 01:30:00,15203.04,15207.96,15175.31,15204.44,5.2429
2020-04-06 01:45:00,15143.2,15154.54,15104.06,15135.42,70.8379
2020-04-06 02:00:00,15071.08,15094.5,15056.24,15068.33,29.3181
2020-04-06 02:15:00,15085.71,15101.2,15056.78,15077.26,44.8769
2020-04-06 02:30:00,15039.53,15081.19,15009.41,15055.78,141.481
2020-04-06 02:45:00,15004.33,15052.8,14982.15,15028.21,115.0064
2020-04-06 03:00:00,14950.51,14979.71,14948.51,14949.25,57.9968
2020-04-06 03:15:00,14932.49,14959.26,14931.38,14950.87,4.7006
2020-04-06 03:30:00,14936.32,15014.25,14904.1,14949.25,4.0734
2020-04-06 03:45:00,14993.27,14994.46,14912.41,14979.31,121.1348
2020-04-06 04:00:00,14985.99,15005.76,14957.87,14983.15,297.2593
2020-04-06 04:15:00,14969.43,14987.59,14940.91,14977.94,187.9065
2020-04-06 04:30:00,15021.09,15039.55,15003.18,15031.58,13.0318
2020-04-06 04:45:00,14982.44,15012.87,14949.03,14973.14,12.9229
2020-04-06 05:00:00,15001.17,15040.49,14984.09,14997.99,94.2964
2020-04-06 05:15:00,14905.42,14926.01,14880.36,14923.55,107.1812
2020-04-06 05:30:00,14857.76,14912.45,14855.66,14886.76,95.8387
2020-04-06 05:45:00,14861.26,14866.71,14808.9,14833.34,216.6244
2020-04-06 06:00:00,14850.71,14882.68,14834.13,14868.88,26.267
2020-04-06 06:15:00,14874.55,14915.04,14854.47,14866.71,18.9098
2020-04-06 06:30:00,14889.31,14927.37,14849.72,14866.85,245.5358
2020-04-06 06:45:00,14820.42,14846.46,14813.03,14818.23,128.0673
2020-04-06 07:00:00,14796.76,14806.21,14793.62,14805.65,124.3848
2020-04-06 07:15:00,14751.41,14780.99,14740.6,14772.48,40.8538
2020-04-06 07:30:00,14768.91,14819.87,14714.82,14790.21,98.8517
2020-04-06 07:45:00,14752.53,14763.51,14723.94,14746.98,129.7193
2020-04-06 08:00:00,14828.03,14874.98,14747.6,14806.54,91.698
2020-04-06 08:15:00,14727.03,14743.27,14722.92,14732.86,133.2643
2020-04-06 08:30:00,14689.78,14702.43,14671.77,14697.95,89.1721
2020-04-06 08:45:00,14782.94,14783.9,14766.49,14772.63,401.9159
2020-04-06 09:00:00,14743.97,14792.97,14710.17,14754.09,67.728
2020-04-06 09:15:00,14700.66,14728.88,14659.02,14696.63,1.2547
2020-04-06 09:30:00,14707.64,14732.15,14680.2,14707.02,17.8341
2020-04-06 09:45:00,14680.77,14717.86,14667.7,14686.78,332.8645
2020-04-06 10:00:00,14650.46,14663.25,14630.67,14650.69,63.3974
2020-04-06 10:15:00,14629.0,14673.65,14599.8,14603.25,12.8426
2020-04-06 10:30:00,14734.17,14756.08,14697.11,14725.27,16.939
2020-04-06 10:45:00,14730.97,14758.45,14703.75,14714.89,2.9377
2020-04-06 11:00:00,14617.18,14653.24,14607.74,14630.62,25.6622
2020-04-06 11:15:00,14713.02,14765.11,14688.32,14696.91,431.5882
2020-04-06 11:30:00,14734.0,14770.32,14672.64,14724.59,39.8711
2020-04-06 11:45:00,14669.44,14694.97,14654.45,14691.47,28.8018
2020-04-06 12:00:00,14658.99,14697.42,14592.09,14651.08,110.148
2020-04-06 12:15:00,14673.88,14740.56,14661.81,14681.41,112.1465
2020-04-06 12:30:00,14648.59,14677.03,14614.32,14671.27,343.6832
2020-04-06 12:45:00,14589.13,14596.35,14561.13,14587.24,130.7845
2020-04-06 13:00:00,14674.08,14700.85,14639.9,14666.18,11.6496
2020-04-06 13:15:00,14650.04,14707.55,14629.55,14647.82,424.039
2020-04-06 13:30:00,14712.66,14733.1,14691.94,14714.27,138.7244
2020-04-06 13:45:00,14766.55,14773.45,14716.18,14771.44,30.0047
2020-04-06 14:00:00,14764.14,14768.0,14717.05,14727.82,30.2723
2020-04-06 14:15:00,14756.73,14812.72,14726.45,14774.2,321.8807
2020-04-06 14:30:00,14758.94,14768.57,14733.18,14746.07,21.3981
2020-04-06 14:45:00,14664.45,14665.44,14639.24,14664.23,25.8237
2020-04-06 15:00:00,14633.77,14695.12,14608.47,14646.28,44.4619
2020-04-06 15:15:00,14663.77,14693.82,14638.02,14664.48,113.7784
2020-04-06 15:30:00,14624.46,14652.75,14605.87,14644.86,56.1635
2020-04-06 15:45:00,14623.39,14637.84,14587.95,14632.1,37.2897
2020-04-06 16:00:00,14682.34,14712.82,14678.72,14683.03,31.1461
2020-04-06 16:15:00,14665.67,14696.79,14664.39,14688.46,13.3641
2020-04-06 16:30:00,14659.45,14699.65,14645.18,14652.03,79.0221
2020-04-06 16:45:00,14669.47,14745.11,14643.48,14683.62,31.9396
2020-04-06 17:00:00,14671.73,14722.15,14641.54,14693.07,40.2694
2020-04-06 17:15:00,14566.89,14654.95,14566.67,14582.65,0.7827
2020-04-06 17:30:00,14633.89,14646.42,14573.05,14602.12,75.7664
2020-04-06 17:45:00,14591.09,14638.59,14569.92,14620.01,119.2121
2020-04-06 18:00:00,14628.0,14697.25,14604.18,14621.63,262.4636
2020-04-06 18:15:00,14650.45,14684.25,14646.93,14661.47,21.9559
2020-04-06 18:30:00,14627.51,14678.0,14612.45,14632.63,251.7791
2020-04-06 18:45:00,14656.98,14667.45,14640.96,14648.13,44.8055
2020-04-06 19:00:00,14588.1,14644.51,14577.85,14580.01,162.1474
2020-04-06 19:15:00,14588.6,14631.76,14569.84,14598.54,227.1106
2020-04-06 19:30:00,14664.87,14706.48,14655.42,14684.81,325.3585
2020-04-06 19:45:00,14650.82,14674.6,14588.19,14641.71,39.37
2020-04-06 20:00:00,14617.14,14650.27,14604.2,14609.07,30.1718
2020-04-06 20:15:00,14574.53,14580.6,14554.66,14578.68,57.9041
2020-04-06 20:30:00,14591.54,14592.1,14576.15,14585.1,80.8902
2020-04-06 20:45:00,14532.83,14574.42,14509.72,14539.31,117.3278
2020-04-06 21:00:00,14546.37,14576.62,14542.09,14558.41,117.7258
2020-04-06 21:15:00,14596.19,14619.68,14576.32,14596.13,12.4033
2020-04-06 21:30:00,14627.85,14680.13,14588.97,14620.26,94.628
2020-04-06 21:45:00,14547.92,14592.61,14517.87,14543.42,18.3765
2020-04-06 22:00:00,14595.0,14603.05,14568.29,14587.57,124.2603
2020-04-06 22:15:00,14618.19,14653.4,14587.74,14629.32,375.419
2020-04-06 22:30:00,14689.69,14733.38,14628.98,14666.49,147.3596
2020-04-06 22:45:00,14678.6,14716.93,14665.93,14683.63,118.6575
2020-04-06 23:00:00,14692.31,14695.51,14664.64,14694.06,8.0651
2020-04-06 23:15:00,14720.87,14750.61,14680.87,14740.3,20.4117
2020-04-06 23:30:00,14823.23,14857.5,14814.51,14826.1,43.8878
2020-04-06 23:45:00,14792.32,14835.99,14772.06,14784.45,271.0217
2020-04-07 00:00:00,14844.32,14852.56,14783.98,14833.01,40.1809
2020-04-07 00:15:00,14853.08,14866.24,14807.59,14829.91,168.0782
2020-04-07 00:30:00,14832.6,14863.42,14786.75,14824.89,10.9537
2020-04-07 00:45:00,14761.38,14779.52,14751.67,14757.29,108.4716
2020-04-07 01:00:00,14738.84,14792.48,14718.98,14745.42,151.0085
2020-04-07 01:15:00,14692.31,14729.65,14642.19,14702.04,78.2901
2020-04-07 01:30:00,14696.56,14735.48,14666.4,14682.32,145.6056
2020-04-07 01:45:00,14648.6,14672.68,14626.32,14634.68,128.6142
2020-04-07 02:00:00,14599.96,14673.02,14591.71,14615.7,64.8137
2020-04-07 02:15:00,14609.18,14626.22,14594.93,14598.63,200.6333
2020-04-07 02:30:00,14613.09,14625.78,14550.3,14603.6,41.7987
2020-04-07 02:45:00,14517.4,14548.6,14516.18,14533.58,55.4097
2020-04-07 03:00:00,14479.1,14508.56,14457.19,14471.28,77.6227
2020-04-07 03:15:00,14472.51,14531.89,14454.2,14487.72,14.0065
2020-04-07 03:30:00,14418.67,14463.61,14392.79,14453.78,72.4262
2020-04-07 03:45:00,14498.78,14522.36,14478.99,14501.1,39.1734
2020-04-07 04:00:00,14515.37,14553.37,14495.87,14511.63,29.6609
2020-04-07 04:15:00,14537.09,14563.86,14532.45,14538.77,85.9993
2020-04-07 04:30:00,14642.89,14652.88,14564.41,14601.02,39.9885
2020-04-07 04:45:00,14593.71,14617.2,14533.2,14588.19,193.4529
2020-04-07 05:00:00,14565.92,14574.02,14550.84,14563.77,52.7598
2020-04-07 05:15:00,14608.86,14637.64,14601.28,14602.59,53.2795
2020-04-07 05:30:00,14619.18,14627.89,14617.02,14625.64,401.4173
2020-04-07 05:45:00,14631.74,14645.55,14589.45,14618.15,41.7832
2020-04-07 06:00:00,14685.2,14703.97,14638.22,14679.9,14.0972
2020-04-07 06:15:00,14675.91,14734.12,14645.11,14671.29,209.2189
2020-04-07 06:30:00,14664.31,14707.64,14641.19,14673.47,248.8895
2020-04-07 06:45:00,14652.18,14705.98,14599.47,14675.13,25.6765
2020-04-07 07:00:00,14627.38,14720.4,14569.96,14634.72,213.7724
2020-04-07 07:15:00,14643.0,14652.8,14593.53,14638.86,68.232
2020-04-07 07:30:00,14694.39,14720.54,14689.85,14700.93,4.4403
2020-04-07 07:45:00,14725.59,14775.7,14713.91,14721.29,79.5913
2020-04-07 08:00:00,14719.98,14751.67,14691.66,14723.4,188.8974
2020-04-07 08:15:00,14723.33,14744.82,14674.99,14716.99,50.5257
2020-04-07 08:30:00,14717.94,14778.06,14687.65,14732.33,80.0732
2020-04-07 08:45:00,14769.06,14796.13,14750.23,14766.21,15.1537
2020-04-07 09:00:00,14784.45,14815.13,14743.92,14793.94,184.6408
2020-04-07 09:15:00,14757.21,14795.38,14707.83,14779.95,11.3046
2020-04-07 09:30:00,14792.64,14834.85,14760.79,14795.09,9.919
2020-04-07 09:45:00,14839.89,14855.81,14804.15,14817.13,271.1432
2020-04-07 10:00:00,14751.55,14819.06,14690.94,14773.1,206.7299
2020-04-07 10:15:00,14783.06,14786.94,14731.71,14781.29,85.5372
2020-04-07 10:30:00,14697.9,14755.17,14684.44,14686.19,11.2222
2020-04-07 10:45:00,14742.01,14776.31,14691.88,14708.18,78.9628
2020-04-07 11:00:00,14730.79,14770.56,14687.49,14738.06,253.2535
2020-04-07 11:15:00,14762.51,14790.78,14749.32,14771.85,94.7665
2020-04-07 11:30:00,14737.86,14762.83,14683.58,14755.08,22.0944
2020-04-07 11:45:00,14786.34,14791.21,14731.51,14769.5,236.2661
2020-04-07 12:00:00,14820.46,14836.73,14779.79,14833.33,200.5866
2020-04-07 12:15:00,14891.46,14897.69,14878.35,14896.98,79.0953
2020-04-07 12:30:00,14868.88,14906.33,14835.4,14896.42,191.2188
2020-04-07 12:45:00,14916.57,14953.85,14888.68,14903.39,5.8013
2020-04-07 13:00:00,14971.13,14973.32,14944.62,14953.81,61.8376
2020-04-07 13:15:00,14899.82,14942.57,14812.96,14887.23,19.6123
2020-04-07 13:30:00,14849.67,14878.48,14787.31,14873.54,181.733
2020-04-07 13:45:00,14942.95,14957.73,14924.6,14933.88,354.7076
2020-04-07 14:00:00,14953.26,14990.35,14892.39,14978.32,266.9301
2020-04-07 14:15:00,14996.53,15022.39,14987.75,14995.66,69.9867
2020-04-07 14:30:00,14931.73,14940.3,14855.53,14928.67,71.5387
2020-04-07 14:45:00,14931.81,14957.05,14879.04,14927.18,238.8455
2020-04-07 15:00:00,14909.47,14924.6,14882.86,14901.51,127.9223
2020-04-07 15:15:00,14916.93,14936.66,14895.01,14917.05,7.7535
2020-04-07 15:30:00,14852.37,14894.74,14846.6,14881.58,13.7356
2020-04-07 15:45:00,14844.47,14874.36,14822.17,14836.53,303.0789
2020-04-07 16:00:00,14746.8,14781.33,14721.95,14745.36,45.5532
2020-04-07 16:15:00,14786.79,14810.6,14754.12,14800.15,20.7467
2020-04-07 16:30:00,14759.94,14829.02,14739.45,14783.14,133.0046
2020-04-07 16:45:00,14813.63,14818.71,14762.63,14790.85,211.767
2020-04-07 17:00:00,14809.7,14818.87,14764.89,14791.49,23.1371
2020-04-07 17:15:00,14755.27,14813.33,14734.45,14744.86,28.9599
2020-04-07 17:30:00,14679.97,14695.6,14662.31,14689.9,230.1994
2020-04-07 17:45:00,14609.47,14648.85,14590.75,14646.33,1.3259
2020-04-07 18:00:00,14626.47,14704.67,14614.68,14615.29,238.5426
2020-04-07 18:15:00,14637.46,14645.98,14615.41,14632.1,4.0054
2020-04-07 18:30:00,14592.43,14646.1,14533.46,14597.9,10.0266
2020-04-07 18:45:00,14691.62,14712.93,14653.67,14675.11,198.2499
2020-04-07 19:00:00,14733.55,14762.86,14707.5,14721.07,28.5577
2020-04-07 19:15:00,14760.1,14764.75,14726.92,14757.5,25.4499
2020-04-07 19:30:00,14753.46,14766.69,14727.37,14752.94,185.8724
2020-04-07 19:45:00,14821.46,14837.29,14810.89,14820.7,78.1309
2020-04-07 20:00:00,14821.82,14834.21,14787.77,14811.75,43.1736
2020-04-07 20:15:00,14798.4,14815.87,14797.23,14811.1,125.2576
2020-04-07 20:30:00,14825.71,14861.31,14773.96,14819.4,165.9394
2020-04-07 20:45:00,14837.67,14884.74,14833.21,14851.34,198.6087
2020-04-07 21:00:00,14900.35,14934.54,14824.42,14880.46,12.7097
2020-04-07 21:15:00,14867.9,14919.25,14798.69,14859.99,87.3579
2020-04-07 21:30:00,14826.76,14866.38,14813.18,14836.97,113.3884
2020-04-07 21:45:00,14867.4,14880.39,14853.76,14866.2,12.3835
2020-04-07 22:00:00,14886.12,14900.94,14869.48,14898.84,94.1931
2020-04-07 22:15:00,14904.39,14923.9,14857.7,14882.0,3.246
2020-04-07 22:30:00,14835.92,14857.27,14808.22,14811.89,41.7898
2020-04-07 22:45:00,14813.72,14817.78,14768.81,14803.41,18.8761
2020-04-07 23:00:00,14854.93,14874.19,14817.0,14831.84,82.3726
2020-04-07 23:15:00,14915.18,14964.2,14871.58,14912.92,21.2071
2020-04-07 23:30:00,14871.42,14886.62,14816.89,14860.07,155.658
2020-04-07 23:45:00,14859.97,14873.73,14835.38,14841.8,12.9137
2020-04-08 00:00:00,14825.11,14841.9,14795.01,14825.2,141.8111
2020-04-08 00:15:00,14887.3,14893.51,14852.26,14886.24,10.4149
2020-04-08 00:30:00,14899.32,14903.41,14872.61,14885.43,58.4103
2020-04-08 00:45:00,14855.25,14902.57,14827.58,14845.65,119.9099
2020-04-08 01:00:00,14860.04,14921.32,14808.69,14871.28,17.6103
2020-04-08 01:15:00,14821.48,14896.21,14811.42,14853.97,139.5715
2020-04-08 01:30:00,14797.55,14849.61,14791.3,14800.15,306.6395
2020-04-08 01:45:00,14730.3,14796.73,14713.92,14761.25,46.7449
2020-04-08 02:00:00,14824.07,14854.05,14819.9,14838.78,0.018
2020-04-08 02:15:00,14843.63,14897.35,14795.56,14856.62,64.7848
2020-04-08 02:30:00,14853.72,14865.83,14852.85,14862.17,232.7299
2020-04-08 02:45:00,14863.96,14864.78,14830.7,14851.77,109.3643
2020-04-08 03:00:00,14880.96,14946.71,14860.1,14865.53,121.4987
2020-04-08 03:15:00,14886.34,14891.95,14863.33,14878.77,157.2464
2020-04-08 03:30:00,14901.98,14937.07,14879.41,14892.56,238.8183
2020-04-08 03:45:00,14908.21,14929.28,14882.37,14898.43,13.3307
2020-04-08 04:00:00,14900.71,14972.27,14885.81,14938.01,89.2109
2020-04-08 04:15:00,14939.94,14946.49,14904.33,14939.79,220.4842
2020-04-08 04:30:00,14869.95,14935.28,14867.89,14896.71,149.5614
2020-04-08 04:45:00,14877.65,14906.65,14840.98,14870.08,28.6272
2020-04-08 05:00:00,14751.6,14797.54,14717.92,14782.54,207.6297
2020-04-08 05:15:00,14870.48,14875.58,14861.2,14873.16,34.8287
2020-04-08 05:30:00,14920.57,14965.34,14900.22,14912.4,52.9136
2020-04-08 05:45:00,14859.39,14889.08,14847.18,14876.01,20.5353
2020-04-08 06:00:00,14878.48,14885.2,14809.59,14864.18,216.4796
2020-04-08 06:15:00,14844.04,14852.88,14828.62,14836.52,9.7629
2020-04-08 06:30:00,14911.6,14957.33,14854.69,14905.92,513.431
2020-04-08 06:45:00,14853.54,14866.44,14820.14,14843.17,39.851
2020-04-08 07:00:00,14843.68,14884.09,14776.25,14849.01,124.0667
2020-04-08 07:15:00,14847.18,14893.09,14828.76,14844.92,13.7799
2020-04-08 07:30:00,14882.64,14887.04,14867.1,14882.49,66.9163
2020-04-08 07:45:00,14878.4,14907.73,14871.28,14878.59,4.096
2020-04-08 08:00:00,14790.91,14829.23,14759.96,14800.85,210.7015
2020-04-08 08:15:00,14772.07,14851.91,14739.52,14790.44,59.1366
2020-04-08 08:30:00,14743.08,14753.41,14742.53,14748.05,135.7723
2020-04-08 08:45:00,14746.52,14763.81,14733.83,14752.3,224.9182
2020-04-08 09:00:00,14805.6,14827.5,14763.41,14816.51,7.1061
2020-04-08 09:15:00,14752.5,14796.64,14715.95,14739.94,71.6295
2020-04-08 09:30:00,14688.05,14744.12,14686.12,14705.29,21.0155
2020-04-08 09:45:00,14679.12,14707.43,14654.35,14681.64,7.1504
2020-04-08 10:00:00,14682.67,14689.63,14648.54,14665.57,97.2949
2020-04-08 10:15:00,14712.23,14716.72,14696.85,14698.86,12.1148
2020-04-08 10:30:00,14709.82,14738.28,14663.11,14691.95,67.7146
2020-04-08 10:45:00,14702.32,14750.39,14700.89,14711.01,21.9299
2020-04-08 11:00:00,14695.64,14697.61,14636.55,14684.13,22.0299
2020-04-08 11:15:00,14679.37,14700.49,14663.74,14694.99,74.0227
2020-04-08 11:30:00,14725.95,14761.6,14691.73,14730.01,81.0557
2020-04-08 11:45:00,14695.72,14724.22,14689.83,14698.39,0.3485
2020-04-08 12:00:00,14725.09,14736.28,14696.3,14733.58,69.4687
2020-04-08 12:15:00,14731.3,14740.58,14714.83,14736.63,110.7906
2020-04-08 12:30:00,14776.29,14807.97,14709.51,14783.59,113.4794
2020-04-08 12:45:00,14760.88,14786.32,14735.34,14775.39,189.6321
2020-04-08 13:00:00,14805.7,14835.95,14775.26,14793.03,225.666
2020-04-08 13:15:00,14789.27,14817.52,14750.89,14791.97,97.5143
2020-04-08 13:30:00,14791.42,14821.97,14773.28,14788.44,65.7456
2020-04-08 13:45:00,14803.09,14852.83,14759.1,14800.66,22.829
2020-04-08 14:00:00,14826.05,14838.92,14786.21,14825.24,13.5546
2020-04-08 14:15:00,14771.78,14781.8,14690.35,14770.41,93.9303
2020-04-08 14:30:00,14830.14,14848.58,14824.15,14834.67,292.9629
2020-04-08 14:45:00,14773.58,14788.07,14721.37,14752.65,32.6028
2020-04-08 15:00:00,14734.28,14740.2,14706.28,14723.08,10.4753
2020-04-08 15:15:00,14719.92,14725.05,14710.23,14719.65,55.1407
2020-04-08 15:30:00,14732.01,14746.32,14714.08,14738.6,0.0483
2020-04-08 15:45:00,14807.27,14843.71,14806.24,14809.03,80.6483
2020-04-08 16:00:00,14733.36,14746.08,14718.87,14727.21,5.0745
2020-04-08 16:15:00,14727.57,14767.24,14694.26,14705.51,267.315
2020-04-08 16:30:00,14592.36,14617.74,14547.18,14612.42,203.9706
2020-04-08 16:45:00,14624.18,14634.94,14607.47,14614.54,12.2057
2020-04-08 17:00:00,14643.66,14666.66,14563.53,14627.18,15.8874
2020-04-08 17:15:00,14675.87,14702.26,14667.76,14697.72,306.7174
2020-04-08 17:30:00,14701.11,14718.57,14634.39,14703.77,167.9607
2020-04-08 17:45:00,14734.86,14761.68,14718.11,14750.56,284.7736
2020-04-08 18:00:00,14783.49,14808.64,14769.66,14777.13,40.7219
2020-04-08 18:15:00,14753.29,14771.18,14752.7,14758.58,11.761
2020-04-08 18:30:00,14695.02,14700.6,14690.03,14696.93,95.5517
2020-04-08 18:45:00,14703.74,14747.65,14669.49,14709.79,340.2354
2020-04-08 19:00:00,14655.23,14671.63,14580.51,14644.68,13.922
2020-04-08 19:15:00,14705.68,14713.54,14688.95,14702.32,170.8677
2020-04-08 19:30:00,14699.3,14745.71,14647.01,14695.9,44.5682
2020-04-08 19:45:00,14751.7,14772.5,14734.68,14749.33,12.2742
2020-04-08 20:00:00,14737.25,14739.74,14701.47,14728.82,61.4405
2020-04-08 20:15:00,14737.58,14777.56,14719.77,14741.44,67.0864
2020-04-08 20:30:00,14776.52,14788.49,14749.29,14751.43,0.9125
2020-04-08 20:45:00,14731.96,14779.92,14722.63,14750.18,64.331
2020-04-08 21:00:00,14706.34,14757.18,14703.83,14731.77,104.2642
2020-04-08 21:15:00,14723.17,14763.45,14660.56,14749.85,144.6731
2020-04-08 21:30:00,14679.02,14724.39,14665.51,14709.6,10.3759
2020-04-08 21:45:00,14666.84,14712.15,14638.91,14656.97,209.182
2020-04-08 22:00:00,14720.46,14764.82,14671.84,14712.35,18.3617
2020-04-08 22:15:00,14762.99,14797.25,14733.77,14745.18,107.3784
2020-04-08 22:30:00,14733.25,14787.15,14723.79,14748.83,80.4375
2020-04-08 22:45:00,14834.3,14918.81,14794.15,14823.25,212.0335
2020-04-08 23:00:00,14812.92,14826.96,14804.34,14812.08,3.9412
2020-04-08 23:15:00,14874.08,14922.95,14846.06,14871.6,21.2652
2020-04-08 23:30:00,14889.48,14904.88,14879.54,14880.17,13.007
2020-04-08 23:45:00,14823.95,14860.03,14813.72,14835.17,39.6829
2020-04-09 00:00:00,14956.76,14962.5,14905.4,14918.16,41.3772
2020-04-09 00:15:00,14983.18,15001.87,14923.43,14963.25,9.2787
2020-04-09 00:30:00,14950.61,15006.15,14939.33,14958.56,72.2216
2020-04-09 00:45:00,14975.59,14995.17,14972.48,14991.94,12.3573
2020-04-09 01:00:00,14973.22,15000.15,14965.1,14974.54,7.7259
2020-04-09 01:15:00,15015.27,15036.32,15009.1,15012.53,3.3735
2020-04-09 01:30:00,14921.48,14974.8,14829.59,14905.6,264.7076
2020-04-09 01:45:00,14843.37,14880.16,14786.39,14860.74,50.5405
2020-04-09 02:00:00,14909.39,14948.67,14901.22,14905.14,33.3637
2020-04-09 02:15:00,14871.95,14903.95,14847.8,14894.72,65.8309
2020-04-09 02:30:00,14911.24,14917.55,14867.59,14904.74,17.1608
2020-04-09 02:45:00,14843.67,14845.41,14832.65,14845.26,52.1141
2020-04-09 03:00:00,14957.21,14979.54,14919.28,14928.3,21.1395
2020-04-09 03:15:00,14959.2,15061.87,14911.66,14982.37,36.297
2020-04-09 03:30:00,14994.62,15024.81,14956.6,14974.1,257.9866
2020-04-09 03:45:00,14931.18,14973.33,14877.92,14956.66,16.099
2020-04-09 04:00:00,14983.7,15012.13,14936.03,15003.61,64.2159
2020-04-09 04:15:00,15068.28,15122.73,15055.05,15093.59,108.134
2020-04-09 04:30:00,15141.32,15151.78,15132.53,15137.54,250.1002
2020-04-09 04:45:00,15219.04,15259.35,15218.91,15236.92,256.4091
2020-04-09 05:00:00,15175.03,15218.76,15162.5,15195.52,28.4034
2020-04-09 05:15:00,15162.0,15162.62,15156.43,15158.93,286.7422
2020-04-09 05:30:00,15112.44,15113.27,15104.54,15105.62,40.2553
2020-04-09 05:45:00,15126.99,15215.0,15104.9,15126.39,225.3046
2020-04-09 06:00:00,15132.66,15154.99,15107.1,15135.11,9.7838
2020-04-09 06:15:00,15156.64,15175.24,15115.67,15128.97,22.1084
2020-04-09 06:30:00,15168.67,15171.97,15159.28,15166.46,8.2293
2020-04-09 06:45:00,15235.55,15263.9,15175.68,15223.29,35.5286
2020-04-09 07:00:00,15156.54,15184.96,15150.86,15154.37,207.0307
2020-04-09 07:15:00,15111.38,15154.66,15077.71,15127.99,17.3485
2020-04-09 07:30:00,15174.31,15207.76,15117.11,15165.97,25.4694
2020-04-09 07:45:00,15135.51,15174.56,15095.64,15145.44,24.3583
2020-04-09 08:00:00,15108.56,15128.18,15063.48,15109.93,32.1167
2020-04-09 08:15:00,15161.49,15182.1,15111.45,15156.86,1.8857
2020-04-09 08:30:00,15069.67,15113.97,15066.57,15098.98,55.1383
2020-04-09 08:45:00,15061.8,15121.64,15045.18,15086.08,374.1991
2020-04-09 09:00:00,15115.44,15125.33,15058.46,15101.7,59.4361
2020-04-09 09:15:00,15066.46,15085.56,15057.33,15076.46,167.8467
2020-04-09 09:30:00,15103.32,15135.06,15079.42,15112.64,84.73
2020-04-09 09:45:00,15090.11,15097.95,15085.92,15087.6,1.4995
2020-04-09 10:00:00,15146.27,15158.67,15085.83,15152.11,88.0701
2020-04-09 10:15:00,15153.48,15160.0,15124.62,15147.16,292.8327
2020-04-09 10:30:00,15177.64,15182.98,15167.21,15178.42,80.634
2020-04-09 10:45:00,15216.17,15247.09,15174.9,15213.15,75.0634
2020-04-09 11:00:00,15174.61,15193.58,15129.58,15185.27,110.9346
2020-04-09 11:15:00,15095.4,15130.15,15084.39,15092.48,204.7073
2020-04-09 11:30:00,15126.26,15128.84,15048.37,15109.57,83.1849
2020-04-09 11:45:00,15105.02,15129.87,15093.41,15113.6,52.1611
2020-04-09 12:00:00,15153.41,15169.2,15086.76,15139.56,3.7785
2020-04-09 12:15:00,15129.24,15133.14,15106.15,15130.02,11.7732
2020-04-09 12:30:00,15122.34,15156.53,15102.44,15111.24,104.6176
2020-04-09 12:45:00,15205.01,15227.51,15193.71,15203.05,96.4795
2020-04-09 13:00:00,15136.15,15142.48,15133.97,15136.66,27.3158
2020-04-09 13:15:00,15176.05,15208.35,15130.93,15170.74,126.9127
2020-04-09 13:30:00,15163.73,15165.0,15137.64,15145.35,32.804
2020-04-09 13:45:00,15134.42,15180.93,15069.06,15130.85,36.3806
2020-04-09 14:00:00,15124.45,15134.17,15087.7,15117.21,6.3363
2020-04-09 14:15:00,15075.98,15083.21,15072.02,15081.53,79.9133
2020-04-09 14:30:00,15131.87,15136.56,15105.29,15108.13,33.925
2020-04-09 14:45:00,15181.63,15205.56,15161.85,15171.92,170.892
2020-04-09 15:00:00,15195.25,15202.08,15156.59,15194.07,161.68
2020-04-09 15:15:00,15197.68,15238.35,15165.53,15199.54,13.7473
2020-04-09 15:30:00,15170.14,15187.01,15132.38,15155.32,17.4345
2020-04-09 15:45:00,15170.37,15182.01,15142.47,15179.58,38.712
2020-04-09 16:00:00,15251.29,15288.56,15210.94,15278.53,86.9537
2020-04-09 16:15:00,15262.95,15269.24,15235.61,15261.85,41.9332
2020-04-09 16:30:00,15263.54,15313.04,15240.04,15245.4,43.1177
2020-04-09 16:45:00,15244.72,15247.78,15195.19,15220.5,15.0893
2020-04-09 17:00:00,15197.28,15210.53,15187.72,15198.91,40.8869
2020-04-09 17:15:00,15075.15,15135.72,15047.71,15074.49,63.5646
2020-04-09 17:30:00,15101.41,15123.94,15075.19,15093.56,418.1164
2020-04-09 17:45:00,15052.05,15141.91,15043.1,15056.03,181.9942
2020-04-09 18:00:00,14991.79,15032.14,14972.71,14984.05,157.4947
2020-04-09 18:15:00,15017.38,15031.88,14983.11,15018.66,82.0573
2020-04-09 18:30:00,14985.8,15054.17,14954.29,14970.66,44.6428
2020-04-09 18:45:00,14967.01,14967.83,14942.52,14956.2,194.4536
2020-04-09 19:00:00,15034.91,15044.13,14962.01,15022.74,42.6836
2020-04-09 19:15:00,14956.91,14967.98,14945.54,14959.98,89.8441
2020-04-09 19:30:00,14920.63,14929.38,14825.64,14891.95,29.7296
2020-04-09 19:45:00,14911.94,14978.98,14899.92,14904.72,149.794
2020-04-09 20:00:00,14960.56,14984.13,14954.03,14956.87,72.2644
2020-04-09 20:15:00,14875.64,14895.82,14866.89,14886.97,225.5401
2020-04-09 20:30:00,14904.48,14911.53,14866.97,14905.92,84.1415
2020-04-09 20:45:00,14934.36,14942.52,14893.04,14932.65,17.9491
2020-04-09 21:00:00,14829.46,14853.46,14826.58,14841.15,495.4405
2020-04-09 21:15:00,14873.1,14885.3,14854.44,14877.45,69.7087
2020-04-09 21:30:00,14914.84,14953.21,14866.66,14917.31,28.8627
2020-04-09 21:45:00,14904.94,14917.01,14900.2,14904.11,39.9408
2020-04-09 22:00:00,14934.48,14965.44,14931.71,14960.85,12.9237
2020-04-09 22:15:00,15010.57,15016.31,15006.22,15012.6,7.6816
2020-04-09 22:30:00,15012.33,15024.02,14973.81,15018.0,59.8867
2020-04-09 22:45:00,14998.1,15023.37,14943.24,14998.41,303.3914
2020-04-09 23:00:00,14970.87,14977.09,14910.41,14955.39,13.1223
2020-04-09 23:15:00,14985.14,15005.66,14917.32,14954.45,233.0205
2020-04-09 23:30:00,14990.92,14993.54,14970.99,14980.76,159.3242
2020-04-09 23:45:00,14948.46,14979.63,14925.01,14966.94,164.2098
2020-04-10 00:00:00,14863.88,14877.55,14856.19,14869.02,123.7714
2020-04-10 00:15:00,14935.25,14954.73,14879.26,14926.35,89.6085
2020-04-10 00:30:00,14942.84,14975.72,14909.75,14935.62,12.9411
2020-04-10 00:45:00,14934.08,14958.47,14892.83,14919.35,85.7203
2020-04-10 01:00:00,14957.01,15006.54,14939.66,14958.47,43.383
2020-04-10 01:15:00,15022.17,15028.65,14994.42,15027.63,11.1272
2020-04-10 01:30:00,14928.18,14953.91,14900.74,14902.07,162.8763
2020-04-10 01:45:00,14923.1,14962.84,14908.08,14922.22,79.0867
2020-04-10 02:00:00,14844.0,14905.13,14801.75,14859.1,136.6316
2020-04-10 02:15:00,14904.05,14924.63,14795.04,14882.1,65.2985
2020-04-10 02:30:00,14866.28,14896.0,14853.19,14888.55,80.2331
2020-04-10 02:45:00,14865.55,14929.69,14842.33,14917.69,124.5987
2020-04-10 03:00:00,14907.56,14956.68,14868.26,14896.09,28.3619
2020-04-10 03:15:00,14826.62,14865.27,14809.0,14813.13,187.7634
2020-04-10 03:30:00,14799.98,14804.95,14791.55,14793.85,54.6364
2020-04-10 03:45:00,14793.36,14831.0,14761.26,14812.65,123.2679
2020-04-10 04:00:00,14857.64,14960.98,14846.71,14858.51,39.4644
2020-04-10 04:15:00,14802.9,14849.48,14791.32,14807.02,121.2256
2020-04-10 04:30:00,14845.4,14908.41,14831.51,14853.38,4.4497
2020-04-10 04:45:00,14846.19,14889.13,14803.48,14825.26,264.877
2020-04-10 05:00:00,14826.58,14897.89,14813.42,14842.12,154.5969
2020-04-10 05:15:00,14824.84,14863.24,14769.94,14820.16,109.3045
2020-04-10 05:30:00,14846.7,14878.21,14801.77,14829.0,39.1388
2020-04-10 05:45:00,14875.09,14902.47,14822.73,14869.42,184.8886
2020-04-10 06:00:00,14833.81,14910.91,14788.59,14815.42,145.9665
2020-04-10 06:15:00,14794.28,14796.13,14741.67,14785.95,60.3461
2020-04-10 06:30:00,14801.24,14830.67,14772.34,14794.89,21.9961
2020-04-10 06:45:00,14907.69,14912.92,14895.52,14902.22,19.2995
2020-04-10 07:00:00,14873.5,14932.53,14860.65,14864.38,66.9813
2020-04-10 07:15:00,14950.33,15001.94,14946.48,14956.1,152.974
2020-04-10 07:30:00,15027.19,15058.85,15014.05,15046.78,125.3391
2020-04-10 07:45:00,15057.49,15061.16,15015.67,15043.14,68.0358
2020-04-10 08:00:00,15047.9,15100.87,14978.52,15030.44,22.8693
2020-04-10 08:15:00,15003.76,15014.16,14974.99,14999.98,27.3425
2020-04-10 08:30:00,14989.44,15001.99,14939.78,14997.66,5.9365
2020-04-10 08:45:00,14911.86,14945.43,14897.09,14935.12,19.4551
2020-04-10 09:00:00,14933.73,14965.88,14926.39,14932.45,1.2841
2020-04-10 09:15:00,14980.02,15024.67,14963.75,15000.25,112.2377
2020-04-10 09:30:00,14951.21,14981.85,14905.65,14973.5,88.7314
2020-04-10 09:45:00,14963.13,14994.92,14884.59,14963.44,441.9217
2020-04-10 10:00:00,14876.45,14898.85,14865.77,14887.82,143.8738
2020-04-10 10:15:00,14910.42,14941.8,14900.83,14905.27,28.2682
2020-04-10 10:30:00,14915.47,14952.47,14909.92,14917.85,123.0633
2020-04-10 10:45:00,14912.39,14968.44,14884.34,14921.44,1.2246
2020-04-10 11:00:00,14887.06,14960.04,14868.88,14912.48,428.0022
2020-04-10 11:15:00,14887.42,14938.5,14853.16,14900.13,95.3046
2020-04-10 11:30:00,14911.13,14950.73,14869.85,14923.31,12.7459
2020-04-10 11:45:00,14904.48,14935.2,14877.44,14922.77,69.019
2020-04-10 12:00:00,14932.7,14958.9,14912.17,14937.61,282.3703
2020-04-10 12:15:00,14930.85,14960.86,14915.77,14948.0,189.5122
2020-04-10 12:30:00,14996.67,15041.49,14970.17,14999.12,35.5132
2020-04-10 12:45:00,15033.95,15069.6,15016.51,15030.33,50.4423
2020-04-10 13:00:00,15027.36,15052.8,15014.87,15039.78,192.1127
2020-04-10 13:15:00,15115.47,15153.41,15059.07,15109.04,230.2701
2020-04-10 13:30:00,15108.25,15164.31,15077.44,15128.85,246.0375
2020-04-10 13:45:00,15171.94,15194.57,15149.12,15188.83,295.4389
2020-04-10 14:00:00,15215.53,15217.54,15160.0,15217.25,69.4232
2020-04-10 14:15:00,15144.32,15191.02,15074.67,15133.92,197.7022
2020-04-10 14:30:00,15207.1,15239.29,15191.13,15193.92,42.6137
2020-04-10 14:45:00,15225.35,15262.65,15195.59,15200.84,182.0818
2020-04-10 15:00:00,15193.51,15277.83,15179.91,15199.23,42.689
2020-04-10 15:15:00,15210.88,15229.47,15205.88,15212.82,93.7305
2020-04-10 15:30:00,15182.14,15207.74,15176.92,15197.84,63.1986
2020-04-10 15:45:00,15189.88,15250.26,15185.48,15208.95,223.4358
2020-04-10 16:00:00,15186.18,15246.55,15163.38,15182.71,6.8837
2020-04-10 16:15:00,15229.68,15260.14,15203.83,15241.5,297.1882
2020-04-10 16:30:00,15255.85,15262.01,15199.9,15237.07,62.0072
2020-04-10 16:45:00,15198.09,15251.35,15164.73,15220.35,65.6609
2020-04-10 17:00:00,15186.26,15196.67,15162.3,15178.87,175.9197
2020-04-10 17:15:00,15176.59,15218.89,15150.7,15191.87,109.7159
2020-04-10 17:30:00,15188.69,15230.01,15140.99,15201.16,307.2829
2020-04-10 17:45:00,15227.84,15262.37,15214.71,15219.63,79.1016
2020-04-10 18:00:00,15163.24,15187.25,15139.4,15173.49,81.7921
2020-04-10 18:15:00,15093.57,15117.52,15076.94,15101.36,356.4988
2020-04-10 18:30:00,15118.17,15164.65,15092.62,15130.46,260.9656
2020-04-10 18:45:00,15225.74,15244.77,15187.68,15198.61,23.4069
2020-04-10 19:00:00,15143.21,15195.1,15134.42,15152.57,36.6646
2020-04-10 19:15:00,15226.36,15249.01,15218.08,15225.58,98.1733
2020-04-10 19:30:00,15236.23,15243.32,15207.03,15239.31,280.3048
2020-04-10 19:45:00,15243.12,15279.65,15208.29,15239.75,82.8639
2020-04-10 20:00:00,15212.98,15247.69,15206.74,15222.33,131.9844
2020-04-10 20:15:00,15156.82,15212.88,15123.19,15159.87,9.8715
2020-04-10 20:30:00,15211.54,15251.56,15127.1,15205.55,73.9451
2020-04-10 20:45:00,15157.83,15228.57,15155.25,15170.93,15.9701
2020-04-10 21:00:00,15152.68,15184.01,15127.91,15136.19,30.196
2020-04-10 21:15:00,15199.99,15232.64,15174.64,15181.99,18.1887
2020-04-10 21:30:00,15106.15,15113.63,15086.31,15096.99,18.1416
2020-04-10 21:45:00,15029.79,15044.12,15003.28,15028.74,479.2408
2020-04-10 22:00:00,14983.73,15035.06,14970.59,15028.67,35.4171
2020-04-10 22:15:00,15049.03,15076.72,14987.85,15042.65,83.3525
2020-04-10 22:30:00,15059.38,15092.23,14998.87,15065.28,2.029
2020-04-10 22:45:00,15048.68,15065.57,15047.71,15052.39,164.189
2020-04-10 23:00:00,15138.63,15183.76,15104.67,15167.41,114.0146
2020-04-10 23:15:00,15165.28,15210.47,15127.82,15157.79,25.978
2020-04-10 23:30:00,15126.11,15167.66,15091.59,15148.06,3.6726
2020-04-10 23:45:00,15114.39,15126.17,15108.74,15112.6,32.1006
2020-04-11 00:00:00,15132.65,15141.76,15117.13,15118.97,99.0423
2020-04-11 00:15:00,15140.51,15199.97,15113.83,15147.62,1.532
2020-04-11 00:30:00,15221.56,15239.77,15131.38,15203.07,7.835
2020-04-11 00:45:00,15124.6,15145.68,15116.43,15135.91,52.6527
2020-04-11 01:00:00,15134.57,15159.7,15119.03,15125.49,19.3584
2020-04-11 01:15:00,15126.76,15189.55,15125.45,15146.52,99.9156
2020-04-11 01:30:00,15189.6,15238.74,15074.45,15173.95,19.1959
2020-04-11 01:45:00,15188.3,15205.48,15122.64,15175.01,505.3784
2020-04-11 02:00:00,15207.58,15214.64,15155.37,15200.46,57.2369
2020-04-11 02:15:00,15158.37,15194.0,15155.85,15164.33,16.0541
2020-04-11 02:30:00,15214.6,15244.04,15196.79,15235.96,7.6702
2020-04-11 02:45:00,15276.13,15329.5,15240.61,15282.1,54.5694
2020-04-11 03:00:00,15238.1,15266.2,15212.8,15221.2,165.5965
2020-04-11 03:15:00,15174.84,15190.55,15155.3,15172.87,57.774
2020-04-11 03:30:00,15102.48,15132.05,15041.1,15125.97,15.208
2020-04-11 03:45:00,15140.44,15159.05,15128.79,15157.49,67.0816
2020-04-11 04:00:00,15118.75,15135.61,15086.93,15099.83,41.1539
2020-04-11 04:15:00,15092.95,15167.24,15060.97,15085.59,69.6891
2020-04-11 04:30:00,15088.28,15120.53,15030.92,15106.92,49.6162
2020-04-11 04:45:00,15078.01,15112.99,15058.51,15104.68,104.3809
2020-04-11 05:00:00,15107.72,15129.47,15099.67,15117.17,162.7727
2020-04-11 05:15:00,15041.69,15105.13,15030.0,15069.59,217.554
2020-04-11 05:30:00,15094.88,15109.72,15089.37,15097.23,135.2048
2020-04-11 05:45:00,15107.16,15146.39,15022.66,15070.21,43.8541
2020-04-11 06:00:00,15032.25,15062.01,14979.02,15056.29,59.5037
2020-04-11 06:15:00,15064.98,15089.4,15010.12,15067.78,102.6567
2020-04-11 06:30:00,15092.97,15113.3,15019.64,15073.2,24.8242
2020-04-11 06:45:00,15086.33,15103.71,15074.58,15075.03,120.9866
2020-04-11 07:00:00,15039.6,15058.98,15027.98,15041.84,104.9222
2020-04-11 07:15:00,15026.88,15039.79,15006.7,15029.07,106.8531
2020-04-11 07:30:00,15012.55,15031.05,15002.15,15029.92,40.5456
2020-04-11 07:45:00,14964.67,14974.75,14936.78,14968.67,92.0216
2020-04-11 08:00:00,14952.29,14954.23,14939.45,14948.65,22.0312
2020-04-11 08:15:00,14983.33,14994.74,14945.45,14966.79,21.0346
2020-04-11 08:30:00,14900.93,14932.76,14869.93,14910.18,146.3265
2020-04-11 08:45:00,14959.82,14971.94,14954.6,14962.66,47.7327
2020-04-11 09:00:00,15006.14,15059.16,14977.19,15020.39,78.6577
2020-04-11 09:15:00,14968.41,15001.84,14949.54,14965.04,34.636
2020-04-11 09:30:00,15038.51,15046.86,14986.65,15026.74,26.8998
2020-04-11 09:45:00,15030.47,15048.37,15009.98,15021.01,151.3522
2020-04-11 10:00:00,15023.03,15069.42,14981.99,15040.63,158.0759
2020-04-11 10:15:00,15021.17,15023.5,14995.75,15018.97,180.9629
2020-04-11 10:30:00,15051.11,15071.63,14990.69,15061.31,192.7203
2020-04-11 10:45:00,15095.66,15143.44,15039.25,15080.41,52.9974
2020-04-11 11:00:00,15041.9,15057.25,15031.92,15044.33,165.5311
2020-04-11 11:15:00,14969.71,15021.26,14961.85,14992.49,42.4548
2020-04-11 11:30:00,14924.28,14952.93,14923.81,14927.56,5.3947
2020-04-11 11:45:00,14943.57,14959.4,14913.22,14936.73,116.9048
2020-04-11 12:00:00,14966.78,14967.69,14927.2,14963.13,22.1844
2020-04-11 12:15:00,14985.42,15032.92,14933.74,14993.09,60.0517
2020-04-11 12:30:00,14979.77,15014.22,14939.46,14988.54,17.897
2020-04-11 12:45:00,14922.51,14942.56,14894.6,14937.26,49.6818
2020-04-11 13:00:00,14901.56,14964.84,14863.85,14907.44,216.1661
2020-04-11 13:15:00,14946.92,14968.7,14900.51,14959.73,94.9724
2020-04-11 13:30:00,14953.22,14970.29,14917.84,14938.72,16.0332
2020-04-11 13:45:00,14932.43,14971.42,14910.32,14945.9,129.2808
2020-04-11 14:00:00,14900.24,14935.46,14869.59,14898.42,188.2845
2020-04-11 14:15:00,14915.01,14933.48,14888.94,14914.2,18.1993
2020-04-11 14:30:00,14908.56,14941.16,14881.23,14894.47,136.2955
2020-04-11 14:45:00,14958.26,14977.47,14929.9,14941.99,79.6565
2020-04-11 15:00:00,14987.83,15038.99,14941.69,14977.41,92.7008
2020-04-11 15:15:00,14961.16,14989.46,14937.24,14955.89,279.729
2020-04-11 15:30:00,14935.27,14968.01,14924.31,14950.95,3.7246
2020-04-11 15:45:00,14911.02,14935.02,14894.53,14926.98,101.8294
2020-04-11 16:00:00,14851.59,14875.58,14847.07,14864.16,8.5005
2020-04-11 16:15:00,14837.82,14841.22,14747.43,14826.67,155.8679
2020-04-11 16:30:00,14837.32,14854.09,14810.4,14836.23,226.4651
2020-04-11 16:45:00,14864.35,14903.45,14838.49,14851.45,9.0504
2020-04-11 17:00:00,14873.71,14874.76,14846.23,14858.81,2.6179
2020-04-11 17:15:00,14835.32,14879.0,14825.43,14846.1,311.6065
2020-04-11 17:30:00,14888.88,14927.25,14853.11,14888.4,261.083
2020-04-11 17:45:00,14891.79,14933.63,14881.89,14891.98,257.3704
2020-04-11 18:00:00,14919.25,14960.48,14886.87,14924.14,280.8177
2020-04-11 18:15:00,14837.53,14857.26,14828.67,14845.47,69.3341
2020-04-11 18:30:00,14688.91,14700.81,14633.43,14671.53,376.7906
2020-04-11 18:45:00,14685.51,14690.99,14648.55,14684.75,222.8522
2020-04-11 19:00:00,14622.91,14624.14,14605.55,14622.72,10.2767
2020-04-11 19:15:00,14602.4,14627.68,14585.77,14614.13,167.5092
2020-04-11 19:30:00,14611.48,14612.4,14563.27,14601.62,124.6338
2020-04-11 19:45:00,14657.14,14675.99,14626.24,14671.88,14.3984
2020-04-11 20:00:00,14696.9,14752.2,14686.94,14690.22,133.9117
2020-04-11 20:15:00,14705.35,14721.99,14683.32,14698.27,66.3438
2020-04-11 20:30:00,14729.83,14742.08,14682.3,14735.91,192.2943
2020-04-11 20:45:00,14757.62,14760.54,14748.13,14752.93,170.8137
2020-04-11 21:00:00,14736.15,14757.17,14728.24,14733.42,285.3032
2020-04-11 21:15:00,14780.93,14797.73,14778.04,14781.51,7.8263
2020-04-11 21:30:00,14733.23,14760.07,14680.19,14733.04,123.8721
2020-04-11 21:45:00,14748.98,14763.55,14708.47,14748.06,47.3326
2020-04-11 22:00:00,14682.24,14700.37,14669.04,14680.33,149.6081
2020-04-11 22:15:00,14690.93,14708.34,14666.72,14690.05,92.2717
2020-04-11 22:30:00,14683.06,14720.72,14672.79,14699.29,68.4347
2020-04-11 22:45:00,14771.7,14807.26,14739.95,14773.95,0.4244
2020-04-11 23:00:00,14709.22,14713.42,14679.98,14705.33,93.4375
2020-04-11 23:15:00,14680.98,14689.27,14670.68,14679.55,54.5383
2020-04-11 23:30:00,14730.55,14731.41,14713.59,14716.52,40.4257
2020-04-11 23:45:00,14741.19,14747.6,14727.29,14732.06,448.9199
2020-04-12 00:00:00,14727.93,14762.79,14723.46,14740.76,120.5195
2020-04-12 00:15:00,14696.77,14740.07,14681.84,14699.22,77.6278
2020-04-12 00:30:00,14669.33,14713.18,14659.44,14673.9,203.0443
2020-04-12 00:45:00,14729.38,14758.55,14714.38,14729.44,25.7603
2020-04-12 01:00:00,14727.86,14739.03,14710.62,14727.9,96.7341
2020-04-12 01:15:00,14754.24,14781.36,14741.72,14745.22,197.2738
2020-04-12 01:30:00,14743.48,14799.93,14732.92,14740.86,13.1916
2020-04-12 01:45:00,14707.36,14723.11,14653.27,14689.28,26.9304
2020-04-12 02:00:00,14734.72,14767.72,14710.25,14731.17,8.6247
2020-04-12 02:15:00,14741.89,14773.66,14709.16,14754.14,488.5335
2020-04-12 02:30:00,14849.99,14900.52,14797.34,14856.93,86.9676
2020-04-12 02:45:00,14821.35,14822.48,14795.07,14812.41,67.2337
2020-04-12 03:00:00,14825.73,14858.57,14804.65,14849.7,41.3147
2020-04-12 03:15:00,14772.11,14811.95,14749.92,14792.02,59.6838
2020-04-12 03:30:00,14799.9,14814.17,14792.17,14799.74,149.5471
2020-04-12 03:45:00,14857.95,14893.6,14817.33,14843.84,248.552
2020-04-12 04:00:00,14771.59,14793.65,14749.72,14752.3,11.087
2020-04-12 04:15:00,14740.77,14764.78,14720.99,14743.97,35.6146
2020-04-12 04:30:00,14735.41,14755.05,14678.1,14719.8,20.9645
2020-04-12 04:45:00,14690.6,14706.71,14689.47,14689.53,57.179
2020-04-12 05:00:00,14684.72,14737.09,14663.92,14707.24,75.6053
2020-04-12 05:15:00,14757.31,14758.14,14726.95,14757.43,127.7547
2020-04-12 05:30:00,14743.13,14791.27,14717.75,14752.26,208.4721
2020-04-12 05:45:00,14775.65,14779.05,14759.68,14762.1,78.117
2020-04-12 06:00:00,14767.52,14802.84,14736.12,14767.9,67.0933
2020-04-12 06:15:00,14749.84,14769.49,14738.4,14768.71,85.7439
2020-04-12 06:30:00,14699.11,14736.06,14689.82,14721.19,219.2926
2020-04-12 06:45:00,14770.57,14775.96,14739.98,14770.88,104.5676
2020-04-12 07:00:00,14748.91,14802.98,14722.26,14784.7,154.8213
2020-04-12 07:15:00,14795.28,14859.37,14788.69,14802.95,127.1158
2020-04-12 07:30:00,14771.29,14786.72,14748.65,14767.87,257.0578
2020-04-12 07:45:00,14732.68,14775.99,14728.57,14748.27,169.7928
2020-04-12 08:00:00,14755.87,14790.94,14666.41,14741.21,41.7342
2020-04-12 08:15:00,14691.58,14707.41,14633.06,14674.1,192.6677
2020-04-12 08:30:00,14585.68,14639.61,14550.45,14600.53,63.0071
2020-04-12 08:45:00,14570.6,14581.25,14565.5,14574.94,187.8774
2020-04-12 09:00:00,14613.04,14652.65,14577.88,14598.52,236.1764
2020-04-12 09:15:00,14570.63,14590.19,14545.46,14570.65,115.6038
2020-04-12 09:30:00,14506.58,14538.99,14498.22,14526.84,126.8985
2020-04-12 09:45:00,14489.98,14497.75,14445.95,14492.06,15.2113
2020-04-12 10:00:00,14460.65,14475.07,14454.29,14472.99,39.1333
2020-04-12 10:15:00,14474.37,14488.71,14407.29,14458.35,81.584
2020-04-12 10:30:00,14561.82,14590.94,14541.51,14553.0,0.3521
2020-04-12 10:45:00,14595.19,14609.84,14581.89,14599.77,187.9135
2020-04-12 11:00:00,14647.47,14673.78,14641.69,14645.39,46.121
2020-04-12 11:15:00,14678.24,14705.39,14643.51,14697.46,128.5177
2020-04-12 11:30:00,14643.11,14750.75,14619.13,14654.16,146.6627
2020-04-12 11:45:00,14623.83,14640.01,14553.75,14601.15,79.4257
2020-04-12 12:00:00,14554.18,14574.09,14551.9,14553.4,156.1727
2020-04-12 12:15:00,14625.98,14677.4,14519.8,14612.39,114.6987
2020-04-12 12:30:00,14592.52,14595.09,14586.15,14589.13,44.6044
2020-04-12 12:45:00,14554.2,14572.99,14522.88,14535.09,169.3668
2020-04-12 13:00:00,14488.01,14554.96,14481.72,14517.03,101.0754
2020-04-12 13:15:00,14504.63,14546.97,14471.26,14507.36,17.4597
2020-04-12 13:30:00,14543.65,14548.12,14487.36,14519.77,148.2031
2020-04-12 13:45:00,14545.32,14596.51,14513.44,14531.43,112.7589
2020-04-12 14:00:00,14515.26,14517.68,14470.39,14496.05,33.4985
2020-04-12 14:15:00,14526.49,14553.68,14516.8,14526.59,184.5022
2020-04-12 14:30:00,14491.67,14543.41,14487.06,14499.46,46.8417
2020-04-12 14:45:00,14478.5,14496.24,14456.82,14493.39,80.4614
2020-04-12 15:00:00,14508.04,14537.24,14458.46,14523.97,42.0314
2020-04-12 15:15:00,14508.43,14538.21,14475.39,14496.73,128.8685
2020-04-12 15:30:00,14480.13,14490.73,14443.23,14472.7,87.0295
2020-04-12 15:45:00,14498.15,14522.72,14443.54,14499.11,63.5431
2020-04-12 16:00:00,14469.88,14508.45,14412.07,14462.53,2.0529
2020-04-12 16:15:00,14448.61,14457.48,14421.45,14446.56,93.4415
2020-04-12 16:30:00,14485.29,14499.93,14449.43,14471.36,97.3793
2020-04-12 16:45:00,14575.14,14577.88,14537.43,14561.26,19.9959
2020-04-12 17:00:00,14572.89,14603.27,14559.63,14588.44,40.393
2020-04-12 17:15:00,14613.85,14659.72,14598.51,14609.85,211.0213
2020-04-12 17:30:00,14609.43,14654.8,14588.94,14633.85,79.6656
2020-04-12 17:45:00,14589.4,14601.32,14564.63,14587.46,57.1071
2020-04-12 18:00:00,14602.07,14650.41,14569.24,14593.25,274.8275
2020-04-12 18:15:00,14573.51,14599.07,14554.28,14592.68,167.1024
2020-04-12 18:30:00,14601.4,14647.72,14580.9,14607.49,10.2556
2020-04-12 18:45:00,14613.46,14614.77,14589.33,14613.32,195.848
2020-04-12 19:00:00,14634.12,14638.2,14612.2,14630.7,16.2208
2020-04-12 19:15:00,14613.69,14625.97,14600.24,14617.76,19.2132
2020-04-12 19:30:00,14603.92,14682.27,14571.71,14621.06,7.8337
2020-04-12 19:45:00,14567.15,14604.05,14555.96,14567.94,65.6528
2020-04-12 20:00:00,14530.64,14569.09,14510.61,14554.68,103.4763
2020-04-12 20:15:00,14612.74,14617.38,14546.0,14616.14,140.1268
2020-04-12 20:30:00,14624.39,14631.69,14571.42,14630.85,2.7089
2020-04-12 20:45:00,14628.7,14647.72,14615.01,14630.66,19.5846
2020-04-12 21:00:00,14706.39,14747.17,14687.0,14714.62,97.0807
2020-04-12 21:15:00,14633.19,14670.87,14582.56,14655.28,74.567
2020-04-12 21:30:00,14601.89,14643.32,14584.34,14607.24,5.2719
2020-04-12 21:45:00,14696.69,14704.07,14669.28,14683.02,273.9695
2020-04-12 22:00:00,14704.31,14705.73,14682.06,14685.78,142.0929
2020-04-12 22:15:00,14711.63,14741.08,14639.16,14675.83,44.4408
2020-04-12 22:30:00,14648.5,14706.59,14594.25,14623.76,76.873
2020-04-12 22:45:00,14626.61,14649.6,14585.66,14644.14,46.8814
2020-04-12 23:00:00,14662.8,14677.51,14617.63,14668.79,60.75
2020-04-12 23:15:00,14621.02,14639.1,14588.1,14621.36,90.6796
2020-04-12 23:30:00,14614.68,14648.3,14605.32,14615.93,50.8275
2020-04-12 23:45:00,14602.97,14623.18,14575.84,14601.95,96.9475
2020-04-13 00:00:00,14649.08,14683.85,14571.2,14613.9,62.5763
2020-04-13 00:15:00,14549.8,14574.39,14522.29,14565.56,107.0786
2020-04-13 00:30:00,14610.56,14662.83,14585.63,14620.99,30.4112
2020-04-13 00:45:00,14686.0,14701.88,14656.29,14661.89,18.7767
2020-04-13 01:00:00,14637.63,14668.2,14611.11,14646.65,1.3675
2020-04-13 01:15:00,14643.64,14644.89,14583.56,14637.87,92.1253
2020-04-13 01:30:00,14647.76,14680.75,14631.54,14632.62,395.1867
2020-04-13 01:45:00,14606.28,14647.65,14563.73,14599.18,54.5395
2020-04-13 02:00:00,14583.29,14604.96,14508.23,14580.49,23.9055
2020-04-13 02:15:00,14583.07,14612.02,14542.93,14569.4,1.3196
2020-04-13 02:30:00,14627.55,14697.52,14593.17,14640.62,71.9048
2020-04-13 02:45:00,14675.64,14692.74,14648.18,14682.93,492.0512
2020-04-13 03:00:00,14732.72,14740.0,14703.41,14724.84,412.1224
2020-04-13 03:15:00,14711.41,14791.51,14674.19,14741.91,10.6865
2020-04-13 03:30:00,14714.05,14737.5,14677.08,14693.24,169.5034
2020-04-13 03:45:00,14696.6,14720.08,14652.73,14692.14,19.0338
2020-04-13 04:00:00,14737.91,14739.46,14686.71,14735.65,165.7324
2020-04-13 04:15:00,14656.83,14723.82,14650.48,14680.76,192.1066
2020-04-13 04:30:00,14690.61,14741.16,14683.87,14709.53,0.7764
2020-04-13 04:45:00,14806.86,14823.44,14777.31,14812.76,27.084
2020-04-13 05:00:00,14872.69,14897.36,14831.29,14860.69,5.8214
2020-04-13 05:15:00,14893.48,14970.99,14852.45,14924.47,69.0969
2020-04-13 05:30:00,14946.77,14958.09,14898.77,14934.99,2.708
2020-04-13 05:45:00,14973.72,15006.03,14938.2,14979.11,98.3727
2020-04-13 06:00:00,14944.26,14948.68,14940.12,14947.6,81.7192
2020-04-13 06:15:00,14987.84,14987.89,14982.44,14984.04,47.7058
2020-04-13 06:30:00,15018.24,15032.53,14996.79,15014.2,61.9528
2020-04-13 06:45:00,15017.3,15041.67,14981.99,15028.01,461.4713
2020-04-13 07:00:00,15097.52,15118.47,15077.44,15088.09,18.3505
2020-04-13 07:15:00,15029.52,15079.9,14979.07,15064.46,131.3185
2020-04-13 07:30:00,15049.98,15100.0,14983.9,15056.76,103.651
2020-04-13 07:45:00,15064.14,15079.74,15006.76,15061.82,108.9748
2020-04-13 08:00:00,15010.87,15032.01,14979.45,15016.05,42.4211
2020-04-13 08:15:00,14999.57,15057.44,14999.46,15027.03,24.3946
2020-04-13 08:30:00,14961.62,14989.25,14889.81,14950.29,105.2176
2020-04-13 08:45:00,14979.27,15040.73,14965.54,14997.99,243.8687
2020-04-13 09:00:00,14999.83,15018.49,14986.36,15000.84,372.918
2020-04-13 09:15:00,14980.44,14986.59,14964.36,14978.15,65.5678
2020-04-13 09:30:00,14941.7,14959.35,14894.75,14941.4,55.445
2020-04-13 09:45:00,14949.09,14973.73,14912.85,14931.64,42.9157
2020-04-13 10:00:00,14962.42,14989.62,14934.79,14963.21,166.0602
2020-04-13 10:15:00,14994.96,14998.29,14940.71,14988.55,29.4907
2020-04-13 10:30:00,14956.74,14998.26,14930.57,14957.57,71.9547
2020-04-13 10:45:00,14929.5,14992.0,14895.26,14920.36,42.3203
2020-04-13 11:00:00,14971.34,15035.65,14927.9,14950.51,208.5064
2020-04-13 11:15:00,14920.91,14950.33,14868.57,14918.86,33.2225
2020-04-13 11:30:00,14933.95,14954.45,14908.62,14922.28,115.9917
2020-04-13 11:45:00,14950.3,14987.02,14925.77,14928.57,88.855
2020-04-13 12:00:00,14963.57,14999.74,14920.45,14943.29,39.8049
2020-04-13 12:15:00,14976.74,14998.44,14939.76,14982.52,29.4078
2020-04-13 12:30:00,14941.97,14996.42,14905.98,14926.5,162.8561
2020-04-13 12:45:00,14845.36,14908.12,14840.73,14841.66,71.4373
2020-04-13 13:00:00,14833.69,14846.97,14788.45,14817.14,94.5367
2020-04-13 13:15:00,14906.43,14906.79,14895.1,14897.96,327.2481
2020-04-13 13:30:00,14993.22,15005.1,14974.46,14989.08,50.7525
2020-04-13 13:45:00,15078.72,15079.26,15068.52,15072.18,168.351
2020-04-13 14:00:00,15068.05,15107.17,15054.59,15064.21,101.8221
2020-04-13 14:15:00,14988.83,15030.78,14981.85,14984.42,90.0257
2020-04-13 14:30:00,14877.48,14899.12,14852.3,14879.84,5.6106
2020-04-13 14:45:00,14849.44,14858.98,14819.77,14853.18,243.4494
2020-04-13 15:00:00,14871.27,14911.97,14838.74,14845.09,25.9548
2020-04-13 15:15:00,14910.87,14950.1,14882.58,14903.76,64.0912
2020-04-13 15:30:00,14934.74,14955.47,14920.33,14943.3,139.438
2020-04-13 15:45:00,14950.1,14957.56,14923.12,14954.25,73.8821
2020-04-13 16:00:00,14930.83,14957.49,14875.6,14915.07,0.4346
2020-04-13 16:15:00,14861.88,14902.08,14855.19,14872.83,297.6675
2020-04-13 16:30:00,14862.85,14958.52,14852.12,14884.91,2.0698
2020-04-13 16:45:00,14895.77,14943.32,14889.38,14916.78,9.4214
2020-04-13 17:00:00,14909.24,14984.24,14902.26,14935.06,25.3774
2020-04-13 17:15:00,14870.12,14897.07,14792.77,14889.46,91.3694
2020-04-13 17:30:00,14901.65,14947.62,14883.87,14919.26,354.5206
2020-04-13 17:45:00,14959.77,14998.03,14924.57,14939.07,255.9526
2020-04-13 18:00:00,14891.15,14898.44,14834.62,14891.84,105.3648
2020-04-13 18:15:00,14852.14,14881.74,14803.72,14857.54,135.3588
2020-04-13 18:30:00,14867.48,14889.35,14853.15,14888.97,124.4387
2020-04-13 18:45:00,14877.11,14880.79,14860.58,14879.24,116.1384
2020-04-13 19:00:00,14924.95,14970.7,14924.82,14950.92,167.3415
2020-04-13 19:15:00,14968.61,14979.33,14958.25,14974.15,41.5348
2020-04-13 19:30:00,14983.9,15040.45,14940.0,14953.03,24.99
2020-04-13 19:45:00,14963.25,14990.26,14940.85,14953.32,42.7169
2020-04-13 20:00:00,14953.78,14975.37,14934.94,14956.91,4.9825
2020-04-13 20:15:00,14935.4,14944.99,14923.18,14924.98,341.2352
2020-04-13 20:30:00,14877.1,14928.77,14838.73,14884.86,134.5171
2020-04-13 20:45:00,14904.98,14966.54,14856.93,14916.93,24.0078
2020-04-13 21:00:00,14980.99,15008.68,14879.16,14955.5,29.5433
2020-04-13 21:15:00,14966.22,15000.55,14944.05,14983.34,490.7422
2020-04-13 21:30:00,15046.87,15067.84,15036.9,15052.2,146.1481
2020-04-13 21:45:00,15033.09,15047.65,14976.87,15028.49,55.4533
2020-04-13 22:00:00,15090.58,15116.76,15059.12,15104.73,23.1492
2020-04-13 22:15:00,15074.46,15084.92,15046.92,15064.66,4.1268
2020-04-13 22:30:00,15015.04,15045.22,15000.42,15019.64,110.6582
2020-04-13 22:45:00,14951.01,14972.26,14920.9,14941.09,151.4029
2020-04-13 23:00:00,14930.6,14954.21,14910.03,14921.86,11.4003
2020-04-13 23:15:00,14896.43,14914.73,14894.66,14900.05,0.2393
2020-04-13 23:30:00,14949.84,14951.74,14914.57,14924.31,44.2272
2020-04-13 23:45:00,14926.04,14943.18,14918.3,14935.97,110.096
2020-04-14 00:00:00,14903.34,14928.43,14875.8,14883.27,257.4342
2020-04-14 00:15:00,14883.94,14931.69,14836.72,14866.47,211.6409
2020-04-14 00:30:00,14876.95,14925.49,14837.21,14850.65,116.6441
2020-04-14 00:45:00,14774.84,14783.37,14757.23,14772.27,168.2289
2020-04-14 01:00:00,14717.92,14809.38,14704.75,14729.54,43.9845
2020-04-14 01:15:00,14726.73,14749.49,14658.88,14696.21,28.1176
2020-04-14 01:30:00,14755.21,14814.15,14697.6,14760.15,13.2632
2020-04-14 01:45:00,14757.35,14798.71,14729.82,14769.37,20.0443
2020-04-14 02:00:00,14796.64,14804.14,14786.1,14799.45,329.4967
2020-04-14 02:15:00,14719.19,14751.26,14683.35,14733.65,265.8652
2020-04-14 02:30:00,14794.95,14823.86,14774.03,14787.17,4.8056
2020-04-14 02:45:00,14836.64,14878.87,14815.23,14845.63,63.4766
2020-04-14 03:00:00,14753.13,14765.19,14751.08,14757.37,46.7339
2020-04-14 03:15:00,14741.14,14759.31,14688.82,14726.88,105.4927
2020-04-14 03:30:00,14758.72,14782.77,14730.38,14749.52,39.809
2020-04-14 03:45:00,14779.0,14789.53,14776.17,14778.77,32.9351
2020-04-14 04:00:00,14751.95,14765.87,14734.69,14749.43,165.6376
2020-04-14 04:15:00,14736.83,14766.68,14724.05,14736.65,293.9644
2020-04-14 04:30:00,14704.63,14716.81,14697.37,14710.98,22.6644
2020-04-14 04:45:00,14716.55,14719.25,14673.71,14716.59,26.8265
2020-04-14 05:00:00,14777.43,14798.63,14702.99,14770.18,54.3205
2020-04-14 05:15:00,14734.89,14738.49,14722.67,14736.75,122.5207
2020-04-14 05:30:00,14787.94,14841.7,14731.25,14781.73,18.2797
2020-04-14 05:45:00,14735.47,14778.5,14727.63,14747.81,63.0987
2020-04-14 06:00:00,14702.16,14747.97,14671.29,14711.04,183.7901
2020-04-14 06:15:00,14737.08,14801.92,14722.59,14747.91,26.666
2020-04-14 06:30:00,14781.08,14820.29,14779.78,14789.43,4.8835
2020-04-14 06:45:00,14847.04,14907.13,14824.49,14827.95,237.3303
2020-04-14 07:00:00,14780.88,14787.74,14715.17,14770.16,154.8962
2020-04-14 07:15:00,14734.37,14750.36,14709.15,14750.25,120.0006
2020-04-14 07:30:00,14793.88,14806.49,14769.52,14787.41,9.1381
2020-04-14 07:45:00,14784.21,14820.48,14763.13,14789.99,229.594
2020-04-14 08:00:00,14733.03,14748.82,14686.28,14743.09,36.4226
2020-04-14 08:15:00,14742.16,14792.87,14740.97,14764.1,23.7612
2020-04-14 08:30:00,14747.49,14747.96,14729.0,14733.17,66.8452
2020-04-14 08:45:00,14793.03,14831.31,14780.2,14813.23,256.135
2020-04-14 09:00:00,14881.85,14935.18,14871.46,14882.62,521.2948
2020-04-14 09:15:00,14896.23,14927.65,14837.01,14910.34,95.22
2020-04-14 09:30:00,14983.58,14992.65,14945.47,14971.96,311.2452
2020-04-14 09:45:00,14970.61,15005.7,14951.32,14975.62,60.3918
2020-04-14 10:00:00,15008.74,15038.77,14990.45,15010.76,3.0114
2020-04-14 10:15:00,15076.54,15083.42,15069.71,15078.05,32.2483
2020-04-14 10:30:00,15094.48,15151.0,15079.31,15089.91,35.9289
2020-04-14 10:45:00,15079.31,15089.57,15036.74,15079.12,152.6511
2020-04-14 11:00:00,15002.11,15034.81,14936.67,15002.76,13.2668
2020-04-14 11:15:00,14991.99,15004.0,14978.45,14999.76,19.2256
2020-04-14 11:30:00,15013.89,15091.69,14966.38,15037.57,95.2617
2020-04-14 11:45:00,15064.11,15130.61,15045.69,15080.98,13.9969
2020-04-14 12:00:00,15115.41,15117.37,15071.22,15104.55,68.4221
2020-04-14 12:15:00,15076.17,15125.38,15048.15,15080.78,3.5696
2020-04-14 12:30:00,14982.14,15013.11,14942.72,14992.1,110.5276
2020-04-14 12:45:00,14949.53,14991.74,14919.45,14970.58,239.0033
2020-04-14 13:00:00,14931.93,14965.64,14895.48,14957.65,207.8625
2020-04-14 13:15:00,14933.85,14979.88,14904.75,14944.36,7.6468
2020-04-14 13:30:00,14986.14,14988.29,14968.72,14972.84,89.405
2020-04-14 13:45:00,15054.39,15076.65,15035.97,15062.78,10.9637
2020-04-14 14:00:00,15075.15,15121.34,15052.41,15069.12,5.501
2020-04-14 14:15:00,15050.99,15079.2,15004.94,15060.07,94.2596
2020-04-14 14:30:00,15058.73,15135.26,15039.19,15049.11,84.9704
2020-04-14 14:45:00,15050.19,15065.4,15023.58,15055.48,9.8534
2020-04-14 15:00:00,15000.32,15073.42,14943.97,15018.82,44.6065
2020-04-14 15:15:00,15020.95,15067.07,14996.09,15024.99,38.0752
2020-04-14 15:30:00,15073.66,15080.47,15025.46,15046.06,41.9256
2020-04-14 15:45:00,15083.23,15086.27,15005.43,15056.28,40.5251
2020-04-14 16:00:00,15085.03,15102.76,15076.83,15077.7,174.1007
2020-04-14 16:15:00,15096.0,15164.3,15076.33,15098.07,43.635
2020-04-14 16:30:00,15023.13,15101.82,14973.19,15018.57,40.1126
2020-04-14 16:45:00,15052.78,15060.74,15009.73,15048.02,3.0065
2020-04-14 17:00:00,15017.88,15044.7,14997.81,15018.48,156.259
2020-04-14 17:15:00,14976.45,15004.11,14953.17,14969.85,107.8453
2020-04-14 17:30:00,14924.11,14955.62,14876.98,14921.0,41.769
2020-04-14 17:45:00,14936.43,14960.28,14917.43,14941.15,60.1188
2020-04-14 18:00:00,14914.08,14989.84,14905.44,14931.92,158.0234
2020-04-14 18:15:00,14850.49,14859.36,14830.47,14857.33,42.1927
2020-04-14 18:30:00,14891.27,14903.84,14843.37,14879.38,64.1256
2020-04-14 18:45:00,14815.39,14815.92,14788.13,14815.86,1.9985
2020-04-14 19:00:00,14827.27,14831.41,14796.59,14822.81,250.4912
2020-04-14 19:15:00,14829.96,14842.42,14768.33,14834.16,46.4008
2020-04-14 19:30:00,14858.55,14909.59,14850.59,14874.31,35.1593
2020-04-14 19:45:00,14950.99,15013.52,14947.55,14954.56,93.935
2020-04-14 20:00:00,14878.86,14900.44,14856.36,14894.08,74.8021
2020-04-14 20:15:00,14876.31,14918.71,14847.8,14892.48,51.2368
2020-04-14 20:30:00,14898.82,14915.14,14851.61,14880.88,255.5576
2020-04-14 20:45:00,14894.73,14913.92,14865.54,14900.99,45.0958
2020-04-14 21:00:00,14900.32,14911.78,14897.18,14911.38,642.1449
2020-04-14 21:15:00,14920.45,14964.66,14880.16,14896.35,155.6503
2020-04-14 21:30:00,14889.52,14889.7,14874.04,14877.39,233.6436
2020-04-14 21:45:00,14822.8,14871.55,14810.81,14828.31,33.234
2020-04-14 22:00:00,14879.35,14886.01,14869.67,14872.99,7.2827
2020-04-14 22:15:00,14890.71,14929.11,14877.87,14894.23,54.3344
2020-04-14 22:30:00,14925.63,14992.27,14915.08,14935.98,37.5981
2020-04-14 22:45:00,14929.9,14932.71,14828.77,14922.82,6.2588
2020-04-14 23:00:00,14889.33,14911.3,14883.57,14894.16,7.4167
2020-04-14 23:15:00,14847.84,14926.6,14826.38,14846.72,19.1486
2020-04-14 23:30:00,14878.63,14914.59,14862.54,14863.45,47.4486
2020-04-14 23:45:00,14831.33,14835.26,14807.64,14817.83,273.7092
2020-04-15 00:00:00,14892.55,14916.27,14884.47,14900.75,107.2273
2020-04-15 00:15:00,14850.25,14906.62,14837.31,14843.04,50.8184
2020-04-15 00:30:00,14839.21,14887.16,14834.14,14855.97,160.6439
2020-04-15 00:45:00,14933.26,14952.71,14868.52,14926.54,84.0471
2020-04-15 01:00:00,14956.34,14961.16,14928.92,14954.12,54.0339
2020-04-15 01:15:00,14968.41,14977.06,14941.5,14962.74,15.5915
2020-04-15 01:30:00,14915.58,14921.04,14909.47,14920.02,261.7847
2020-04-15 01:45:00,14889.88,14890.04,14819.34,14858.92,97.7868
2020-04-15 02:00:00,14880.56,14897.05,14844.09,14893.99,57.8495
2020-04-15 02:15:00,14976.56,15008.2,14934.88,14962.03,57.6763
2020-04-15 02:30:00,14927.66,14949.92,14916.74,14943.08,144.8321
2020-04-15 02:45:00,14900.27,14937.35,14891.46,14892.76,19.7784
2020-04-15 03:00:00,14792.19,14810.52,14767.54,14783.68,54.0498
2020-04-15 03:15:00,14741.73,14776.99,14734.11,14740.92,6.5085
2020-04-15 03:30:00,14729.33,14741.96,14707.89,14736.63,8.3293
2020-04-15 03:45:00,14810.16,14827.8,14783.25,14808.07,74.7173
2020-04-15 04:00:00,14842.67,14846.09,14782.02,14838.71,47.9335
2020-04-15 04:15:00,14879.62,14891.07,14817.35,14853.03,127.1223
2020-04-15 04:30:00,14823.0,14865.87,14818.82,14835.95,432.2328
2020-04-15 04:45:00,14802.5,14822.58,14793.57,14810.73,196.2016
2020-04-15 05:00:00,14878.16,14883.62,14869.53,14873.93,58.3214
2020-04-15 05:15:00,14879.82,14900.9,14841.25,14883.63,47.4586
2020-04-15 05:30:00,14789.01,14794.11,14780.08,14790.49,87.9641
2020-04-15 05:45:00,14777.14,14796.34,14730.74,14761.35,9.6126
2020-04-15 06:00:00,14682.55,14768.84,14667.97,14724.08,439.4927
2020-04-15 06:15:00,14691.89,14726.17,14650.32,14700.68,396.2935
2020-04-15 06:30:00,14700.59,14759.47,14675.93,14726.24,256.3353
2020-04-15 06:45:00,14704.63,14751.19,14676.01,14722.23,108.5303
2020-04-15 07:00:00,14754.97,14769.8,14702.68,14719.58,69.9407
2020-04-15 07:15:00,14787.15,14842.46,14764.66,14778.31,122.6524
2020-04-15 07:30:00,14762.21,14783.97,14735.65,14748.17,37.7451
2020-04-15 07:45:00,14830.2,14860.91,14796.37,14831.39,191.2093
2020-04-15 08:00:00,14813.5,14850.76,14749.57,14802.26,14.4584
2020-04-15 08:15:00,14780.81,14829.73,14773.97,14806.97,162.6967
2020-04-15 08:30:00,14810.58,14815.89,14762.61,14795.21,202.1021
2020-04-15 08:45:00,14789.3,14821.99,14752.29,14801.43,18.653
2020-04-15 09:00:00,14814.04,14843.74,14769.26,14821.91,65.1181
2020-04-15 09:15:00,14849.44,14861.61,14840.17,14841.95,222.2412
2020-04-15 09:30:00,14813.84,14826.48,14770.1,14809.16,320.1319
2020-04-15 09:45:00,14761.26,14790.42,14750.17,14760.01,166.7938
2020-04-15 10:00:00,14851.31,14901.15,14802.03,14871.59,282.8709
2020-04-15 10:15:00,14852.22,14856.8,14831.99,14850.74,276.4595
2020-04-15 10:30:00,14896.93,14920.27,14867.59,14882.63,389.8101
2020-04-15 10:45:00,14803.71,14833.16,14792.94,14811.6,53.3408
2020-04-15 11:00:00,14819.37,14859.83,14772.28,14799.91,33.8193
2020-04-15 11:15:00,14782.09,14823.14,14753.57,14795.01,100.224
2020-04-15 11:30:00,14816.83,14817.42,14776.85,14816.73,20.9304
2020-04-15 11:45:00,14719.02,14724.89,14645.41,14696.46,81.422
2020-04-15 12:00:00,14694.5,14756.52,14673.22,14704.52,86.5806
2020-04-15 12:15:00,14669.98,14672.46,14636.33,14654.53,164.2152
2020-04-15 12:30:00,14698.49,14733.51,14653.17,14669.53,44.9092
2020-04-15 12:45:00,14627.15,14631.81,14612.94,14624.65,92.0865
2020-04-15 13:00:00,14580.16,14622.43,14568.46,14587.85,233.5882
2020-04-15 13:15:00,14565.34,14605.19,14552.6,14576.6,54.7749
2020-04-15 13:30:00,14550.27,14557.22,14501.15,14531.32,84.7986
2020-04-15 13:45:00,14529.84,14558.83,14457.37,14511.31,154.823
2020-04-15 14:00:00,14481.04,14487.42,14448.49,14460.08,28.7206
2020-04-15 14:15:00,14380.81,14396.36,14329.38,14381.28,10.9113
2020-04-15 14:30:00,14440.89,14441.19,14423.99,14425.92,114.5077
2020-04-15 14:45:00,14369.85,14398.07,14337.18,14370.55,46.2794
2020-04-15 15:00:00,14350.88,14371.11,14318.6,14363.57,48.0627
2020-04-15 15:15:00,14412.91,14413.01,14354.34,14396.73,266.059
2020-04-15 15:30:00,14394.37,14427.65,14363.02,14370.89,52.4037
2020-04-15 15:45:00,14321.4,14350.8,14277.4,14336.03,307.2141
2020-04-15 16:00:00,14331.57,14380.99,14330.18,14346.48,11.2465
2020-04-15 16:15:00,14395.89,14414.07,14391.2,14395.31,42.0036
2020-04-15 16:30:00,14359.25,14386.52,14286.19,14345.53,118.0721
2020-04-15 16:45:00,14323.53,14375.28,14313.57,14339.79,13.4673
2020-04-15 17:00:00,14269.21,14333.96,14238.79,14265.98,48.9458
2020-04-15 17:15:00,14241.45,14279.56,14229.4,14249.86,190.8823
2020-04-15 17:30:00,14262.02,14264.95,14243.71,14252.04,143.4492
2020-04-15 17:45:00,14204.86,14244.92,14189.03,14216.21,33.1431
2020-04-15 18:00:00,14208.39,14233.7,14186.48,14197.43,44.076
2020-04-15 18:15:00,14135.92,14153.86,14128.87,14138.16,70.3364
2020-04-15 18:30:00,14128.88,14223.94,14122.96,14142.14,131.4115
2020-04-15 18:45:00,14188.54,14193.65,14164.66,14187.63,16.4728
2020-04-15 19:00:00,14114.24,14153.15,14056.61,14141.64,75.0042
2020-04-15 19:15:00,14108.04,14175.18,14100.72,14115.93,7.6192
2020-04-15 19:30:00,14142.69,14196.21,14118.11,14137.92,50.7195
2020-04-15 19:45:00,14164.9,14190.45,14157.38,14190.04,21.1948
2020-04-15 20:00:00,14090.86,14180.81,14018.72,14127.18,36.9674
2020-04-15 20:15:00,14087.7,14136.26,14077.26,14120.73,40.2698
2020-04-15 20:30:00,14152.19,14200.34,14100.84,14133.43,147.0223
2020-04-15 20:45:00,14128.73,14194.83,14101.13,14129.81,30.8103
2020-04-15 21:00:00,14018.06,14035.5,13982.56,14025.53,108.994
2020-04-15 21:15:00,14060.59,14066.53,14033.41,14047.32,76.202
2020-04-15 21:30:00,14106.34,14113.25,14078.22,14112.05,163.0793
2020-04-15 21:45:00,14121.48,14153.46,14109.77,14117.69,38.7973
2020-04-15 22:00:00,14075.09,14104.79,14074.62,14074.73,523.2013
2020-04-15 22:15:00,14047.14,14071.76,14036.02,14053.76,35.0654
2020-04-15 22:30:00,14133.24,14159.19,14125.6,14129.09,86.6422
2020-04-15 22:45:00,14179.32,14213.86,14130.39,14168.37,100.0265
2020-04-15 23:00:00,14193.65,14228.51,14188.6,14196.28,77.2555
2020-04-15 23:15:00,14205.62,14241.16,14175.75,14212.17,195.7864
2020-04-15 23:30:00,14179.83,14191.28,14155.09,14184.69,11.9886
2020-04-15 23:45:00,14144.29,14202.24,14143.77,14176.86,90.9481
2020-04-16 00:00:00,14178.27,14186.0,14171.33,14174.26,70.5893
2020-04-16 00:15:00,14181.17,14243.6,14172.3,14198.34,53.9932
2020-04-16 00:30:00,14272.3,14277.52,14248.02,14263.32,42.4986
2020-04-16 00:45:00,14310.59,14325.67,14267.41,14311.89,16.5916
2020-04-16 01:00:00,14253.16,14255.59,14219.73,14251.66,104.9745
2020-04-16 01:15:00,14271.94,14301.08,14195.82,14261.95,12.5235
2020-04-16 01:30:00,14280.94,14341.11,14258.77,14294.18,176.7806
2020-04-16 01:45:00,14326.73,14339.44,14310.05,14321.44,59.3711
2020-04-16 02:00:00,14298.94,14322.45,14294.7,14295.12,92.993
2020-04-16 02:15:00,14418.14,14443.27,14398.04,14420.81,8.0999
2020-04-16 02:30:00,14352.94,14389.93,14348.29,14366.28,9.8046
2020-04-16 02:45:00,14328.84,14330.79,14319.5,14320.31,26.9057
2020-04-16 03:00:00,14341.14,14356.15,14316.12,14331.06,151.2955
2020-04-16 03:15:00,14424.43,14434.48,14408.85,14422.79,66.5206
2020-04-16 03:30:00,14371.93,14392.67,14334.29,14387.33,37.231
2020-04-16 03:45:00,14368.99,14394.45,14333.05,14376.57,189.3549
2020-04-16 04:00:00,14422.89,14492.42,14394.25,14423.76,21.3082
2020-04-16 04:15:00,14433.63,14437.56,14377.11,14423.7,30.0407
2020-04-16 04:30:00,14387.13,14439.38,14340.87,14409.95,149.938
2020-04-16 04:45:00,14426.98,14462.96,14358.03,14435.12,2.7418
2020-04-16 05:00:00,14441.83,14499.01,14428.38,14447.64,24.8863
2020-04-16 05:15:00,14491.82,14509.27,14472.73,14493.03,73.6751
2020-04-16 05:30:00,14530.97,14574.47,14526.12,14549.9,246.5521
2020-04-16 05:45:00,14560.86,14572.91,14556.93,14564.03,30.908
2020-04-16 06:00:00,14572.98,14584.83,14555.33,14577.51,23.9649
2020-04-16 06:15:00,14572.46,14611.38,14515.29,14587.6,368.5542
2020-04-16 06:30:00,14608.01,14635.25,14607.11,14609.73,74.3419
2020-04-16 06:45:00,14604.97,14649.89,14599.56,14612.88,6.4548
2020-04-16 07:00:00,14620.83,14620.98,14594.26,14613.59,32.3642
2020-04-16 07:15:00,14653.79,14691.4,14650.54,14666.78,76.2845
2020-04-16 07:30:00,14735.55,14744.67,14714.65,14734.22,7.4705
2020-04-16 07:45:00,14656.46,14671.92,14640.2,14668.32,117.9448
2020-04-16 08:00:00,14660.7,14676.36,14650.03,14669.49,73.9168
2020-04-16 08:15:00,14644.27,14663.95,14633.57,14639.92,123.6917
2020-04-16 08:30:00,14630.43,14687.74,14607.62,14626.99,41.8158
2020-04-16 08:45:00,14639.28,14704.48,14602.76,14645.39,54.467
2020-04-16 09:00:00,14671.58,14691.38,14642.49,14675.53,263.2952
2020-04-16 09:15:00,14650.0,14672.62,14584.9,14671.33,23.659
2020-04-16 09:30:00,14608.31,14613.49,14576.38,14587.85,4.0317
2020-04-16 09:45:00,14556.35,14625.15,14531.77,14546.35,402.9265
2020-04-16 10:00:00,14595.7,14612.63,14519.11,14586.2,0.7445
2020-04-16 10:15:00,14443.93,14470.62,14431.94,14467.01,219.1459
2020-04-16 10:30:00,14510.62,14543.5,14475.47,14519.27,174.8548
2020-04-16 10:45:00,14537.83,14543.93,14523.01,14542.7,66.8707
2020-04-16 11:00:00,14572.65,14609.4,14556.39,14600.85,122.1939
2020-04-16 11:15:00,14605.86,14656.76,14561.21,14592.88,11.1018
2020-04-16 11:30:00,14524.45,14527.01,14500.09,14503.36,144.2502
2020-04-16 11:45:00,14552.76,14569.64,14519.9,14522.81,153.1364
2020-04-16 12:00:00,14563.82,14595.09,14561.97,14579.07,5.2706
2020-04-16 12:15:00,14621.96,14629.62,14586.15,14620.25,68.7645
2020-04-16 12:30:00,14611.21,14614.37,14582.5,14591.91,295.9362
2020-04-16 12:45:00,14592.74,14626.96,14586.75,14596.44,301.8842
2020-04-16 13:00:00,14565.57,14576.86,14545.51,14573.84,416.7866
2020-04-16 13:15:00,14511.62,14562.04,14499.41,14538.75,106.9049
2020-04-16 13:30:00,14597.66,14606.81,14565.83,14581.14,15.2121
2020-04-16 13:45:00,14529.21,14586.66,14508.03,14529.49,53.2543
2020-04-16 14:00:00,14480.68,14503.91,14431.46,14491.25,129.8052
2020-04-16 14:15:00,14448.08,14467.88,14440.98,14443.98,33.3843
2020-04-16 14:30:00,14382.33,14385.22,14372.54,14380.13,166.1489
2020-04-16 14:45:00,14389.59,14410.54,14375.74,14387.16,197.5883
2020-04-16 15:00:00,14434.88,14474.07,14421.35,14438.02,144.2014
2020-04-16 15:15:00,14454.14,14475.18,14412.24,14430.73,41.8706
2020-04-16 15:30:00,14364.34,14454.26,14355.05,14366.26,135.2754
2020-04-16 15:45:00,14426.51,14447.21,14391.9,14403.18,7.5029
2020-04-16 16:00:00,14484.91,14523.78,14468.36,14476.74,40.8297
2020-04-16 16:15:00,14454.47,14458.58,14431.9,14449.4,145.0732
2020-04-16 16:30:00,14427.74,14492.55,14418.79,14429.38,158.3872
2020-04-16 16:45:00,14466.5,14482.35,14394.6,14452.42,38.3869
2020-04-16 17:00:00,14525.1,14544.16,14496.69,14523.46,322.6729
2020-04-16 17:15:00,14488.02,14548.89,14465.79,14501.54,31.9212
2020-04-16 17:30:00,14430.35,14449.8,14418.81,14444.3,107.8839
2020-04-16 17:45:00,14478.5,14493.44,14432.65,14472.38,211.1665
2020-04-16 18:00:00,14494.63,14535.08,14466.43,14507.8,80.1621
2020-04-16 18:15:00,14507.89,14551.42,14471.26,14508.79,53.1865
2020-04-16 18:30:00,14500.54,14547.22,14477.18,14485.22,23.7504
2020-04-16 18:45:00,14533.57,14577.25,14488.88,14529.16,21.8704
2020-04-16 19:00:00,14542.39,14576.82,14485.76,14552.9,17.307
2020-04-16 19:15:00,14540.55,14555.89,14477.34,14520.08,58.5226
2020-04-16 19:30:00,14530.9,14549.3,14499.63,14522.94,79.3897
2020-04-16 19:45:00,14479.5,14513.36,14464.67,14464.78,182.6644
2020-04-16 20:00:00,14462.4,14502.97,14450.93,14495.26,24.5066
2020-04-16 20:15:00,14489.38,14515.22,14464.35,14484.59,140.7345
2020-04-16 20:30:00,14478.56,14519.71,14439.3,14466.38,118.4531
2020-04-16 20:45:00,14490.27,14504.76,14430.19,14465.67,100.6541
2020-04-16 21:00:00,14446.97,14500.75,14443.03,14468.15,41.4526
2020-04-16 21:15:00,14525.21,14547.69,14494.42,14507.71,38.2716
2020-04-16 21:30:00,14558.06,14592.59,14519.04,14534.16,142.2704
2020-04-16 21:45:00,14498.76,14568.9,14469.28,14528.07,32.0941
2020-04-16 22:00:00,14569.05,14576.56,14523.43,14562.08,40.0058
2020-04-16 22:15:00,14589.32,14604.85,14544.33,14580.32,335.7902
2020-04-16 22:30:00,14557.62,14577.09,14529.4,14562.39,647.8817
2020-04-16 22:45:00,14550.53,14577.24,14516.31,14557.67,0.1714
2020-04-16 23:00:00,14561.64,14568.57,14545.02,14551.92,116.0799
2020-04-16 23:15:00,14565.74,14612.46,14538.11,14574.7,76.6795
2020-04-16 23:30:00,14556.22,14587.3,14550.51,14559.39,61.6502
2020-04-16 23:45:00,14554.88,14557.4,14538.06,14543.06,32.2489
2020-04-17 00:00:00,14655.35,14686.44,14598.17,14629.68,70.7553
2020-04-17 00:15:00,14679.55,14716.92,14666.98,14671.66,60.9864
2020-04-17 00:30:00,14640.87,14661.72,14634.93,14638.92,51.3013
2020-04-17 00:45:00,14657.15,14698.34,14642.32,14664.72,189.5899
2020-04-17 01:00:00,14655.83,14716.35,14618.72,14670.66,31.5595
2020-04-17 01:15:00,14704.93,14705.88,14662.52,14688.63,91.0001
2020-04-17 01:30:00,14693.16,14712.53,14679.38,14695.41,199.6683
2020-04-17 01:45:00,14765.57,14782.21,14662.03,14748.6,386.3306
2020-04-17 02:00:00,14759.76,14825.62,14749.25,14764.63,92.3194
2020-04-17 02:15:00,14753.03,14788.99,14741.79,14762.61,73.4045
2020-04-17 02:30:00,14815.74,14824.88,14781.88,14809.51,183.5805
2020-04-17 02:45:00,14819.48,14824.79,14807.23,14820.61,20.8805
2020-04-17 03:00:00,14808.88,14829.75,14804.78,14826.76,99.4295
2020-04-17 03:15:00,14868.44,14876.81,14827.01,14841.46,6.633
2020-04-17 03:30:00,14828.74,14855.09,14814.38,14838.04,107.8864
2020-04-17 03:45:00,14852.96,14863.17,14819.13,14839.19,158.8701
2020-04-17 04:00:00,14826.29,14866.73,14809.17,14813.81,6.5084
2020-04-17 04:15:00,14762.56,14804.88,14720.12,14781.17,188.6646
2020-04-17 04:30:00,14722.86,14754.91,14712.72,14737.63,13.1658
2020-04-17 04:45:00,14672.4,14737.5,14670.81,14676.82,19.3383
2020-04-17 05:00:00,14626.15,14648.06,14567.92,14638.82,181.0352
2020-04-17 05:15:00,14657.16,14671.24,14610.05,14631.9,13.3191
2020-04-17 05:30:00,14634.23,14653.63,14634.21,14637.16,112.0414
2020-04-17 05:45:00,14638.99,14652.76,14586.12,14625.98,34.9294
2020-04-17 06:00:00,14530.81,14548.45,14514.71,14523.35,28.5505
2020-04-17 06:15:00,14596.53,14597.77,14589.69,14592.68,105.0264
2020-04-17 06:30:00,14641.56,14670.47,14613.27,14640.97,11.2902
2020-04-17 06:45:00,14679.42,14693.06,14634.39,14661.28,85.4778
2020-04-17 07:00:00,14733.75,14746.84,14701.98,14745.92,258.3922
2020-04-17 07:15:00,14728.8,14739.79,14692.36,14703.42,190.6553
2020-04-17 07:30:00,14768.38,14822.8,14749.08,14787.42,190.4583
2020-04-17 07:45:00,14756.86,14776.24,14718.58,14745.34,36.086
2020-04-17 08:00:00,14735.9,14764.91,14715.25,14756.63,120.8258
2020-04-17 08:15:00,14696.34,14713.41,14694.4,14700.98,151.4619
2020-04-17 08:30:00,14703.73,14737.63,14701.62,14702.36,231.673
2020-04-17 08:45:00,14712.97,14795.84,14682.69,14720.13,30.6706
2020-04-17 09:00:00,14711.36,14729.58,14703.88,14714.03,143.0708
2020-04-17 09:15:00,14725.83,14764.8,14666.23,14746.28,26.4323
2020-04-17 09:30:00,14736.83,14752.25,14701.68,14751.4,2.8185
2020-04-17 09:45:00,14736.36,14804.07,14700.27,14729.02,65.7461
2020-04-17 10:00:00,14705.15,14712.95,14675.98,14704.71,145.1974
2020-04-17 10:15:00,14731.04,14743.46,14648.37,14741.22,24.1269
2020-04-17 10:30:00,14732.53,14756.77,14666.86,14713.04,4.9815
2020-04-17 10:45:00,14736.18,14778.72,14671.86,14754.18,46.807
2020-04-17 11:00:00,14803.69,14819.09,14786.7,14809.04,22.6747
2020-04-17 11:15:00,14728.19,14758.38,14708.8,14735.65,48.1407
2020-04-17 11:30:00,14795.56,14832.72,14769.03,14786.47,253.6182
2020-04-17 11:45:00,14879.32,14884.41,14834.87,14878.6,136.2192
2020-04-17 12:00:00,14888.99,14907.49,14853.05,14890.6,46.672
2020-04-17 12:15:00,14890.59,14928.92,14858.99,14918.1,39.3116
2020-04-17 12:30:00,14978.21,14981.19,14959.83,14965.26,254.0773
2020-04-17 12:45:00,14950.38,14960.16,14949.57,14953.64,219.6819
2020-04-17 13:00:00,14964.3,14977.31,14935.22,14962.57,92.6562
2020-04-17 13:15:00,14893.17,14917.42,14885.65,14904.32,44.2525
2020-04-17 13:30:00,14897.76,14927.05,14891.02,14911.27,157.1826
2020-04-17 13:45:00,14956.68,14970.15,14919.76,14934.29,108.9851
2020-04-17 14:00:00,14931.64,14969.99,14912.36,14958.17,83.1652
2020-04-17 14:15:00,14990.9,15058.33,14980.97,15006.72,134.1529
2020-04-17 14:30:00,14994.76,15021.3,14876.37,14972.59,14.4409
2020-04-17 14:45:00,14959.0,15005.9,14922.46,14949.42,266.1383
2020-04-17 15:00:00,15030.28,15086.1,14990.21,15035.18,360.8991
2020-04-17 15:15:00,15047.88,15087.53,15003.53,15029.15,43.7651
2020-04-17 15:30:00,15045.64,15097.65,15023.05,15038.92,293.3699
2020-04-17 15:45:00,15040.14,15063.4,14958.47,15036.65,158.8808
2020-04-17 16:00:00,15003.72,15014.96,14984.96,15000.33,283.0724
2020-04-17 16:15:00,15081.16,15134.91,15059.91,15074.14,249.4452
2020-04-17 16:30:00,15058.64,15059.43,15043.81,15051.03,22.4272
2020-04-17 16:45:00,15033.83,15040.26,14940.73,15000.88,30.114
2020-04-17 17:00:00,14978.43,15009.38,14966.09,14981.35,30.1908
2020-04-17 17:15:00,14889.69,14907.68,14845.72,14892.13,9.9044
2020-04-17 17:30:00,14845.4,14879.02,14814.85,14863.78,50.698
2020-04-17 17:45:00,14820.59,14828.14,14792.12,14821.35,45.0392
2020-04-17 18:00:00,14877.21,14887.87,14779.69,14849.55,42.1536
2020-04-17 18:15:00,14834.88,14856.24,14768.57,14820.29,42.9161
2020-04-17 18:30:00,14852.43,14883.15,14840.71,14860.51,6.4081
2020-04-17 18:45:00,14924.04,14950.62,14922.67,14923.59,20.5764
2020-04-17 19:00:00,14939.92,14978.08,14918.07,14959.31,35.0847
2020-04-17 19:15:00,14935.91,14972.1,14932.18,14950.4,219.8024
2020-04-17 19:30:00,14959.71,14965.19,14918.55,14957.47,261.0869
2020-04-17 19:45:00,14882.43,14916.79,14879.15,14889.79,33.5766
2020-04-17 20:00:00,14869.01,14890.41,14803.47,14884.56,118.4689
2020-04-17 20:15:00,14854.16,14919.24,14826.78,14846.88,190.1276
2020-04-17 20:30:00,14877.33,14901.16,14876.88,14878.55,70.5574
2020-04-17 20:45:00,14970.63,15034.59,14905.38,14994.13,140.8718
2020-04-17 21:00:00,14986.2,15038.85,14967.75,15017.36,372.4167
2020-04-17 21:15:00,14919.9,14934.33,14868.11,14928.41,17.6993
2020-04-17 21:30:00,14889.29,14915.48,14880.72,14912.98,7.3021
2020-04-17 21:45:00,14891.32,14945.25,14876.31,14919.2,102.1716
2020-04-17 22:00:00,14940.71,14958.96,14878.34,14923.86,71.0256
2020-04-17 22:15:00,14890.43,14920.68,14882.96,14891.89,35.1835
2020-04-17 22:30:00,14899.63,14912.88,14867.37,14903.59,248.395
2020-04-17 22:45:00,14845.98,14877.8,14806.67,14848.78,186.9687
2020-04-17 23:00:00,14790.58,14826.08,14785.61,14807.43,30.7071
2020-04-17 23:15:00,14842.96,14845.54,14829.12,14836.86,148.8076
2020-04-17 23:30:00,14790.46,14831.62,14753.36,14792.39,176.2615
2020-04-17 23:45:00,14805.8,14850.94,14798.09,14817.02,39.3531
2020-04-18 00:00:00,14747.92,14780.16,14737.69,14756.89,10.4416
2020-04-18 00:15:00,14817.54,14870.71,14815.62,14835.75,189.9914
2020-04-18 00:30:00,14796.02,14825.22,14786.74,14802.03,10.1798
2020-04-18 00:45:00,14789.3,14798.83,14777.34,14792.84,65.1253
2020-04-18 01:00:00,14801.85,14819.95,14756.74,14808.25,21.6124
2020-04-18 01:15:00,14784.69,14804.88,14682.77,14783.88,262.364
2020-04-18 01:30:00,14789.82,14796.06,14734.55,14790.98,11.3303
2020-04-18 01:45:00,14820.67,14839.22,14787.37,14817.25,12.4318
2020-04-18 02:00:00,14874.7,14879.75,14854.97,14860.69,120.9755
2020-04-18 02:15:00,14905.55,14910.71,14845.56,14896.72,23.0113
2020-04-18 02:30:00,14904.0,14910.57,14845.37,14889.79,14.198
2020-04-18 02:45:00,14871.36,14900.45,14830.24,14883.98,18.4154
2020-04-18 03:00:00,14981.99,14998.44,14948.36,14989.62,90.6084
2020-04-18 03:15:00,15042.91,15065.09,15025.83,15033.08,25.1834
2020-04-18 03:30:00,15002.33,15062.53,14987.38,14992.26,47.3592
2020-04-18 03:45:00,14987.33,15020.62,14949.58,14997.51,189.5351
2020-04-18 04:00:00,14992.34,14994.7,14946.64,14983.18,19.3187
2020-04-18 04:15:00,14963.71,14983.12,14959.3,14977.84,175.0295
2020-04-18 04:30:00,14930.53,14965.52,14901.93,14923.35,149.344
2020-04-18 04:45:00,14905.26,14944.06,14843.66,14905.65,177.8899
2020-04-18 05:00:00,14966.65,14989.09,14939.98,14987.4,42.6205
2020-04-18 05:15:00,15007.67,15043.14,15000.15,15014.19,63.9345
2020-04-18 05:30:00,14935.25,14954.85,14855.7,14902.73,122.7603
2020-04-18 05:45:00,14960.91,15027.52,14947.07,14957.87,3.8146
2020-04-18 06:00:00,15042.04,15066.23,14987.65,15007.52,108.9937
2020-04-18 06:15:00,14970.45,15014.96,14947.16,14992.09,12.7941
2020-04-18 06:30:00,15036.38,15064.14,15009.69,15025.1,33.9782
2020-04-18 06:45:00,14949.13,14989.1,14944.03,14987.12,165.9596
2020-04-18 07:00:00,14966.72,14993.71,14933.07,14966.72,100.891
2020-04-18 07:15:00,15044.25,15057.11,15000.98,15034.76,97.2482
2020-04-18 07:30:00,15035.84,15060.5,15008.06,15023.25,25.7364
2020-04-18 07:45:00,14927.79,14969.76,14867.65,14939.73,110.2251
2020-04-18 08:00:00,14953.16,14991.95,14928.59,14937.64,14.1219
2020-04-18 08:15:00,14926.9,14967.62,14915.75,14934.87,334.6556
2020-04-18 08:30:00,14986.85,15047.5,14983.52,14989.31,29.1284
2020-04-18 08:45:00,14984.21,15005.53,14884.61,14990.7,175.3007
2020-04-18 09:00:00,14955.48,14989.51,14953.58,14972.49,252.7622
2020-04-18 09:15:00,15043.76,15053.75,14997.42,15020.18,18.8491
2020-04-18 09:30:00,15027.1,15032.51,15023.93,15026.38,0.9797
2020-04-18 09:45:00,15009.62,15020.15,14991.65,14993.32,207.3816
2020-04-18 10:00:00,15061.74,15067.24,15015.33,15046.02,144.3865
2020-04-18 10:15:00,15040.94,15096.16,14993.28,15055.51,16.7554
2020-04-18 10:30:00,15074.71,15080.04,15034.22,15056.4,177.418
2020-04-18 10:45:00,15072.77,15081.98,15054.95,15065.19,166.3207
2020-04-18 11:00:00,15001.92,15022.41,14953.2,15017.55,61.8548
2020-04-18 11:15:00,15001.26,15003.07,14973.6,14994.53,293.4137
2020-04-18 11:30:00,14980.1,15031.99,14925.98,14995.44,87.2535
2020-04-18 11:45:00,15011.51,15015.89,14977.43,14987.43,58.4975
2020-04-18 12:00:00,15057.64,15062.73,15028.71,15045.39,1.3324
2020-04-18 12:15:00,15054.89,15061.44,15022.81,15055.96,305.2888
2020-04-18 12:30:00,15114.42,15125.44,15076.65,15095.32,13.7389
2020-04-18 12:45:00,15072.62,15139.01,15041.94,15096.5,35.1245
2020-04-18 13:00:00,15133.75,15192.73,15121.77,15145.1,130.725
2020-04-18 13:15:00,15160.09,15196.32,15144.38,15163.92,0.536
2020-04-18 13:30:00,15199.19,15237.16,15147.7,15165.29,78.2173
2020-04-18 13:45:00,15149.21,15197.97,15127.88,15165.44,17.3053
2020-04-18 14:00:00,15096.96,15166.48,15046.54,15122.77,2.2796
2020-04-18 14:15:00,15124.65,15206.11,15122.0,15146.53,102.6289
2020-04-18 14:30:00,15159.18,15190.86,15097.75,15145.46,92.3764
2020-04-18 14:45:00,15114.42,15173.25,15113.21,15123.41,132.5368
2020-04-18 15:00:00,15171.95,15198.58,15166.14,15174.36,96.2915
2020-04-18 15:15:00,15129.74,15155.36,15093.07,15118.21,58.3373
2020-04-18 15:30:00,15097.42,15115.13,15087.65,15099.8,65.1277
2020-04-18 15:45:00,15150.21,15181.12,15120.42,15147.11,24.8619
2020-04-18 16:00:00,15170.32,15188.45,15140.14,15162.21,8.7436
2020-04-18 16:15:00,15154.26,15170.38,15145.23,15160.79,197.2211
2020-04-18 16:30:00,15170.44,15178.49,15145.55,15172.96,117.5429
2020-04-18 16:45:00,15185.56,15199.63,15153.65,15181.89,13.1155
2020-04-18 17:00:00,15126.69,15180.91,15080.59,15113.57,30.6847
2020-04-18 17:15:00,15086.53,15103.15,15057.55,15098.49,198.9444
2020-04-18 17:30:00,15126.64,15189.13,15123.01,15172.47,321.4672
2020-04-18 17:45:00,15153.51,15176.19,15135.72,15143.21,156.6105
2020-04-18 18:00:00,15143.55,15168.19,15126.24,15129.51,84.3868
2020-04-18 18:15:00,15108.71,15116.3,15068.19,15105.68,203.3683
2020-04-18 18:30:00,15106.55,15118.01,15065.09,15102.5,98.5668
2020-04-18 18:45:00,15068.32,15091.95,15053.97,15076.83,120.2018
2020-04-18 19:00:00,15107.15,15116.21,15091.46,15099.6,175.4171
2020-04-18 19:15:00,15122.19,15149.44,15106.14,15109.29,43.6927
2020-04-18 19:30:00,15145.97,15158.91,15063.38,15145.11,153.4973
2020-04-18 19:45:00,15135.73,15137.6,15077.44,15098.12,23.1869
2020-04-18 20:00:00,15059.87,15106.66,15046.4,15083.46,21.5984
2020-04-18 20:15:00,15076.46,15110.21,15064.88,15074.0,166.7802
2020-04-18 20:30:00,15077.63,15112.24,15050.29,15095.36,82.9652
2020-04-18 20:45:00,15073.44,15136.84,15028.6,15060.19,53.4259
2020-04-18 21:00:00,15078.43,15118.21,15034.06,15102.31,74.1186
2020-04-18 21:15:00,15136.6,15175.31,15114.99,15156.82,381.3088
2020-04-18 21:30:00,15103.05,15156.9,15090.91,15112.62,224.5944
2020-04-18 21:45:00,15095.13,15104.5,15060.79,15091.12,70.8416
2020-04-18 22:00:00,15058.82,15077.33,15027.46,15067.79,79.2282
2020-04-18 22:15:00,15178.64,15212.64,15138.72,15187.53,95.2518
2020-04-18 22:30:00,15165.96,15178.86,15136.75,15168.71,156.4588
2020-04-18 22:45:00,15242.11,15275.85,15221.48,15245.81,206.9916
2020-04-18 23:00:00,15211.23,15276.11,15163.03,15188.64,15.8444
2020-04-18 23:15:00,15154.69,15178.89,15100.31,15144.3,98.9368
2020-04-18 23:30:00,15108.96,15142.48,15093.17,15113.87,25.7721
2020-04-18 23:45:00,15107.89,15128.55,15036.66,15076.28,97.2279
2020-04-19 00:00:00,15072.32,15131.98,15046.23,15064.91,18.7907
2020-04-19 00:15:00,15019.07,15054.84,14971.84,15033.63,165.008
2020-04-19 00:30:00,15001.28,15019.32,14996.57,14997.43,108.1559
2020-04-19 00:45:00,15058.36,15084.01,15006.78,15050.3,200.9885
2020-04-19 01:00:00,15095.92,15134.15,15029.68,15106.31,289.0253
2020-04-19 01:15:00,15134.14,15194.16,15116.9,15150.09,271.6999
2020-04-19 01:30:00,15175.97,15200.84,15172.49,15174.66,15.6845
2020-04-19 01:45:00,15174.17,15191.55,15153.39,15179.64,47.292
2020-04-19 02:00:00,15180.19,15232.87,15128.8,15157.77,65.9897
2020-04-19 02:15:00,15126.38,15185.64,15076.0,15115.18,155.5653
2020-04-19 02:30:00,15122.7,15134.96,15116.77,15132.4,1.4925
2020-04-19 02:45:00,15086.3,15090.81,15070.37,15079.87,259.6225
2020-04-19 03:00:00,15054.72,15060.04,14997.19,15035.66,52.295
2020-04-19 03:15:00,15067.39,15136.13,15058.37,15088.42,99.7247
2020-04-19 03:30:00,15159.69,15189.65,15140.83,15175.21,394.32
2020-04-19 03:45:00,15193.7,15205.64,15168.61,15193.87,214.2659
2020-04-19 04:00:00,15245.61,15264.95,15230.82,15245.07,44.97
2020-04-19 04:15:00,15233.79,15243.17,15223.5,15234.58,66.2641
2020-04-19 04:30:00,15169.49,15209.59,15148.48,15174.21,146.9434
2020-04-19 04:45:00,15197.88,15207.04,15175.97,15202.84,136.0844
2020-04-19 05:00:00,15235.41,15239.51,15216.31,15229.56,122.0102
2020-04-19 05:15:00,15250.87,15272.08,15219.77,15233.6,1.075
2020-04-19 05:30:00,15215.96,15234.67,15201.89,15223.28,22.1915
2020-04-19 05:45:00,15305.22,15314.97,15243.93,15267.99,25.0615
2020-04-19 06:00:00,15253.45,15275.54,15191.32,15223.6,28.8504
2020-04-19 06:15:00,15209.21,15240.43,15186.41,15189.02,10.1131
2020-04-19 06:30:00,15153.27,15204.98,15121.37,15143.84,164.3023
2020-04-19 06:45:00,15178.88,15180.37,15106.71,15148.46,41.7482
2020-04-19 07:00:00,15095.4,15108.9,15046.31,15099.78,149.4271
2020-04-19 07:15:00,15056.99,15102.84,15042.69,15069.54,268.1281
2020-04-19 07:30:00,15030.48,15060.56,15023.16,15038.39,37.5456
2020-04-19 07:45:00,15012.31,15041.33,15011.75,15027.38,60.4718
2020-04-19 08:00:00,14962.9,14972.66,14890.05,14961.08,9.1581
2020-04-19 08:15:00,14970.23,14992.49,14907.0,14965.74,34.9332
2020-04-19 08:30:00,15025.51,15081.03,15016.34,15022.49,79.0193
2020-04-19 08:45:00,15029.16,15040.85,15023.18,15029.35,19.868
2020-04-19 09:00:00,15101.6,15129.32,15089.72,15099.59,77.0034
2020-04-19 09:15:00,15187.1,15213.09,15125.01,15160.78,37.5248
2020-04-19 09:30:00,15206.33,15213.31,15142.2,15196.91,460.9993
2020-04-19 09:45:00,15215.1,15216.89,15160.4,15201.07,47.1144
2020-04-19 10:00:00,15205.76,15235.52,15193.69,15202.86,3.9839
2020-04-19 10:15:00,15213.84,15318.08,15185.08,15238.45,64.0468
2020-04-19 10:30:00,15193.7,15276.32,15149.49,15221.31,40.6499
2020-04-19 10:45:00,15167.63,15209.47,15091.63,15136.11,46.2081
2020-04-19 11:00:00,15151.14,15163.12,15110.68,15159.21,46.2883
2020-04-19 11:15:00,15099.21,15121.42,15043.81,15108.53,213.0063
2020-04-19 11:30:00,15069.37,15109.69,15046.23,15065.67,68.9682
2020-04-19 11:45:00,15074.73,15080.57,15054.43,15066.44,29.1477
2020-04-19 12:00:00,15073.08,15082.65,15060.49,15062.89,157.2641
2020-04-19 12:15:00,15026.45,15069.75,14998.79,14999.83,58.5992
2020-04-19 12:30:00,15030.55,15041.75,14989.37,15008.03,15.707
2020-04-19 12:45:00,15040.07,15061.4,15008.42,15052.28,650.1172
2020-04-19 13:00:00,15016.61,15028.8,14989.51,15002.08,2.7739
2020-04-19 13:15:00,15054.32,15093.52,15027.23,15060.1,123.5236
2020-04-19 13:30:00,14988.3,15017.08,14964.89,14990.36,188.0961
2020-04-19 13:45:00,15069.83,15105.08,15025.15,15086.33,43.6667
2020-04-19 14:00:00,15042.96,15076.75,15020.45,15068.47,17.1196
2020-04-19 14:15:00,15075.33,15093.34,15013.76,15075.81,57.3691
2020-04-19 14:30:00,14976.66,15021.96,14911.4,14990.99,65.8702
2020-04-19 14:45:00,15002.85,15038.59,14948.14,14988.95,812.352
2020-04-19 15:00:00,14995.75,15011.79,14959.54,14999.97,1.9658
2020-04-19 15:15:00,15001.47,15016.42,14948.45,14996.84,106.6776
2020-04-19 15:30:00,14992.73,15025.55,14940.42,14972.26,163.1932
2020-04-19 15:45:00,14908.31,14947.26,14906.32,14930.49,96.2084
2020-04-19 16:00:00,14971.02,15013.36,14913.23,14981.88,99.4067
2020-04-19 16:15:00,14986.72,14990.63,14981.47,14984.01,208.1932
2020-04-19 16:30:00,15058.72,15081.94,15041.63,15054.02,83.2801
2020-04-19 16:45:00,15047.58,15077.72,15023.83,15030.99,213.3563
2020-04-19 17:00:00,15025.16,15026.97,14997.82,15012.14,23.5958
2020-04-19 17:15:00,15051.08,15106.21,15025.18,15049.62,72.5924
2020-04-19 17:30:00,14981.64,14982.59,14962.61,14977.1,3.4173
2020-04-19 17:45:00,14928.27,14964.83,14851.87,14923.32,162.7009
2020-04-19 18:00:00,14951.2,14975.31,14924.58,14973.2,150.186
2020-04-19 18:15:00,14918.98,14942.85,14892.19,14921.31,77.4444
2020-04-19 18:30:00,14844.32,14852.43,14833.24,14840.63,50.3888
2020-04-19 18:45:00,14931.41,14948.44,14917.0,14924.56,46.2213
2020-04-19 19:00:00,14849.16,14868.45,14832.51,14862.9,22.4531
2020-04-19 19:15:00,14852.98,14906.94,14821.12,14871.85,55.8423
2020-04-19 19:30:00,14872.19,14897.0,14864.58,14875.68,36.2275
2020-04-19 19:45:00,14780.01,14798.27,14698.38,14750.99,86.1972
2020-04-19 20:00:00,14727.83,14780.8,14705.24,14739.9,154.404
2020-04-19 20:15:00,14777.8,14783.91,14740.97,14760.47,118.4617
2020-04-19 20:30:00,14800.31,14817.54,14760.65,14776.89,72.1455
2020-04-19 20:45:00,14818.36,14823.62,14803.05,14817.69,296.8189
2020-04-19 21:00:00,14791.14,14844.26,14761.92,14801.2,21.9804
2020-04-19 21:15:00,14841.19,14872.08,14822.24,14833.58,102.1576
2020-04-19 21:30:00,14806.53,14809.41,14797.7,14803.65,9.2161
2020-04-19 21:45:00,14729.08,14743.36,14719.7,14741.75,111.7835
2020-04-19 22:00:00,14675.42,14709.55,14632.9,14685.09,129.2206
2020-04-19 22:15:00,14628.04,14636.16,14570.26,14621.41,152.6094
2020-04-19 22:30:00,14680.12,14683.71,14639.79,14666.43,108.993
2020-04-19 22:45:00,14595.81,14618.43,14574.46,14600.52,13.0817
2020-04-19 23:00:00,14612.24,14619.56,14552.19,14613.25,4.5303
2020-04-19 23:15:00,14612.09,14652.6,14577.09,14602.33,125.2679
2020-04-19 23:30:00,14596.04,14649.66,14566.5,14598.56,160.064
2020-04-19 23:45:00,14654.62,14664.42,14620.91,14659.01,3.3186
2020-04-20 00:00:00,14629.4,14663.46,14618.01,14640.46,16.2439
2020-04-20 00:15:00,14656.72,14707.26,14656.43,14668.06,156.2013
2020-04-20 00:30:00,14709.6,14714.91,14650.18,14670.44,343.6666
2020-04-20 00:45:00,14661.61,14695.2,14649.32,14664.49,73.5088
2020-04-20 01:00:00,14786.56,14792.94,14726.13,14766.4,16.6423
2020-04-20 01:15:00,14728.05,14738.35,14683.46,14703.29,38.7522
2020-04-20 01:30:00,14758.18,14842.83,14731.67,14760.89,152.0618
2020-04-20 01:45:00,14796.14,14858.58,14771.06,14790.7,78.3566
2020-04-20 02:00:00,14771.67,14807.1,14747.06,14770.16,5.9533
2020-04-20 02:15:00,14819.16,14881.84,14797.56,14843.09,36.8775
2020-04-20 02:30:00,14738.63,14806.09,14734.37,14761.54,139.7522
2020-04-20 02:45:00,14739.89,14740.17,14737.32,14739.17,39.4201
2020-04-20 03:00:00,14680.23,14700.67,14606.28,14686.47,56.6211
2020-04-20 03:15:00,14733.18,14752.05,14698.15,14705.36,235.4397
2020-04-20 03:30:00,14653.53,14662.04,14650.58,14656.99,417.6183
2020-04-20 03:45:00,14705.4,14715.19,14637.52,14676.77,141.5528
2020-04-20 04:00:00,14662.31,14700.31,14655.71,14669.29,27.4602
2020-04-20 04:15:00,14676.94,14715.93,14646.04,14648.93,27.8585
2020-04-20 04:30:00,14674.17,14686.68,14662.83,14666.74,36.2788
2020-04-20 04:45:00,14663.91,14670.84,14649.97,14655.66,17.5015
2020-04-20 05:00:00,14601.05,14616.08,14572.58,14608.53,19.7028
2020-04-20 05:15:00,14740.53,14764.26,14692.39,14732.03,29.57
2020-04-20 05:30:00,14736.14,14765.66,14680.88,14711.23,107.8475
2020-04-20 05:45:00,14611.98,14624.91,14598.34,14614.1,94.796
2020-04-20 06:00:00,14572.96,14622.45,14566.82,14577.91,41.6883
2020-04-20 06:15:00,14519.63,14541.12,14460.45,14523.22,21.8987
2020-04-20 06:30:00,14583.53,14616.77,14546.12,14559.94,97.8224
2020-04-20 06:45:00,14587.18,14607.73,14554.36,14574.71,14.0267
2020-04-20 07:00:00,14614.0,14631.83,14558.61,14592.88,15.8113
2020-04-20 07:15:00,14581.98,14588.77,14546.96,14577.41,48.3481
2020-04-20 07:30:00,14566.49,14575.27,14543.71,14565.92,83.7873
2020-04-20 07:45:00,14556.61,14560.74,14468.52,14550.44,130.3015
2020-04-20 08:00:00,14563.19,14567.65,14499.02,14547.62,116.1489
2020-04-20 08:15:00,14581.2,14629.28,14550.29,14584.81,47.5542
2020-04-20 08:30:00,14620.22,14640.38,14570.85,14600.24,106.3204
2020-04-20 08:45:00,14628.23,14635.2,14594.22,14622.88,23.7429
2020-04-20 09:00:00,14610.28,14662.29,14542.74,14645.52,68.0715
2020-04-20 09:15:00,14698.09,14723.24,14678.29,14685.11,95.5234
2020-04-20 09:30:00,14679.84,14729.74,14676.71,14698.54,136.4164
2020-04-20 09:45:00,14727.74,14730.8,14701.88,14715.1,8.2935
2020-04-20 10:00:00,14781.63,14845.69,14721.55,14768.32,10.6629
2020-04-20 10:15:00,14744.45,14751.02,14736.53,14739.59,7.6722
2020-04-20 10:30:00,14710.48,14741.08,14674.22,14702.49,79.0692
2020-04-20 10:45:00,14667.01,14673.12,14628.85,14650.91,84.4097
2020-04-20 11:00:00,14652.42,14679.09,14640.75,14659.69,1.1077
2020-04-20 11:15:00,14590.46,14598.13,14527.77,14578.89,106.9153
2020-04-20 11:30:00,14616.82,14654.69,14560.77,14599.84,144.1065
2020-04-20 11:45:00,14621.47,14624.08,14592.83,14595.78,12.3988
2020-04-20 12:00:00,14630.0,14659.28,14601.17,14646.2,41.1474
2020-04-20 12:15:00,14623.38,14630.91,14605.4,14617.41,189.6934
2020-04-20 12:30:00,14595.17,14612.08,14585.34,14609.22,116.2192
2020-04-20 12:45:00,14644.42,14660.51,14631.99,14659.13,36.3331
2020-04-20 13:00:00,14725.98,14755.39,14717.73,14720.69,135.5737
2020-04-20 13:15:00,14692.53,14692.86,14682.85,14691.39,218.2738
2020-04-20 13:30:00,14716.97,14736.2,14682.46,14700.14,37.0079
2020-04-20 13:45:00,14708.76,14722.56,14704.44,14713.86,115.2911
2020-04-20 14:00:00,14729.11,14736.51,14715.41,14731.09,9.8075
2020-04-20 14:15:00,14723.33,14744.68,14709.27,14720.22,6.0475
2020-04-20 14:30:00,14764.81,14783.3,14747.93,14777.54,88.2511
2020-04-20 14:45:00,14683.88,14694.92,14661.13,14694.51,67.8109
2020-04-20 15:00:00,14693.06,14714.66,14634.11,14676.68,166.1196
2020-04-20 15:15:00,14689.06,14701.15,14673.86,14697.13,151.5416
2020-04-20 15:30:00,14735.43,14742.4,14708.75,14718.03,33.7847
2020-04-20 15:45:00,14787.47,14801.32,14736.84,14778.49,71.7978
2020-04-20 16:00:00,14809.4,14833.4,14755.95,14832.36,140.9672
2020-04-20 16:15:00,14828.25,14836.6,14786.42,14820.39,31.6017
2020-04-20 16:30:00,14886.7,14891.33,14861.55,14878.93,44.9356
2020-04-20 16:45:00,14854.08,14859.04,14837.32,14847.8,6.173
2020-04-20 17:00:00,14887.89,14922.87,14851.89,14890.0,13.9824
2020-04-20 17:15:00,14957.55,14981.6,14952.29,14971.63,94.2174
2020-04-20 17:30:00,15047.17,15102.74,15007.93,15026.94,68.6671
2020-04-20 17:45:00,15030.94,15061.91,15001.29,15032.46,18.4633
2020-04-20 18:00:00,15004.98,15033.35,14987.67,15018.25,0.7308
2020-04-20 18:15:00,14956.97,15040.13,14945.69,14950.13,18.5165
2020-04-20 18:30:00,14953.69,14989.41,14944.75,14964.81,138.4855
2020-04-20 18:45:00,14901.33,14953.86,14889.49,14915.49,9.8365
2020-04-20 19:00:00,14875.16,14887.55,14868.88,14880.74,51.4916
2020-04-20 19:15:00,14818.46,14830.12,14815.39,14828.33,27.2845
2020-04-20 19:30:00,14795.08,14812.48,14777.77,14808.59,79.7168
2020-04-20 19:45:00,14820.03,14832.65,14740.91,14808.09,71.6523
2020-04-20 20:00:00,14819.3,14867.81,14788.04,14820.99,407.1813
2020-04-20 20:15:00,14813.55,14819.07,14780.24,14795.03,148.2277
2020-04-20 20:30:00,14830.54,14855.2,14821.56,14843.23,278.5951
2020-04-20 20:45:00,14809.07,14889.97,14786.53,14834.7,86.2651
2020-04-20 21:00:00,14802.58,14835.77,14726.36,14800.38,133.8577
2020-04-20 21:15:00,14838.66,14901.2,14761.2,14811.17,225.4524
2020-04-20 21:30:00,14907.07,14971.12,14882.82,14899.16,4.1938
2020-04-20 21:45:00,14962.84,14981.3,14887.43,14914.88,247.0414
2020-04-20 22:00:00,14904.34,14944.91,14891.53,14899.39,23.7966
2020-04-20 22:15:00,14835.36,14875.06,14822.82,14831.86,122.0835
2020-04-20 22:30:00,14790.89,14845.09,14790.43,14822.84,148.4308
2020-04-20 22:45:00,14840.38,14861.3,14809.08,14834.03,11.5777
2020-04-20 23:00:00,14820.02,14873.4,14803.59,14817.52,305.9736
2020-04-20 23:15:00,14738.23,14769.71,14732.57,14744.23,261.1275
2020-04-20 23:30:00,14705.34,14729.3,14690.56,14707.35,106.2915
2020-04-20 23:45:00,14771.26,14796.43,14726.46,14772.26,16.8808
2020-04-21 00:00:00,14833.88,14871.18,14827.05,14836.55,83.4827
2020-04-21 00:15:00,14828.75,14865.55,14794.57,14797.83,42.1815
2020-04-21 00:30:00,14822.93,14836.46,14793.72,14828.43,267.0239
2020-04-21 00:45:00,14779.25,14833.64,14739.73,14776.75,52.1981
2020-04-21 01:00:00,14833.75,14847.88,14833.53,14839.74,118.3351
2020-04-21 01:15:00,14863.03,14927.3,14848.34,14851.4,101.3394
2020-04-21 01:30:00,14897.08,14950.11,14873.92,14894.45,31.6103
2020-04-21 01:45:00,14814.41,14848.63,14797.37,14818.56,76.6787
2020-04-21 02:00:00,14820.83,14871.03,14813.29,14849.43,52.7599
2020-04-21 02:15:00,14853.44,14878.55,14799.79,14849.83,46.9408
2020-04-21 02:30:00,14883.91,14916.55,14874.62,14888.52,199.5141
2020-04-21 02:45:00,14929.22,14974.13,14923.56,14930.13,15.0542
2020-04-21 03:00:00,14916.16,14958.18,14907.71,14933.82,52.8301
2020-04-21 03:15:00,14929.02,14978.98,14872.35,14907.65,0.6775
2020-04-21 03:30:00,14956.07,14970.09,14922.71,14943.27,30.3663
2020-04-21 03:45:00,14962.69,15000.74,14939.18,14941.32,97.2191
2020-04-21 04:00:00,14920.04,14931.1,14900.25,14902.94,9.1592
2020-04-21 04:15:00,14871.35,14890.89,14846.41,14862.55,31.633
2020-04-21 04:30:00,14780.53,14818.45,14769.41,14797.43,212.2172
2020-04-21 04:45:00,14802.75,14836.64,14763.37,14775.52,117.7121
2020-04-21 05:00:00,14811.38,14826.11,14799.84,14825.13,7.2881
2020-04-21 05:15:00,14829.8,14860.48,14783.25,14833.78,487.6954
2020-04-21 05:30:00,14821.42,14823.76,14767.64,14810.95,290.3
2020-04-21 05:45:00,14858.68,14878.52,14827.09,14847.45,15.279
2020-04-21 06:00:00,14819.59,14837.43,14794.75,14811.11,254.9361
2020-04-21 06:15:00,14810.16,14865.13,14788.81,14816.09,79.8383
2020-04-21 06:30:00,14799.86,14827.29,14748.16,14808.85,265.0457
2020-04-21 06:45:00,14881.83,14898.99,14795.39,14844.2,344.3607
2020-04-21 07:00:00,14774.13,14806.4,14755.14,14774.71,118.2745
2020-04-21 07:15:00,14735.38,14755.96,14716.77,14737.76,34.432
2020-04-21 07:30:00,14655.6,14720.83,14635.17,14666.07,258.5711
2020-04-21 07:45:00,14658.96,14720.37,14650.67,14655.38,85.2092
2020-04-21 08:00:00,14712.28,14741.64,14700.81,14709.37,41.7854
2020-04-21 08:15:00,14687.56,14708.39,14659.36,14687.8,61.6256
2020-04-21 08:30:00,14671.63,14712.0,14665.53,14666.03,52.1216
2020-04-21 08:45:00,14731.06,14734.38,14686.53,14705.12,273.784
2020-04-21 09:00:00,14744.22,14757.72,14715.55,14753.0,171.3871
2020-04-21 09:15:00,14750.45,14808.72,14721.62,14749.81,3.1878
2020-04-21 09:30:00,14771.27,14807.57,14746.98,14780.85,0.9905
2020-04-21 09:45:00,14738.18,14753.14,14692.45,14733.83,7.1899
2020-04-21 10:00:00,14787.07,14810.11,14765.93,14795.48,94.2601
2020-04-21 10:15:00,14883.77,14946.01,14839.03,14891.59,168.4591
2020-04-21 10:30:00,14893.85,14919.87,14878.21,14915.62,72.35
2020-04-21 10:45:00,14824.55,14827.18,14809.86,14823.1,76.5119
2020-04-21 11:00:00,14805.38,14832.09,14752.23,14799.02,27.4993
2020-04-21 11:15:00,14854.55,14860.53,14819.41,14826.97,61.4876
2020-04-21 11:30:00,14815.91,14836.43,14770.28,14808.96,29.6852
2020-04-21 11:45:00,14859.53,14893.95,14800.42,14866.22,32.0223
2020-04-21 12:00:00,14872.94,14913.28,14852.8,14893.19,49.62
2020-04-21 12:15:00,14844.22,14893.11,14800.02,14862.37,4.8712
2020-04-21 12:30:00,14845.3,14879.72,14833.58,14864.56,310.0168
2020-04-21 12:45:00,14853.28,14866.3,14789.51,14825.44,245.6466
2020-04-21 13:00:00,14822.32,14841.97,14794.29,14818.06,159.0936
2020-04-21 13:15:00,14785.52,14806.19,14765.79,14794.15,84.0513
2020-04-21 13:30:00,14832.77,14853.56,14827.74,14847.02,167.6783
2020-04-21 13:45:00,14929.22,14968.08,14911.43,14942.02,365.4968
2020-04-21 14:00:00,14869.54,14909.97,14859.31,14878.61,33.3494
2020-04-21 14:15:00,14812.98,14818.97,14774.34,14793.51,45.2989
2020-04-21 14:30:00,14782.93,14805.98,14745.65,14783.37,130.5806
2020-04-21 14:45:00,14695.46,14757.97,14685.93,14716.77,102.9643
2020-04-21 15:00:00,14753.55,14773.86,14713.97,14719.54,174.1935
2020-04-21 15:15:00,14736.53,14778.71,14728.21,14753.35,42.6148
2020-04-21 15:30:00,14811.46,14846.11,14791.46,14820.22,37.1865
2020-04-21 15:45:00,14849.34,14885.06,14790.39,14829.91,88.0482
2020-04-21 16:00:00,14828.21,14837.2,14813.04,14822.06,15.7658
2020-04-21 16:15:00,14727.91,14744.54,14719.73,14734.83,4.0379
2020-04-21 16:30:00,14718.58,14757.6,14704.66,14736.72,27.9893
2020-04-21 16:45:00,14726.36,14751.14,14707.24,14740.61,17.2361
2020-04-21 17:00:00,14756.22,14816.29,14715.83,14769.61,0.6698
2020-04-21 17:15:00,14739.06,14766.38,14730.69,14738.95,150.5117
2020-04-21 17:30:00,14723.27,14740.9,14667.64,14720.45,78.3535
2020-04-21 17:45:00,14653.74,14656.78,14651.8,14655.92,110.5495
2020-04-21 18:00:00,14555.34,14558.28,14489.68,14555.91,17.7992
2020-04-21 18:15:00,14492.99,14513.31,14467.19,14508.23,29.6645
2020-04-21 18:30:00,14444.84,14460.35,14439.97,14440.61,6.1995
2020-04-21 18:45:00,14474.43,14491.37,14414.72,14455.92,598.1035
2020-04-21 19:00:00,14431.82,14457.02,14390.88,14434.17,10.8796
2020-04-21 19:15:00,14408.96,14415.21,14380.66,14411.58,9.4712
2020-04-21 19:30:00,14370.94,14382.1,14323.89,14369.74,95.2354
2020-04-21 19:45:00,14247.02,14262.89,14227.73,14231.11,40.3292
2020-04-21 20:00:00,14283.42,14326.43,14241.26,14296.22,218.5507
2020-04-21 20:15:00,14274.71,14286.21,14249.97,14254.03,178.0929
2020-04-21 20:30:00,14243.1,14260.38,14236.28,14237.11,202.611
2020-04-21 20:45:00,14176.08,14221.49,14155.45,14175.68,132.8517
2020-04-21 21:00:00,14234.97,14264.78,14197.53,14217.72,14.1321
2020-04-21 21:15:00,14207.73,14254.06,14202.97,14224.55,6.5725
2020-04-21 21:30:00,14197.4,14205.01,14133.33,14190.0,6.6813
2020-04-21 21:45:00,14180.11,14185.96,14145.3,14174.01,161.8376
2020-04-21 22:00:00,14232.75,14257.51,14226.84,14246.08,107.0368
2020-04-21 22:15:00,14250.23,14290.66,14193.88,14243.67,396.2494
2020-04-21 22:30:00,14240.65,14263.43,14207.4,14236.62,103.1444
2020-04-21 22:45:00,14194.58,14232.36,14175.3,14197.12,28.67
2020-04-21 23:00:00,14129.32,14140.07,14104.74,14117.14,9.3777
2020-04-21 23:15:00,14103.0,14136.73,14039.92,14111.07,45.5075
2020-04-21 23:30:00,14129.37,14166.59,14122.83,14125.55,22.2764
2020-04-21 23:45:00,14170.99,14189.39,14127.62,14172.85,98.9925
2020-04-22 00:00:00,14069.31,14144.93,14068.59,14077.96,10.0885
2020-04-22 00:15:00,14038.2,14047.59,14018.45,14031.15,148.0652
2020-04-22 00:30:00,14004.49,14030.02,13988.99,14007.4,119.2541
2020-04-22 00:45:00,13987.32,14053.63,13934.58,14007.96,133.3163
2020-04-22 01:00:00,13977.34,14008.99,13926.28,14002.56,336.6129
2020-04-22 01:15:00,14009.2,14023.68,13995.79,13998.15,105.1424
2020-04-22 01:30:00,13998.88,14016.39,13992.24,14015.99,155.3778
2020-04-22 01:45:00,13982.61,13994.22,13945.72,13978.71,8.9164
2020-04-22 02:00:00,14019.35,14051.0,14010.81,14018.58,286.6295
2020-04-22 02:15:00,14032.34,14044.37,14019.71,14037.51,24.6633
2020-04-22 02:30:00,14052.19,14053.58,13988.53,14024.74,67.9345
2020-04-22 02:45:00,14095.33,14096.63,14073.29,14092.8,314.8752
2020-04-22 03:00:00,14170.01,14174.11,14148.18,14159.31,19.7675
2020-04-22 03:15:00,14203.69,14230.27,14150.25,14199.65,3.6153
2020-04-22 03:30:00,14068.51,14081.3,14047.41,14071.77,35.249
2020-04-22 03:45:00,14138.86,14140.39,14117.1,14139.13,17.0048
2020-04-22 04:00:00,14194.22,14195.55,14170.67,14173.55,110.2712
2020-04-22 04:15:00,14275.08,14305.99,14254.3,14259.57,32.6249
2020-04-22 04:30:00,14341.16,14359.52,14294.97,14313.22,6.4901
2020-04-22 04:45:00,14384.9,14412.17,14380.58,14381.71,223.5146
2020-04-22 05:00:00,14407.69,14466.96,14393.75,14420.34,5.0741
2020-04-22 05:15:00,14473.02,14513.55,14443.51,14479.4,31.6454
2020-04-22 05:30:00,14549.45,14588.95,14518.84,14566.75,27.4824
2020-04-22 05:45:00,14588.12,14643.79,14538.44,14576.94,2.3787
2020-04-22 06:00:00,14500.41,14574.45,14482.76,14508.91,18.0602
2020-04-22 06:15:00,14451.97,14512.34,14447.54,14496.26,168.6583
2020-04-22 06:30:00,14549.7,14615.45,14488.89,14513.94,3.825
2020-04-22 06:45:00,14509.64,14539.11,14478.08,14517.93,2.3501
2020-04-22 07:00:00,14456.02,14464.99,14402.52,14464.36,100.518
2020-04-22 07:15:00,14418.37,14458.77,14370.21,14394.31,9.3127
2020-04-22 07:30:00,14345.67,14367.82,14342.08,14363.02,46.4545
2020-04-22 07:45:00,14414.91,14421.92,14369.06,14398.54,0.2144
2020-04-22 08:00:00,14459.03,14475.29,14445.35,14467.53,45.0013
2020-04-22 08:15:00,14488.83,14533.39,14451.77,14508.03,38.2787
2020-04-22 08:30:00,14579.61,14591.47,14542.01,14554.78,94.8557
2020-04-22 08:45:00,14565.41,14600.48,14523.86,14551.98,69.134
2020-04-22 09:00:00,14489.97,14501.2,14466.68,14476.65,113.4836
2020-04-22 09:15:00,14462.92,14471.83,14431.51,14457.61,274.662
2020-04-22 09:30:00,14455.76,14458.66,14435.3,14447.11,158.5591
2020-04-22 09:45:00,14408.51,14507.76,14333.65,14426.29,271.1316
2020-04-22 10:00:00,14430.99,14442.62,14402.28,14429.38,5.5751
2020-04-22 10:15:00,14435.79,14458.27,14409.76,14449.21,463.9658
2020-04-22 10:30:00,14466.78,14488.47,14464.41,14486.9,38.8696
2020-04-22 10:45:00,14481.49,14515.02,14466.66,14475.54,32.3956
2020-04-22 11:00:00,14410.26,14417.13,14356.94,14393.59,51.6712
2020-04-22 11:15:00,14367.95,14381.26,14360.68,14373.46,152.9249
2020-04-22 11:30:00,14373.02,14441.98,14372.01,14376.06,308.5323
2020-04-22 11:45:00,14413.1,14454.33,14408.13,14429.52,80.7965
2020-04-22 12:00:00,14405.77,14411.35,14390.1,14405.66,16.7694
2020-04-22 12:15:00,14439.5,14465.97,14402.81,14428.53,24.0868
2020-04-22 12:30:00,14453.24,14476.89,14411.07,14441.81,51.9819
2020-04-22 12:45:00,14452.31,14474.44,14435.66,14444.43,45.5323
2020-04-22 13:00:00,14476.52,14499.37,14471.25,14485.48,27.2163
2020-04-22 13:15:00,14448.09,14486.49,14438.51,14457.49,189.8643
2020-04-22 13:30:00,14444.74,14472.97,14391.0,14433.26,32.866
2020-04-22 13:45:00,14445.19,14447.79,14381.91,14433.47,89.8336
2020-04-22 14:00:00,14403.99,14435.3,14403.66,14406.47,65.2587
2020-04-22 14:15:00,14423.0,14440.44,14404.45,14429.15,256.9945
2020-04-22 14:30:00,14415.8,14416.23,14383.66,14399.0,99.1339
2020-04-22 14:45:00,14404.31,14435.09,14379.8,14409.49,40.3607
2020-04-22 15:00:00,14416.63,14425.87,14390.35,14405.88,101.8024
2020-04-22 15:15:00,14413.92,14431.4,14343.27,14415.89,38.4056
2020-04-22 15:30:00,14381.65,14406.79,14377.67,14396.73,9.5267
2020-04-22 15:45:00,14405.99,14430.37,14330.41,14382.8,66.3988
2020-04-22 16:00:00,14389.39,14395.16,14367.74,14387.67,196.7529
2020-04-22 16:15:00,14386.87,14401.85,14380.72,14397.11,239.8886
2020-04-22 16:30:00,14377.62,14398.46,14365.96,14397.65,78.4697
2020-04-22 16:45:00,14453.36,14484.7,14433.67,14472.02,120.2387
2020-04-22 17:00:00,14424.35,14458.93,14388.3,14429.73,94.3383
2020-04-22 17:15:00,14455.45,14484.09,14371.17,14427.68,166.5082
2020-04-22 17:30:00,14351.89,14394.92,14351.68,14360.29,10.895
2020-04-22 17:45:00,14397.84,14419.84,14343.65,14377.03,51.3115
2020-04-22 18:00:00,14327.78,14339.71,14285.83,14329.65,29.1798
2020-04-22 18:15:00,14301.49,14349.69,14287.87,14318.4,0.6598
2020-04-22 18:30:00,14296.37,14346.13,14261.11,14303.14,177.1486
2020-04-22 18:45:00,14297.57,14359.1,14235.35,14315.91,14.4085
2020-04-22 19:00:00,14280.65,14292.96,14272.14,14292.88,39.0639
2020-04-22 19:15:00,14255.43,14273.47,14209.66,14268.07,201.648
2020-04-22 19:30:00,14302.96,14375.84,14300.12,14330.24,127.7682
2020-04-22 19:45:00,14364.89,14428.37,14337.73,14343.19,83.8666
2020-04-22 20:00:00,14322.79,14352.79,14314.17,14319.77,37.1451
2020-04-22 20:15:00,14299.89,14350.72,14257.89,14309.71,72.4271
2020-04-22 20:30:00,14384.25,14397.76,14335.28,14381.06,5.7881
2020-04-22 20:45:00,14359.62,14409.04,14348.39,14371.63,129.9374
2020-04-22 21:00:00,14304.32,14386.01,14280.22,14342.63,27.0911
2020-04-22 21:15:00,14356.2,14397.31,14304.77,14313.88,65.239
2020-04-22 21:30:00,14293.72,14322.94,14257.09,14291.01,9.9235
2020-04-22 21:45:00,14257.83,14310.75,14238.38,14266.24,124.0595
2020-04-22 22:00:00,14184.7,14253.19,14171.31,14212.18,226.1744
2020-04-22 22:15:00,14143.8,14170.63,14127.35,14164.96,60.8689
2020-04-22 22:30:00,14153.81,14177.82,14093.14,14130.43,8.6894
2020-04-22 22:45:00,14177.47,14185.2,14099.1,14156.21,290.1784
2020-04-22 23:00:00,14151.38,14202.38,14123.43,14140.73,59.2486
2020-04-22 23:15:00,14116.89,14137.03,14114.63,14132.65,8.3751
2020-04-22 23:30:00,14208.63,14254.88,14164.17,14187.2,20.8781
2020-04-22 23:45:00,14249.44,14258.68,14238.06,14243.03,12.7657
2020-04-23 00:00:00,14241.01,14268.23,14230.02,14231.69,22.0055
2020-04-23 00:15:00,14211.8,14278.69,14152.62,14205.46,16.935
2020-04-23 00:30:00,14147.98,14187.37,14132.71,14169.34,256.2362
2020-04-23 00:45:00,14182.48,14213.2,14155.79,14199.49,23.4551
2020-04-23 01:00:00,14184.24,14201.7,14170.44,14191.48,58.3337
2020-04-23 01:15:00,14184.86,14238.64,14155.99,14175.74,130.8885
2020-04-23 01:30:00,14122.32,14155.79,14104.84,14141.84,113.002
2020-04-23 01:45:00,14107.42,14155.3,14057.9,14109.9,313.4217
2020-04-23 02:00:00,14121.66,14146.24,14109.67,14124.15,338.2265
2020-04-23 02:15:00,14080.27,14120.36,14048.26,14069.12,84.5586
2020-04-23 02:30:00,14121.33,14123.5,14095.34,14111.81,139.5553
2020-04-23 02:45:00,14075.68,14127.67,14062.24,14089.92,48.7834
2020-04-23 03:00:00,14104.67,14118.73,14052.39,14084.3,56.0804
2020-04-23 03:15:00,14012.19,14035.45,13965.93,14028.51,11.0229
2020-04-23 03:30:00,14044.01,14053.88,13998.15,14028.69,111.9079
2020-04-23 03:45:00,14007.86,14051.04,14000.07,14015.57,31.5545
2020-04-23 04:00:00,14016.47,14050.66,13980.16,14014.17,8.3231
2020-04-23 04:15:00,14079.93,14101.75,14061.12,14076.74,10.3397
2020-04-23 04:30:00,14087.74,14149.54,14050.97,14084.95,128.1491
2020-04-23 04:45:00,14061.56,14076.84,14001.7,14052.08,25.9972
2020-04-23 05:00:00,14028.28,14034.96,14011.34,14022.8,146.9612
2020-04-23 05:15:00,14059.54,14064.04,14004.32,14048.53,236.361
2020-04-23 05:30:00,14110.52,14124.08,14029.16,14103.97,41.6802
2020-04-23 05:45:00,14098.75,14134.98,14087.76,14116.6,157.9278
2020-04-23 06:00:00,14150.29,14153.63,14134.95,14146.48,55.9927
2020-04-23 06:15:00,14165.07,14192.32,14145.72,14173.06,147.9361
2020-04-23 06:30:00,14218.32,14279.96,14208.53,14234.11,36.6326
2020-04-23 06:45:00,14147.46,14206.94,14132.37,14151.57,268.0732
2020-04-23 07:00:00,14183.2,14252.38,14119.27,14180.6,435.8824
2020-04-23 07:15:00,14226.71,14273.09,14216.37,14223.16,48.8009
2020-04-23 07:30:00,14181.71,14183.33,14143.93,14166.75,22.1803
2020-04-23 07:45:00,14148.29,14151.39,14063.28,14129.81,115.6234
2020-04-23 08:00:00,14099.2,14113.33,14048.86,14094.46,87.6095
2020-04-23 08:15:00,14071.62,14076.88,14014.45,14064.35,476.3915
2020-04-23 08:30:00,14046.06,14101.55,14026.45,14044.72,166.9157
2020-04-23 08:45:00,14066.43,14080.27,14029.52,14055.65,180.2444
2020-04-23 09:00:00,14099.72,14112.34,14059.0,14092.85,129.6382
2020-04-23 09:15:00,14138.5,14149.4,14136.95,14139.27,43.1998
2020-04-23 09:30:00,14134.8,14138.85,14069.45,14104.44,274.6414
2020-04-23 09:45:00,14061.72,14091.27,14049.02,14069.41,62.6742
2020-04-23 10:00:00,14146.19,14193.99,14057.45,14125.65,50.9898
2020-04-23 10:15:00,14134.59,14157.27,14124.17,14153.76,21.5963
2020-04-23 10:30:00,14169.51,14202.68,14102.97,14157.99,36.2344
2020-04-23 10:45:00,14199.17,14210.68,14165.96,14178.8,0.2257
2020-04-23 11:00:00,14151.2,14219.05,14137.33,14178.24,107.8529
2020-04-23 11:15:00,14203.24,14233.37,14190.19,14201.26,93.0051
2020-04-23 11:30:00,14197.81,14219.38,14163.86,14187.66,51.5894
2020-04-23 11:45:00,14203.38,14234.89,14182.94,14199.81,341.4503
2020-04-23 12:00:00,14141.51,14181.88,14128.25,14136.17,118.1254
2020-04-23 12:15:00,14109.63,14155.47,14038.52,14107.71,27.8017
2020-04-23 12:30:00,14064.35,14090.2,14047.08,14079.76,47.5944
2020-04-23 12:45:00,14097.95,14113.98,14027.79,14064.65,72.5257
2020-04-23 13:00:00,14019.2,14063.11,14013.59,14026.26,78.8234
2020-04-23 13:15:00,14010.59,14040.14,13980.11,14004.51,32.246
2020-04-23 13:30:00,13932.57,13963.79,13930.14,13941.58,28.6936
2020-04-23 13:45:00,13933.45,13982.46,13906.74,13965.23,35.5852
2020-04-23 14:00:00,13949.56,13984.69,13937.37,13962.47,330.6423
2020-04-23 14:15:00,13871.63,13929.52,13851.11,13891.74,44.5545
2020-04-23 14:30:00,13872.77,13885.89,13857.57,13857.65,46.8632
2020-04-23 14:45:00,13863.91,13882.03,13846.1,13872.33,127.3838
2020-04-23 15:00:00,13843.31,13879.49,13817.23,13850.43,17.7643
2020-04-23 15:15:00,13807.45,13860.05,13755.9,13822.16,103.0477
2020-04-23 15:30:00,13821.06,13845.37,13768.49,13819.76,109.7003
2020-04-23 15:45:00,13824.78,13870.3,13806.7,13834.69,6.669
2020-04-23 16:00:00,13789.44,13863.51,13772.04,13775.77,21.0653
2020-04-23 16:15:00,13803.36,13826.61,13776.4,13799.2,62.8279
2020-04-23 16:30:00,13758.88,13806.12,13749.32,13766.76,180.4343
2020-04-23 16:45:00,13778.41,13793.73,13765.76,13766.7,131.805
2020-04-23 17:00:00,13766.04,13776.5,13729.57,13765.93,206.7126
2020-04-23 17:15:00,13745.15,13747.48,13713.66,13744.85,190.3852
2020-04-23 17:30:00,13683.28,13704.84,13669.16,13703.33,71.642
2020-04-23 17:45:00,13691.29,13738.69,13663.59,13692.27,97.3612
2020-04-23 18:00:00,13764.14,13806.79,13754.08,13759.72,253.5768
2020-04-23 18:15:00,13722.47,13738.53,13689.21,13704.2,135.1208
2020-04-23 18:30:00,13764.1,13805.0,13730.66,13774.46,44.2975
2020-04-23 18:45:00,13795.77,13829.69,13748.94,13764.41,43.1339
2020-04-23 19:00:00,13774.23,13792.14,13749.73,13766.56,45.6688
2020-04-23 19:15:00,13701.52,13733.01,13691.9,13722.37,68.3599
2020-04-23 19:30:00,13679.73,13700.98,13646.26,13691.3,45.0182
2020-04-23 19:45:00,13690.76,13731.34,13667.09,13671.33,20.765
2020-04-23 20:00:00,13646.07,13688.94,13623.57,13629.13,90.3668
2020-04-23 20:15:00,13621.51,13642.85,13610.82,13621.27,203.4164
2020-04-23 20:30:00,13607.36,13637.3,13570.37,13605.32,67.8354
2020-04-23 20:45:00,13665.6,13719.55,13659.13,13681.54,24.7371
2020-04-23 21:00:00,13652.38,13709.05,13632.22,13634.36,167.6916
2020-04-23 21:15:00,13625.77,13652.22,13623.19,13639.25,140.9539
2020-04-23 21:30:00,13661.6,13671.83,13639.31,13650.07,120.4697
2020-04-23 21:45:00,13625.32,13637.72,13598.52,13606.92,112.3082
2020-04-23 22:00:00,13636.3,13659.49,13632.53,13635.64,152.4519
2020-04-23 22:15:00,13633.21,13643.88,13580.25,13620.03,177.3505
2020-04-23 22:30:00,13543.85,13546.75,13459.3,13518.87,228.4775
2020-04-23 22:45:00,13549.94,13572.86,13527.37,13546.31,94.1432
2020-04-23 23:00:00,13499.22,13514.12,13496.88,13501.59,50.0204
2020-04-23 23:15:00,13458.93,13475.57,13457.26,13459.83,9.4197
2020-04-23 23:30:00,13478.26,13496.36,13467.31,13488.28,128.1633
2020-04-23 23:45:00,13464.59,13528.38,13451.07,13474.9,15.2228
2020-04-24 00:00:00,13518.66,13518.66,13487.0,13512.68,202.8899
2020-04-24 00:15:00,13560.19,13579.19,13508.76,13562.41,52.0665
2020-04-24 00:30:00,13541.28,13582.41,13480.16,13536.85,208.8576
2020-04-24 00:45:00,13549.52,13596.26,13545.62,13569.74,73.0796
2020-04-24 01:00:00,13538.41,13542.82,13535.44,13539.67,60.419
2020-04-24 01:15:00,13645.09,13656.79,13593.04,13631.05,45.1881
2020-04-24 01:30:00,13588.17,13618.58,13572.65,13603.39,6.3309
2020-04-24 01:45:00,13646.17,13656.47,13608.86,13645.95,1.1595
2020-04-24 02:00:00,13655.8,13692.62,13653.92,13681.17,71.0679
2020-04-24 02:15:00,13676.95,13745.56,13665.58,13694.83,231.3724
2020-04-24 02:30:00,13679.01,13733.03,13655.36,13667.97,88.2155
2020-04-24 02:45:00,13658.22,13679.69,13604.38,13662.44,198.3244
2020-04-24 03:00:00,13599.59,13601.9,13570.69,13574.86,831.1083
2020-04-24 03:15:00,13590.55,13591.92,13553.96,13584.67,19.6765
2020-04-24 03:30:00,13606.82,13615.04,13595.49,13599.6,107.7565
2020-04-24 03:45:00,13591.08,13632.88,13581.63,13605.73,53.941
2020-04-24 04:00:00,13479.85,13492.2,13470.36,13485.05,23.4211
2020-04-24 04:15:00,13424.68,13461.42,13399.85,13434.52,27.5627
2020-04-24 04:30:00,13390.76,13406.28,13370.97,13405.04,28.0579
2020-04-24 04:45:00,13426.35,13454.12,13404.72,13417.44,130.8044
2020-04-24 05:00:00,13441.37,13443.76,13398.63,13429.76,43.8508
2020-04-24 05:15:00,13428.93,13459.89,13396.99,13423.57,29.5357
2020-04-24 05:30:00,13438.69,13460.87,13406.88,13449.82,217.1212
2020-04-24 05:45:00,13413.52,13442.57,13401.27,13409.09,3.4948
2020-04-24 06:00:00,13408.61,13450.95,13398.06,13434.31,133.0359
2020-04-24 06:15:00,13471.91,13480.98,13426.6,13454.11,323.2892
2020-04-24 06:30:00,13452.54,13490.79,13450.44,13470.02,98.2546
2020-04-24 06:45:00,13448.25,13469.62,13411.01,13463.34,79.4434
2020-04-24 07:00:00,13539.52,13544.44,13530.66,13537.96,6.3416
2020-04-24 07:15:00,13561.43,13561.61,13532.31,13558.66,69.9082
2020-04-24 07:30:00,13518.97,13537.44,13496.16,13519.95,44.8483
2020-04-24 07:45:00,13515.68,13541.67,13482.66,13530.7,150.5531
2020-04-24 08:00:00,13577.29,13596.25,13551.65,13561.92,167.0124
2020-04-24 08:15:00,13515.85,13553.12,13494.56,13538.67,18.3445
2020-04-24 08:30:00,13563.44,13628.86,13497.72,13583.59,73.8655
2020-04-24 08:45:00,13598.38,13645.75,13593.16,13599.84,196.5668
2020-04-24 09:00:00,13487.87,13528.08,13460.23,13504.95,97.9568
2020-04-24 09:15:00,13534.29,13567.46,13482.22,13517.76,65.5796
2020-04-24 09:30:00,13486.07,13528.39,13473.73,13501.97,228.3386
2020-04-24 09:45:00,13545.47,13552.45,13497.19,13524.41,339.5849
2020-04-24 10:00:00,13577.43,13592.41,13558.54,13563.39,26.8238
2020-04-24 10:15:00,13588.78,13606.57,13551.59,13572.01,20.1867
2020-04-24 10:30:00,13666.24,13669.86,13612.13,13640.49,200.122
2020-04-24 10:45:00,13634.97,13644.37,13625.11,13633.86,27.8325
2020-04-24 11:00:00,13646.26,13668.41,13643.06,13660.1,188.2813
2020-04-24 11:15:00,13692.36,13727.89,13655.09,13693.77,35.8372
2020-04-24 11:30:00,13682.7,13693.18,13682.26,13690.46,1.9373
2020-04-24 11:45:00,13713.39,13757.59,13685.13,13723.13,54.8076
2020-04-24 12:00:00,13701.4,13715.52,13650.0,13699.33,4.1204
2020-04-24 12:15:00,13678.38,13685.31,13674.55,13682.65,23.3183
2020-04-24 12:30:00,13619.21,13643.29,13612.14,13629.46,65.27
2020-04-24 12:45:00,13636.66,13656.11,13610.63,13640.01,3.9256
2020-04-24 13:00:00,13661.5,13682.29,13614.77,13654.0,3.3779
2020-04-24 13:15:00,13716.09,13756.77,13699.48,13702.99,16.8593
2020-04-24 13:30:00,13714.18,13770.92,13696.7,13736.2,62.1298
2020-04-24 13:45:00,13720.99,13742.85,13697.21,13725.15,365.0311
2020-04-24 14:00:00,13675.39,13692.96,13659.75,13677.32,9.807
2020-04-24 14:15:00,13679.57,13703.13,13656.13,13695.77,97.2756
2020-04-24 14:30:00,13740.44,13751.35,13721.24,13742.09,68.7311
2020-04-24 14:45:00,13775.95,13785.92,13768.21,13773.91,6.2041
2020-04-24 15:00:00,13826.58,13841.72,13812.1,13819.41,3.4738
2020-04-24 15:15:00,13812.38,13833.47,13791.92,13811.32,25.0818
2020-04-24 15:30:00,13780.52,13797.74,13740.57,13792.67,115.4392
2020-04-24 15:45:00,13790.56,13794.81,13726.27,13762.87,328.044
2020-04-24 16:00:00,13772.66,13799.06,13748.87,13761.25,81.2106
2020-04-24 16:15:00,13766.3,13779.11,13735.41,13758.7,4.6853
2020-04-24 16:30:00,13781.75,13795.77,13762.82,13767.91,29.8373
2020-04-24 16:45:00,13766.63,13794.76,13726.97,13763.26,285.2884
2020-04-24 17:00:00,13776.13,13801.19,13750.45,13758.43,1.26
2020-04-24 17:15:00,13727.84,13764.93,13706.97,13727.06,92.1936
2020-04-24 17:30:00,13766.55,13785.91,13731.44,13766.53,19.7132
2020-04-24 17:45:00,13779.12,13823.04,13702.49,13770.38,6.8505
2020-04-24 18:00:00,13785.55,13804.6,13715.99,13763.86,29.3615
2020-04-24 18:15:00,13754.45,13789.59,13724.43,13733.68,276.4436
2020-04-24 18:30:00,13687.6,13713.61,13663.45,13679.49,143.4473
2020-04-24 18:45:00,13740.95,13794.48,13705.22,13733.85,18.7801
2020-04-24 19:00:00,13766.97,13775.68,13723.93,13757.39,6.7961
2020-04-24 19:15:00,13704.55,13755.36,13647.02,13691.06,67.9532
2020-04-24 19:30:00,13740.91,13754.25,13719.65,13723.09,5.4098
2020-04-24 19:45:00,13758.5,13764.55,13752.44,13761.75,51.7615
2020-04-24 20:00:00,13785.72,13829.0,13758.95,13767.57,161.0695
2020-04-24 20:15:00,13839.01,13839.79,13817.87,13834.27,69.4475
2020-04-24 20:30:00,13852.97,13856.43,13833.75,13843.96,227.1481
2020-04-24 20:45:00,13804.86,13862.64,13766.0,13785.8,156.6653
2020-04-24 21:00:00,13811.91,13840.56,13754.07,13801.6,81.0285
2020-04-24 21:15:00,13825.08,13855.96,13791.74,13812.43,156.2574
2020-04-24 21:30:00,13782.75,13831.68,13741.53,13788.12,9.9673
2020-04-24 21:45:00,13833.23,13853.28,13810.03,13812.53,22.4847
2020-04-24 22:00:00,13753.68,13767.67,13728.38,13744.12,120.5375
2020-04-24 22:15:00,13787.39,13804.85,13750.5,13785.65,0.5736
2020-04-24 22:30:00,13765.16,13796.78,13717.84,13750.02,0.469
2020-04-24 22:45:00,13745.56,13755.53,13683.15,13710.08,47.8587
2020-04-24 23:00:00,13690.06,13715.03,13667.54,13706.08,201.7982
2020-04-24 23:15:00,13713.54,13738.23,13691.48,13724.57,395.5446
2020-04-24 23:30:00,13768.88,13811.12,13705.08,13732.01,104.9352
2020-04-24 23:45:00,13707.95,13727.58,13698.65,13702.1,300.126
2020-04-25 00:00:00,13684.59,13696.7,13680.09,13681.98,188.1729
2020-04-25 00:15:00,13634.59,13661.98,13614.03,13636.16,22.4998
2020-04-25 00:30:00,13644.12,13691.11,13625.55,13627.65,51.7441
2020-04-25 00:45:00,13707.98,13736.49,13614.42,13672.28,97.7559
2020-04-25 01:00:00,13663.69,13683.28,13661.28,13672.79,16.4064
2020-04-25 01:15:00,13707.4,13751.48,13695.19,13708.72,37.5572
2020-04-25 01:30:00,13764.44,13802.22,13741.45,13769.27,141.218
2020-04-25 01:45:00,13755.74,13772.11,13739.81,13745.66,42.2597
2020-04-25 02:00:00,13755.45,13782.76,13734.44,13738.66,260.2789
2020-04-25 02:15:00,13851.25,13915.75,13823.48,13828.83,52.2185
2020-04-25 02:30:00,13900.09,13952.67,13852.09,13889.44,24.8154
2020-04-25 02:45:00,13855.27,13897.32,13817.82,13820.45,23.5873
2020-04-25 03:00:00,13829.24,13868.23,13781.61,13837.2,116.2239
2020-04-25 03:15:00,13826.36,13868.06,13808.96,13837.91,45.9106
2020-04-25 03:30:00,13893.3,13907.77,13872.8,13872.91,27.0828
2020-04-25 03:45:00,13844.3,13894.13,13836.83,13842.6,118.3734
2020-04-25 04:00:00,13789.43,13840.33,13756.07,13808.43,54.714
2020-04-25 04:15:00,13776.75,13787.56,13768.92,13781.11,187.0755
2020-04-25 04:30:00,13761.67,13761.93,13736.29,13758.15,79.624
2020-04-25 04:45:00,13783.58,13809.22,13756.57,13792.49,358.1875
2020-04-25 05:00:00,13730.36,13755.06,13671.22,13744.31,46.9131
2020-04-25 05:15:00,13716.47,13725.05,13701.95,13719.32,33.1431
2020-04-25 05:30:00,13631.85,13651.55,13606.16,13646.38,103.4379
2020-04-25 05:45:00,13696.98,13717.28,13670.79,13688.29,123.2251
2020-04-25 06:00:00,13714.46,13774.2,13710.88,13741.17,1.7114
2020-04-25 06:15:00,13729.61,13730.31,13726.25,13728.37,110.6795
2020-04-25 06:30:00,13723.91,13724.01,13688.76,13716.79,19.9697
2020-04-25 06:45:00,13734.88,13752.5,13728.24,13736.12,319.0847
2020-04-25 07:00:00,13812.66,13833.83,13795.69,13797.57,85.8038
2020-04-25 07:15:00,13796.24,13830.6,13749.53,13815.17,13.5407
2020-04-25 07:30:00,13777.29,13799.5,13759.98,13786.96,5.4159
2020-04-25 07:45:00,13716.16,13772.18,13697.19,13720.69,211.6965
2020-04-25 08:00:00,13685.22,13723.02,13587.1,13675.47,190.1289
2020-04-25 08:15:00,13682.15,13714.82,13673.32,13679.16,56.9329
2020-04-25 08:30:00,13682.22,13687.44,13641.36,13652.95,9.1567
2020-04-25 08:45:00,13650.61,13698.91,13633.2,13661.62,49.4267
2020-04-25 09:00:00,13620.62,13689.82,13618.2,13639.64,142.9325
2020-04-25 09:15:00,13621.35,13681.16,13585.15,13597.03,108.3214
2020-04-25 09:30:00,13530.31,13589.81,13469.27,13549.69,200.3705
2020-04-25 09:45:00,13623.18,13640.34,13593.36,13613.88,139.1074
2020-04-25 10:00:00,13637.51,13684.81,13576.32,13650.87,40.0679
2020-04-25 10:15:00,13694.02,13760.62,13658.34,13722.42,41.7234
2020-04-25 10:30:00,13740.18,13798.13,13712.78,13745.33,104.3429
2020-04-25 10:45:00,13740.64,13764.01,13715.14,13728.29,37.1314
2020-04-25 11:00:00,13766.64,13797.03,13702.43,13783.48,202.2382
2020-04-25 11:15:00,13790.74,13801.31,13762.76,13782.8,39.7053
2020-04-25 11:30:00,13803.14,13886.23,13774.61,13792.62,67.1255
2020-04-25 11:45:00,13774.0,13835.27,13752.55,13791.54,4.419
2020-04-25 12:00:00,13667.19,13673.81,13654.99,13670.3,12.5666
2020-04-25 12:15:00,13758.46,13797.58,13680.08,13736.8,14.1444
2020-04-25 12:30:00,13766.67,13819.59,13750.08,13757.72,42.1793
2020-04-25 12:45:00,13768.42,13785.89,13749.32,13772.02,12.4007
2020-04-25 13:00:00,13775.87,13790.41,13743.51,13770.15,61.0845
2020-04-25 13:15:00,13768.15,13797.04,13725.43,13777.59,31.3554
2020-04-25 13:30:00,13768.91,13782.92,13728.55,13753.6,31.8081
2020-04-25 13:45:00,13795.06,13805.6,13752.24,13779.72,58.9691
2020-04-25 14:00:00,13728.04,13751.54,13704.33,13726.38,192.3051
2020-04-25 14:15:00,13737.9,13801.72,13728.81,13734.73,143.4352
2020-04-25 14:30:00,13744.81,13767.25,13699.68,13758.55,215.1803
2020-04-25 14:45:00,13732.45,13775.88,13686.06,13751.04,462.2883
2020-04-25 15:00:00,13761.84,13785.26,13756.11,13767.03,1.1164
2020-04-25 15:15:00,13725.57,13764.6,13710.19,13726.77,117.9306
2020-04-25 15:30:00,13702.23,13719.0,13666.07,13687.69,12.764
2020-04-25 15:45:00,13710.73,13740.58,13676.07,13698.09,276.1829
2020-04-25 16:00:00,13729.2,13732.41,13706.79,13726.66,25.7277
2020-04-25 16:15:00,13666.39,13697.91,13614.12,13650.14,43.0715
2020-04-25 16:30:00,13659.3,13678.39,13638.51,13672.2,386.5768
2020-04-25 16:45:00,13665.31,13674.38,13619.09,13650.6,201.8854
2020-04-25 17:00:00,13632.61,13659.22,13620.2,13643.39,4.8359
2020-04-25 17:15:00,13606.09,13614.67,13543.17,13589.24,4.8
2020-04-25 17:30:00,13555.02,13559.58,13528.01,13555.21,170.838
2020-04-25 17:45:00,13568.0,13639.68,13535.59,13595.17,7.2971
2020-04-25 18:00:00,13607.12,13614.46,13564.0,13597.19,190.8751
2020-04-25 18:15:00,13593.25,13604.61,13571.94,13582.26,258.5223
2020-04-25 18:30:00,13571.99,13586.21,13524.34,13578.19,2.4126
2020-04-25 18:45:00,13593.75,13619.58,13590.46,13598.8,24.847
2020-04-25 19:00:00,13615.27,13645.19,13592.76,13617.45,2.3463
2020-04-25 19:15:00,13588.85,13652.9,13557.12,13615.06,7.5622
2020-04-25 19:30:00,13628.08,13691.37,13627.41,13660.39,76.3726
2020-04-25 19:45:00,13718.67,13738.38,13649.27,13700.84,130.9941
2020-04-25 20:00:00,13707.21,13727.18,13685.41,13718.52,65.2915
2020-04-25 20:15:00,13746.91,13755.15,13714.54,13721.45,48.767
2020-04-25 20:30:00,13768.04,13768.84,13747.86,13749.19,23.1579
2020-04-25 20:45:00,13784.41,13816.22,13711.14,13762.84,26.9942
2020-04-25 21:00:00,13798.35,13812.21,13763.62,13807.33,87.3222
2020-04-25 21:15:00,13823.01,13870.83,13814.43,13845.28,193.6306
2020-04-25 21:30:00,13788.68,13819.25,13774.86,13803.68,51.8472
2020-04-25 21:45:00,13753.26,13783.06,13725.79,13759.4,280.7224
2020-04-25 22:00:00,13698.55,13744.41,13697.88,13731.14,5.3526
2020-04-25 22:15:00,13765.49,13797.45,13744.45,13772.04,176.7324
2020-04-25 22:30:00,13704.84,13714.14,13676.87,13707.6,41.3518
2020-04-25 22:45:00,13706.75,13762.84,13689.21,13724.52,203.0784
2020-04-25 23:00:00,13725.84,13754.06,13698.34,13740.13,251.8463
2020-04-25 23:15:00,13785.7,13795.72,13781.61,13788.74,120.5335
2020-04-25 23:30:00,13801.81,13809.51,13788.93,13796.89,43.8587
2020-04-25 23:45:00,13729.75,13779.96,13677.32,13741.99,61.0525
2020-04-26 00:00:00,13707.13,13724.68,13693.25,13703.12,80.2463
2020-04-26 00:15:00,13657.09,13682.72,13624.96,13655.22,62.0045
2020-04-26 00:30:00,13634.5,13645.39,13615.53,13633.86,156.6162
2020-04-26 00:45:00,13618.18,13638.89,13598.42,13627.06,147.6343
2020-04-26 01:00:00,13561.99,13581.28,13535.23,13580.1,1.2736
2020-04-26 01:15:00,13663.84,13690.28,13618.07,13640.7,16.4476
2020-04-26 01:30:00,13595.71,13636.24,13563.95,13587.14,45.1848
2020-04-26 01:45:00,13656.41,13666.06,13640.64,13642.69,111.6038
2020-04-26 02:00:00,13690.74,13710.26,13630.22,13691.88,26.0973
2020-04-26 02:15:00,13727.21,13744.33,13702.98,13729.46,38.9773
2020-04-26 02:30:00,13708.3,13728.19,13646.22,13701.58,62.0045
2020-04-26 02:45:00,13691.17,13744.04,13653.73,13716.34,89.0514
2020-04-26 03:00:00,13649.23,13688.37,13611.0,13664.46,232.0713
2020-04-26 03:15:00,13691.55,13721.59,13669.31,13702.48,163.2874
2020-04-26 03:30:00,13693.9,13747.24,13673.94,13700.13,44.5065
2020-04-26 03:45:00,13671.95,13701.87,13653.12,13683.99,146.0948
2020-04-26 04:00:00,13638.97,13641.18,13569.7,13634.44,178.7716
2020-04-26 04:15:00,13534.88,13571.17,13524.49,13533.78,73.8851
2020-04-26 04:30:00,13511.08,13515.5,13469.3,13492.29,35.1037
2020-04-26 04:45:00,13571.5,13598.89,13483.08,13538.01,286.5969
2020-04-26 05:00:00,13505.25,13527.16,13471.79,13522.32,327.6838
2020-04-26 05:15:00,13518.12,13545.74,13487.26,13516.13,25.4365
2020-04-26 05:30:00,13545.36,13555.25,13525.46,13543.39,153.7425
2020-04-26 05:45:00,13617.24,13625.37,13588.87,13617.43,4.2651
2020-04-26 06:00:00,13657.41,13680.9,13628.99,13672.24,0.2389
2020-04-26 06:15:00,13620.54,13672.74,13614.27,13633.04,43.3206
2020-04-26 06:30:00,13557.53,13569.06,13543.77,13554.28,62.0898
2020-04-26 06:45:00,13638.0,13662.72,13611.97,13650.9,79.04
2020-04-26 07:00:00,13746.69,13762.52,13728.83,13744.51,47.5241
2020-04-26 07:15:00,13749.58,13753.38,13737.78,13752.96,13.7881
2020-04-26 07:30:00,13703.17,13732.86,13687.47,13701.23,42.2802
2020-04-26 07:45:00,13728.41,13749.24,13679.56,13741.51,172.4994
2020-04-26 08:00:00,13739.91,13753.77,13730.13,13737.74,40.9036
2020-04-26 08:15:00,13721.68,13756.16,13708.63,13733.78,89.7233
2020-04-26 08:30:00,13773.53,13790.15,13756.5,13771.31,114.2178
2020-04-26 08:45:00,13804.28,13808.72,13768.65,13785.82,131.84
2020-04-26 09:00:00,13741.05,13751.3,13700.28,13737.46,66.9405
2020-04-26 09:15:00,13729.19,13758.74,13711.42,13724.77,13.4346
2020-04-26 09:30:00,13763.92,13791.63,13711.24,13752.68,230.768
2020-04-26 09:45:00,13755.08,13778.61,13737.34,13774.42,30.1523
2020-04-26 10:00:00,13809.63,13817.22,13758.74,13785.93,41.3935
2020-04-26 10:15:00,13810.63,13847.97,13807.06,13825.23,148.624
2020-04-26 10:30:00,13823.06,13851.86,13798.84,13810.92,144.1908
2020-04-26 10:45:00,13829.33,13833.82,13813.48,13819.01,226.7082
2020-04-26 11:00:00,13667.42,13735.25,13615.62,13679.76,3.4331
2020-04-26 11:15:00,13675.77,13697.1,13659.91,13661.99,207.5534
2020-04-26 11:30:00,13700.8,13720.09,13663.82,13693.98,157.1302
2020-04-26 11:45:00,13704.48,13711.82,13616.16,13678.63,74.464
2020-04-26 12:00:00,13662.82,13674.49,13649.26,13660.18,17.3741
2020-04-26 12:15:00,13616.7,13624.3,13609.68,13618.18,78.7444
2020-04-26 12:30:00,13652.82,13691.78,13633.85,13659.86,21.5601
2020-04-26 12:45:00,13659.16,13724.22,13623.03,13683.01,335.1182
2020-04-26 13:00:00,13713.22,13759.63,13680.92,13717.58,123.3788
2020-04-26 13:15:00,13643.46,13708.27,13627.83,13647.23,90.6925
2020-04-26 13:30:00,13644.92,13668.78,13614.98,13641.34,167.8593
2020-04-26 13:45:00,13611.16,13670.35,13606.14,13630.56,76.0243
2020-04-26 14:00:00,13616.51,13653.89,13612.03,13619.77,6.2152
2020-04-26 14:15:00,13603.11,13613.37,13581.36,13595.28,29.9795
2020-04-26 14:30:00,13591.02,13598.71,13573.09,13581.84,400.0174
2020-04-26 14:45:00,13591.82,13632.64,13588.89,13617.14,190.2555
2020-04-26 15:00:00,13549.24,13571.61,13528.15,13539.68,262.3408
2020-04-26 15:15:00,13609.19,13622.79,13585.02,13612.55,10.2953
2020-04-26 15:30:00,13630.47,13656.91,13606.7,13632.99,28.5017
2020-04-26 15:45:00,13599.71,13664.86,13576.44,13631.94,6.5329
2020-04-26 16:00:00,13690.12,13710.46,13633.4,13669.71,172.6896
2020-04-26 16:15:00,13613.26,13627.04,13600.78,13610.85,19.104
2020-04-26 16:30:00,13563.59,13611.7,13515.04,13584.39,52.7722
2020-04-26 16:45:00,13585.23,13609.17,13563.51,13580.14,31.4029
2020-04-26 17:00:00,13641.15,13651.42,13618.89,13636.45,266.438
2020-04-26 17:15:00,13651.9,13676.3,13620.84,13635.23,93.7464
2020-04-26 17:30:00,13650.09,13659.06,13640.21,13654.32,160.6962
2020-04-26 17:45:00,13631.01,13643.52,13600.72,13630.85,92.1658
2020-04-26 18:00:00,13642.67,13670.43,13597.33,13651.44,94.817
2020-04-26 18:15:00,13729.02,13733.35,13719.23,13720.81,48.2746
2020-04-26 18:30:00,13751.7,13795.9,13696.92,13762.48,27.3122
2020-04-26 18:45:00,13747.52,13785.37,13717.3,13759.8,42.8304
2020-04-26 19:00:00,13787.44,13818.2,13781.91,13788.37,34.9359
2020-04-26 19:15:00,13796.02,13847.96,13779.02,13812.95,117.5146
2020-04-26 19:30:00,13856.8,13863.79,13815.18,13834.64,54.9158
2020-04-26 19:45:00,13908.23,13918.59,13846.76,13881.48,79.8872
2020-04-26 20:00:00,13921.85,13938.07,13878.12,13928.17,147.3778
2020-04-26 20:15:00,13904.24,13925.91,13881.11,13923.55,31.0003
2020-04-26 20:30:00,13955.75,14001.18,13944.4,13951.06,55.104
2020-04-26 20:45:00,13929.0,13963.22,13895.96,13935.72,73.2901
2020-04-26 21:00:00,13914.15,13921.87,13895.93,13897.83,5.5309
2020-04-26 21:15:00,13876.36,13893.99,13840.78,13887.29,16.5095
2020-04-26 21:30:00,13892.36,13953.55,13859.19,13884.8,6.5617
2020-04-26 21:45:00,13817.86,13853.41,13808.6,13816.29,139.5362
2020-04-26 22:00:00,13843.27,13858.47,13823.48,13852.64,35.6544
2020-04-26 22:15:00,13741.62,13779.36,13722.38,13738.32,54.9209
2020-04-26 22:30:00,13863.07,13900.68,13838.18,13850.9,111.5731
2020-04-26 22:45:00,13915.21,13947.55,13884.09,13914.0,339.5301
2020-04-26 23:00:00,13905.16,13916.33,13866.54,13903.8,166.625
2020-04-26 23:15:00,13892.76,13909.57,13860.44,13904.89,5.9537
2020-04-26 23:30:00,13934.15,13966.07,13907.06,13918.23,36.49
2020-04-26 23:45:00,13908.83,13921.24,13885.58,13894.32,5.0322
2020-04-27 00:00:00,13897.34,13934.78,13866.12,13903.04,6.3652
2020-04-27 00:15:00,13896.01,13940.08,13891.54,13897.73,13.6342
2020-04-27 00:30:00,13914.15,13926.62,13880.9,13894.5,38.7255
2020-04-27 00:45:00,13887.0,13920.69,13854.19,13902.76,26.3314
2020-04-27 01:00:00,13857.04,13859.67,13823.85,13848.67,43.4134
2020-04-27 01:15:00,13843.27,13875.39,13796.62,13851.0,172.6028
2020-04-27 01:30:00,13883.13,13883.24,13830.57,13858.49,159.7927
2020-04-27 01:45:00,13865.42,13888.27,13849.11,13864.54,43.192
2020-04-27 02:00:00,13873.72,13910.35,13855.05,13856.25,107.8284
2020-04-27 02:15:00,13893.66,13906.99,13866.08,13904.25,46.6272
2020-04-27 02:30:00,13872.85,13899.95,13871.69,13890.19,48.769
2020-04-27 02:45:00,13897.1,13905.3,13852.19,13900.36,112.6155
2020-04-27 03:00:00,13958.82,13979.38,13910.89,13955.15,48.5031
2020-04-27 03:15:00,13945.4,13964.11,13875.94,13952.52,79.6864
2020-04-27 03:30:00,13972.79,13978.27,13924.41,13962.2,12.2423
2020-04-27 03:45:00,13955.93,13981.05,13933.72,13958.86,77.3952
2020-04-27 04:00:00,13982.21,14077.98,13978.36,14011.37,135.4794
2020-04-27 04:15:00,14008.98,14037.2,13997.48,14001.24,219.2579
2020-04-27 04:30:00,14043.44,14065.78,14034.26,14055.85,15.9299
2020-04-27 04:45:00,14047.1,14053.78,14033.79,14052.18,52.8838
2020-04-27 05:00:00,14038.42,14067.22,13989.97,14016.65,66.5891
2020-04-27 05:15:00,14070.82,14080.32,14016.93,14045.92,235.1901
2020-04-27 05:30:00,14025.71,14071.47,14008.78,14033.79,29.7609
2020-04-27 05:45:00,14068.74,14126.88,14038.92,14060.61,18.1118
2020-04-27 06:00:00,13938.48,13953.66,13931.51,13946.18,15.2558
2020-04-27 06:15:00,13943.1,13952.2,13926.45,13947.1,16.8276
2020-04-27 06:30:00,13920.13,13982.75,13904.3,13928.57,203.6567
2020-04-27 06:45:00,13860.89,13907.71,13819.82,13884.83,96.7077
2020-04-27 07:00:00,13863.8,13899.69,13808.43,13862.48,54.5983
2020-04-27 07:15:00,13843.3,13859.71,13826.8,13839.32,201.5437
2020-04-27 07:30:00,13828.73,13892.79,13824.32,13838.02,35.3863
2020-04-27 07:45:00,13796.94,13807.18,13759.07,13781.94,262.915
2020-04-27 08:00:00,13789.69,13807.76,13772.3,13795.71,142.2365
2020-04-27 08:15:00,13844.12,13853.93,13837.61,13852.94,2.0794
2020-04-27 08:30:00,13872.61,13873.67,13812.89,13865.31,62.1074
2020-04-27 08:45:00,13878.21,13916.53,13866.81,13899.66,184.812
2020-04-27 09:00:00,13958.64,13978.54,13905.38,13945.99,50.442
2020-04-27 09:15:00,13992.79,14007.06,13977.25,13998.42,435.3923
2020-04-27 09:30:00,14091.59,14146.86,14050.67,14077.66,187.4612
2020-04-27 09:45:00,14075.39,14100.94,14033.41,14057.28,139.8574
2020-04-27 10:00:00,14036.66,14050.2,14019.43,14027.68,14.5613
2020-04-27 10:15:00,14049.94,14062.17,14045.16,14061.36,11.4139
2020-04-27 10:30:00,14074.31,14133.17,14058.55,14091.94,102.4961
2020-04-27 10:45:00,14105.18,14137.64,14093.44,14125.43,108.3011
2020-04-27 11:00:00,14221.87,14258.5,14152.48,14206.2,15.9603
2020-04-27 11:15:00,14205.48,14238.29,14178.01,14207.39,192.3911
2020-04-27 11:30:00,14217.74,14258.57,14197.64,14226.27,206.9339
2020-04-27 11:45:00,14183.26,14231.68,14153.28,14185.14,53.8868
2020-04-27 12:00:00,14292.14,14328.4,14256.51,14276.72,93.5807
2020-04-27 12:15:00,14274.12,14289.01,14203.66,14263.02,71.4853
2020-04-27 12:30:00,14256.79,14283.09,14247.21,14250.54,3.6314
2020-04-27 12:45:00,14245.51,14269.19,14218.79,14236.43,9.4765
2020-04-27 13:00:00,14212.16,14216.94,14200.28,14209.6,151.3112
2020-04-27 13:15:00,14183.5,14184.34,14163.43,14179.21,67.0044
2020-04-27 13:30:00,14160.77,14189.48,14140.91,14157.65,94.3923
2020-04-27 13:45:00,14100.34,14146.55,14088.47,14100.34,94.8987
2020-04-27 14:00:00,14078.43,14113.85,14020.06,14067.83,47.7423
2020-04-27 14:15:00,14155.9,14227.24,14104.09,14150.79,2.9854
2020-04-27 14:30:00,14170.23,14220.04,14129.23,14182.72,154.6039
2020-04-27 14:45:00,14230.35,14243.5,14213.64,14222.83,63.1939
2020-04-27 15:00:00,14277.3,14279.41,14260.58,14273.77,14.9553
2020-04-27 15:15:00,14361.8,14366.56,14345.79,14353.02,2.1301
2020-04-27 15:30:00,14275.98,14333.54,14259.23,14277.46,1.7676
2020-04-27 15:45:00,14237.05,14265.86,14189.12,14225.5,3.3916
2020-04-27 16:00:00,14191.04,14203.63,14163.41,14191.91,16.8447
2020-04-27 16:15:00,14182.88,14212.25,14148.55,14172.62,26.3271
2020-04-27 16:30:00,14154.09,14170.34,14138.48,14160.55,28.3881
2020-04-27 16:45:00,14136.79,14161.37,14122.03,14142.27,100.0021
2020-04-27 17:00:00,14160.8,14174.56,14129.73,14152.28,27.6497
2020-04-27 17:15:00,14149.79,14156.4,14143.5,14154.49,112.0727
2020-04-27 17:30:00,14155.66,14179.52,14099.89,14124.5,173.3571
2020-04-27 17:45:00,14040.97,14076.43,14024.05,14033.02,48.5791
2020-04-27 18:00:00,13992.27,13993.8,13925.61,13991.93,126.7102
2020-04-27 18:15:00,13981.02,14012.36,13913.14,13969.57,10.9958
2020-04-27 18:30:00,13953.2,13986.79,13952.7,13959.91,39.7384
2020-04-27 18:45:00,13926.14,13941.04,13885.68,13913.3,114.7711
2020-04-27 19:00:00,13905.95,13935.14,13871.47,13893.51,268.5091
2020-04-27 19:15:00,13864.42,13877.78,13846.07,13847.07,95.5949
2020-04-27 19:30:00,13836.43,13855.99,13770.52,13842.53,45.23
2020-04-27 19:45:00,13781.79,13821.02,13766.41,13798.66,37.6426
2020-04-27 20:00:00,13755.81,13766.77,13746.08,13764.21,49.684
2020-04-27 20:15:00,13707.0,13719.91,13705.34,13710.86,105.8141
2020-04-27 20:30:00,13728.08,13733.43,13676.71,13705.23,39.5996
2020-04-27 20:45:00,13700.3,13703.36,13670.24,13670.29,63.4874
2020-04-27 21:00:00,13712.89,13730.99,13657.66,13708.16,142.2961
2020-04-27 21:15:00,13725.67,13746.3,13696.45,13725.54,27.1518
2020-04-27 21:30:00,13718.55,13751.04,13704.34,13723.35,126.0579
2020-04-27 21:45:00,13702.49,13738.08,13663.03,13691.2,143.3214
2020-04-27 22:00:00,13737.52,13759.09,13682.46,13707.52,199.2711
2020-04-27 22:15:00,13761.14,13785.45,13715.91,13736.6,2.416
2020-04-27 22:30:00,13758.81,13768.14,13694.89,13743.17,12.0769
2020-04-27 22:45:00,13825.49,13874.8,13768.93,13809.98,309.7489
2020-04-27 23:00:00,13841.22,13857.76,13816.65,13829.71,13.4425
2020-04-27 23:15:00,13867.65,13869.65,13824.42,13868.31,66.9176
2020-04-27 23:30:00,13864.34,13886.14,13843.78,13874.56,18.2661
2020-04-27 23:45:00,13903.09,13910.1,13890.66,13903.38,167.0717
2020-04-28 00:00:00,13876.7,13913.71,13869.03,13870.84,10.1483
2020-04-28 00:15:00,13832.32,13857.26,13801.16,13852.46,8.9506
2020-04-28 00:30:00,13865.55,13902.82,13839.68,13867.67,70.2598
2020-04-28 00:45:00,13871.13,13892.31,13855.82,13882.59,27.2044
2020-04-28 01:00:00,13918.52,13928.23,13886.56,13904.43,108.3397
2020-04-28 01:15:00,13943.35,13972.51,13925.04,13951.02,115.454
2020-04-28 01:30:00,13896.64,13897.75,13865.65,13892.08,88.2007
2020-04-28 01:45:00,13842.47,13871.72,13842.3,13852.16,179.9597
2020-04-28 02:00:00,13884.55,13917.75,13841.57,13862.4,119.5182
2020-04-28 02:15:00,13809.44,13835.95,13778.19,13832.97,20.766
2020-04-28 02:30:00,13980.48,13995.31,13942.49,13973.83,8.1652
2020-04-28 02:45:00,13978.27,14030.93,13961.47,13996.15,137.7385
2020-04-28 03:00:00,13986.43,14025.44,13972.85,13993.56,134.7156
2020-04-28 03:15:00,13975.5,13999.01,13929.24,13972.62,189.9275
2020-04-28 03:30:00,13956.76,13970.86,13889.26,13953.19,22.608
2020-04-28 03:45:00,13958.35,14003.34,13947.29,13955.15,25.2505
2020-04-28 04:00:00,13962.66,13970.64,13938.38,13960.54,85.9606
2020-04-28 04:15:00,13933.16,13973.06,13909.95,13942.11,16.9152
2020-04-28 04:30:00,13929.09,13961.76,13900.09,13931.38,35.1457
2020-04-28 04:45:00,13988.7,13992.48,13970.7,13988.26,167.3607
2020-04-28 05:00:00,14049.8,14059.85,14035.88,14047.06,40.6784
2020-04-28 05:15:00,14057.46,14064.6,14013.99,14058.38,1.1393
2020-04-28 05:30:00,14012.73,14042.98,14000.02,14002.52,105.2186
2020-04-28 05:45:00,14027.15,14058.05,13958.65,14025.84,19.9166
2020-04-28 06:00:00,14094.78,14104.61,14091.66,14091.94,21.7948
2020-04-28 06:15:00,14145.14,14165.47,14106.24,14150.55,1.6668
2020-04-28 06:30:00,14167.51,14232.74,14167.45,14182.44,86.2826
2020-04-28 06:45:00,14245.86,14280.09,14201.99,14243.67,82.5318
2020-04-28 07:00:00,14263.86,14283.4,14230.91,14246.66,10.1408
2020-04-28 07:15:00,14280.56,14318.96,14256.66,14274.22,5.1747
2020-04-28 07:30:00,14234.14,14263.24,14229.39,14245.78,67.4985
2020-04-28 07:45:00,14270.6,14311.38,14246.1,14258.98,152.0011
2020-04-28 08:00:00,14311.77,14323.6,14306.84,14316.57,307.3525
2020-04-28 08:15:00,14302.18,14349.57,14270.08,14291.97,7.8128
2020-04-28 08:30:00,14250.49,14272.8,14246.92,14255.75,123.1591
2020-04-28 08:45:00,14265.67,14312.98,14258.69,14260.63,21.2509
2020-04-28 09:00:00,14244.26,14262.64,14215.0,14251.65,3.4566
2020-04-28 09:15:00,14273.07,14318.4,14259.66,14280.12,40.7625
2020-04-28 09:30:00,14239.07,14265.96,14237.69,14261.41,85.3037
2020-04-28 09:45:00,14342.99,14346.54,14331.48,14335.65,91.9676
2020-04-28 10:00:00,14286.18,14338.68,14215.95,14280.9,5.0454
2020-04-28 10:15:00,14341.44,14362.13,14313.74,14335.33,262.8275
2020-04-28 10:30:00,14307.09,14313.82,14292.15,14303.15,5.6135
2020-04-28 10:45:00,14215.96,14238.86,14188.73,14226.8,24.4868
2020-04-28 11:00:00,14251.42,14267.52,14200.54,14237.66,56.6523
2020-04-28 11:15:00,14241.63,14244.7,14188.29,14227.5,291.2354
2020-04-28 11:30:00,14169.67,14214.76,14163.53,14180.85,473.67
2020-04-28 11:45:00,14117.54,14122.11,14076.57,14110.03,0.0352
2020-04-28 12:00:00,14122.73,14147.43,14101.12,14110.38,25.4268
2020-04-28 12:15:00,14145.74,14179.76,14125.88,14152.4,69.5852
2020-04-28 12:30:00,14173.74,14180.03,14145.54,14177.94,118.5464
2020-04-28 12:45:00,14188.63,14211.55,14176.48,14181.06,106.9285
2020-04-28 13:00:00,14180.69,14242.84,14127.59,14202.14,28.9699
2020-04-28 13:15:00,14186.23,14235.73,14144.31,14201.69,22.004
2020-04-28 13:30:00,14127.49,14174.72,14104.74,14141.49,1.4377
2020-04-28 13:45:00,14056.62,14085.92,14029.88,14081.91,185.0617
2020-04-28 14:00:00,14089.3,14090.93,14005.55,14074.03,47.6097
2020-04-28 14:15:00,14039.99,14095.15,14017.92,14067.96,199.7609
2020-04-28 14:30:00,14109.41,14125.82,14085.91,14104.57,39.1127
2020-04-28 14:45:00,14148.8,14166.17,14103.03,14137.32,141.073
2020-04-28 15:00:00,14159.54,14171.54,14157.43,14163.7,7.2206
2020-04-28 15:15:00,14143.03,14199.43,14129.21,14152.49,166.8343
2020-04-28 15:30:00,14097.86,14128.59,14091.24,14094.58,221.6521
2020-04-28 15:45:00,14112.74,14113.2,14092.71,14112.71,30.7722
2020-04-28 16:00:00,14149.84,14155.56,14126.93,14135.65,15.2994
2020-04-28 16:15:00,13998.18,14060.73,13971.11,14035.07,21.8336
2020-04-28 16:30:00,13987.78,14024.1,13967.11,14000.64,202.3323
2020-04-28 16:45:00,13980.16,13996.24,13958.9,13972.31,33.7161
2020-04-28 17:00:00,13978.68,13995.58,13972.36,13977.97,26.3125
2020-04-28 17:15:00,13955.47,13972.06,13898.72,13944.98,385.768
2020-04-28 17:30:00,13947.74,13956.55,13942.76,13944.09,110.8696
2020-04-28 17:45:00,13934.1,13965.55,13918.65,13935.98,178.5132
2020-04-28 18:00:00,13925.81,13952.29,13865.68,13930.02,137.4582
2020-04-28 18:15:00,13933.1,13953.37,13898.91,13900.78,46.8427
2020-04-28 18:30:00,13896.12,13934.07,13872.19,13874.83,198.5925
2020-04-28 18:45:00,13837.41,13838.2,13805.25,13830.55,88.7142
2020-04-28 19:00:00,13848.1,13849.7,13825.96,13847.01,107.1182
2020-04-28 19:15:00,13878.9,13901.64,13845.24,13871.43,39.4641
2020-04-28 19:30:00,13851.5,13856.44,13789.84,13840.06,397.1979
2020-04-28 19:45:00,13909.71,13923.11,13903.1,13903.89,192.828
2020-04-28 20:00:00,13881.02,13907.02,13845.17,13891.46,16.0303
2020-04-28 20:15:00,13980.83,14044.57,13933.06,13955.92,22.8002
2020-04-28 20:30:00,13933.17,13949.83,13919.39,13929.74,138.0645
2020-04-28 20:45:00,13873.63,13916.6,13826.93,13845.74,2.6089
2020-04-28 21:00:00,13865.74,13885.12,13844.95,13863.14,40.8646
2020-04-28 21:15:00,13870.76,13896.93,13866.26,13874.17,76.0396
2020-04-28 21:30:00,13895.5,13918.62,13853.0,13876.3,22.9301
2020-04-28 21:45:00,13854.43,13886.99,13850.09,13850.26,206.4759
2020-04-28 22:00:00,13851.36,13907.31,13824.04,13849.51,220.0644
2020-04-28 22:15:00,13812.36,13837.15,13796.08,13828.96,314.2984
2020-04-28 22:30:00,13826.23,13833.36,13809.55,13817.11,15.8212
2020-04-28 22:45:00,13845.85,13880.07,13829.58,13852.69,8.2607
2020-04-28 23:00:00,13854.83,13901.96,13845.83,13861.04,81.2144
2020-04-28 23:15:00,13880.28,13923.45,13812.29,13887.09,157.2301
2020-04-28 23:30:00,13884.22,13884.66,13856.3,13878.13,34.3982
2020-04-28 23:45:00,13843.29,13887.67,13825.42,13864.58,27.5716
2020-04-29 00:00:00,13814.38,13826.64,13784.94,13817.3,72.9232
2020-04-29 00:15:00,13816.18,13864.42,13771.36,13802.65,65.7888
2020-04-29 00:30:00,13648.8,13676.79,13611.91,13665.82,65.3061
2020-04-29 00:45:00,13644.66,13652.85,13635.74,13642.3,51.966
2020-04-29 01:00:00,13631.02,13668.91,13610.48,13639.64,129.8494
2020-04-29 01:15:00,13657.87,13667.59,13638.91,13663.38,95.3709
2020-04-29 01:30:00,13675.65,13758.2,13635.16,13653.05,66.907
2020-04-29 01:45:00,13645.42,13674.75,13620.23,13667.98,127.5471
2020-04-29 02:00:00,13589.68,13624.17,13567.81,13579.28,30.34
2020-04-29 02:15:00,13571.15,13615.57,13561.47,13577.64,222.4114
2020-04-29 02:30:00,13502.78,13553.64,13447.03,13509.91,48.4781
2020-04-29 02:45:00,13446.65,13491.67,13443.32,13461.61,39.6891
2020-04-29 03:00:00,13464.87,13498.58,13435.39,13454.73,78.1487
2020-04-29 03:15:00,13504.33,13543.54,13474.81,13506.92,31.5272
2020-04-29 03:30:00,13518.34,13569.5,13511.98,13522.63,31.2986
2020-04-29 03:45:00,13525.53,13537.23,13517.36,13524.05,8.1074
2020-04-29 04:00:00,13521.63,13552.3,13480.55,13523.93,105.5378
2020-04-29 04:15:00,13468.65,13517.03,13417.39,13495.66,243.8753
2020-04-29 04:30:00,13467.69,13514.43,13415.78,13474.31,115.602
2020-04-29 04:45:00,13504.34,13511.58,13441.65,13492.26,83.8722
2020-04-29 05:00:00,13416.61,13445.24,13406.15,13436.85,124.4061
2020-04-29 05:15:00,13446.76,13474.42,13422.87,13461.43,339.4744
2020-04-29 05:30:00,13440.68,13456.96,13427.63,13446.42,41.0217
2020-04-29 05:45:00,13470.61,13521.39,13403.66,13480.39,56.3331
2020-04-29 06:00:00,13519.56,13523.5,13516.54,13519.93,33.7178
2020-04-29 06:15:00,13438.04,13461.31,13404.04,13452.75,1.6862
2020-04-29 06:30:00,13424.74,13450.58,13388.33,13429.95,42.6832
2020-04-29 06:45:00,13395.51,13429.39,13387.83,13396.15,7.4309
2020-04-29 07:00:00,13332.62,13396.41,13317.26,13323.97,195.474
2020-04-29 07:15:00,13299.9,13324.35,13251.07,13283.37,125.7406
2020-04-29 07:30:00,13377.81,13386.6,13357.68,13381.31,36.2451
2020-04-29 07:45:00,13431.76,13442.47,13395.86,13406.45,39.7415
2020-04-29 08:00:00,13481.75,13545.95,13444.89,13484.23,84.3048
2020-04-29 08:15:00,13529.65,13542.96,13513.48,13518.45,159.9646
2020-04-29 08:30:00,13515.09,13540.15,13475.19,13489.04,126.836
2020-04-29 08:45:00,13476.14,13507.99,13451.17,13474.26,2.9242
2020-04-29 09:00:00,13480.18,13502.24,13465.88,13498.72,153.8495
2020-04-29 09:15:00,13518.34,13523.38,13514.41,13517.11,213.1441
2020-04-29 09:30:00,13486.12,13535.37,13461.2,13494.38,9.419
2020-04-29 09:45:00,13430.24,13454.82,13396.72,13433.92,146.9936
2020-04-29 10:00:00,13594.03,13617.03,13551.31,13567.1,28.999
2020-04-29 10:15:00,13545.45,13581.68,13491.31,13562.03,19.0808
2020-04-29 10:30:00,13553.53,13564.09,13467.23,13549.46,78.4992
2020-04-29 10:45:00,13542.84,13586.17,13524.62,13554.74,80.4463
2020-04-29 11:00:00,13541.38,13585.47,13509.33,13545.55,63.6534
2020-04-29 11:15:00,13561.31,13619.67,13549.29,13551.21,232.0781
2020-04-29 11:30:00,13608.54,13627.83,13587.75,13604.21,27.6565
2020-04-29 11:45:00,13596.75,13603.62,13566.64,13599.81,92.267
2020-04-29 12:00:00,13544.24,13563.9,13533.13,13553.05,52.7408
2020-04-29 12:15:00,13551.44,13556.38,13522.15,13547.15,206.9721
2020-04-29 12:30:00,13552.06,13577.26,13489.69,13528.96,14.2503
2020-04-29 12:45:00,13575.18,13588.67,13573.88,13587.43,8.6555
2020-04-29 13:00:00,13661.91,13697.86,13577.83,13635.84,492.8162
2020-04-29 13:15:00,13657.29,13671.39,13624.89,13640.92,86.0865
2020-04-29 13:30:00,13607.88,13628.06,13587.32,13589.28,242.9757
2020-04-29 13:45:00,13544.15,13556.15,13536.29,13539.98,52.4615
2020-04-29 14:00:00,13557.13,13606.94,13529.82,13541.27,92.7087
2020-04-29 14:15:00,13541.93,13583.3,13503.39,13555.61,118.4464
2020-04-29 14:30:00,13532.01,13544.41,13499.28,13541.05,427.68
2020-04-29 14:45:00,13532.58,13584.58,13500.09,13522.22,11.9616
2020-04-29 15:00:00,13502.84,13515.26,13472.92,13498.85,13.3281
2020-04-29 15:15:00,13496.58,13503.15,13478.08,13498.58,74.0665
2020-04-29 15:30:00,13369.22,13415.89,13338.53,13402.76,5.7417
2020-04-29 15:45:00,13353.33,13375.17,13335.24,13359.15,130.0042
2020-04-29 16:00:00,13319.03,13347.59,13311.56,13334.69,468.3727
2020-04-29 16:15:00,13390.26,13392.2,13374.97,13383.66,166.8317
2020-04-29 16:30:00,13349.1,13363.31,13333.91,13351.65,30.8986
2020-04-29 16:45:00,13351.16,13407.19,13348.27,13359.55,160.7247
2020-04-29 17:00:00,13404.63,13422.06,13333.48,13369.3,98.8529
2020-04-29 17:15:00,13435.96,13452.48,13388.71,13422.02,12.7174
2020-04-29 17:30:00,13487.76,13505.18,13459.75,13473.53,83.4536
2020-04-29 17:45:00,13501.55,13537.63,13450.7,13471.88,227.086
2020-04-29 18:00:00,13464.13,13497.94,13430.53,13453.34,34.2382
2020-04-29 18:15:00,13416.87,13451.39,13393.22,13427.22,107.6188
2020-04-29 18:30:00,13406.27,13438.18,13381.36,13418.18,4.2453
2020-04-29 18:45:00,13414.31,13433.12,13363.0,13401.38,179.7065
2020-04-29 19:00:00,13396.66,13428.39,13358.94,13424.31,23.0593
2020-04-29 19:15:00,13440.86,13458.66,13430.63,13441.9,93.809
2020-04-29 19:30:00,13437.2,13471.14,13412.28,13466.44,74.2744
2020-04-29 19:45:00,13519.33,13542.91,13508.64,13517.99,79.4361
2020-04-29 20:00:00,13605.82,13627.17,13591.44,13594.21,29.2677
2020-04-29 20:15:00,13603.78,13629.57,13576.04,13599.98,81.8964
2020-04-29 20:30:00,13658.31,13685.56,13617.72,13645.51,92.3193
2020-04-29 20:45:00,13658.58,13672.8,13602.88,13631.8,55.418
2020-04-29 21:00:00,13678.98,13700.71,13654.2,13680.94,100.3083
2020-04-29 21:15:00,13763.73,13769.93,13649.91,13725.19,21.2666
2020-04-29 21:30:00,13770.33,13794.26,13762.16,13767.4,71.866
2020-04-29 21:45:00,13785.05,13807.02,13747.87,13771.98,126.1607
2020-04-29 22:00:00,13736.65,13797.26,13695.45,13745.05,45.8859
2020-04-29 22:15:00,13710.4,13730.5,13679.99,13688.23,52.9578
2020-04-29 22:30:00,13701.53,13748.32,13684.94,13687.28,17.9371
2020-04-29 22:45:00,13771.14,13772.85,13745.36,13750.91,95.8283
2020-04-29 23:00:00,13739.56,13778.02,13725.15,13738.81,13.184
2020-04-29 23:15:00,13754.57,13810.99,13708.24,13771.86,69.4765
2020-04-29 23:30:00,13813.77,13817.71,13792.28,13807.42,23.6255
2020-04-29 23:45:00,13772.94,13815.36,13760.18,13796.36,21.5831
2020-04-30 00:00:00,13846.87,13865.73,13824.19,13851.53,10.0737
2020-04-30 00:15:00,13733.98,13745.38,13731.31,13731.35,44.223
2020-04-30 00:30:00,13714.19,13745.73,13647.82,13681.67,202.0498
2020-04-30 00:45:00,13649.12,13661.5,13638.53,13644.77,92.8649
2020-04-30 01:00:00,13613.8,13646.4,13610.13,13611.9,151.0087
2020-04-30 01:15:00,13625.45,13644.48,13610.5,13626.31,12.1683
2020-04-30 01:30:00,13620.54,13703.02,13607.79,13638.85,37.5879
2020-04-30 01:45:00,13656.82,13693.22,13654.86,13655.65,49.2027
2020-04-30 02:00:00,13682.16,13741.24,13624.95,13680.75,196.6178
2020-04-30 02:15:00,13629.23,13674.63,13628.73,13642.44,109.183
2020-04-30 02:30:00,13577.14,13609.12,13576.07,13593.27,67.4283
2020-04-30 02:45:00,13603.56,13650.63,13601.24,13610.11,35.7364
2020-04-30 03:00:00,13585.94,13619.89,13579.55,13585.06,142.6906
2020-04-30 03:15:00,13515.55,13535.5,13507.81,13521.73,219.215
2020-04-30 03:30:00,13547.56,13615.43,13537.58,13561.81,76.9623
2020-04-30 03:45:00,13623.19,13675.32,13598.77,13619.25,4.4398
2020-04-30 04:00:00,13690.93,13734.07,13682.23,13683.55,31.725
2020-04-30 04:15:00,13693.58,13701.68,13663.05,13691.91,136.9661
2020-04-30 04:30:00,13710.59,13741.82,13658.65,13718.31,49.0373
2020-04-30 04:45:00,13783.57,13787.34,13733.42,13775.37,98.3279
2020-04-30 05:00:00,13746.93,13786.16,13722.32,13749.55,74.3434
2020-04-30 05:15:00,13779.65,13811.12,13778.23,13796.06,238.2896
2020-04-30 05:30:00,13822.45,13846.43,13806.0,13808.14,36.6728
2020-04-30 05:45:00,13851.58,13866.08,13828.94,13846.68,59.0696
2020-04-30 06:00:00,13853.45,13869.37,13825.02,13855.11,6.6973
2020-04-30 06:15:00,13887.83,13920.0,13886.76,13909.68,163.4562
2020-04-30 06:30:00,13909.33,13933.93,13905.02,13919.7,39.4261
2020-04-30 06:45:00,13886.4,13932.02,13801.77,13858.43,127.9897
2020-04-30 07:00:00,13898.49,13978.39,13888.82,13919.48,0.3036
2020-04-30 07:15:00,13877.12,13893.27,13839.59,13880.61,202.0669
2020-04-30 07:30:00,13933.26,13935.96,13903.08,13933.49,357.4124
2020-04-30 07:45:00,13934.88,13971.56,13893.13,13930.41,63.4804
2020-04-30 08:00:00,13959.32,14012.89,13917.15,13980.26,65.8947
2020-04-30 08:15:00,14030.99,14055.74,14019.5,14028.55,95.8065
2020-04-30 08:30:00,14023.67,14091.72,14014.23,14047.35,369.335
2020-04-30 08:45:00,14070.86,14104.86,14013.87,14069.48,81.7757
2020-04-30 09:00:00,14078.84,14098.12,14059.68,14088.03,7.6725
2020-04-30 09:15:00,13991.49,14028.65,13949.28,14003.62,83.2798
2020-04-30 09:30:00,14020.99,14039.83,13968.69,14009.29,54.3087
2020-04-30 09:45:00,13959.79,13979.34,13951.31,13963.08,143.0703
2020-04-30 10:00:00,13977.57,14047.79,13940.06,13970.95,36.1456
2020-04-30 10:15:00,13930.81,13934.3,13896.97,13923.75,258.3159
2020-04-30 10:30:00,13892.57,13910.77,13873.64,13874.95,160.9818
2020-04-30 10:45:00,13925.6,13963.55,13901.05,13942.45,39.5367
2020-04-30 11:00:00,14000.73,14013.53,13972.78,13987.88,43.385
2020-04-30 11:15:00,13988.63,14030.02,13983.1,13988.4,72.9431
2020-04-30 11:30:00,13991.56,14026.32,13959.47,13996.85,10.4909
2020-04-30 11:45:00,13971.07,14046.67,13967.5,13987.14,117.1565
2020-04-30 12:00:00,14020.26,14025.0,13997.0,14011.76,93.9422
2020-04-30 12:15:00,13971.14,14007.74,13949.62,13984.04,38.3761
2020-04-30 12:30:00,14033.69,14089.36,14010.93,14026.43,101.6238
2020-04-30 12:45:00,14043.5,14044.14,13985.61,14016.48,10.3411
2020-04-30 13:00:00,14013.24,14072.75,13989.76,13999.53,303.7625
2020-04-30 13:15:00,14020.62,14035.95,13989.14,14001.14,6.932
2020-04-30 13:30:00,13966.96,14007.55,13943.55,13977.01,39.8747
2020-04-30 13:45:00,14002.16,14029.74,13967.56,13991.49,352.4495
2020-04-30 14:00:00,13953.65,13986.89,13926.71,13969.63,50.8087
2020-04-30 14:15:00,13986.7,14031.17,13962.71,13989.97,216.8066
2020-04-30 14:30:00,14066.15,14071.41,14033.86,14041.7,16.3578
2020-04-30 14:45:00,14003.58,14035.06,13990.46,14012.1,6.9068
2020-04-30 15:00:00,14022.88,14024.08,13977.64,14007.31,11.4482
2020-04-30 15:15:00,14041.65,14058.21,13984.24,14027.4,357.7428
2020-04-30 15:30:00,14024.82,14054.71,13984.29,14009.76,9.2968
2020-04-30 15:45:00,14012.2,14064.5,14001.67,14029.97,105.4797
2020-04-30 16:00:00,14061.43,14062.46,14044.43,14054.05,58.089
2020-04-30 16:15:00,14098.22,14116.46,14072.57,14100.43,197.1824
2020-04-30 16:30:00,14090.82,14114.55,14069.58,14075.5,34.8583
2020-04-30 16:45:00,14013.16,14062.97,13963.92,14036.39,2.9338
2020-04-30 17:00:00,14029.3,14040.77,14017.54,14024.14,138.0711
2020-04-30 17:15:00,13987.29,13988.52,13982.59,13984.13,88.8574
2020-04-30 17:30:00,13980.63,14050.19,13968.31,14008.51,57.005
2020-04-30 17:45:00,13948.03,13975.26,13947.68,13960.39,39.0108
2020-04-30 18:00:00,14033.06,14070.07,14009.63,14058.79,229.6969
2020-04-30 18:15:00,14103.9,14152.21,14082.37,14114.15,12.988
2020-04-30 18:30:00,14123.15,14150.91,14094.04,14115.39,15.2399
2020-04-30 18:45:00,14155.59,14167.29,14139.46,14152.83,1.494
2020-04-30 19:00:00,14086.43,14087.33,14053.35,14084.04,7.5331
2020-04-30 19:15:00,14176.61,14192.73,14143.81,14191.36,194.6885
2020-04-30 19:30:00,14182.82,14232.21,14139.97,14166.95,157.818
2020-04-30 19:45:00,14162.27,14209.9,14147.62,14162.53,10.8055
2020-04-30 20:00:00,14084.86,14150.15,14051.55,14084.39,151.3289
2020-04-30 20:15:00,14118.9,14152.17,14072.92,14105.64,102.457
2020-04-30 20:30:00,14045.59,14068.69,14021.62,14059.53,49.0182
2020-04-30 20:45:00,14067.73,14078.74,14053.83,14064.52,8.7962
2020-04-30 21:00:00,14048.2,14067.39,14036.14,14042.25,92.2187
2020-04-30 21:15:00,13989.92,14006.49,13969.26,13997.56,183.0557
2020-04-30 21:30:00,13973.59,14033.67,13954.11,13964.48,54.5951
2020-04-30 21:45:00,13981.3,13999.37,13953.24,13974.63,55.2321
2020-04-30 22:00:00,13920.2,13928.07,13919.85,13921.61,175.2634
2020-04-30 22:15:00,13889.19,13912.06,13882.41,13891.03,23.6474
2020-04-30 22:30:00,13926.65,13943.26,13870.18,13919.37,18.9308
2020-04-30 22:45:00,14039.8,14051.11,13999.95,14028.74,118.9347
2020-04-30 23:00:00,14050.42,14081.19,14041.36,14049.54,106.8466
2020-04-30 23:15:00,14027.27,14034.67,13999.52,14011.58,243.1855
2020-04-30 23:30:00,14006.07,14007.58,13942.63,13996.85,40.6846
2020-04-30 23:45:00,13973.84,14010.16,13898.13,13998.87,22.5648
2020-05-01 00:00:00,13965.25,14049.2,13962.59,13984.9,56.0068
2020-05-01 00:15:00,14040.07,14044.4,13960.66,14023.49,48.4168
2020-05-01 00:30:00,14029.87,14034.66,14020.35,14033.34,278.2153
2020-05-01 00:45:00,14074.57,14127.98,14052.58,14072.26,249.6247
2020-05-01 01:00:00,14075.71,14076.46,13977.18,14059.69,55.8878
2020-05-01 01:15:00,14116.21,14142.71,14085.46,14116.3,53.1871
2020-05-01 01:30:00,14110.48,14122.49,14073.56,14109.95,58.8774
2020-05-01 01:45:00,14057.33,14106.08,14030.65,14069.55,131.2656
2020-05-01 02:00:00,14167.39,14194.16,14134.55,14162.15,79.8641
2020-05-01 02:15:00,14093.59,14107.82,14072.25,14085.33,33.9571
2020-05-01 02:30:00,14046.69,14078.44,13982.54,14054.81,146.4168
2020-05-01 02:45:00,14016.14,14048.54,14004.24,14029.08,234.1628
2020-05-01 03:00:00,14172.47,14233.81,14119.12,14135.35,126.4989
2020-05-01 03:15:00,14211.36,14229.29,14200.94,14212.68,21.6481
2020-05-01 03:30:00,14267.32,14317.45,14264.61,14277.09,156.9129
2020-05-01 03:45:00,14273.71,14306.71,14216.62,14263.64,450.5428
2020-05-01 04:00:00,14367.44,14369.59,14347.58,14368.17,115.5675
2020-05-01 04:15:00,14369.15,14437.68,14352.95,14384.76,27.9563
2020-05-01 04:30:00,14434.63,14438.86,14361.43,14427.66,0.5563
2020-05-01 04:45:00,14423.84,14436.8,14410.0,14436.16,48.6794
2020-05-01 05:00:00,14457.49,14457.65,14423.49,14434.73,63.535
2020-05-01 05:15:00,14431.69,14468.44,14385.42,14424.55,240.4114
2020-05-01 05:30:00,14412.21,14438.16,14365.7,14416.2,96.6742
2020-05-01 05:45:00,14444.82,14462.31,14417.89,14443.24,33.0756
2020-05-01 06:00:00,14472.93,14475.96,14429.18,14459.87,117.678
2020-05-01 06:15:00,14461.92,14512.9,14442.88,14459.23,9.6719
2020-05-01 06:30:00,14556.26,14568.99,14521.91,14525.43,24.0075
2020-05-01 06:45:00,14413.23,14463.1,14361.12,14396.88,136.4496
2020-05-01 07:00:00,14426.65,14481.54,14411.27,14419.62,35.2725
2020-05-01 07:15:00,14437.85,14480.62,14423.85,14451.39,3.1637
2020-05-01 07:30:00,14499.71,14520.0,14497.18,14501.84,68.6704
2020-05-01 07:45:00,14506.69,14516.53,14480.82,14499.74,107.3091
2020-05-01 08:00:00,14497.57,14519.44,14486.4,14509.51,155.5993
2020-05-01 08:15:00,14571.98,14608.71,14498.88,14553.15,36.5329
2020-05-01 08:30:00,14604.74,14625.57,14589.54,14618.99,55.2646
2020-05-01 08:45:00,14597.23,14632.94,14571.9,14606.54,81.3196
2020-05-01 09:00:00,14610.74,14626.62,14605.44,14618.96,7.7606
2020-05-01 09:15:00,14704.24,14731.4,14675.98,14693.31,22.0202
2020-05-01 09:30:00,14588.67,14631.01,14562.55,14600.42,46.0852
2020-05-01 09:45:00,14544.7,14592.05,14522.04,14570.93,31.0851
2020-05-01 10:00:00,14651.66,14657.51,14618.74,14635.73,62.7039
2020-05-01 10:15:00,14677.91,14704.52,14626.58,14684.43,105.1919
2020-05-01 10:30:00,14692.47,14715.31,14638.53,14708.18,77.5846
2020-05-01 10:45:00,14678.04,14709.81,14676.45,14689.12,148.8142
2020-05-01 11:00:00,14676.15,14696.58,14647.89,14651.0,98.4439
2020-05-01 11:15:00,14616.14,14674.95,14574.41,14625.75,34.5187
2020-05-01 11:30:00,14692.59,14737.13,14647.53,14694.4,12.7798
2020-05-01 11:45:00,14660.88,14682.18,14658.73,14667.43,102.0793
2020-05-01 12:00:00,14654.54,14719.95,14636.7,14672.63,23.8197
2020-05-01 12:15:00,14629.31,14685.58,14602.0,14640.18,38.3702
2020-05-01 12:30:00,14658.83,14680.36,14631.26,14677.93,158.5733
2020-05-01 12:45:00,14668.95,14695.92,14603.39,14654.94,24.8351
2020-05-01 13:00:00,14652.86,14675.93,14625.06,14651.38,77.1834
2020-05-01 13:15:00,14614.32,14614.51,14534.74,14578.13,9.9626
2020-05-01 13:30:00,14498.01,14610.91,14456.04,14508.29,53.8779
2020-05-01 13:45:00,14496.89,14594.31,14493.36,14509.35,392.5974
2020-05-01 14:00:00,14474.56,14514.86,14423.02,14452.4,308.7471
2020-05-01 14:15:00,14559.78,14586.14,14537.06,14544.39,292.9838
2020-05-01 14:30:00,14460.73,14502.17,14410.27,14455.17,90.4267
2020-05-01 14:45:00,14405.13,14471.62,14374.32,14421.19,34.9123
2020-05-01 15:00:00,14447.8,14488.16,14373.27,14422.63,43.843
2020-05-01 15:15:00,14406.52,14481.21,14377.38,14407.56,23.0728
2020-05-01 15:30:00,14354.37,14369.71,14347.31,14360.55,10.2695
2020-05-01 15:45:00,14336.37,14371.04,14287.65,14320.0,18.4947
2020-05-01 16:00:00,14277.84,14289.16,14254.37,14278.16,62.9724
2020-05-01 16:15:00,14249.96,14308.78,14239.46,14266.59,2.7402
2020-05-01 16:30:00,14351.43,14356.31,14337.79,14350.85,280.0103
2020-05-01 16:45:00,14343.7,14365.99,14293.44,14354.92,82.4676
2020-05-01 17:00:00,14363.23,14412.48,14345.35,14406.58,19.058
2020-05-01 17:15:00,14416.49,14440.96,14410.92,14429.21,53.8438
2020-05-01 17:30:00,14470.51,14502.91,14427.25,14478.15,47.2065
2020-05-01 17:45:00,14340.67,14390.13,14310.22,14357.26,180.3932
2020-05-01 18:00:00,14353.11,14357.54,14272.41,14344.86,12.8396
2020-05-01 18:15:00,14390.64,14445.6,14382.8,14401.83,56.1892
2020-05-01 18:30:00,14384.73,14389.22,14358.7,14377.85,124.2402
2020-05-01 18:45:00,14436.76,14468.75,14416.08,14454.59,46.711
2020-05-01 19:00:00,14532.86,14572.3,14501.83,14519.66,44.2533
2020-05-01 19:15:00,14481.44,14538.24,14444.37,14499.95,41.618
2020-05-01 19:30:00,14444.89,14496.75,14399.14,14478.79,143.5528
2020-05-01 19:45:00,14453.35,14475.47,14416.28,14435.49,12.7043
2020-05-01 20:00:00,14396.61,14459.79,14362.59,14408.94,194.2845
2020-05-01 20:15:00,14381.6,14384.56,14352.37,14356.38,7.3523
2020-05-01 20:30:00,14383.68,14383.78,14360.42,14375.57,38.4199
2020-05-01 20:45:00,14324.8,14332.03,14278.25,14313.49,49.2734
2020-05-01 21:00:00,14355.12,14393.07,14305.53,14340.13,50.0197
2020-05-01 21:15:00,14369.49,14431.11,14325.2,14367.87,20.7854
2020-05-01 21:30:00,14298.76,14300.76,14285.65,14296.98,92.4219
2020-05-01 21:45:00,14382.58,14452.12,14357.61,14364.17,60.4353
2020-05-01 22:00:00,14388.62,14404.58,14339.74,14387.02,83.8342
2020-05-01 22:15:00,14409.6,14428.26,14395.46,14420.1,95.4291
2020-05-01 22:30:00,14396.43,14415.81,14365.54,14388.0,21.2372
2020-05-01 22:45:00,14385.12,14439.14,14347.44,14415.58,252.9377
2020-05-01 23:00:00,14484.11,14503.23,14446.22,14465.02,177.2512
2020-05-01 23:15:00,14480.85,14495.86,14449.04,14461.46,176.2615
2020-05-01 23:30:00,14566.47,14611.45,14518.26,14549.04,75.8547
2020-05-01 23:45:00,14568.56,14619.34,14538.32,14551.69,171.5098
2020-05-02 00:00:00,14600.99,14611.67,14595.21,14602.22,98.7478
2020-05-02 00:15:00,14614.22,14627.99,14582.13,14615.78,59.8846
2020-05-02 00:30:00,14624.18,14682.05,14611.89,14642.19,139.6185
2020-05-02 00:45:00,14594.97,14600.18,14568.93,14569.5,91.6149
2020-05-02 01:00:00,14579.38,14591.74,14564.45,14586.45,0.2016
2020-05-02 01:15:00,14559.96,14564.85,14539.17,14555.02,581.0075
2020-05-02 01:30:00,14522.48,14549.38,14487.01,14518.79,56.1858
2020-05-02 01:45:00,14575.92,14602.49,14507.17,14595.48,84.7997
2020-05-02 02:00:00,14561.4,14591.0,14559.43,14586.85,52.0768
2020-05-02 02:15:00,14543.75,14572.31,14541.12,14543.67,10.5697
2020-05-02 02:30:00,14522.14,14566.3,14471.1,14528.73,179.5828
2020-05-02 02:45:00,14471.48,14476.07,14467.76,14472.78,114.7452
2020-05-02 03:00:00,14551.24,14588.26,14530.76,14535.76,176.3264
2020-05-02 03:15:00,14509.41,14516.29,14472.79,14506.15,66.1544
2020-05-02 03:30:00,14540.93,14572.77,14499.7,14529.91,156.881
2020-05-02 03:45:00,14596.24,14623.02,14563.5,14589.75,159.8099
2020-05-02 04:00:00,14563.97,14568.7,14555.38,14568.58,40.9919
2020-05-02 04:15:00,14577.95,14609.07,14571.73,14592.56,0.4081
2020-05-02 04:30:00,14552.05,14594.74,14541.71,14548.2,196.4596
2020-05-02 04:45:00,14656.9,14691.47,14646.8,14655.67,20.4117
2020-05-02 05:00:00,14711.02,14734.7,14677.72,14697.57,203.0371
2020-05-02 05:15:00,14687.6,14712.88,14671.65,14689.82,96.3117
2020-05-02 05:30:00,14652.13,14660.31,14641.46,14656.49,100.7153
2020-05-02 05:45:00,14648.85,14690.45,14640.48,14652.21,28.398
2020-05-02 06:00:00,14624.55,14646.61,14616.09,14638.0,51.5182
2020-05-02 06:15:00,14745.8,14808.3,14720.17,14724.49,37.41
2020-05-02 06:30:00,14687.81,14715.49,14651.73,14671.09,21.1151
2020-05-02 06:45:00,14659.96,14710.9,14657.22,14677.76,128.9191
2020-05-02 07:00:00,14689.49,14730.47,14658.51,14677.69,10.0753
2020-05-02 07:15:00,14646.18,14709.08,14627.21,14673.25,71.7372
2020-05-02 07:30:00,14683.66,14731.51,14654.3,14669.2,76.7889
2020-05-02 07:45:00,14654.62,14671.11,14640.69,14664.83,310.9718
2020-05-02 08:00:00,14709.26,14734.38,14697.61,14703.97,203.5556
2020-05-02 08:15:00,14703.15,14732.58,14696.89,14731.57,67.6661
2020-05-02 08:30:00,14733.14,14791.69,14715.25,14750.82,185.907
2020-05-02 08:45:00,14624.15,14637.89,14591.16,14617.3,156.3402
2020-05-02 09:00:00,14620.92,14655.8,14567.1,14631.17,2.8293
2020-05-02 09:15:00,14547.01,14569.19,14488.18,14559.23,255.2805
2020-05-02 09:30:00,14608.56,14631.88,14527.68,14588.19,116.4447
2020-05-02 09:45:00,14685.85,14730.31,14651.99,14653.45,111.4596
2020-05-02 10:00:00,14627.16,14639.53,14601.62,14613.47,124.9952
2020-05-02 10:15:00,14586.78,14623.24,14562.0,14602.72,25.4585
2020-05-02 10:30:00,14602.9,14605.42,14555.1,14577.19,2.9606
2020-05-02 10:45:00,14609.1,14645.89,14592.52,14631.95,26.3762
2020-05-02 11:00:00,14632.4,14645.12,14593.8,14636.85,158.2689
2020-05-02 11:15:00,14714.28,14719.72,14660.43,14713.48,90.9601
2020-05-02 11:30:00,14760.82,14774.76,14690.03,14732.48,44.8287
2020-05-02 11:45:00,14757.39,14793.68,14721.81,14743.93,27.6438
2020-05-02 12:00:00,14740.84,14803.31,14732.88,14747.68,160.8596
2020-05-02 12:15:00,14770.64,14806.53,14759.22,14784.61,61.2248
2020-05-02 12:30:00,14723.02,14738.23,14698.65,14708.28,94.6091
2020-05-02 12:45:00,14704.93,14746.21,14671.79,14712.78,1.2651
2020-05-02 13:00:00,14713.61,14716.85,14698.35,14710.42,56.2
2020-05-02 13:15:00,14722.98,14747.5,14684.1,14743.17,1.5555
2020-05-02 13:30:00,14744.0,14792.92,14697.04,14735.61,154.8476
2020-05-02 13:45:00,14697.6,14704.44,14686.51,14690.42,28.6685
2020-05-02 14:00:00,14673.24,14729.67,14670.11,14691.48,18.2869
2020-05-02 14:15:00,14659.6,14668.12,14624.97,14644.49,260.903
2020-05-02 14:30:00,14568.72,14622.68,14479.39,14560.64,1.8172
2020-05-02 14:45:00,14603.93,14655.92,14562.41,14593.13,22.0424
2020-05-02 15:00:00,14613.68,14633.31,14559.83,14619.21,27.5075
2020-05-02 15:15:00,14643.05,14721.33,14639.53,14640.43,173.0498
2020-05-02 15:30:00,14699.32,14701.02,14644.69,14698.39,123.8164
2020-05-02 15:45:00,14667.62,14699.75,14657.69,14669.8,342.3703
2020-05-02 16:00:00,14610.04,14652.28,14582.0,14607.55,118.6975
2020-05-02 16:15:00,14623.56,14645.16,14560.58,14605.21,26.9605
2020-05-02 16:30:00,14606.4,14614.89,14545.02,14590.71,18.2525
2020-05-02 16:45:00,14537.37,14570.44,14509.95,14554.57,140.8154
2020-05-02 17:00:00,14566.15,14639.46,14541.24,14551.81,231.166
2020-05-02 17:15:00,14543.14,14545.34,14503.94,14525.84,242.6708
2020-05-02 17:30:00,14444.38,14474.33,14420.95,14446.56,147.4455
2020-05-02 17:45:00,14435.5,14447.89,14385.6,14428.16,158.1658
2020-05-02 18:00:00,14386.8,14417.6,14358.74,14379.7,108.5802
2020-05-02 18:15:00,14378.18,14416.49,14374.73,14390.41,133.1151
2020-05-02 18:30:00,14357.32,14380.34,14326.83,14362.81,12.3354
2020-05-02 18:45:00,14422.24,14444.66,14409.41,14411.42,39.9296
2020-05-02 19:00:00,14474.3,14505.37,14466.35,14481.49,61.2672
2020-05-02 19:15:00,14525.88,14547.38,14497.38,14511.72,109.1606
2020-05-02 19:30:00,14463.78,14464.97,14440.4,14444.93,54.0738
2020-05-02 19:45:00,14527.47,14563.18,14463.58,14510.88,47.0
2020-05-02 20:00:00,14609.06,14636.38,14550.02,14580.2,82.9189
2020-05-02 20:15:00,14580.42,14582.03,14551.0,14581.75,50.1583
2020-05-02 20:30:00,14642.94,14646.2,14614.34,14640.35,7.5307
2020-05-02 20:45:00,14621.54,14655.79,14548.84,14616.85,348.7306
2020-05-02 21:00:00,14534.87,14563.84,14510.96,14535.74,260.5883
2020-05-02 21:15:00,14511.18,14518.18,14475.52,14503.32,3.979
2020-05-02 21:30:00,14554.34,14593.64,14548.01,14579.28,75.3294
2020-05-02 21:45:00,14517.77,14520.95,14477.22,14514.8,124.7486
2020-05-02 22:00:00,14495.51,14526.89,14482.63,14515.5,94.1257
2020-05-02 22:15:00,14503.74,14554.83,14484.01,14517.71,43.6007
2020-05-02 22:30:00,14506.72,14543.4,14445.07,14496.1,162.595
2020-05-02 22:45:00,14474.65,14489.92,14467.76,14477.54,95.3855
2020-05-02 23:00:00,14491.5,14516.38,14475.05,14481.4,27.303
2020-05-02 23:15:00,14454.51,14467.56,14453.35,14457.7,94.4774
2020-05-02 23:30:00,14412.67,14455.74,14372.84,14396.74,32.113
2020-05-02 23:45:00,14403.31,14418.73,14403.09,14406.75,90.5969
2020-05-03 00:00:00,14425.61,14481.75,14416.0,14453.86,144.5274
2020-05-03 00:15:00,14495.56,14518.27,14465.55,14492.29,36.0316
2020-05-03 00:30:00,14426.45,14475.88,14417.06,14457.81,33.2013
2020-05-03 00:45:00,14383.34,14425.72,14368.82,14404.26,129.7194
2020-05-03 01:00:00,14379.99,14403.15,14360.74,14392.7,71.0029
2020-05-03 01:15:00,14446.54,14469.55,14424.01,14461.12,14.9429
2020-05-03 01:30:00,14481.95,14513.31,14448.14,14489.85,78.8987
2020-05-03 01:45:00,14506.04,14530.23,14501.39,14521.17,108.8293
2020-05-03 02:00:00,14540.19,14585.55,14494.57,14560.66,67.5928
2020-05-03 02:15:00,14602.25,14648.59,14578.03,14579.77,97.8595
2020-05-03 02:30:00,14575.89,14600.04,14548.24,14585.78,45.3901
2020-05-03 02:45:00,14582.88,14638.43,14535.08,14615.49,210.221
2020-05-03 03:00:00,14587.0,14596.19,14549.6,14592.27,27.439
2020-05-03 03:15:00,14514.74,14531.87,14494.73,14531.08,33.0374
2020-05-03 03:30:00,14550.44,14573.52,14531.65,14563.32,148.5716
2020-05-03 03:45:00,14628.51,14635.35,14592.84,14618.13,5.96
2020-05-03 04:00:00,14563.29,14596.88,14526.38,14569.82,437.2488
2020-05-03 04:15:00,14589.64,14632.0,14575.13,14606.47,99.1594
2020-05-03 04:30:00,14687.41,14687.59,14655.86,14680.85,164.7373
2020-05-03 04:45:00,14698.37,14745.69,14654.48,14681.49,87.6935
2020-05-03 05:00:00,14654.06,14660.74,14609.63,14646.2,154.3322
2020-05-03 05:15:00,14616.38,14670.38,14603.26,14652.33,56.9514
2020-05-03 05:30:00,14612.55,14716.36,14575.4,14628.87,85.9774
2020-05-03 05:45:00,14603.22,14607.77,14574.0,14602.53,108.4486
2020-05-03 06:00:00,14618.67,14652.56,14615.97,14622.24,232.2059
2020-05-03 06:15:00,14547.86,14555.76,14547.0,14552.62,3.5392
2020-05-03 06:30:00,14476.07,14510.83,14466.22,14490.31,11.531
2020-05-03 06:45:00,14471.5,14492.12,14447.49,14491.87,117.3269
2020-05-03 07:00:00,14520.72,14533.97,14444.43,14491.63,42.2147
2020-05-03 07:15:00,14507.68,14528.91,14489.3,14507.29,113.2369
2020-05-03 07:30:00,14598.99,14636.45,14565.32,14589.62,25.8431
2020-05-03 07:45:00,14595.02,14622.04,14561.44,14594.93,98.9558
2020-05-03 08:00:00,14622.53,14643.9,14613.59,14621.85,65.0308
2020-05-03 08:15:00,14578.88,14587.9,14563.96,14579.79,13.1155
2020-05-03 08:30:00,14597.73,14673.27,14572.18,14614.11,265.1109
2020-05-03 08:45:00,14569.66,14605.54,14554.91,14591.76,157.117
2020-05-03 09:00:00,14601.25,14627.67,14574.15,14595.61,151.9026
2020-05-03 09:15:00,14594.32,14598.52,14559.0,14591.58,119.3775
2020-05-03 09:30:00,14651.26,14696.42,14621.89,14637.53,2.1579
2020-05-03 09:45:00,14591.46,14594.14,14554.35,14580.73,70.2435
2020-05-03 10:00:00,14469.88,14485.39,14454.6,14481.59,139.0144
2020-05-03 10:15:00,14489.43,14559.26,14426.69,14473.04,24.4302
2020-05-03 10:30:00,14505.2,14552.13,14486.66,14494.11,95.5195
2020-05-03 10:45:00,14511.47,14520.92,14444.95,14501.45,265.19
2020-05-03 11:00:00,14588.52,14596.09,14512.62,14555.78,139.8091
2020-05-03 11:15:00,14605.4,14621.02,14542.64,14575.61,79.3275
2020-05-03 11:30:00,14561.72,14563.2,14509.36,14551.68,37.0954
2020-05-03 11:45:00,14459.06,14469.59,14417.37,14450.9,101.2082
2020-05-03 12:00:00,14456.95,14490.04,14392.1,14441.33,125.3176
2020-05-03 12:15:00,14478.13,14490.71,14462.36,14486.59,101.5476
2020-05-03 12:30:00,14462.03,14525.53,14442.18,14470.27,140.8208
2020-05-03 12:45:00,14481.97,14488.85,14453.18,14472.23,32.7459
2020-05-03 13:00:00,14478.83,14533.13,14466.11,14491.24,70.8893
2020-05-03 13:15:00,14456.39,14499.94,14423.38,14447.83,79.556
2020-05-03 13:30:00,14477.84,14487.99,14439.15,14475.57,9.4184
2020-05-03 13:45:00,14534.93,14609.18,14517.47,14547.38,19.4246
2020-05-03 14:00:00,14540.95,14541.18,14515.64,14540.57,36.6181
2020-05-03 14:15:00,14510.96,14524.49,14476.07,14492.04,4.8934
2020-05-03 14:30:00,14491.07,14502.18,14450.56,14489.87,26.6056
2020-05-03 14:45:00,14395.15,14412.48,14387.08,14393.9,73.8472
2020-05-03 15:00:00,14413.91,14475.72,14377.35,14409.17,78.0329
2020-05-03 15:15:00,14436.07,14471.92,14399.47,14429.44,28.6919
2020-05-03 15:30:00,14497.9,14539.15,14471.7,14502.7,292.7853
2020-05-03 15:45:00,14500.06,14525.55,14474.32,14494.99,62.9546
2020-05-03 16:00:00,14498.25,14516.12,14457.68,14513.47,101.4114
2020-05-03 16:15:00,14465.13,14481.4,14447.61,14476.7,3.0833
2020-05-03 16:30:00,14452.24,14491.66,14446.76,14461.94,50.9463
2020-05-03 16:45:00,14403.26,14440.44,14381.11,14396.49,78.1123
2020-05-03 17:00:00,14391.11,14411.81,14322.69,14388.8,37.4336
2020-05-03 17:15:00,14374.41,14388.91,14343.58,14376.34,18.7984
2020-05-03 17:30:00,14399.9,14438.15,14387.6,14389.96,22.4578
2020-05-03 17:45:00,14369.2,14374.33,14349.4,14363.76,62.839
2020-05-03 18:00:00,14363.91,14403.95,14320.2,14368.07,7.3664
2020-05-03 18:15:00,14339.56,14381.61,14329.01,14354.42,26.7175
2020-05-03 18:30:00,14329.11,14362.36,14268.59,14340.86,127.132
2020-05-03 18:45:00,14324.0,14376.05,14270.15,14345.04,24.1741
2020-05-03 19:00:00,14349.52,14375.4,14338.39,14347.5,12.4356
2020-05-03 19:15:00,14368.58,14381.24,14316.75,14380.98,8.7478
2020-05-03 19:30:00,14369.37,14404.43,14360.34,14376.49,448.5455
2020-05-03 19:45:00,14360.29,14370.69,14358.09,14362.12,9.0869
2020-05-03 20:00:00,14370.04,14387.81,14323.69,14355.05,56.8276
2020-05-03 20:15:00,14338.3,14371.1,14262.72,14324.99,71.554
2020-05-03 20:30:00,14309.46,14332.31,14299.17,14310.24,334.0364
2020-05-03 20:45:00,14416.37,14460.35,14334.62,14398.15,221.7318
2020-05-03 21:00:00,14330.55,14369.66,14311.06,14359.45,27.1387
2020-05-03 21:15:00,14375.1,14411.7,14328.2,14348.17,8.8505
2020-05-03 21:30:00,14342.13,14365.44,14318.46,14332.2,57.6124
2020-05-03 21:45:00,14323.76,14352.84,14299.71,14322.29,10.6377
2020-05-03 22:00:00,14296.02,14316.29,14268.85,14308.78,204.8761
2020-05-03 22:15:00,14315.2,14371.78,14303.26,14321.48,121.6636
2020-05-03 22:30:00,14257.4,14321.43,14237.5,14248.72,287.8598
2020-05-03 22:45:00,14302.8,14332.31,14267.34,14293.77,84.2697
2020-05-03 23:00:00,14331.18,14378.37,14315.18,14321.61,45.3225
2020-05-03 23:15:00,14258.53,14337.51,14244.77,14268.92,69.4443
2020-05-03 23:30:00,14159.33,14174.24,14158.16,14172.5,17.5279
2020-05-03 23:45:00,14134.43,14160.06,14073.83,14131.67,62.1875
2020-05-04 00:00:00,14132.96,14147.12,14114.19,14122.09,665.135
2020-05-04 00:15:00,14232.16,14252.75,14175.74,14232.11,117.2817
2020-05-04 00:30:00,14277.14,14319.57,14232.02,14256.02,6.4386
2020-05-04 00:45:00,14179.89,14206.26,14139.09,14179.42,129.3414
2020-05-04 01:00:00,14150.79,14203.4,14135.84,14150.8,10.6095
2020-05-04 01:15:00,14158.73,14177.71,14128.56,14149.24,49.5354
2020-05-04 01:30:00,14177.99,14201.39,14125.66,14160.72,154.2949
2020-05-04 01:45:00,14086.54,14179.01,14034.5,14105.58,13.7069
2020-05-04 02:00:00,14084.8,14105.92,14077.94,14100.57,34.6362
2020-05-04 02:15:00,14066.51,14075.69,14064.13,14070.92,21.7239
2020-05-04 02:30:00,14069.33,14085.08,14011.28,14025.03,204.0958
2020-05-04 02:45:00,14032.98,14044.63,13972.54,14036.65,16.0071
2020-05-04 03:00:00,14068.23,14107.63,14012.89,14069.94,76.7408
2020-05-04 03:15:00,14114.87,14126.27,14084.77,14106.14,32.2018
2020-05-04 03:30:00,14144.96,14145.84,14074.72,14131.16,70.7769
2020-05-04 03:45:00,14113.17,14153.89,14084.78,14110.78,18.3159
2020-05-04 04:00:00,14158.2,14164.87,14129.24,14141.73,141.7069
2020-05-04 04:15:00,14138.65,14184.08,14112.08,14155.55,103.0332
2020-05-04 04:30:00,14151.1,14171.75,14111.64,14161.95,4.4397
2020-05-04 04:45:00,14153.1,14200.21,14113.61,14136.67,294.8185
2020-05-04 05:00:00,14116.46,14144.12,14060.47,14116.3,223.468
2020-05-04 05:15:00,14102.31,14144.74,14069.41,14120.14,35.3505
2020-05-04 05:30:00,14205.38,14274.95,14196.91,14224.2,34.5142
2020-05-04 05:45:00,14226.22,14276.79,14218.97,14237.76,69.1504
2020-05-04 06:00:00,14212.4,14227.62,14186.32,14212.37,96.5269
2020-05-04 06:15:00,14184.21,14227.84,14145.58,14177.59,34.395
2020-05-04 06:30:00,14152.72,14175.16,14149.67,14157.38,158.6468
2020-05-04 06:45:00,14256.05,14281.6,14159.65,14250.56,8.1747
2020-05-04 07:00:00,14227.98,14256.16,14202.68,14234.21,50.7225
2020-05-04 07:15:00,14291.11,14336.18,14239.44,14273.64,81.1501
2020-05-04 07:30:00,14294.64,14299.01,14225.22,14258.26,160.7849
2020-05-04 07:45:00,14264.54,14288.92,14238.27,14270.14,205.4299
2020-05-04 08:00:00,14311.62,14333.03,14256.59,14304.75,28.0252
2020-05-04 08:15:00,14286.62,14301.81,14269.27,14280.93,27.5838
2020-05-04 08:30:00,14256.15,14271.34,14221.82,14254.17,45.9284
2020-05-04 08:45:00,14335.18,14381.83,14261.19,14325.82,55.784
2020-05-04 09:00:00,14375.73,14378.56,14341.73,14368.85,188.6531
2020-05-04 09:15:00,14396.87,14415.86,14350.23,14403.66,0.76
2020-05-04 09:30:00,14457.4,14507.58,14433.0,14438.4,115.5056
2020-05-04 09:45:00,14461.94,14502.94,14431.43,14459.02,24.8537
2020-05-04 10:00:00,14541.67,14548.66,14522.34,14547.27,214.0483
2020-05-04 10:15:00,14585.46,14627.5,14548.86,14549.92,38.1769
2020-05-04 10:30:00,14574.15,14610.9,14538.67,14575.84,77.123
2020-05-04 10:45:00,14516.82,14534.49,14480.67,14513.12,39.9039
2020-05-04 11:00:00,14480.47,14521.29,14461.09,14477.93,55.3875
2020-05-04 11:15:00,14424.63,14435.72,14416.8,14426.5,73.8628
2020-05-04 11:30:00,14488.86,14498.37,14455.26,14482.36,137.6492
2020-05-04 11:45:00,14360.04,14374.89,14318.4,14372.19,12.8693
2020-05-04 12:00:00,14364.12,14388.24,14316.56,14355.56,43.4215
2020-05-04 12:15:00,14202.33,14244.68,14141.74,14227.35,102.0644
2020-05-04 12:30:00,14174.15,14203.88,14168.74,14192.58,88.8676
2020-05-04 12:45:00,14198.26,14233.7,14161.89,14172.38,151.791
2020-05-04 13:00:00,14214.09,14241.96,14198.49,14231.97,219.8895
2020-05-04 13:15:00,14221.69,14276.22,14202.21,14249.62,9.8797
2020-05-04 13:30:00,14197.21,14242.99,14164.8,14214.71,125.121
2020-05-04 13:45:00,14285.7,14324.74,14254.54,14260.88,33.4084
2020-05-04 14:00:00,14236.8,14273.28,14195.47,14262.36,65.6597
2020-05-04 14:15:00,14251.04,14300.21,14244.81,14264.68,98.8253
2020-05-04 14:30:00,14193.2,14220.53,14163.4,14213.93,16.3237
2020-05-04 14:45:00,14168.53,14173.39,14153.16,14172.42,42.555
2020-05-04 15:00:00,14131.88,14138.35,14120.08,14138.05,373.314
2020-05-04 15:15:00,14133.93,14156.04,14130.9,14140.73,14.6526
2020-05-04 15:30:00,14170.99,14179.09,14123.57,14144.74,8.7011
2020-05-04 15:45:00,14193.93,14227.32,14169.49,14210.97,181.2768
2020-05-04 16:00:00,14226.64,14253.16,14199.17,14228.09,56.3234
2020-05-04 16:15:00,14118.01,14151.98,14088.96,14113.23,112.3289
2020-05-04 16:30:00,14111.21,14162.41,14096.33,14125.06,36.4901
2020-05-04 16:45:00,14071.16,14096.38,14058.39,14064.32,22.1186
2020-05-04 17:00:00,14018.66,14039.63,13963.57,14024.27,23.8861
2020-05-04 17:15:00,13996.03,14000.65,13963.88,13990.8,21.7645
2020-05-04 17:30:00,13962.15,13976.96,13950.81,13963.66,28.3653
2020-05-04 17:45:00,13878.23,13944.51,13870.74,13906.75,25.0027
2020-05-04 18:00:00,13934.11,13954.81,13913.12,13915.93,168.0385
2020-05-04 18:15:00,13886.42,13888.06,13850.47,13857.73,76.2055
2020-05-04 18:30:00,13870.8,13921.67,13858.14,13873.25,35.1691
2020-05-04 18:45:00,13954.5,13994.41,13951.26,13967.05,42.3206
2020-05-04 19:00:00,13932.99,13955.44,13819.44,13912.04,316.5291
2020-05-04 19:15:00,13927.14,13990.1,13899.33,13900.86,20.3181
2020-05-04 19:30:00,13794.0,13799.27,13779.75,13796.32,217.8194
2020-05-04 19:45:00,13781.54,13822.7,13780.7,13784.56,133.4856
2020-05-04 20:00:00,13810.72,13828.7,13781.23,13811.83,95.05
2020-05-04 20:15:00,13819.2,13885.95,13789.56,13842.38,97.8412
2020-05-04 20:30:00,13842.25,13862.85,13840.31,13846.28,54.9809
2020-05-04 20:45:00,13907.72,13910.98,13870.67,13883.91,57.7768
2020-05-04 21:00:00,13988.3,13993.26,13979.64,13990.66,159.0035
2020-05-04 21:15:00,14048.6,14070.01,14011.82,14063.22,166.5283
2020-05-04 21:30:00,14048.86,14070.42,14008.07,14041.88,84.6666
2020-05-04 21:45:00,13972.13,14027.1,13971.16,13981.46,146.3576
2020-05-04 22:00:00,13964.19,14016.59,13946.87,13965.12,166.1017
2020-05-04 22:15:00,13908.47,13972.56,13854.85,13926.14,40.3633
2020-05-04 22:30:00,13931.24,13964.36,13909.0,13945.7,97.6462
2020-05-04 22:45:00,13907.23,13916.75,13860.83,13896.98,57.2336
2020-05-04 23:00:00,13896.24,13902.52,13873.84,13894.63,10.3261
2020-05-04 23:15:00,13919.45,13948.52,13878.13,13930.26,104.5448
2020-05-04 23:30:00,13928.41,13932.18,13887.19,13926.75,88.548
2020-05-04 23:45:00,13879.48,13913.29,13819.52,13887.91,10.8251
2020-05-05 00:00:00,13926.63,13950.44,13906.0,13937.55,7.3445
2020-05-05 00:15:00,13875.81,13899.9,13842.67,13859.68,28.7195
2020-05-05 00:30:00,13857.59,13864.42,13820.61,13846.74,179.2252
2020-05-05 00:45:00,13845.41,13846.38,13815.4,13845.71,6.5795
2020-05-05 01:00:00,13849.06,13851.23,13833.42,13847.06,61.6868
2020-05-05 01:15:00,13855.13,13879.97,13842.95,13855.25,19.7277
2020-05-05 01:30:00,13888.08,13892.83,13869.33,13881.32,29.2431
2020-05-05 01:45:00,13869.44,13893.25,13845.81,13880.54,146.9345
2020-05-05 02:00:00,13877.86,13897.06,13840.63,13865.9,190.1158
2020-05-05 02:15:00,13854.54,13883.86,13845.34,13849.64,86.8188
2020-05-05 02:30:00,13821.29,13827.71,13801.24,13824.93,198.9555
2020-05-05 02:45:00,13851.52,13875.41,13849.73,13858.28,194.4024
2020-05-05 03:00:00,13843.73,13874.76,13821.63,13832.09,25.0411
2020-05-05 03:15:00,13865.84,13906.59,13796.41,13867.92,103.5687
2020-05-05 03:30:00,13859.71,13913.97,13852.82,13869.41,150.6559
2020-05-05 03:45:00,13843.09,13856.53,13822.59,13848.41,82.3379
2020-05-05 04:00:00,13885.47,13916.77,13862.73,13874.8,163.8756
2020-05-05 04:15:00,13822.91,13856.39,13818.75,13845.21,99.1099
2020-05-05 04:30:00,13867.48,13924.5,13855.27,13872.41,33.4714
2020-05-05 04:45:00,13896.82,13941.89,13876.11,13881.96,115.7077
2020-05-05 05:00:00,13855.49,13905.53,13786.57,13857.82,88.6732
2020-05-05 05:15:00,13884.27,13903.69,13877.79,13880.49,98.0697
2020-05-05 05:30:00,13919.05,13934.0,13831.45,13903.94,10.0174
2020-05-05 05:45:00,13965.37,13968.48,13891.83,13952.92,13.4372
2020-05-05 06:00:00,13987.9,13994.56,13973.64,13994.06,168.5527
2020-05-05 06:15:00,14013.56,14025.7,14011.13,14015.38,56.4351
2020-05-05 06:30:00,13981.31,14039.59,13953.48,13968.67,24.2425
2020-05-05 06:45:00,14085.2,14122.35,14055.13,14071.98,9.7255
2020-05-05 07:00:00,14012.2,14016.2,13980.85,14013.43,30.5037
2020-05-05 07:15:00,14053.29,14068.21,13997.0,14054.04,34.9836
2020-05-05 07:30:00,14076.69,14089.87,14052.73,14072.93,407.2436
2020-05-05 07:45:00,14043.23,14063.48,14009.63,14024.06,179.8814
2020-05-05 08:00:00,14034.5,14040.34,13973.37,14019.53,8.1706
2020-05-05 08:15:00,14026.64,14031.28,14002.75,14016.92,138.0113
2020-05-05 08:30:00,14057.34,14092.53,13992.12,14072.52,82.9953
2020-05-05 08:45:00,14039.25,14049.12,14031.2,14043.11,25.9387
2020-05-05 09:00:00,14029.66,14061.68,13990.67,14032.78,137.2696
2020-05-05 09:15:00,13954.9,13965.01,13923.91,13935.13,3.0643
2020-05-05 09:30:00,14005.01,14015.93,13978.18,14008.35,131.5019
2020-05-05 09:45:00,13981.57,14032.49,13927.64,13964.07,225.6541
2020-05-05 10:00:00,13970.48,13983.99,13965.24,13978.46,214.2275
2020-05-05 10:15:00,13968.05,13989.93,13951.16,13974.91,147.9905
2020-05-05 10:30:00,13978.22,13987.89,13947.74,13971.5,272.9234
2020-05-05 10:45:00,14028.1,14052.09,13989.27,14006.14,122.8701
2020-05-05 11:00:00,14074.08,14111.03,14065.12,14077.06,116.0684
2020-05-05 11:15:00,14052.28,14121.64,14034.33,14088.39,2.6543
2020-05-05 11:30:00,14094.7,14140.58,14067.79,14116.78,19.1388
2020-05-05 11:45:00,14135.62,14135.81,14116.27,14131.41,152.0643
2020-05-05 12:00:00,14154.35,14187.67,14080.68,14175.26,599.2559
2020-05-05 12:15:00,14144.03,14179.23,14125.93,14156.28,127.2723
2020-05-05 12:30:00,14202.83,14203.12,14179.86,14202.66,86.7095
2020-05-05 12:45:00,14215.78,14285.13,14179.46,14250.69,20.263
2020-05-05 13:00:00,14292.25,14306.24,14278.62,14297.68,295.4827
2020-05-05 13:15:00,14253.46,14298.68,14236.66,14270.08,104.9059
2020-05-05 13:30:00,14242.2,14280.51,14203.26,14263.58,67.1461
2020-05-05 13:45:00,14263.09,14276.24,14246.71,14274.54,197.607
2020-05-05 14:00:00,14201.35,14232.63,14191.12,14216.55,306.3627
2020-05-05 14:15:00,14291.99,14298.38,14278.22,14285.29,46.3918
2020-05-05 14:30:00,14302.57,14332.44,14251.39,14285.48,72.5227
2020-05-05 14:45:00,14293.15,14336.88,14266.52,14298.36,12.2283
2020-05-05 15:00:00,14265.81,14311.33,14245.92,14274.32,321.5258
2020-05-05 15:15:00,14212.33,14249.95,14195.48,14218.22,12.8602
2020-05-05 15:30:00,14177.43,14256.67,14145.42,14193.16,264.5469
2020-05-05 15:45:00,14184.9,14218.14,14162.68,14203.21,21.2001
2020-05-05 16:00:00,14209.19,14260.61,14180.4,14232.61,239.4427
2020-05-05 16:15:00,14221.3,14258.66,14216.71,14240.23,60.2039
2020-05-05 16:30:00,14279.02,14293.4,14217.85,14255.75,89.6649
2020-05-05 16:45:00,14232.22,14248.02,14184.97,14242.05,3.627
2020-05-05 17:00:00,14222.01,14275.45,14209.31,14263.97,50.1514
2020-05-05 17:15:00,14319.72,14365.73,14315.76,14328.13,68.0021
2020-05-05 17:30:00,14336.31,14364.1,14312.4,14359.15,0.9473
2020-05-05 17:45:00,14395.59,14419.67,14392.56,14394.74,108.1332
2020-05-05 18:00:00,14407.46,14445.57,14379.1,14408.15,182.5701
2020-05-05 18:15:00,14344.7,14349.84,14312.58,14343.9,2.5092
2020-05-05 18:30:00,14299.08,14303.91,14298.74,14299.66,67.8329
2020-05-05 18:45:00,14314.56,14328.52,14307.11,14319.89,3.4313
2020-05-05 19:00:00,14299.29,14334.36,14274.78,14320.14,206.5885
2020-05-05 19:15:00,14338.68,14351.3,14311.33,14339.75,17.5325
2020-05-05 19:30:00,14427.27,14438.02,14411.21,14412.59,6.0307
2020-05-05 19:45:00,14470.9,14501.6,14443.96,14444.7,194.9803
2020-05-05 20:00:00,14496.52,14516.23,14465.66,14499.97,58.7901
2020-05-05 20:15:00,14502.94,14550.46,14495.83,14504.82,10.0272
2020-05-05 20:30:00,14477.66,14479.58,14464.51,14470.42,104.3894
2020-05-05 20:45:00,14490.23,14499.56,14430.35,14468.63,122.2815
2020-05-05 21:00:00,14427.4,14440.44,14402.05,14434.42,84.0105
2020-05-05 21:15:00,14512.67,14546.87,14500.02,14502.62,40.366
2020-05-05 21:30:00,14525.77,14542.06,14492.75,14537.74,55.2492
2020-05-05 21:45:00,14565.97,14568.52,14526.01,14561.16,309.7562
2020-05-05 22:00:00,14630.07,14687.45,14601.52,14615.88,76.4346
2020-05-05 22:15:00,14509.28,14567.1,14481.83,14528.04,50.5936
2020-05-05 22:30:00,14546.75,14564.78,14537.26,14554.4,123.1659
2020-05-05 22:45:00,14511.74,14513.52,14463.59,14497.9,7.9213
2020-05-05 23:00:00,14507.24,14514.51,14471.56,14498.31,34.2811
2020-05-05 23:15:00,14500.48,14528.13,14447.67,14485.48,25.6794
2020-05-05 23:30:00,14527.27,14546.56,14490.92,14514.96,113.9758
2020-05-05 23:45:00,14520.66,14537.47,14492.21,14525.62,92.6121
2020-05-06 00:00:00,14617.04,14631.53,14549.62,14584.96,142.4771
2020-05-06 00:15:00,14561.35,14586.17,14556.07,14559.35,55.6472
2020-05-06 00:30:00,14546.47,14642.96,14536.46,14591.05,19.1092
2020-05-06 00:45:00,14594.76,14633.97,14592.4,14598.88,20.1905
2020-05-06 01:00:00,14521.18,14543.91,14518.63,14527.99,222.7989
2020-05-06 01:15:00,14500.21,14518.54,14486.28,14488.68,7.7847
2020-05-06 01:30:00,14476.36,14525.29,14455.93,14482.89,90.1697
2020-05-06 01:45:00,14547.92,14573.35,14530.12,14531.95,26.354
2020-05-06 02:00:00,14561.01,14561.42,14510.33,14552.89,24.1152
2020-05-06 02:15:00,14488.14,14524.31,14466.81,14502.64,10.3593
2020-05-06 02:30:00,14495.23,14521.96,14470.28,14497.27,387.6713
2020-05-06 02:45:00,14574.44,14626.3,14557.99,14585.75,6.2924
2020-05-06 03:00:00,14594.04,14603.05,14555.35,14591.34,15.9877
2020-05-06 03:15:00,14566.35,14585.45,14562.83,14577.75,45.4395
2020-05-06 03:30:00,14601.07,14610.42,14590.36,14599.98,60.8434
2020-05-06 03:45:00,14630.16,14645.57,14620.85,14634.15,301.1847
2020-05-06 04:00:00,14612.63,14664.33,14577.09,14614.85,27.6792
2020-05-06 04:15:00,14667.64,14717.5,14626.09,14637.62,127.6465
2020-05-06 04:30:00,14618.63,14648.62,14523.03,14623.91,106.8244
2020-05-06 04:45:00,14627.84,14668.47,14580.77,14656.2,72.8764
2020-05-06 05:00:00,14679.29,14679.99,14641.52,14664.39,30.9329
2020-05-06 05:15:00,14701.13,14722.03,14633.44,14686.33,17.0358
2020-05-06 05:30:00,14624.61,14678.97,14623.09,14653.61,19.4217
2020-05-06 05:45:00,14607.99,14649.71,14576.34,14618.24,42.464
2020-05-06 06:00:00,14666.82,14680.95,14659.3,14660.44,14.7483
2020-05-06 06:15:00,14665.36,14716.1,14602.29,14657.68,655.7537
2020-05-06 06:30:00,14670.87,14719.78,14647.98,14670.94,59.0259
2020-05-06 06:45:00,14658.45,14692.09,14651.6,14658.19,77.4336
2020-05-06 07:00:00,14684.65,14730.27,14681.46,14698.45,95.8304
2020-05-06 07:15:00,14637.17,14691.04,14615.76,14672.38,21.7887
2020-05-06 07:30:00,14697.2,14721.32,14643.68,14667.14,65.7305
2020-05-06 07:45:00,14688.22,14711.95,14653.3,14702.46,6.4955
2020-05-06 08:00:00,14757.54,14769.31,14751.28,14754.93,347.9172
2020-05-06 08:15:00,14730.15,14762.68,14693.09,14732.49,64.0224
2020-05-06 08:30:00,14833.13,14840.82,14809.61,14819.84,3.0111
2020-05-06 08:45:00,14836.21,14900.17,14794.16,14834.5,91.3979
2020-05-06 09:00:00,14791.1,14805.76,14744.48,14788.83,10.5488
2020-05-06 09:15:00,14766.94,14844.34,14766.4,14805.94,156.0555
2020-05-06 09:30:00,14777.35,14815.86,14757.43,14789.67,306.5203
2020-05-06 09:45:00,14820.7,14866.25,14803.64,14809.67,248.3628
2020-05-06 10:00:00,14818.2,14847.47,14779.17,14808.51,55.8238
2020-05-06 10:15:00,14798.45,14819.03,14753.91,14812.55,124.6824
2020-05-06 10:30:00,14749.47,14810.34,14734.87,14772.78,16.9371
2020-05-06 10:45:00,14819.27,14862.87,14797.17,14817.4,7.8714
2020-05-06 11:00:00,14723.82,14774.97,14647.61,14766.74,172.0654
2020-05-06 11:15:00,14701.46,14757.9,14671.05,14718.36,118.7995
2020-05-06 11:30:00,14761.26,14787.12,14717.26,14735.32,237.5811
2020-05-06 11:45:00,14828.31,14854.76,14804.44,14806.91,246.027
2020-05-06 12:00:00,14799.2,14830.94,14782.47,14791.99,42.6608
2020-05-06 12:15:00,14828.39,14874.3,14814.86,14823.84,38.3676
2020-05-06 12:30:00,14843.31,14872.36,14803.79,14872.31,58.3219
2020-05-06 12:45:00,14898.36,14946.67,14845.63,14909.4,109.5663
2020-05-06 13:00:00,14891.83,14935.46,14873.73,14896.23,0.5002
2020-05-06 13:15:00,14837.53,14861.07,14781.06,14848.22,76.4883
2020-05-06 13:30:00,14745.46,14780.4,14711.98,14750.62,1.9928
2020-05-06 13:45:00,14758.88,14792.03,14716.88,14739.73,59.9063
2020-05-06 14:00:00,14784.55,14812.31,14748.71,14792.56,8.5862
2020-05-06 14:15:00,14738.39,14750.21,14718.4,14743.41,82.6032
2020-05-06 14:30:00,14786.05,14797.22,14759.79,14775.12,37.7278
2020-05-06 14:45:00,14712.83,14764.62,14707.87,14733.74,65.1841
2020-05-06 15:00:00,14726.79,14794.07,14708.13,14739.17,316.283
2020-05-06 15:15:00,14760.31,14826.67,14746.64,14771.2,41.6985
2020-05-06 15:30:00,14743.54,14745.14,14713.45,14742.72,127.041
2020-05-06 15:45:00,14745.91,14756.77,14710.1,14750.99,114.9783
2020-05-06 16:00:00,14728.75,14784.84,14626.48,14733.36,203.2004
2020-05-06 16:15:00,14755.45,14804.37,14731.02,14765.27,40.7083
2020-05-06 16:30:00,14760.61,14798.31,14717.42,14776.43,5.7711
2020-05-06 16:45:00,14788.68,14791.59,14746.26,14779.67,352.7804
2020-05-06 17:00:00,14844.49,14859.25,14836.58,14849.51,44.9977
2020-05-06 17:15:00,14888.97,14932.27,14879.24,14879.76,21.5349
2020-05-06 17:30:00,14833.18,14881.52,14818.7,14849.68,245.4588
2020-05-06 17:45:00,14836.72,14893.01,14824.66,14846.6,21.1475
2020-05-06 18:00:00,14840.68,14845.92,14831.85,14843.96,75.2379
2020-05-06 18:15:00,14846.38,14928.37,14812.64,14848.28,140.8544
2020-05-06 18:30:00,14972.76,14981.8,14954.05,14961.48,131.3099
2020-05-06 18:45:00,14972.42,14979.86,14938.17,14978.87,2.9908
2020-05-06 19:00:00,14899.25,14905.79,14886.53,14888.13,22.6195
2020-05-06 19:15:00,14870.21,14929.65,14858.53,14864.63,219.367
2020-05-06 19:30:00,14777.63,14780.07,14747.44,14779.2,80.5602
2020-05-06 19:45:00,14751.27,14789.91,14688.0,14765.32,116.2258
2020-05-06 20:00:00,14689.14,14695.63,14677.59,14678.03,51.4652
2020-05-06 20:15:00,14626.82,14655.21,14626.79,14640.38,136.7288
2020-05-06 20:30:00,14574.01,14585.98,14519.83,14574.32,34.1217
2020-05-06 20:45:00,14591.06,14632.82,14578.91,14591.85,26.4006
2020-05-06 21:00:00,14589.58,14656.53,14574.2,14592.6,584.7217
2020-05-06 21:15:00,14600.91,14639.71,14599.16,14606.6,17.1562
2020-05-06 21:30:00,14590.74,14613.9,14568.15,14602.74,398.2448
2020-05-06 21:45:00,14518.88,14564.0,14483.55,14542.39,261.0606
2020-05-06 22:00:00,14585.97,14589.67,14524.26,14565.52,125.4129
2020-05-06 22:15:00,14643.04,14730.02,14614.44,14650.25,87.221
2020-05-06 22:30:00,14667.08,14674.61,14644.29,14668.96,0.454
2020-05-06 22:45:00,14648.99,14687.12,14641.63,14650.95,100.8641
2020-05-06 23:00:00,14604.9,14645.64,14588.46,14588.92,148.0215
2020-05-06 23:15:00,14578.03,14584.46,14495.7,14549.9,132.0041
2020-05-06 23:30:00,14572.74,14628.33,14502.88,14570.41,18.882
2020-05-06 23:45:00,14615.75,14643.48,14593.54,14618.04,78.6434
2020-05-07 00:00:00,14613.78,14637.28,14599.43,14630.21,79.8948
2020-05-07 00:15:00,14644.88,14682.72,14632.19,14666.05,105.8092
2020-05-07 00:30:00,14671.85,14710.21,14658.73,14697.92,177.7531
2020-05-07 00:45:00,14709.28,14765.13,14699.57,14720.99,119.8093
2020-05-07 01:00:00,14661.93,14722.26,14650.38,14692.65,15.2342
2020-05-07 01:15:00,14716.91,14740.44,14689.12,14701.05,1.9214
2020-05-07 01:30:00,14670.57,14685.25,14632.36,14664.37,14.686
2020-05-07 01:45:00,14662.18,14694.08,14660.15,14665.87,4.1116
2020-05-07 02:00:00,14697.45,14762.07,14671.71,14681.16,57.4073
2020-05-07 02:15:00,14740.03,14801.86,14733.87,14755.83,33.373
2020-05-07 02:30:00,14686.54,14759.55,14673.81,14698.59,0.7337
2020-05-07 02:45:00,14692.09,14785.05,14669.48,14720.56,8.3684
2020-05-07 03:00:00,14798.16,14816.94,14762.93,14786.71,50.6738
2020-05-07 03:15:00,14809.1,14847.32,14795.33,14821.11,280.9448
2020-05-07 03:30:00,14859.12,14919.33,14851.88,14858.89,525.8861
2020-05-07 03:45:00,14900.75,14904.96,14855.88,14885.83,5.142
2020-05-07 04:00:00,14965.04,14989.98,14933.22,14944.55,177.5375
2020-05-07 04:15:00,14896.11,14915.04,14886.2,14896.54,65.4422
2020-05-07 04:30:00,14841.05,14858.99,14826.68,14835.35,97.033
2020-05-07 04:45:00,14822.4,14860.44,14820.98,14835.81,70.5157
2020-05-07 05:00:00,14765.18,14823.35,14690.3,14740.37,258.3714
2020-05-07 05:15:00,14793.07,14818.7,14781.85,14795.52,65.1017
2020-05-07 05:30:00,14851.64,14867.22,14833.78,14850.45,18.389
2020-05-07 05:45:00,14825.85,14847.61,14815.48,14831.88,151.3461
2020-05-07 06:00:00,14833.9,14834.61,14814.29,14816.13,72.1083
2020-05-07 06:15:00,14816.61,14821.97,14785.27,14813.65,12.4508
2020-05-07 06:30:00,14827.98,14835.01,14801.19,14816.7,61.9139
2020-05-07 06:45:00,14828.35,14848.81,14766.01,14823.1,116.2814
2020-05-07 07:00:00,14845.39,14872.87,14815.09,14848.66,35.0747
2020-05-07 07:15:00,14855.51,14935.66,14825.64,14841.72,243.0116
2020-05-07 07:30:00,14889.59,14895.72,14877.77,14884.45,189.6841
2020-05-07 07:45:00,14890.79,14909.01,14888.28,14905.11,83.9087
2020-05-07 08:00:00,14864.0,14936.59,14822.64,14878.72,5.5906
2020-05-07 08:15:00,14941.28,14995.93,14920.23,14939.05,87.5303
2020-05-07 08:30:00,14892.43,14950.04,14873.9,14878.93,53.7178
2020-05-07 08:45:00,14899.95,14902.73,14865.56,14875.56,128.7603
2020-05-07 09:00:00,14892.94,14935.27,14883.25,14919.45,31.0652
2020-05-07 09:15:00,14888.22,14921.56,14854.05,14887.83,93.0804
2020-05-07 09:30:00,14909.7,14947.55,14839.59,14902.4,80.8417
2020-05-07 09:45:00,14931.85,14942.06,14889.37,14927.44,74.8344
2020-05-07 10:00:00,14904.68,14912.97,14854.78,14889.65,12.3198
2020-05-07 10:15:00,14896.92,14915.46,14865.97,14887.16,67.312
2020-05-07 10:30:00,14866.25,14888.83,14850.65,14880.91,79.9892
2020-05-07 10:45:00,14841.95,14872.19,14811.64,14857.03,262.6347
2020-05-07 11:00:00,14965.03,15005.12,14881.31,14960.36,61.7787
2020-05-07 11:15:00,14941.64,15021.54,14909.36,14926.86,102.1276
2020-05-07 11:30:00,14974.75,15019.51,14939.73,14972.6,84.2218
2020-05-07 11:45:00,14932.11,14966.46,14923.34,14955.71,21.7218
2020-05-07 12:00:00,14892.09,14922.67,14875.5,14907.7,20.3843
2020-05-07 12:15:00,14923.36,14940.26,14895.95,14913.05,134.4761
2020-05-07 12:30:00,14937.62,14990.76,14892.56,14942.83,74.0373
2020-05-07 12:45:00,14986.61,14996.75,14968.24,14984.84,226.3681
2020-05-07 13:00:00,15071.86,15100.95,15048.33,15055.82,238.7655
2020-05-07 13:15:00,15171.34,15224.05,15097.51,15189.61,35.2506
2020-05-07 13:30:00,15195.48,15214.14,15130.81,15201.78,10.7058
2020-05-07 13:45:00,15164.37,15205.95,15097.62,15172.3,42.1717
2020-05-07 14:00:00,15199.07,15220.52,15140.74,15193.67,6.9392
2020-05-07 14:15:00,15194.03,15249.89,15177.79,15182.3,151.9847
2020-05-07 14:30:00,15202.69,15246.36,15181.2,15225.23,15.8037
2020-05-07 14:45:00,15166.66,15193.77,15146.69,15166.74,201.2602
2020-05-07 15:00:00,15288.54,15289.46,15266.45,15275.26,53.6703
2020-05-07 15:15:00,15286.85,15336.09,15250.27,15315.26,32.6567
2020-05-07 15:30:00,15237.67,15240.93,15162.49,15238.65,69.6189
2020-05-07 15:45:00,15188.51,15241.5,15127.46,15207.0,93.006
2020-05-07 16:00:00,15235.21,15252.94,15235.18,15244.99,120.9131
2020-05-07 16:15:00,15261.22,15330.5,15225.3,15299.55,41.2765
2020-05-07 16:30:00,15263.15,15285.15,15204.44,15241.92,407.2826
2020-05-07 16:45:00,15269.85,15312.79,15247.75,15275.29,54.8679
2020-05-07 17:00:00,15174.55,15197.14,15162.82,15186.81,179.8592
2020-05-07 17:15:00,15188.48,15229.39,15166.37,15183.5,3.549
2020-05-07 17:30:00,15219.03,15247.39,15197.98,15234.91,150.4912
2020-05-07 17:45:00,15193.17,15271.82,15181.54,15210.47,80.1486
2020-05-07 18:00:00,15165.34,15179.07,15105.06,15142.47,102.0612
2020-05-07 18:15:00,15177.27,15185.95,15126.71,15149.87,46.6615
2020-05-07 18:30:00,15114.18,15154.8,15073.6,15123.14,78.7108
2020-05-07 18:45:00,15168.63,15177.92,15143.9,15152.46,269.1495
2020-05-07 19:00:00,15118.35,15118.48,15031.98,15112.97,48.782
2020-05-07 19:15:00,15057.38,15116.97,15016.52,15078.7,11.1788
2020-05-07 19:30:00,14974.12,15019.22,14970.55,14988.03,127.4798
2020-05-07 19:45:00,15019.68,15030.41,14916.81,14996.42,70.3529
2020-05-07 20:00:00,14968.54,15006.59,14917.55,14989.93,55.3283
2020-05-07 20:15:00,14971.31,14971.94,14905.76,14937.24,150.426
2020-05-07 20:30:00,14938.13,14961.56,14938.12,14946.67,82.594
2020-05-07 20:45:00,15017.17,15051.38,14962.84,14993.47,99.7991
2020-05-07 21:00:00,14979.94,15041.42,14953.28,14984.52,260.4718
2020-05-07 21:15:00,15009.32,15011.5,14969.91,14997.33,6.0293
2020-05-07 21:30:00,15031.31,15040.8,14974.73,15010.37,30.4329
2020-05-07 21:45:00,14977.68,15041.23,14928.49,14956.89,228.4956
2020-05-07 22:00:00,15041.13,15056.61,14991.91,15049.92,157.3723
2020-05-07 22:15:00,15016.53,15105.87,14988.21,15029.41,20.8992
2020-05-07 22:30:00,15058.53,15102.41,15044.1,15059.75,18.5268
2020-05-07 22:45:00,15075.62,15102.41,15016.45,15095.25,174.3751
2020-05-07 23:00:00,15093.3,15134.65,15081.83,15089.69,80.4892
2020-05-07 23:15:00,15105.5,15121.6,15068.75,15117.91,196.8543
2020-05-07 23:30:00,15146.2,15150.04,15112.99,15129.82,249.7191
2020-05-07 23:45:00,15057.64,15080.03,15044.6,15066.23,7.208
2020-05-08 00:00:00,15025.74,15053.58,15014.67,15051.96,349.9195
2020-05-08 00:15:00,15046.1,15058.42,14988.77,15025.05,126.045
2020-05-08 00:30:00,15007.74,15011.06,14977.05,15004.99,179.8577
2020-05-08 00:45:00,14947.48,14970.07,14937.14,14947.04,99.5156
2020-05-08 01:00:00,15014.71,15058.04,14985.09,14998.3,36.4076
2020-05-08 01:15:00,15084.27,15117.72,15049.66,15071.13,91.4869
2020-05-08 01:30:00,15104.59,15122.52,15079.89,15116.1,72.5403
2020-05-08 01:45:00,15167.65,15210.67,15160.48,15174.48,268.9347
2020-05-08 02:00:00,15142.67,15184.86,15133.96,15159.55,80.9749
2020-05-08 02:15:00,15109.21,15153.41,15098.31,15131.37,2.8291
2020-05-08 02:30:00,15105.52,15109.5,15052.76,15096.78,115.8666
2020-05-08 02:45:00,15132.64,15137.95,15081.66,15126.71,5.1862
2020-05-08 03:00:00,15149.28,15182.82,15114.09,15137.77,288.2418
2020-05-08 03:15:00,15154.41,15166.95,15105.29,15135.02,66.6686
2020-05-08 03:30:00,15206.35,15236.49,15184.93,15194.58,344.226
2020-05-08 03:45:00,15226.93,15258.46,15169.68,15213.8,2.6205
2020-05-08 04:00:00,15144.75,15210.69,15133.16,15176.28,76.1105
2020-05-08 04:15:00,15141.39,15188.2,15105.16,15146.04,25.645
2020-05-08 04:30:00,15192.42,15194.69,15123.99,15177.78,102.3713
2020-05-08 04:45:00,15208.19,15277.69,15188.2,15225.98,68.9574
2020-05-08 05:00:00,15253.34,15290.13,15233.22,15251.94,83.4998
2020-05-08 05:15:00,15347.46,15360.52,15318.22,15339.49,44.5726
2020-05-08 05:30:00,15422.33,15422.83,15400.07,15415.5,5.292
2020-05-08 05:45:00,15442.36,15465.11,15426.73,15436.67,11.2158
2020-05-08 06:00:00,15407.83,15419.21,15371.36,15398.61,195.5884
2020-05-08 06:15:00,15341.63,15385.28,15320.5,15338.86,121.3257
2020-05-08 06:30:00,15299.39,15325.9,15285.01,15321.8,146.7061
2020-05-08 06:45:00,15364.97,15395.74,15282.62,15357.19,13.0871
2020-05-08 07:00:00,15446.51,15456.57,15439.41,15442.11,5.0495
2020-05-08 07:15:00,15439.81,15520.78,15387.46,15462.22,1.7427
2020-05-08 07:30:00,15538.62,15543.65,15474.03,15517.21,73.7756
2020-05-08 07:45:00,15514.84,15565.08,15505.02,15506.57,69.4943
2020-05-08 08:00:00,15514.87,15538.73,15476.48,15536.31,11.7262
2020-05-08 08:15:00,15562.74,15599.28,15538.35,15575.47,42.56
2020-05-08 08:30:00,15475.01,15534.18,15469.06,15483.74,75.548
2020-05-08 08:45:00,15456.58,15496.13,15440.02,15465.31,112.644
2020-05-08 09:00:00,15514.7,15568.82,15505.26,15510.15,166.0723
2020-05-08 09:15:00,15508.54,15539.12,15446.37,15523.7,102.5516
2020-05-08 09:30:00,15486.2,15500.63,15413.08,15468.75,3.0466
2020-05-08 09:45:00,15372.81,15416.19,15347.4,15356.75,88.211
2020-05-08 10:00:00,15350.17,15360.29,15316.52,15340.67,9.2029
2020-05-08 10:15:00,15338.82,15347.55,15330.61,15338.14,83.2203
2020-05-08 10:30:00,15312.57,15337.78,15289.92,15298.23,47.1585
2020-05-08 10:45:00,15301.34,15318.23,15262.26,15305.56,33.7345
2020-05-08 11:00:00,15318.48,15342.93,15290.47,15329.58,65.7232
2020-05-08 11:15:00,15379.47,15383.0,15353.95,15361.19,48.0423
2020-05-08 11:30:00,15258.23,15300.29,15238.91,15253.39,177.3549
2020-05-08 11:45:00,15183.62,15251.77,15154.05,15194.01,25.682
2020-05-08 12:00:00,15174.54,15209.25,15153.69,15180.89,14.7003
2020-05-08 12:15:00,15196.5,15229.05,15182.49,15207.7,181.3877
2020-05-08 12:30:00,15261.58,15295.7,15204.07,15230.78,27.8932
2020-05-08 12:45:00,15253.17,15284.9,15217.52,15253.11,3.2767
2020-05-08 13:00:00,15238.73,15256.61,15209.51,15236.32,48.9363
2020-05-08 13:15:00,15233.09,15263.87,15215.56,15222.11,170.9506
2020-05-08 13:30:00,15171.15,15197.19,15166.19,15189.61,56.5405
2020-05-08 13:45:00,15242.07,15293.62,15214.22,15225.38,63.5039
2020-05-08 14:00:00,15174.86,15200.53,15146.87,15184.09,4.8347
2020-05-08 14:15:00,15251.43,15269.09,15217.95,15223.57,124.1502
2020-05-08 14:30:00,15229.06,15239.45,15179.63,15233.83,42.1149
2020-05-08 14:45:00,15248.34,15254.24,15208.17,15232.53,130.4229
2020-05-08 15:00:00,15165.32,15227.48,15114.94,15203.28,52.928
2020-05-08 15:15:00,15124.42,15147.26,15119.0,15142.22,74.8433
2020-05-08 15:30:00,15109.12,15137.16,15068.98,15113.55,89.0345
2020-05-08 15:45:00,15068.68,15134.62,15015.61,15099.35,21.9264
2020-05-08 16:00:00,15001.8,15013.16,14931.16,14992.79,34.816
2020-05-08 16:15:00,14989.35,14995.15,14925.19,14984.66,88.0848
2020-05-08 16:30:00,15012.08,15063.09,14971.08,15026.96,173.127
2020-05-08 16:45:00,15053.05,15054.2,15043.54,15053.29,325.5627
2020-05-08 17:00:00,15043.75,15046.68,15029.84,15031.63,74.2695
2020-05-08 17:15:00,15002.88,15051.25,14999.31,15034.5,7.6787
2020-05-08 17:30:00,14991.05,15054.93,14972.43,15010.17,312.387
2020-05-08 17:45:00,15012.58,15088.38,15011.05,15017.61,54.6054
2020-05-08 18:00:00,15088.11,15103.53,15074.06,15087.75,10.812
2020-05-08 18:15:00,15131.46,15132.96,15124.81,15132.34,358.2791
2020-05-08 18:30:00,15170.22,15175.79,15150.39,15156.74,32.9218
2020-05-08 18:45:00,15142.31,15152.28,15133.55,15135.09,106.9553
2020-05-08 19:00:00,15180.46,15182.16,15150.45,15169.9,15.5624
2020-05-08 19:15:00,15072.91,15108.33,15054.04,15093.89,127.1406
2020-05-08 19:30:00,15085.4,15109.39,15077.16,15083.21,374.2864
2020-05-08 19:45:00,15105.74,15114.46,15065.68,15110.38,420.3491
2020-05-08 20:00:00,15166.84,15177.48,15137.28,15144.7,13.4914
2020-05-08 20:15:00,15178.54,15207.49,15156.52,15175.89,146.4069
2020-05-08 20:30:00,15179.91,15205.38,15147.87,15190.07,109.1508
2020-05-08 20:45:00,15194.86,15205.77,15137.51,15181.92,161.6819
2020-05-08 21:00:00,15215.74,15240.06,15192.72,15207.18,40.5278
2020-05-08 21:15:00,15152.01,15200.5,15136.12,15164.47,51.3741
2020-05-08 21:30:00,15121.53,15151.37,15101.24,15126.8,41.8265
2020-05-08 21:45:00,15125.34,15134.45,15086.73,15130.35,145.4645
2020-05-08 22:00:00,15157.56,15159.86,15138.86,15138.97,165.6031
2020-05-08 22:15:00,15059.88,15101.86,15054.45,15056.82,28.6751
2020-05-08 22:30:00,15089.09,15100.17,15050.27,15078.13,85.0476
2020-05-08 22:45:00,15106.38,15140.71,15080.55,15113.84,13.4638
2020-05-08 23:00:00,15116.15,15136.01,15071.57,15111.09,1.325
2020-05-08 23:15:00,15239.32,15269.19,15205.03,15219.49,94.1798
2020-05-08 23:30:00,15183.58,15213.09,15141.22,15189.06,183.3849
2020-05-08 23:45:00,15175.12,15198.72,15157.51,15173.37,237.0363
2020-05-09 00:00:00,15135.48,15247.0,15128.26,15156.15,96.8535
2020-05-09 00:15:00,15141.84,15170.62,15123.19,15153.44,165.3868
2020-05-09 00:30:00,15134.19,15167.71,15087.52,15139.25,51.7915
2020-05-09 00:45:00,15060.12,15103.76,15051.2,15076.12,208.2143
2020-05-09 01:00:00,15072.05,15128.88,15051.37,15052.15,149.04
2020-05-09 01:15:00,15035.88,15093.85,15009.99,15048.49,36.8932
2020-05-09 01:30:00,15116.6,15126.69,15093.91,15104.71,90.9357
2020-05-09 01:45:00,15208.1,15241.84,15178.22,15205.26,5.2619
2020-05-09 02:00:00,15267.41,15270.39,15251.46,15266.94,15.8512
2020-05-09 02:15:00,15254.83,15267.82,15221.1,15232.19,293.0932
2020-05-09 02:30:00,15166.79,15224.13,15139.93,15201.15,0.9802
2020-05-09 02:45:00,15191.67,15202.78,15185.04,15194.65,22.7195
2020-05-09 03:00:00,15260.25,15286.81,15219.4,15276.76,14.9438
2020-05-09 03:15:00,15239.99,15318.23,15190.05,15269.94,119.9877
2020-05-09 03:30:00,15191.72,15232.05,15183.41,15209.89,11.1708
2020-05-09 03:45:00,15188.04,15211.47,15164.2,15187.78,2.0334
2020-05-09 04:00:00,15211.99,15254.82,15190.11,15223.03,266.6274
2020-05-09 04:15:00,15268.98,15286.34,15248.15,15255.3,206.1676
2020-05-09 04:30:00,15243.64,15274.42,15205.13,15246.9,44.3866
2020-05-09 04:45:00,15273.96,15316.43,15250.3,15278.93,10.5943
2020-05-09 05:00:00,15170.63,15183.65,15155.99,15175.49,113.3832
2020-05-09 05:15:00,15179.49,15195.24,15156.82,15180.98,214.6574
2020-05-09 05:30:00,15214.57,15246.99,15212.24,15220.94,367.505
2020-05-09 05:45:00,15170.74,15224.7,15169.53,15183.67,13.9405
2020-05-09 06:00:00,15161.31,15169.74,15115.28,15146.33,91.6818
2020-05-09 06:15:00,15052.88,15089.52,15030.87,15062.28,56.3086
2020-05-09 06:30:00,15129.07,15150.32,15091.12,15134.87,17.0492
2020-05-09 06:45:00,15109.42,15111.85,15091.11,15102.93,164.9717
2020-05-09 07:00:00,15119.43,15198.35,15098.94,15114.61,152.4136
2020-05-09 07:15:00,15129.22,15201.22,15117.28,15142.75,334.2412
2020-05-09 07:30:00,15223.68,15223.97,15206.07,15212.2,8.9415
2020-05-09 07:45:00,15214.11,15219.88,15190.74,15205.93,27.2958
2020-05-09 08:00:00,15184.79,15206.06,15134.66,15182.09,175.7796
2020-05-09 08:15:00,15184.18,15192.48,15180.79,15190.73,50.3232
2020-05-09 08:30:00,15243.8,15288.79,15221.85,15250.01,64.6139
2020-05-09 08:45:00,15239.91,15281.62,15196.03,15242.98,94.5527
2020-05-09 09:00:00,15181.36,15207.4,15146.14,15200.08,52.5017
2020-05-09 09:15:00,15129.99,15151.32,15124.68,15130.58,3.6039
2020-05-09 09:30:00,15089.35,15119.64,15068.92,15075.9,92.6303
2020-05-09 09:45:00,15129.0,15173.81,15113.98,15115.75,25.9901
2020-05-09 10:00:00,15096.21,15130.78,15073.07,15101.97,346.9617
2020-05-09 10:15:00,15091.24,15141.83,15062.83,15075.2,117.2234
2020-05-09 10:30:00,15072.24,15098.56,15023.53,15043.57,183.6678
2020-05-09 10:45:00,15043.4,15086.6,15003.99,15048.16,308.7879
2020-05-09 11:00:00,15048.5,15064.73,15005.64,15038.1,6.542
2020-05-09 11:15:00,14992.53,15033.41,14982.19,15026.53,16.0982
2020-05-09 11:30:00,15069.13,15092.75,15036.74,15088.11,165.0381
2020-05-09 11:45:00,15159.86,15160.65,15143.07,15158.48,216.1014
2020-05-09 12:00:00,15070.84,15122.06,15062.98,15086.02,0.4891
2020-05-09 12:15:00,15132.4,15163.94,15067.64,15101.6,290.4516
2020-05-09 12:30:00,15076.17,15134.37,15055.66,15067.16,60.5829
2020-05-09 12:45:00,15071.24,15092.65,14997.26,15056.7,62.1062
2020-05-09 13:00:00,15070.98,15083.2,15068.94,15071.42,210.984
2020-05-09 13:15:00,15047.44,15093.23,15042.72,15062.55,34.1832
2020-05-09 13:30:00,15065.9,15090.42,15054.4,15073.72,87.5847
2020-05-09 13:45:00,15108.75,15168.21,15044.72,15104.91,40.675
2020-05-09 14:00:00,15109.37,15144.94,15072.52,15119.01,12.0536
2020-05-09 14:15:00,15100.56,15172.7,15046.38,15090.43,44.4069
2020-05-09 14:30:00,15073.41,15081.23,14999.13,15062.7,18.999
2020-05-09 14:45:00,14998.47,15045.68,14983.46,14998.39,73.6012
2020-05-09 15:00:00,14933.41,14977.87,14929.56,14960.72,75.4585
2020-05-09 15:15:00,15075.34,15099.2,15033.93,15049.53,57.5022
2020-05-09 15:30:00,15011.33,15068.12,14982.55,15014.53,19.0935
2020-05-09 15:45:00,15002.06,15020.88,14955.63,14961.52,12.6394
2020-05-09 16:00:00,14986.4,15057.75,14967.38,14976.63,11.0505
2020-05-09 16:15:00,14969.28,14977.24,14958.49,14972.42,11.8969
2020-05-09 16:30:00,14971.09,14977.87,14935.69,14964.38,34.9385
2020-05-09 16:45:00,14998.04,15071.82,14990.11,15028.39,0.1866
2020-05-09 17:00:00,15069.35,15073.82,15050.9,15053.9,6.4279
2020-05-09 17:15:00,15069.3,15076.75,15020.86,15030.72,63.5717
2020-05-09 17:30:00,14980.96,15085.02,14952.69,15012.33,20.1738
2020-05-09 17:45:00,14986.13,15042.54,14948.13,14990.44,30.5682
2020-05-09 18:00:00,15028.95,15042.28,15028.5,15030.53,43.5908
2020-05-09 18:15:00,15030.53,15033.76,15006.02,15017.39,4.0459
2020-05-09 18:30:00,14968.81,14995.97,14880.48,14937.35,24.8489
2020-05-09 18:45:00,14941.65,14976.96,14858.85,14935.93,149.9183
2020-05-09 19:00:00,14899.65,14916.08,14842.02,14867.81,41.6875
2020-05-09 19:15:00,14968.53,14985.09,14961.67,14965.98,20.5991
2020-05-09 19:30:00,14930.11,14931.42,14906.34,14923.37,22.0328
2020-05-09 19:45:00,14921.76,14935.09,14915.65,14916.87,418.2056
2020-05-09 20:00:00,14947.39,14954.84,14890.91,14929.17,16.0703
2020-05-09 20:15:00,14910.69,14935.8,14898.19,14916.99,235.829
2020-05-09 20:30:00,14916.95,14956.35,14862.4,14904.75,8.3974
2020-05-09 20:45:00,14905.99,14962.51,14862.29,14924.36,207.4895
2020-05-09 21:00:00,14989.17,15007.95,14982.73,14993.44,70.7076
2020-05-09 21:15:00,15019.14,15030.45,15000.89,15028.71,93.8294
2020-05-09 21:30:00,15097.45,15115.59,15056.66,15096.12,28.2272
2020-05-09 21:45:00,15044.72,15058.13,15024.58,15049.48,228.8768
2020-05-09 22:00:00,15081.62,15088.53,14997.93,15064.56,88.466
2020-05-09 22:15:00,15059.09,15094.49,15046.1,15072.33,112.6086
2020-05-09 22:30:00,15062.84,15116.16,15061.56,15088.96,81.3646
2020-05-09 22:45:00,15131.45,15165.12,15127.11,15152.01,13.38
2020-05-09 23:00:00,15157.79,15175.85,15109.38,15142.73,180.926
2020-05-09 23:15:00,15110.4,15136.24,15074.36,15125.07,20.2833
2020-05-09 23:30:00,15156.08,15163.37,15125.32,15150.05,34.5238
2020-05-09 23:45:00,15065.55,15071.77,15056.27,15069.99,110.7205
2020-05-10 00:00:00,15072.45,15088.55,15051.73,15060.04,9.7976
2020-05-10 00:15:00,15051.25,15093.14,15034.7,15054.73,270.9114
2020-05-10 00:30:00,15055.42,15116.45,14991.55,15013.91,13.2535
2020-05-10 00:45:00,15090.87,15126.78,15034.46,15062.28,110.0081
2020-05-10 01:00:00,15010.3,15018.97,14984.69,15015.03,100.8192
2020-05-10 01:15:00,15002.87,15022.15,14986.29,15009.66,119.7429
2020-05-10 01:30:00,15070.67,15096.82,15013.54,15023.61,56.8008
2020-05-10 01:45:00,15069.09,15123.45,15035.16,15085.36,48.1728
2020-05-10 02:00:00,15084.81,15096.2,15074.5,15085.64,380.1286
2020-05-10 02:15:00,15129.1,15134.53,15117.56,15128.76,169.9136
2020-05-10 02:30:00,15161.28,15169.98,15145.57,15161.32,66.445
2020-05-10 02:45:00,15141.32,15220.52,15127.67,15167.69,20.122
2020-05-10 03:00:00,15126.38,15137.67,15104.49,15118.87,221.232
2020-05-10 03:15:00,15039.95,15099.33,15013.39,15054.56,104.6255
2020-05-10 03:30:00,15081.75,15091.26,15030.63,15060.12,14.592
2020-05-10 03:45:00,15014.46,15041.95,14988.03,15036.36,20.2244
2020-05-10 04:00:00,15079.47,15089.03,15074.1,15078.57,77.8313
2020-05-10 04:15:00,15079.58,15145.8,15020.97,15113.07,70.0542
2020-05-10 04:30:00,15072.91,15142.64,15031.57,15105.45,52.6417
2020-05-10 04:45:00,15041.11,15066.75,15001.45,15053.75,55.665
2020-05-10 05:00:00,15067.04,15088.38,15034.87,15077.56,18.8987
2020-05-10 05:15:00,15054.31,15061.3,15030.82,15032.27,29.4997
2020-05-10 05:30:00,14998.21,15010.87,14997.15,14998.82,67.8669
2020-05-10 05:45:00,14974.83,14997.97,14944.93,14955.5,6.5824
2020-05-10 06:00:00,14944.36,14984.2,14912.71,14950.03,43.4918
2020-05-10 06:15:00,15012.36,15029.33,14980.47,15003.26,23.6196
2020-05-10 06:30:00,14992.9,15039.87,14973.34,15003.79,19.1946
2020-05-10 06:45:00,14972.7,15018.01,14951.6,14984.59,15.8519
2020-05-10 07:00:00,14889.59,14948.28,14847.84,14916.75,15.1043
2020-05-10 07:15:00,14947.23,15008.79,14919.95,14942.21,17.4876
2020-05-10 07:30:00,14911.88,14946.09,14882.51,14907.97,46.8617
2020-05-10 07:45:00,14925.57,14949.9,14905.4,14913.97,10.6979
2020-05-10 08:00:00,14902.07,14927.95,14887.91,14898.87,227.3429
2020-05-10 08:15:00,14967.35,14981.29,14927.75,14937.08,68.8988
2020-05-10 08:30:00,14933.41,14984.14,14888.12,14930.78,70.2744
2020-05-10 08:45:00,14943.69,15006.47,14907.84,14928.89,23.7106
2020-05-10 09:00:00,14946.54,14952.05,14922.8,14951.39,201.8574
2020-05-10 09:15:00,15032.97,15093.61,14985.26,15046.64,176.1023
2020-05-10 09:30:00,15098.33,15144.27,15081.53,15087.5,3.4846
2020-05-10 09:45:00,15082.9,15122.26,15045.91,15084.24,131.8278
2020-05-10 10:00:00,15097.69,15122.76,15057.59,15085.14,20.3671
2020-05-10 10:15:00,15067.46,15077.02,15051.8,15062.14,81.1068
2020-05-10 10:30:00,15008.06,15054.57,14964.0,15019.97,204.4215
2020-05-10 10:45:00,15011.92,15072.3,14964.55,14995.81,271.8901
2020-05-10 11:00:00,14948.79,14991.44,14948.38,14961.83,20.3895
2020-05-10 11:15:00,15001.28,15034.91,14922.73,14991.9,280.6369
2020-05-10 11:30:00,14963.63,14990.94,14911.59,14944.47,7.2122
2020-05-10 11:45:00,14999.22,15025.87,14974.5,15004.99,240.0491
2020-05-10 12:00:00,15056.98,15084.95,15000.95,15039.6,147.984
2020-05-10 12:15:00,15047.25,15065.6,15023.93,15041.27,245.1373
2020-05-10 12:30:00,15054.85,15074.31,15022.2,15042.04,45.5937
2020-05-10 12:45:00,15005.08,15034.55,14990.88,15017.64,282.6484
2020-05-10 13:00:00,15033.78,15043.12,15008.18,15030.56,170.6592
2020-05-10 13:15:00,15059.14,15085.02,15012.39,15080.38,39.7977
2020-05-10 13:30:00,15075.07,15137.81,15027.55,15049.32,41.3902
2020-05-10 13:45:00,14950.67,14989.28,14947.4,14980.84,44.1946
2020-05-10 14:00:00,15007.87,15020.62,15002.53,15013.2,88.8643
2020-05-10 14:15:00,15014.55,15033.07,15004.83,15028.56,20.077
2020-05-10 14:30:00,14988.91,14994.39,14973.03,14978.8,56.8278
2020-05-10 14:45:00,14975.35,14999.03,14931.47,14946.6,7.0058
2020-05-10 15:00:00,14918.59,14962.42,14908.48,14908.82,44.3658
2020-05-10 15:15:00,14921.22,14928.58,14871.98,14877.16,109.8811
2020-05-10 15:30:00,14842.98,14888.93,14812.9,14863.46,89.0305
2020-05-10 15:45:00,14832.99,14910.98,14784.99,14852.32,38.0581
2020-05-10 16:00:00,14810.82,14827.61,14777.71,14824.06,29.7334
2020-05-10 16:15:00,14792.88,14843.31,14741.18,14791.09,39.6153
2020-05-10 16:30:00,14766.49,14836.73,14759.86,14781.67,7.2084
2020-05-10 16:45:00,14778.73,14823.16,14750.97,14789.85,29.7837
2020-05-10 17:00:00,14785.72,14833.08,14748.54,14776.55,123.1176
2020-05-10 17:15:00,14810.28,14871.19,14780.41,14828.66,19.6926
2020-05-10 17:30:00,14835.17,14930.57,14821.77,14852.0,14.8768
2020-05-10 17:45:00,14775.97,14812.52,14759.61,14781.86,187.1174
2020-05-10 18:00:00,14801.32,14829.39,14790.97,14805.83,26.9911
2020-05-10 18:15:00,14848.44,14863.06,14800.37,14833.46,28.9155
2020-05-10 18:30:00,14801.52,14830.29,14732.73,14814.86,62.1829
2020-05-10 18:45:00,14738.52,14752.77,14705.76,14749.15,63.8492
2020-05-10 19:00:00,14758.82,14773.28,14723.81,14750.24,20.6044
2020-05-10 19:15:00,14762.46,14797.58,14733.25,14750.64,81.2245
2020-05-10 19:30:00,14722.74,14748.49,14699.01,14701.74,118.9877
2020-05-10 19:45:00,14645.33,14653.94,14590.84,14638.47,66.2604
2020-05-10 20:00:00,14637.26,14670.76,14597.01,14635.35,225.7945
2020-05-10 20:15:00,14634.26,14651.1,14620.53,14625.85,477.8602
2020-05-10 20:30:00,14604.37,14631.94,14585.46,14608.28,75.2071
2020-05-10 20:45:00,14601.34,14643.95,14595.21,14605.35,360.0705
2020-05-10 21:00:00,14531.93,14650.9,14530.42,14557.76,103.984
2020-05-10 21:15:00,14552.49,14556.37,14486.67,14539.5,75.2485
2020-05-10 21:30:00,14566.57,14584.34,14531.21,14563.49,204.0409
2020-05-10 21:45:00,14560.23,14585.91,14517.99,14548.93,339.6063
2020-05-10 22:00:00,14435.91,14505.6,14363.36,14476.68,691.7317
2020-05-10 22:15:00,14456.19,14477.33,14425.01,14456.87,142.369
2020-05-10 22:30:00,14398.85,14439.64,14379.7,14411.18,66.4172
2020-05-10 22:45:00,14445.11,14471.01,14414.22,14423.45,35.1029
2020-05-10 23:00:00,14446.84,14486.1,14410.26,14437.97,81.6402
2020-05-10 23:15:00,14370.21,14431.41,14339.15,14366.84,150.2961
2020-05-10 23:30:00,14394.06,14463.91,14389.95,14400.28,2.7191
2020-05-10 23:45:00,14358.65,14429.33,14312.88,14352.95,31.1498
2020-05-11 00:00:00,14407.42,14422.63,14402.01,14420.8,43.789
2020-05-11 00:15:00,14417.98,14463.38,14403.02,14419.41,151.389
2020-05-11 00:30:00,14357.91,14371.32,14325.72,14366.22,95.0758
2020-05-11 00:45:00,14350.17,14354.31,14291.09,14317.72,55.4615
2020-05-11 01:00:00,14354.45,14363.26,14300.9,14333.39,251.6605
2020-05-11 01:15:00,14332.5,14350.84,14270.86,14317.28,77.2507
2020-05-11 01:30:00,14292.51,14349.53,14275.95,14313.84,128.7036
2020-05-11 01:45:00,14396.24,14407.18,14345.64,14383.81,106.5581
2020-05-11 02:00:00,14357.05,14365.8,14324.02,14354.36,195.5514
2020-05-11 02:15:00,14375.22,14430.81,14351.9,14357.66,167.3329
2020-05-11 02:30:00,14424.18,14461.61,14379.34,14419.53,451.2717
2020-05-11 02:45:00,14431.86,14462.63,14403.52,14431.95,47.6732
2020-05-11 03:00:00,14366.48,14426.87,14332.46,14363.12,18.017
2020-05-11 03:15:00,14359.64,14410.9,14347.1,14385.61,142.6357
2020-05-11 03:30:00,14325.14,14339.15,14324.92,14336.14,207.7156
2020-05-11 03:45:00,14402.74,14426.99,14374.37,14397.36,5.5906
2020-05-11 04:00:00,14378.9,14422.79,14350.6,14362.54,40.478
2020-05-11 04:15:00,14483.23,14509.68,14450.71,14491.21,164.6071
2020-05-11 04:30:00,14555.13,14623.79,14529.75,14555.72,115.0231
2020-05-11 04:45:00,14498.42,14523.08,14477.36,14521.67,140.7728
2020-05-11 05:00:00,14544.46,14550.98,14519.05,14523.26,78.3509
2020-05-11 05:15:00,14573.04,14589.41,14544.58,14556.83,48.1006
2020-05-11 05:30:00,14601.29,14610.37,14543.15,14591.78,166.808
2020-05-11 05:45:00,14617.81,14625.27,14601.19,14611.87,80.8648
2020-05-11 06:00:00,14690.26,14748.91,14650.24,14667.49,72.364
2020-05-11 06:15:00,14651.01,14670.07,14645.76,14662.81,132.7438
2020-05-11 06:30:00,14634.04,14676.25,14605.86,14647.41,21.1792
2020-05-11 06:45:00,14648.44,14673.04,14596.17,14632.9,88.19
2020-05-11 07:00:00,14685.91,14729.16,14655.6,14671.32,36.3002
2020-05-11 07:15:00,14670.59,14708.21,14651.14,14688.12,2.1683
2020-05-11 07:30:00,14693.88,14747.46,14676.79,14701.69,138.1776
2020-05-11 07:45:00,14762.4,14809.8,14719.82,14737.5,64.3758
2020-05-11 08:00:00,14653.59,14654.32,14606.27,14647.56,233.5598
2020-05-11 08:15:00,14673.46,14691.55,14611.08,14661.91,69.348
2020-05-11 08:30:00,14655.26,14692.16,14618.49,14672.26,1.0242
2020-05-11 08:45:00,14756.13,14805.72,14729.9,14746.45,52.5512
2020-05-11 09:00:00,14658.73,14712.6,14634.88,14679.56,18.7624
2020-05-11 09:15:00,14719.67,14797.42,14700.39,14748.88,253.9306
2020-05-11 09:30:00,14763.67,14778.35,14673.03,14752.95,59.0228
2020-05-11 09:45:00,14796.52,14826.12,14748.26,14775.33,71.4767
2020-05-11 10:00:00,14846.59,14884.96,14835.62,14850.35,45.4912
2020-05-11 10:15:00,14867.95,14894.7,14865.84,14876.08,73.8614
2020-05-11 10:30:00,14920.17,14931.3,14876.18,14894.69,8.6421
2020-05-11 10:45:00,14903.36,14911.27,14892.16,14906.26,61.3843
2020-05-11 11:00:00,14884.41,14897.79,14869.0,14885.39,108.8989
2020-05-11 11:15:00,14910.07,14942.56,14873.31,14884.86,46.562
2020-05-11 11:30:00,14848.4,14909.2,14845.92,14853.65,49.8679
2020-05-11 11:45:00,14842.7,14876.6,14838.89,14852.41,181.6583
2020-05-11 12:00:00,14761.1,14785.35,14715.62,14749.07,76.9221
2020-05-11 12:15:00,14758.28,14825.7,14685.06,14768.79,88.5879
2020-05-11 12:30:00,14762.0,14770.19,14705.5,14764.14,35.2138
2020-05-11 12:45:00,14730.52,14785.06,14692.55,14749.98,65.9673
2020-05-11 13:00:00,14763.18,14780.25,14741.48,14760.44,5.5471
2020-05-11 13:15:00,14698.7,14716.78,14675.9,14697.7,56.264
2020-05-11 13:30:00,14797.81,14804.16,14772.78,14783.5,162.3008
2020-05-11 13:45:00,14792.36,14833.6,14753.61,14779.69,17.609
2020-05-11 14:00:00,14782.11,14792.3,14772.46,14773.96,144.595
2020-05-11 14:15:00,14737.72,14748.01,14730.46,14731.91,46.8749
2020-05-11 14:30:00,14732.62,14750.66,14712.39,14733.7,2.7435
2020-05-11 14:45:00,14804.76,14807.63,14773.28,14795.75,306.204
2020-05-11 15:00:00,14825.96,14868.65,14797.32,14842.47,20.0108
2020-05-11 15:15:00,14846.3,14907.25,14831.16,14881.25,40.762
2020-05-11 15:30:00,14923.71,14938.07,14902.56,14906.39,65.5327
2020-05-11 15:45:00,14901.14,14940.73,14880.55,14891.1,298.4658
2020-05-11 16:00:00,14825.18,14844.37,14800.78,14827.06,87.0285
2020-05-11 16:15:00,14834.79,14855.96,14796.47,14818.86,235.7473
2020-05-11 16:30:00,14798.29,14852.25,14771.41,14809.12,83.1181
2020-05-11 16:45:00,14845.97,14918.12,14823.14,14856.45,22.9911
2020-05-11 17:00:00,14858.43,14882.89,14832.7,14870.99,83.0966
2020-05-11 17:15:00,14952.14,14988.03,14883.37,14943.66,10.5854
2020-05-11 17:30:00,14974.35,15008.18,14954.93,14998.09,12.4497
2020-05-11 17:45:00,14966.81,14985.41,14941.64,14978.3,12.292
2020-05-11 18:00:00,14902.7,14914.69,14893.26,14898.39,1.2328
2020-05-11 18:15:00,14943.04,14994.04,14924.9,14961.06,16.4034
2020-05-11 18:30:00,15012.9,15037.79,14975.3,15022.82,43.5376
2020-05-11 18:45:00,14928.91,14977.6,14899.77,14962.0,7.4849
2020-05-11 19:00:00,15039.6,15051.92,15021.25,15030.49,0.6182
2020-05-11 19:15:00,15038.12,15067.34,14992.47,15048.47,11.909
2020-05-11 19:30:00,15039.93,15092.58,15009.65,15056.48,274.9779
2020-05-11 19:45:00,15110.58,15153.29,15042.99,15130.17,74.5784
2020-05-11 20:00:00,15185.61,15209.82,15155.66,15191.96,57.0971
2020-05-11 20:15:00,15198.35,15231.88,15195.72,15222.41,66.7786
2020-05-11 20:30:00,15274.39,15281.43,15206.48,15244.78,80.9251
2020-05-11 20:45:00,15237.31,15286.25,15229.87,15273.73,11.41
2020-05-11 21:00:00,15249.29,15307.54,15171.9,15256.17,87.889
2020-05-11 21:15:00,15256.04,15275.28,15218.63,15254.41,179.7114
2020-05-11 21:30:00,15202.08,15219.08,15180.19,15213.88,82.2448
2020-05-11 21:45:00,15202.66,15261.24,15193.23,15199.44,214.5989
2020-05-11 22:00:00,15171.34,15192.74,15167.24,15183.48,14.8767
2020-05-11 22:15:00,15178.49,15218.65,15121.59,15155.3,174.8047
2020-05-11 22:30:00,15145.31,15190.06,15134.82,15162.27,108.6529
2020-05-11 22:45:00,15112.68,15207.55,15091.56,15148.3,92.5513
2020-05-11 23:00:00,15152.18,15198.96,15102.42,15171.88,88.8611
2020-05-11 23:15:00,15104.63,15106.9,15092.02,15098.79,12.6636
2020-05-11 23:30:00,15092.63,15101.79,15065.64,15094.41,102.7062
2020-05-11 23:45:00,15112.48,15125.02,15088.25,15101.13,50.8795
2020-05-12 00:00:00,15095.38,15105.19,15060.55,15087.81,6.5346
2020-05-12 00:15:00,15071.16,15095.99,15003.62,15080.76,22.9735
2020-05-12 00:30:00,15002.45,15010.83,14978.73,15009.79,58.4433
2020-05-12 00:45:00,15020.81,15029.91,15001.71,15026.6,495.8722
2020-05-12 01:00:00,15084.91,15093.21,15056.26,15056.54,56.3288
2020-05-12 01:15:00,15090.01,15096.07,15038.61,15079.59,16.2258
2020-05-12 01:30:00,15155.95,15169.09,15122.98,15127.33,231.9828
2020-05-12 01:45:00,15149.96,15173.54,15110.48,15137.23,3.5873
2020-05-12 02:00:00,15158.77,15178.01,15105.42,15159.73,13.5507
2020-05-12 02:15:00,15152.12,15168.57,15138.83,15167.59,64.1931
2020-05-12 02:30:00,15202.69,15239.03,15191.45,15199.63,9.7369
2020-05-12 02:45:00,15127.55,15130.97,15102.58,15128.47,84.7665
2020-05-12 03:00:00,15087.26,15093.53,15041.22,15088.67,17.1699
2020-05-12 03:15:00,15158.09,15163.34,15099.58,15161.26,105.2275
2020-05-12 03:30:00,15019.22,15055.08,15015.8,15050.11,12.5183
2020-05-12 03:45:00,15063.5,15091.13,15010.45,15044.53,166.128
2020-05-12 04:00:00,15097.43,15154.77,15074.38,15098.19,132.362
2020-05-12 04:15:00,15073.37,15103.22,15061.92,15094.72,259.5657
2020-05-12 04:30:00,15084.4,15109.56,15050.0,15077.14,7.0871
2020-05-12 04:45:00,15070.83,15113.94,15037.95,15083.74,81.0349
2020-05-12 05:00:00,15076.99,15109.35,15052.81,15068.52,123.3929
2020-05-12 05:15:00,15083.95,15133.62,15045.63,15070.67,232.9591
2020-05-12 05:30:00,15055.86,15072.68,15010.44,15040.52,65.7884
2020-05-12 05:45:00,15088.87,15142.79,15079.6,15091.3,302.2399
2020-05-12 06:00:00,15150.22,15167.28,15139.55,15156.49,13.0655
2020-05-12 06:15:00,15141.71,15160.35,15131.86,15151.18,56.78
2020-05-12 06:30:00,15078.02,15096.53,15064.59,15088.92,29.192
2020-05-12 06:45:00,15065.7,15102.01,15064.08,15065.96,16.8878
2020-05-12 07:00:00,15055.25,15101.92,15050.62,15058.4,33.7968
2020-05-12 07:15:00,15069.54,15121.74,15004.36,15081.99,109.2784
2020-05-12 07:30:00,15019.94,15051.87,15016.76,15037.14,66.0104
2020-05-12 07:45:00,15001.56,15024.45,14982.37,15003.19,20.0341
2020-05-12 08:00:00,15020.4,15045.39,14996.39,15026.93,3.2234
2020-05-12 08:15:00,15052.8,15120.75,15032.19,15070.0,257.0461
2020-05-12 08:30:00,15055.15,15056.09,15027.71,15042.65,37.7076
2020-05-12 08:45:00,15009.79,15049.68,14974.34,14983.24,13.649
2020-05-12 09:00:00,15146.18,15160.42,15126.59,15131.61,15.7997
2020-05-12 09:15:00,15157.0,15207.4,15134.77,15167.93,29.226
2020-05-12 09:30:00,15155.77,15192.55,15140.07,15156.53,26.242
2020-05-12 09:45:00,15220.22,15223.06,15174.44,15196.81,32.7879
2020-05-12 10:00:00,15174.06,15216.57,15152.04,15191.89,25.5551
2020-05-12 10:15:00,15244.09,15256.95,15203.68,15232.17,56.3254
2020-05-12 10:30:00,15218.15,15258.23,15200.85,15240.22,145.0742
2020-05-12 10:45:00,15270.83,15281.91,15236.9,15245.15,2.7555
2020-05-12 11:00:00,15234.16,15328.97,15226.65,15240.72,21.1292
2020-05-12 11:15:00,15209.13,15239.57,15162.41,15175.31,124.4746
2020-05-12 11:30:00,15290.68,15297.03,15228.93,15264.3,16.1203
2020-05-12 11:45:00,15220.33,15226.97,15205.03,15221.95,135.22
2020-05-12 12:00:00,15149.69,15161.48,15100.16,15160.6,72.3214
2020-05-12 12:15:00,15154.63,15157.34,15129.16,15151.68,213.3812
2020-05-12 12:30:00,15106.01,15145.22,15082.03,15108.73,1.0212
2020-05-12 12:45:00,15101.08,15117.84,15084.56,15107.14,153.4129
2020-05-12 13:00:00,15113.97,15209.7,15097.13,15139.07,84.9125
2020-05-12 13:15:00,15177.22,15244.18,15166.65,15185.03,63.2765
2020-05-12 13:30:00,15206.0,15280.95,15184.52,15222.9,15.7496
2020-05-12 13:45:00,15218.1,15247.26,15132.67,15209.71,26.6656
2020-05-12 14:00:00,15227.81,15275.45,15187.75,15212.73,154.1919
2020-05-12 14:15:00,15243.39,15286.78,15204.7,15232.11,16.1354
2020-05-12 14:30:00,15157.73,15166.16,15065.88,15152.54,74.9394
2020-05-12 14:45:00,15166.29,15190.9,15151.44,15179.24,23.2726
2020-05-12 15:00:00,15116.74,15176.79,15101.79,15113.63,67.1918
2020-05-12 15:15:00,15218.96,15241.16,15197.69,15206.9,29.4023
2020-05-12 15:30:00,15180.3,15201.85,15148.22,15189.21,43.2495
2020-05-12 15:45:00,15183.35,15202.1,15143.53,15181.54,162.1734
2020-05-12 16:00:00,15145.04,15176.01,15086.08,15147.25,3.7824
2020-05-12 16:15:00,15144.51,15149.92,15094.55,15119.38,258.0951
2020-05-12 16:30:00,15236.24,15242.66,15198.32,15223.28,38.4754
2020-05-12 16:45:00,15276.29,15301.06,15248.89,15266.99,90.6444
2020-05-12 17:00:00,15170.71,15210.26,15165.85,15196.8,25.0713
2020-05-12 17:15:00,15268.77,15305.62,15233.49,15266.13,44.4313
2020-05-12 17:30:00,15319.17,15347.22,15300.53,15321.55,61.5567
2020-05-12 17:45:00,15306.88,15365.82,15296.35,15309.39,116.7148
2020-05-12 18:00:00,15300.28,15354.5,15299.75,15324.24,206.4279
2020-05-12 18:15:00,15307.65,15342.89,15280.21,15324.32,201.0882
2020-05-12 18:30:00,15414.72,15425.11,15391.43,15415.77,41.0994
2020-05-12 18:45:00,15396.85,15415.47,15371.31,15379.71,9.2896
2020-05-12 19:00:00,15378.13,15448.78,15353.11,15387.22,259.0516
2020-05-12 19:15:00,15362.08,15459.9,15341.99,15368.22,3.1177
2020-05-12 19:30:00,15330.18,15338.28,15295.73,15302.92,212.9175
2020-05-12 19:45:00,15399.73,15435.26,15387.4,15404.3,2.6162
2020-05-12 20:00:00,15348.49,15403.0,15338.21,15350.47,375.5901
2020-05-12 20:15:00,15359.6,15377.54,15355.48,15361.37,1.121
2020-05-12 20:30:00,15261.36,15318.3,15242.8,15281.92,1.7145
2020-05-12 20:45:00,15273.12,15273.25,15231.35,15264.39,71.0723
2020-05-12 21:00:00,15274.5,15312.02,15268.88,15284.48,109.8922
2020-05-12 21:15:00,15246.97,15253.23,15179.43,15247.43,43.5071
2020-05-12 21:30:00,15281.82,15289.85,15249.79,15275.03,93.1142
2020-05-12 21:45:00,15293.12,15318.23,15232.02,15263.47,186.9875
2020-05-12 22:00:00,15297.16,15375.95,15294.24,15317.35,158.76
2020-05-12 22:15:00,15393.99,15411.17,15344.3,15380.69,215.4845
2020-05-12 22:30:00,15367.72,15370.42,15332.17,15354.39,17.3357
2020-05-12 22:45:00,15348.89,15389.12,15348.7,15358.69,25.4423
2020-05-12 23:00:00,15377.12,15381.9,15299.96,15367.91,88.6036
2020-05-12 23:15:00,15422.54,15427.36,15391.9,15397.23,128.6157
2020-05-12 23:30:00,15386.89,15434.34,15367.39,15398.67,11.3575
2020-05-12 23:45:00,15411.94,15455.71,15389.9,15408.22,19.3139
2020-05-13 00:00:00,15403.98,15428.25,15335.27,15397.74,256.3053
2020-05-13 00:15:00,15412.06,15444.33,15390.09,15403.84,2.6178
2020-05-13 00:30:00,15476.48,15498.3,15426.31,15464.59,51.3819
2020-05-13 00:45:00,15497.91,15527.51,15475.72,15495.33,23.6806
2020-05-13 01:00:00,15536.68,15550.25,15525.05,15528.71,148.8648
2020-05-13 01:15:00,15548.98,15563.79,15514.3,15563.17,199.2058
2020-05-13 01:30:00,15559.32,15621.53,15519.73,15556.76,28.3677
2020-05-13 01:45:00,15565.0,15632.27,15562.74,15572.42,89.1313
2020-05-13 02:00:00,15503.41,15541.74,15426.49,15522.5,185.2843
2020-05-13 02:15:00,15574.43,15601.16,15523.87,15582.37,91.2562
2020-05-13 02:30:00,15457.21,15480.77,15441.94,15453.05,91.8051
2020-05-13 02:45:00,15456.51,15486.43,15433.86,15449.78,53.2499
2020-05-13 03:00:00,15483.77,15513.95,15465.14,15503.43,105.8497
2020-05-13 03:15:00,15426.3,15491.47,15409.81,15440.78,322.7271
2020-05-13 03:30:00,15471.27,15516.36,15438.65,15460.07,35.6143
2020-05-13 03:45:00,15437.11,15520.49,15403.0,15429.27,22.3891
2020-05-13 04:00:00,15426.64,15437.17,15394.42,15412.97,317.3383
2020-05-13 04:15:00,15478.62,15498.41,15412.94,15457.48,6.2062
2020-05-13 04:30:00,15475.75,15516.33,15425.57,15467.43,183.2016
2020-05-13 04:45:00,15367.43,15407.51,15339.72,15373.81,240.568
2020-05-13 05:00:00,15331.3,15349.38,15286.14,15329.54,24.7729
2020-05-13 05:15:00,15400.68,15437.92,15366.34,15375.16,55.4619
2020-05-13 05:30:00,15439.2,15537.8,15392.86,15396.64,13.1281
2020-05-13 05:45:00,15485.32,15507.71,15458.18,15478.16,45.7233
2020-05-13 06:00:00,15565.39,15593.48,15521.01,15557.06,61.124
2020-05-13 06:15:00,15553.15,15589.48,15522.91,15541.87,71.2469
2020-05-13 06:30:00,15659.73,15673.85,15650.36,15659.36,13.0632
2020-05-13 06:45:00,15679.52,15690.31,15636.21,15661.29,51.6876
2020-05-13 07:00:00,15632.59,15635.74,15604.07,15616.85,98.1215
2020-05-13 07:15:00,15593.46,15607.32,15554.11,15587.94,69.3433
2020-05-13 07:30:00,15478.26,15525.28,15389.82,15483.19,184.1493
2020-05-13 07:45:00,15534.95,15582.39,15519.24,15558.61,301.7385
2020-05-13 08:00:00,15645.27,15667.83,15606.93,15633.82,169.7471
2020-05-13 08:15:00,15590.29,15601.84,15554.59,15586.97,4.8541
2020-05-13 08:30:00,15565.6,15583.0,15561.05,15577.1,24.1655
2020-05-13 08:45:00,15564.74,15604.63,15554.24,15582.34,9.1685
2020-05-13 09:00:00,15548.51,15564.67,15526.83,15538.23,56.8865
2020-05-13 09:15:00,15432.44,15470.27,15414.49,15457.19,128.6632
2020-05-13 09:30:00,15452.84,15470.37,15436.75,15448.21,3.289
2020-05-13 09:45:00,15447.12,15495.45,15362.85,15434.1,31.0677
2020-05-13 10:00:00,15425.37,15435.83,15413.76,15416.89,9.8605
2020-05-13 10:15:00,15421.93,15437.49,15404.64,15427.96,52.7816
2020-05-13 10:30:00,15475.54,15522.12,15475.08,15494.9,259.4703
2020-05-13 10:45:00,15490.67,15513.24,15467.34,15481.58,53.2448
2020-05-13 11:00:00,15508.87,15514.37,15478.59,15490.27,100.7131
2020-05-13 11:15:00,15515.93,15597.92,15486.69,15524.82,48.9431
2020-05-13 11:30:00,15559.29,15574.37,15518.5,15551.41,131.4741
2020-05-13 11:45:00,15548.07,15557.32,15507.2,15523.52,135.8785
2020-05-13 12:00:00,15534.05,15537.41,15510.75,15528.79,14.8556
2020-05-13 12:15:00,15548.9,15591.53,15533.0,15555.07,105.9022
2020-05-13 12:30:00,15519.33,15557.53,15493.88,15503.19,48.8335
2020-05-13 12:45:00,15551.26,15572.54,15517.24,15562.74,196.4307
2020-05-13 13:00:00,15610.06,15640.73,15574.98,15630.35,17.1758
2020-05-13 13:15:00,15609.91,15643.14,15587.98,15597.24,227.7238
2020-05-13 13:30:00,15600.74,15631.4,15577.41,15607.08,71.6461
2020-05-13 13:45:00,15632.99,15667.19,15606.11,15637.94,29.5069
2020-05-13 14:00:00,15603.33,15630.42,15579.23,15613.12,40.746
2020-05-13 14:15:00,15629.07,15640.38,15562.09,15636.46,0.5024
2020-05-13 14:30:00,15666.85,15685.05,15640.82,15644.9,299.392
2020-05-13 14:45:00,15602.68,15627.41,15574.05,15576.79,25.486
2020-05-13 15:00:00,15627.02,15628.59,15568.51,15599.02,240.5024
2020-05-13 15:15:00,15565.27,15596.71,15500.06,15548.32,191.7076
2020-05-13 15:30:00,15600.18,15628.1,15590.99,15592.91,42.9365
2020-05-13 15:45:00,15540.0,15584.3,15503.53,15562.29,23.6877
2020-05-13 16:00:00,15552.62,15570.66,15538.43,15555.53,55.6187
2020-05-13 16:15:00,15654.04,15668.93,15568.23,15620.35,271.1552
2020-05-13 16:30:00,15637.58,15679.46,15636.37,15644.39,193.1847
2020-05-13 16:45:00,15618.13,15672.35,15584.71,15594.51,67.0639
2020-05-13 17:00:00,15548.67,15562.16,15537.03,15547.81,78.8664
2020-05-13 17:15:00,15479.07,15546.75,15472.38,15520.64,52.5341
2020-05-13 17:30:00,15549.74,15552.55,15517.09,15539.79,289.5995
2020-05-13 17:45:00,15576.97,15599.47,15555.32,15557.27,450.2437
2020-05-13 18:00:00,15517.94,15519.85,15517.4,15518.7,34.1299
2020-05-13 18:15:00,15484.2,15507.66,15432.47,15465.13,299.0165
2020-05-13 18:30:00,15453.15,15494.89,15435.5,15478.97,300.4214
2020-05-13 18:45:00,15449.86,15500.56,15384.98,15471.3,64.1398
2020-05-13 19:00:00,15575.39,15589.3,15533.56,15572.2,53.5976
2020-05-13 19:15:00,15582.12,15594.18,15574.25,15574.68,203.4887
2020-05-13 19:30:00,15681.48,15705.32,15630.18,15660.23,286.5726
2020-05-13 19:45:00,15616.0,15643.36,15594.89,15606.03,51.4799
2020-05-13 20:00:00,15514.62,15557.33,15513.67,15533.16,67.7671
2020-05-13 20:15:00,15485.04,15532.67,15445.77,15481.74,40.6815
2020-05-13 20:30:00,15547.07,15555.72,15511.85,15537.74,23.4387
2020-05-13 20:45:00,15591.1,15649.25,15565.57,15620.38,557.6377
2020-05-13 21:00:00,15583.82,15633.78,15580.11,15584.5,20.9277
2020-05-13 21:15:00,15558.53,15565.89,15543.27,15563.75,168.2967
2020-05-13 21:30:00,15499.79,15544.95,15487.52,15509.95,54.5734
2020-05-13 21:45:00,15434.12,15437.71,15386.86,15426.43,8.7372
2020-05-13 22:00:00,15442.67,15507.48,15386.85,15460.44,39.294
2020-05-13 22:15:00,15478.01,15519.3,15397.11,15471.56,8.6793
2020-05-13 22:30:00,15481.48,15487.14,15425.48,15472.82,401.4594
2020-05-13 22:45:00,15425.31,15436.65,15407.26,15408.61,30.8157
2020-05-13 23:00:00,15467.79,15496.0,15430.59,15485.19,137.0564
2020-05-13 23:15:00,15439.3,15466.75,15420.71,15462.58,55.4461
2020-05-13 23:30:00,15492.42,15528.78,15454.14,15488.1,113.764
2020-05-13 23:45:00,15416.88,15463.19,15338.15,15421.29,29.447
2020-05-14 00:00:00,15457.99,15528.21,15367.65,15413.25,9.8869
2020-05-14 00:15:00,15434.57,15435.22,15413.4,15427.49,165.3118
2020-05-14 00:30:00,15444.3,15507.28,15419.65,15443.4,126.1305
2020-05-14 00:45:00,15448.67,15512.85,15398.95,15451.34,11.5866
2020-05-14 01:00:00,15456.19,15480.73,15444.44,15475.03,131.2849
2020-05-14 01:15:00,15432.02,15438.63,15385.04,15423.32,91.041
2020-05-14 01:30:00,15432.01,15437.92,15426.19,15433.23,18.8125
2020-05-14 01:45:00,15438.06,15478.07,15386.8,15439.27,174.6438
2020-05-14 02:00:00,15452.23,15479.68,15444.39,15450.77,120.0312
2020-05-14 02:15:00,15458.31,15518.49,15420.59,15454.89,70.6879
2020-05-14 02:30:00,15369.86,15413.09,15338.85,15396.64,19.6787
2020-05-14 02:45:00,15349.37,15369.87,15307.1,15336.54,77.6886
2020-05-14 03:00:00,15222.53,15303.4,15185.99,15235.43,17.7585
2020-05-14 03:15:00,15271.45,15281.05,15262.61,15273.55,20.3282
2020-05-14 03:30:00,15331.93,15368.3,15289.85,15312.24,27.6206
2020-05-14 03:45:00,15379.07,15381.63,15318.77,15351.76,106.2797
2020-05-14 04:00:00,15340.52,15377.8,15324.29,15366.65,113.8358
2020-05-14 04:15:00,15269.55,15302.35,15257.36,15269.09,7.5544
2020-05-14 04:30:00,15226.97,15254.1,15182.46,15222.82,105.2387
2020-05-14 04:45:00,15208.4,15239.94,15180.81,15231.36,3.5209
2020-05-14 05:00:00,15250.55,15252.2,15225.82,15238.32,235.374
2020-05-14 05:15:00,15230.66,15248.53,15183.8,15228.89,150.8078
2020-05-14 05:30:00,15249.47,15258.27,15237.92,15246.51,128.8774
2020-05-14 05:45:00,15233.82,15252.23,15201.26,15247.81,27.3397
2020-05-14 06:00:00,15260.39,15285.55,15239.06,15254.09,438.6676
2020-05-14 06:15:00,15238.37,15272.27,15178.68,15225.61,258.1199
2020-05-14 06:30:00,15273.17,15277.99,15262.77,15271.23,67.3195
2020-05-14 06:45:00,15244.42,15281.6,15223.76,15252.25,3.5304
2020-05-14 07:00:00,15185.51,15216.27,15146.09,15192.13,71.6192
2020-05-14 07:15:00,15161.09,15165.02,15121.77,15157.75,16.7209
2020-05-14 07:30:00,15143.4,15163.05,15119.55,15142.66,89.8199
2020-05-14 07:45:00,15202.32,15232.29,15177.94,15188.58,431.1445
2020-05-14 08:00:00,15180.12,15222.07,15162.59,15187.41,141.438
2020-05-14 08:15:00,15161.19,15230.66,15157.34,15179.69,38.899
2020-05-14 08:30:00,15129.02,15133.54,15113.47,15123.58,50.1138
2020-05-14 08:45:00,15152.74,15187.67,15150.57,15159.98,289.2727
2020-05-14 09:00:00,15142.94,15185.7,15104.37,15131.09,11.6719
2020-05-14 09:15:00,15127.42,15135.98,15088.19,15127.3,220.8758
2020-05-14 09:30:00,15205.18,15244.79,15170.29,15195.23,7.7457
2020-05-14 09:45:00,15203.75,15266.81,15182.41,15219.18,53.5549
2020-05-14 10:00:00,15147.77,15216.71,15133.75,15145.6,136.8261
2020-05-14 10:15:00,15055.42,15072.06,15037.09,15065.96,50.2637
2020-05-14 10:30:00,15045.42,15088.48,15011.3,15063.8,84.6578
2020-05-14 10:45:00,14996.83,15020.32,14951.85,15009.75,67.4875
2020-05-14 11:00:00,15031.52,15073.07,15015.2,15039.71,92.7968
2020-05-14 11:15:00,15061.09,15085.96,15000.65,15042.37,18.746
2020-05-14 11:30:00,15041.99,15071.11,15024.58,15050.58,86.2967
2020-05-14 11:45:00,15000.33,15026.91,14956.16,15019.42,436.3352
2020-05-14 12:00:00,15100.62,15114.61,15063.69,15098.64,21.5536
2020-05-14 12:15:00,15228.59,15234.64,15217.51,15228.15,6.9295
2020-05-14 12:30:00,15208.7,15228.43,15183.79,15216.18,49.7236
2020-05-14 12:45:00,15230.61,15259.07,15205.43,15233.06,46.8984
2020-05-14 13:00:00,15253.15,15258.44,15204.7,15238.27,13.4374
2020-05-14 13:15:00,15237.38,15258.45,15213.04,15227.17,84.7408
2020-05-14 13:30:00,15198.79,15199.43,15148.89,15189.92,57.5528
2020-05-14 13:45:00,15123.31,15194.42,15109.45,15141.23,181.3308
2020-05-14 14:00:00,15133.97,15144.05,15089.15,15090.41,54.9839
2020-05-14 14:15:00,15125.39,15162.91,15079.16,15109.51,424.492
2020-05-14 14:30:00,15094.51,15110.04,15060.56,15086.71,151.3441
2020-05-14 14:45:00,14953.34,14978.63,14928.47,14970.77,66.8358
2020-05-14 15:00:00,15005.7,15029.54,14970.38,14991.5,80.3397
2020-05-14 15:15:00,14983.01,15035.43,14913.58,14990.53,201.5533
2020-05-14 15:30:00,15048.91,15088.79,15038.03,15051.84,148.7902
2020-05-14 15:45:00,15044.11,15103.17,15030.79,15069.44,107.2172
2020-05-14 16:00:00,14984.72,15037.91,14984.32,15003.34,31.035
2020-05-14 16:15:00,14910.27,14960.55,14901.34,14903.74,52.8221
2020-05-14 16:30:00,14887.28,14904.39,14861.92,14872.31,154.7331
2020-05-14 16:45:00,14855.33,14881.91,14829.99,14845.17,98.7425
2020-05-14 17:00:00,14897.6,14898.33,14850.53,14887.91,313.4979
2020-05-14 17:15:00,14887.3,14893.6,14865.29,14888.26,206.2657
2020-05-14 17:30:00,14933.56,14950.1,14907.13,14939.64,55.7033
2020-05-14 17:45:00,14885.31,14920.64,14845.25,14881.01,34.7881
2020-05-14 18:00:00,14937.11,14981.09,14909.92,14924.85,13.2468
2020-05-14 18:15:00,14957.95,14983.67,14924.79,14957.87,52.362
2020-05-14 18:30:00,14886.05,14901.14,14843.73,14868.06,25.7065
2020-05-14 18:45:00,14924.58,14931.05,14877.4,14927.79,1.6847
2020-05-14 19:00:00,14918.09,14976.7,14870.69,14932.73,14.8749
2020-05-14 19:15:00,14950.88,14997.35,14915.26,14951.04,60.3328
2020-05-14 19:30:00,14914.57,14927.45,14890.34,14912.99,222.9489
2020-05-14 19:45:00,14969.56,14995.51,14934.94,14970.79,38.7074
2020-05-14 20:00:00,14937.38,14943.0,14859.72,14918.28,58.1821
2020-05-14 20:15:00,14968.31,15029.96,14923.54,14956.26,48.4627
2020-05-14 20:30:00,14972.38,15035.5,14964.85,14993.83,46.041
2020-05-14 20:45:00,14973.7,14997.58,14924.66,14950.76,128.2435
2020-05-14 21:00:00,14999.24,15046.21,14985.29,15040.47,70.5283
2020-05-14 21:15:00,15084.04,15089.0,15047.26,15051.67,52.4997
2020-05-14 21:30:00,15077.61,15102.26,15071.86,15081.95,287.0377
2020-05-14 21:45:00,15010.76,15083.46,15006.61,15013.6,32.3361
2020-05-14 22:00:00,15108.83,15136.35,15099.32,15109.74,178.8863
2020-05-14 22:15:00,15060.79,15069.71,15016.21,15054.99,72.3618
2020-05-14 22:30:00,15102.02,15139.09,15073.24,15102.03,58.2839
2020-05-14 22:45:00,15055.71,15062.67,15051.26,15057.71,6.5035
2020-05-14 23:00:00,15050.18,15073.46,14991.75,15030.51,195.5402
2020-05-14 23:15:00,15075.34,15078.82,15006.32,15066.82,31.5619
2020-05-14 23:30:00,15099.53,15129.82,15063.44,15114.02,113.7424
2020-05-14 23:45:00,15068.29,15084.97,15018.41,15057.14,207.5276
2020-05-15 00:00:00,15115.06,15144.93,15092.48,15107.15,76.8166
2020-05-15 00:15:00,15147.0,15181.57,15145.46,15155.26,102.3508
2020-05-15 00:30:00,15125.35,15138.52,15104.63,15113.37,41.5791
2020-05-15 00:45:00,15184.22,15251.08,15175.47,15186.61,129.6596
2020-05-15 01:00:00,15117.65,15134.75,15102.89,15121.0,106.8869
2020-05-15 01:15:00,15089.66,15095.14,15075.77,15093.41,58.8402
2020-05-15 01:30:00,15079.15,15132.56,15067.66,15115.86,100.6769
2020-05-15 01:45:00,15069.96,15091.09,15057.46,15077.91,30.4706
2020-05-15 02:00:00,15101.35,15140.33,15040.26,15090.59,107.242
2020-05-15 02:15:00,15101.92,15105.95,15090.16,15102.26,111.7005
2020-05-15 02:30:00,15075.14,15110.66,15071.38,15094.54,58.8585
2020-05-15 02:45:00,15147.59,15158.5,15115.69,15132.99,28.6847
2020-05-15 03:00:00,15118.86,15153.57,15118.43,15123.38,162.4886
2020-05-15 03:15:00,15116.15,15136.18,15065.65,15134.64,140.2941
2020-05-15 03:30:00,15220.95,15316.31,15140.68,15187.45,5.8786
2020-05-15 03:45:00,15208.2,15280.76,15179.06,15224.24,68.1749
2020-05-15 04:00:00,15274.32,15304.83,15202.34,15260.9,9.6633
2020-05-15 04:15:00,15197.35,15211.05,15194.17,15209.05,38.502
2020-05-15 04:30:00,15235.82,15245.39,15222.96,15233.75,54.8595
2020-05-15 04:45:00,15180.66,15198.68,15140.44,15194.37,19.4661
2020-05-15 05:00:00,15117.96,15164.45,15110.55,15136.71,63.2809
2020-05-15 05:15:00,15142.12,15146.03,15106.2,15134.22,122.4928
2020-05-15 05:30:00,15100.03,15121.54,15065.84,15093.91,57.4414
2020-05-15 05:45:00,15147.79,15182.83,15105.29,15130.47,26.6756
2020-05-15 06:00:00,15167.68,15205.64,15133.29,15168.2,53.5833
2020-05-15 06:15:00,15115.87,15121.59,15066.97,15082.38,89.7486
2020-05-15 06:30:00,15049.69,15094.42,15003.98,15045.66,275.5021
2020-05-15 06:45:00,14989.01,15019.77,14920.76,14980.52,69.2037
2020-05-15 07:00:00,14940.15,14982.76,14919.31,14960.47,218.8034
2020-05-15 07:15:00,14972.45,15002.01,14953.74,14981.65,417.0533
2020-05-15 07:30:00,14979.29,15035.51,14960.26,14971.51,81.8752
2020-05-15 07:45:00,14944.51,14967.37,14914.31,14945.77,15.9077
2020-05-15 08:00:00,15007.63,15032.54,14958.16,15004.81,208.1948
2020-05-15 08:15:00,14889.65,14939.44,14863.54,14901.81,198.3087
2020-05-15 08:30:00,14959.68,14976.14,14928.51,14957.85,202.9209
2020-05-15 08:45:00,14935.95,14982.15,14928.77,14934.18,300.6774
2020-05-15 09:00:00,14913.8,14948.98,14907.67,14931.42,32.3566
2020-05-15 09:15:00,14918.13,14922.11,14903.11,14908.55,40.5611
2020-05-15 09:30:00,14952.84,14988.57,14922.09,14978.3,116.1862
2020-05-15 09:45:00,14926.48,14938.55,14921.92,14923.73,82.9891
2020-05-15 10:00:00,14951.36,14972.97,14920.59,14925.01,202.7754
2020-05-15 10:15:00,14959.54,14996.01,14923.32,14949.37,29.3709
2020-05-15 10:30:00,14887.9,14906.86,14805.12,14877.87,107.4142
2020-05-15 10:45:00,14824.24,14857.06,14765.64,14837.55,282.0265
2020-05-15 11:00:00,14857.94,14870.83,14808.01,14831.7,24.3183
2020-05-15 11:15:00,14813.35,14818.3,14786.39,14792.99,36.6552
2020-05-15 11:30:00,14745.08,14790.5,14715.27,14757.53,52.3266
2020-05-15 11:45:00,14735.78,14760.47,14725.57,14742.78,9.1123
2020-05-15 12:00:00,14790.78,14828.54,14739.07,14772.25,19.4641
2020-05-15 12:15:00,14784.3,14797.55,14714.12,14757.8,48.1418
2020-05-15 12:30:00,14787.56,14837.31,14778.16,14806.28,7.7306
2020-05-15 12:45:00,14747.88,14779.89,14704.77,14762.7,45.0428
2020-05-15 13:00:00,14705.88,14754.64,14680.58,14707.99,27.9901
2020-05-15 13:15:00,14761.61,14806.77,14676.02,14793.73,199.8862
2020-05-15 13:30:00,14765.55,14771.1,14741.15,14765.27,93.7753
2020-05-15 13:45:00,14725.38,14742.82,14695.07,14707.94,228.7598
2020-05-15 14:00:00,14610.76,14647.05,14608.69,14631.81,22.6759
2020-05-15 14:15:00,14681.6,14741.36,14642.01,14679.73,8.5185
2020-05-15 14:30:00,14656.9,14702.87,14635.75,14665.43,43.7029
2020-05-15 14:45:00,14679.04,14689.6,14616.01,14655.0,5.808
2020-05-15 15:00:00,14640.39,14707.06,14604.87,14648.74,214.9985
2020-05-15 15:15:00,14716.31,14716.95,14668.15,14693.99,20.8442
2020-05-15 15:30:00,14678.03,14725.37,14674.93,14686.81,15.2071
2020-05-15 15:45:00,14802.23,14833.52,14720.18,14790.82,155.0141
2020-05-15 16:00:00,14801.22,14820.4,14757.08,14797.5,124.621
2020-05-15 16:15:00,14843.32,14914.86,14840.24,14845.37,5.8642
2020-05-15 16:30:00,14870.21,14892.98,14837.3,14881.97,71.2463
2020-05-15 16:45:00,14885.9,14912.5,14852.12,14881.09,59.5748
2020-05-15 17:00:00,14849.09,14873.43,14830.24,14855.63,48.9158
2020-05-15 17:15:00,14860.91,14886.11,14860.73,14871.17,13.5476
2020-05-15 17:30:00,14916.61,14976.92,14890.16,14894.67,154.8117
2020-05-15 17:45:00,14877.97,14931.33,14864.06,14869.83,27.4379
2020-05-15 18:00:00,14887.57,14956.15,14855.51,14877.99,61.2924
2020-05-15 18:15:00,14928.07,14951.57,14927.74,14933.91,212.9172
2020-05-15 18:30:00,15024.6,15049.74,14962.28,15027.4,38.3081
2020-05-15 18:45:00,15062.92,15086.16,15026.31,15066.67,3.6386
2020-05-15 19:00:00,15156.73,15197.46,15131.12,15151.62,219.9419
2020-05-15 19:15:00,15133.47,15177.09,15083.17,15123.77,68.1003
2020-05-15 19:30:00,15155.91,15187.61,15149.28,15156.37,68.729
2020-05-15 19:45:00,15205.92,15261.01,15165.23,15217.99,80.1659
2020-05-15 20:00:00,15189.37,15194.88,15125.83,15177.83,19.837
2020-05-15 20:15:00,15156.98,15161.9,15112.29,15156.47,125.4867
2020-05-15 20:30:00,15214.3,15258.17,15168.32,15236.25,26.316
2020-05-15 20:45:00,15160.0,15192.81,15099.21,15192.44,35.8317
2020-05-15 21:00:00,15136.59,15160.39,15071.4,15132.08,99.7471
2020-05-15 21:15:00,15189.59,15204.35,15171.85,15202.2,138.532
2020-05-15 21:30:00,15264.12,15282.79,15233.39,15257.54,131.1621
2020-05-15 21:45:00,15266.23,15319.88,15224.55,15278.08,8.6811
2020-05-15 22:00:00,15278.79,15279.58,15266.89,15276.75,140.4772
2020-05-15 22:15:00,15251.64,15292.51,15243.79,15257.42,108.6858
2020-05-15 22:30:00,15297.84,15341.01,15268.01,15271.09,92.9113
2020-05-15 22:45:00,15358.81,15364.12,15305.17,15344.23,340.7444
2020-05-15 23:00:00,15376.66,15379.71,15334.74,15355.97,42.5911
2020-05-15 23:15:00,15456.94,15499.23,15451.45,15456.57,114.9126
2020-05-15 23:30:00,15428.38,15431.5,15384.9,15415.71,85.1519
2020-05-15 23:45:00,15416.98,15452.27,15379.09,15415.57,49.0958
2020-05-16 00:00:00,15421.71,15425.0,15381.59,15399.08,155.23
2020-05-16 00:15:00,15348.61,15350.95,15330.28,15349.72,51.6086
2020-05-16 00:30:00,15322.0,15377.34,15255.76,15343.44,81.7703
2020-05-16 00:45:00,15332.71,15401.8,15325.36,15363.42,82.2407
2020-05-16 01:00:00,15414.02,15444.17,15368.56,15388.35,71.6063
2020-05-16 01:15:00,15496.73,15550.12,15484.53,15489.32,61.1387
2020-05-16 01:30:00,15520.12,15523.4,15478.34,15511.67,18.3657
2020-05-16 01:45:00,15589.16,15594.34,15543.61,15565.97,27.555
2020-05-16 02:00:00,15544.12,15601.68,15540.21,15569.84,13.1822
2020-05-16 02:15:00,15643.38,15659.55,15624.25,15649.0,128.5513
2020-05-16 02:30:00,15758.66,15837.98,15750.77,15762.38,136.3729
2020-05-16 02:45:00,15800.0,15831.4,15783.79,15788.28,101.7573
2020-05-16 03:00:00,15731.15,15784.14,15721.71,15742.05,249.6694
2020-05-16 03:15:00,15698.04,15717.29,15693.39,15716.92,30.7836
2020-05-16 03:30:00,15711.96,15744.89,15698.88,15731.0,172.0503
2020-05-16 03:45:00,15771.44,15791.65,15751.11,15753.33,20.5591
2020-05-16 04:00:00,15775.4,15788.61,15773.84,15787.13,7.0232
2020-05-16 04:15:00,15800.98,15837.97,15755.14,15809.71,0.0129
2020-05-16 04:30:00,15820.86,15821.86,15794.1,15810.83,86.901
2020-05-16 04:45:00,15770.42,15825.95,15762.27,15781.45,150.8418
2020-05-16 05:00:00,15774.29,15849.71,15715.62,15801.23,173.1529
2020-05-16 05:15:00,15864.82,15938.41,15859.74,15889.95,63.6114
2020-05-16 05:30:00,15938.46,15941.15,15929.75,15939.37,6.0515
2020-05-16 05:45:00,15973.67,15988.95,15897.04,15965.73,3.6418
2020-05-16 06:00:00,16012.6,16016.92,15962.03,16015.84,249.316
2020-05-16 06:15:00,16005.7,16041.72,15949.72,15998.81,9.7547
2020-05-16 06:30:00,15949.45,16009.26,15924.63,15975.22,153.5559
2020-05-16 06:45:00,15915.55,16022.92,15904.95,15940.18,7.2105
2020-05-16 07:00:00,15970.9,15980.67,15927.59,15934.99,20.2543
2020-05-16 07:15:00,15935.23,16010.7,15899.35,15915.61,17.7772
2020-05-16 07:30:00,15986.38,15986.99,15934.68,15974.1,32.4494
2020-05-16 07:45:00,15941.59,15968.99,15910.54,15952.12,52.0253
2020-05-16 08:00:00,15910.71,15941.14,15896.26,15914.5,13.3218
2020-05-16 08:15:00,16008.01,16035.23,15970.09,16008.04,361.7818
2020-05-16 08:30:00,16008.18,16028.9,15954.64,15987.16,0.2005
2020-05-16 08:45:00,16001.77,16002.07,15932.63,15995.33,147.8929
2020-05-16 09:00:00,16026.21,16056.09,15964.42,16017.78,74.762
2020-05-16 09:15:00,15961.28,15966.32,15960.82,15963.96,8.9461
2020-05-16 09:30:00,16036.63,16067.41,15991.93,16023.93,12.787
2020-05-16 09:45:00,16060.21,16088.41,16054.22,16055.36,89.1596
2020-05-16 10:00:00,16131.93,16152.58,16099.62,16131.22,37.8706
2020-05-16 10:15:00,16087.2,16100.98,16018.17,16099.16,59.8181
2020-05-16 10:30:00,16102.92,16106.27,16077.78,16104.75,79.6707
2020-05-16 10:45:00,16090.07,16118.75,16038.71,16107.46,85.1787
2020-05-16 11:00:00,16120.37,16145.95,16088.13,16121.01,87.3736
2020-05-16 11:15:00,16052.9,16074.44,16035.15,16051.47,7.2625
2020-05-16 11:30:00,16019.0,16061.9,16018.82,16057.61,134.8916
2020-05-16 11:45:00,15986.01,15996.18,15971.48,15989.7,34.7438
2020-05-16 12:00:00,15988.86,16031.47,15923.52,16007.69,12.1525
2020-05-16 12:15:00,15914.19,15931.43,15896.26,15906.26,10.7809
2020-05-16 12:30:00,15828.78,15838.49,15813.34,15818.7,27.0518
2020-05-16 12:45:00,15851.58,15895.31,15848.86,15858.34,99.0691
2020-05-16 13:00:00,15841.81,15869.19,15783.24,15833.11,63.8513
2020-05-16 13:15:00,15796.31,15863.01,15739.67,15786.98,11.3252
2020-05-16 13:30:00,15844.32,15897.71,15773.21,15847.96,3.2888
2020-05-16 13:45:00,15888.67,15910.98,15816.12,15864.33,2.4975
2020-05-16 14:00:00,15895.1,15943.28,15882.45,15906.63,54.6611
2020-05-16 14:15:00,15922.89,15954.9,15879.83,15899.49,155.1825
2020-05-16 14:30:00,16024.49,16036.2,16017.18,16028.1,85.2447
2020-05-16 14:45:00,15986.34,16043.45,15981.54,15999.83,165.904
2020-05-16 15:00:00,16078.71,16133.9,16065.21,16084.37,38.4764
2020-05-16 15:15:00,16064.53,16097.71,16035.34,16082.21,15.122
2020-05-16 15:30:00,16015.75,16025.21,15954.56,16003.19,162.456
2020-05-16 15:45:00,16001.49,16093.42,15994.31,16027.17,130.1371
2020-05-16 16:00:00,16065.4,16106.31,16038.57,16043.11,88.9423
2020-05-16 16:15:00,15978.34,16019.51,15950.65,15993.31,218.7116
2020-05-16 16:30:00,15963.21,15987.27,15912.55,15949.86,99.6092
2020-05-16 16:45:00,15949.87,15974.61,15948.01,15949.48,74.6159
2020-05-16 17:00:00,15971.34,15976.69,15950.24,15967.01,69.7778
2020-05-16 17:15:00,15840.11,15870.9,15805.71,15849.46,96.07
2020-05-16 17:30:00,15905.94,15936.17,15895.19,15900.33,72.6963
2020-05-16 17:45:00,15879.68,15914.03,15840.39,15877.54,31.8418
2020-05-16 18:00:00,15791.84,15837.24,15780.92,15814.9,307.6346
2020-05-16 18:15:00,15845.07,15896.61,15820.53,15860.33,317.1553
2020-05-16 18:30:00,15851.43,15870.87,15838.97,15860.0,18.2537
2020-05-16 18:45:00,15906.64,15929.72,15899.13,15918.66,75.6289
2020-05-16 19:00:00,15960.34,15966.91,15901.47,15940.37,155.882
2020-05-16 19:15:00,15941.21,16056.99,15935.59,15941.1,5.6333
2020-05-16 19:30:00,15922.18,15992.82,15918.83,15934.59,13.189
2020-05-16 19:45:00,15950.63,15966.14,15950.45,15958.46,78.7223
2020-05-16 20:00:00,15931.42,15966.73,15917.38,15939.46,2.8749
2020-05-16 20:15:00,15894.91,15928.26,15883.73,15899.49,178.9712
2020-05-16 20:30:00,15912.25,15952.73,15887.78,15929.38,206.4875
2020-05-16 20:45:00,15910.31,15970.92,15896.64,15923.27,133.2983
2020-05-16 21:00:00,15937.88,15946.02,15923.39,15925.67,172.8
2020-05-16 21:15:00,15981.47,15989.88,15959.38,15978.51,111.3866
2020-05-16 21:30:00,15971.42,15988.83,15938.78,15973.85,15.2996
2020-05-16 21:45:00,15975.41,16007.63,15941.8,15975.37,3.0309
2020-05-16 22:00:00,15946.71,15996.79,15920.02,15947.43,188.443
2020-05-16 22:15:00,15965.5,15992.03,15943.4,15968.84,122.8132
2020-05-16 22:30:00,15994.66,16043.48,15978.26,15986.39,50.8265
2020-05-16 22:45:00,16037.5,16062.23,16027.81,16030.39,159.3747
2020-05-16 23:00:00,15978.19,16047.89,15975.52,16003.34,5.4752
2020-05-16 23:15:00,15980.06,15987.6,15949.76,15982.17,38.4319
2020-05-16 23:30:00,15996.82,16032.76,15980.63,16020.94,41.8322
2020-05-16 23:45:00,16044.06,16064.1,16025.89,16033.87,11.0792
2020-05-17 00:00:00,16003.35,16022.21,15958.83,15991.08,135.362
2020-05-17 00:15:00,16044.75,16055.24,16039.45,16054.56,150.2949
2020-05-17 00:30:00,15971.69,16002.35,15968.21,15973.56,87.5078
2020-05-17 00:45:00,15978.13,16097.89,15954.24,16011.94,54.104
2020-05-17 01:00:00,15967.48,15976.83,15914.54,15951.96,93.4079
2020-05-17 01:15:00,16054.39,16065.02,16042.74,16043.01,228.6539
2020-05-17 01:30:00,15987.84,16001.91,15915.79,15969.47,44.2781
2020-05-17 01:45:00,16049.29,16066.4,16002.2,16025.47,40.6837
2020-05-17 02:00:00,16002.73,16035.99,15932.38,16022.35,97.479
2020-05-17 02:15:00,16019.74,16067.42,15982.55,16005.53,115.0869
2020-05-17 02:30:00,16038.92,16062.63,16006.49,16015.23,61.2026
2020-05-17 02:45:00,16022.41,16059.63,16009.56,16046.39,196.3006
2020-05-17 03:00:00,16000.92,16032.33,15975.31,16003.66,43.431
2020-05-17 03:15:00,15959.49,15972.13,15955.88,15965.29,102.4202
2020-05-17 03:30:00,16010.89,16013.89,15955.13,15997.2,110.2006
2020-05-17 03:45:00,15877.96,15946.52,15842.0,15916.06,34.9302
2020-05-17 04:00:00,15917.82,15922.19,15876.12,15888.96,1.9031
2020-05-17 04:15:00,16032.89,16101.31,16018.17,16034.7,175.2225
2020-05-17 04:30:00,16003.58,16051.72,15966.6,15988.93,65.8588
2020-05-17 04:45:00,16043.82,16076.09,16026.27,16044.79,10.0323
2020-05-17 05:00:00,16025.27,16032.18,16002.88,16017.39,315.9657
2020-05-17 05:15:00,16005.41,16084.93,15984.07,16042.65,35.1584
2020-05-17 05:30:00,16068.76,16091.37,16044.83,16074.94,64.3343
2020-05-17 05:45:00,16143.87,16157.96,16113.45,16130.19,66.1778
2020-05-17 06:00:00,16125.96,16131.58,16120.1,16121.31,46.3306
2020-05-17 06:15:00,16191.76,16246.75,16149.75,16218.3,16.4383
2020-05-17 06:30:00,16191.43,16255.64,16155.03,16190.44,121.8381
2020-05-17 06:45:00,16189.36,16203.42,16184.27,16202.63,21.7517
2020-05-17 07:00:00,16200.68,16243.93,16176.83,16215.36,114.6729
2020-05-17 07:15:00,16137.01,16161.88,16125.9,16161.59,162.0034
2020-05-17 07:30:00,16158.53,16190.76,16113.07,16148.54,2.3404
2020-05-17 07:45:00,16175.15,16243.11,16119.94,16157.17,131.5965
2020-05-17 08:00:00,16171.24,16194.04,16133.94,16137.03,101.6203
2020-05-17 08:15:00,16232.04,16272.97,16169.81,16256.01,21.7874
2020-05-17 08:30:00,16228.37,16245.56,16211.64,16215.92,96.8092
2020-05-17 08:45:00,16287.67,16304.56,16236.42,16274.11,54.6058
2020-05-17 09:00:00,16307.26,16335.9,16295.58,16316.74,8.8385
2020-05-17 09:15:00,16301.9,16319.29,16294.2,16316.87,74.1683
2020-05-17 09:30:00,16257.67,16276.94,16241.6,16275.34,362.2547
2020-05-17 09:45:00,16230.08,16317.9,16174.82,16238.64,104.6428
2020-05-17 10:00:00,16217.5,16228.03,16148.74,16214.22,40.1291
2020-05-17 10:15:00,16150.1,16221.98,16106.33,16128.17,82.8971
2020-05-17 10:30:00,16098.19,16122.99,16038.63,16080.42,133.8653
2020-05-17 10:45:00,15983.85,16027.62,15911.74,16009.71,16.989
2020-05-17 11:00:00,16062.47,16112.42,16038.62,16075.15,75.2533
2020-05-17 11:15:00,16126.71,16146.01,16080.3,16105.78,70.6972
2020-05-17 11:30:00,16132.76,16173.77,16121.67,16144.56,47.25
2020-05-17 11:45:00,16172.97,16202.68,16168.46,16173.89,137.4625
2020-05-17 12:00:00,16155.2,16186.01,16138.9,16182.8,83.2434
2020-05-17 12:15:00,16273.26,16307.31,16245.32,16254.52,120.03
2020-05-17 12:30:00,16194.51,16275.78,16187.97,16225.55,90.6245
2020-05-17 12:45:00,16204.89,16235.51,16189.67,16231.55,151.8408
2020-05-17 13:00:00,16285.84,16314.36,16252.48,16268.74,100.4934
2020-05-17 13:15:00,16236.19,16269.75,16181.97,16205.07,113.2401
2020-05-17 13:30:00,16351.67,16361.62,16275.9,16356.42,25.5535
2020-05-17 13:45:00,16357.88,16422.71,16336.99,16358.64,186.995
2020-05-17 14:00:00,16381.3,16415.55,16343.99,16366.43,16.8861
2020-05-17 14:15:00,16433.72,16452.96,16363.79,16428.96,41.5237
2020-05-17 14:30:00,16468.73,16483.45,16444.43,16474.88,220.1888
2020-05-17 14:45:00,16469.58,16505.93,16438.29,16477.58,11.4946
2020-05-17 15:00:00,16459.01,16548.14,16435.78,16484.84,201.4995
2020-05-17 15:15:00,16415.1,16435.48,16393.86,16411.28,64.5053
2020-05-17 15:30:00,16383.19,16394.19,16367.6,16384.7,20.2835
2020-05-17 15:45:00,16403.76,16452.42,16385.09,16410.94,133.6337
2020-05-17 16:00:00,16417.15,16440.83,16411.41,16433.62,33.391
2020-05-17 16:15:00,16479.79,16527.3,16459.47,16494.64,113.2922
2020-05-17 16:30:00,16499.7,16522.93,16450.63,16489.51,156.4922
2020-05-17 16:45:00,16436.18,16448.61,16407.82,16421.7,84.241
2020-05-17 17:00:00,16469.19,16564.07,16426.65,16474.58,154.1773
2020-05-17 17:15:00,16539.23,16554.76,16535.08,16546.38,273.408
2020-05-17 17:30:00,16577.64,16615.36,16572.62,16591.8,79.9401
2020-05-17 17:45:00,16600.02,16620.88,16540.78,16584.48,16.5309
2020-05-17 18:00:00,16637.79,16679.87,16622.17,16637.28,123.6502
2020-05-17 18:15:00,16815.43,16816.34,16767.94,16809.25,52.7757
2020-05-17 18:30:00,16821.93,16826.12,16776.91,16815.9,75.7798
2020-05-17 18:45:00,16745.41,16753.93,16742.1,16750.56,98.5682
2020-05-17 19:00:00,16702.45,16765.13,16700.53,16721.94,126.4051
2020-05-17 19:15:00,16737.46,16762.55,16711.1,16754.15,102.1075
2020-05-17 19:30:00,16693.14,16711.37,16648.78,16674.33,26.5099
2020-05-17 19:45:00,16671.53,16735.2,16642.39,16683.64,137.8985
2020-05-17 20:00:00,16696.65,16737.64,16632.02,16703.51,164.6839
2020-05-17 20:15:00,16762.23,16790.28,16730.44,16781.27,3.8401
2020-05-17 20:30:00,16827.58,16856.32,16803.67,16848.07,36.8376
2020-05-17 20:45:00,16879.62,16968.09,16860.98,16892.61,380.7589
2020-05-17 21:00:00,16812.19,16819.76,16763.3,16783.86,19.5683
2020-05-17 21:15:00,16842.15,16877.28,16829.5,16831.07,20.1896
2020-05-17 21:30:00,16858.65,16879.39,16833.7,16867.54,89.4834
2020-05-17 21:45:00,16899.61,16952.59,16794.82,16881.33,41.2734
2020-05-17 22:00:00,16791.99,16824.17,16788.01,16794.55,107.0378
2020-05-17 22:15:00,16778.95,16784.44,16748.44,16756.25,30.4686
2020-05-17 22:30:00,16735.37,16744.46,16670.36,16698.44,55.5127
2020-05-17 22:45:00,16615.39,16644.79,16587.75,16598.33,645.8276
2020-05-17 23:00:00,16600.58,16662.6,16561.25,16599.01,46.7512
2020-05-17 23:15:00,16571.69,16573.4,16543.6,16560.11,9.0106
2020-05-17 23:30:00,16691.62,16694.93,16678.31,16691.37,135.6488
2020-05-17 23:45:00,16653.12,16699.03,16635.75,16683.75,88.8132
2020-05-18 00:00:00,16738.38,16779.93,16699.85,16749.34,58.8029
2020-05-18 00:15:00,16655.47,16708.08,16651.0,16671.33,239.3834
2020-05-18 00:30:00,16634.39,16713.83,16628.74,16645.65,15.8559
2020-05-18 00:45:00,16681.19,16738.38,16649.95,16651.33,67.2821
2020-05-18 01:00:00,16625.43,16656.16,16545.71,16606.79,21.2928
2020-05-18 01:15:00,16593.9,16627.23,16573.31,16586.59,8.7187
2020-05-18 01:30:00,16590.04,16599.38,16539.56,16576.57,58.403
2020-05-18 01:45:00,16534.43,16607.38,16513.52,16565.77,294.4032
2020-05-18 02:00:00,16670.92,16688.52,16647.48,16658.79,128.0375
2020-05-18 02:15:00,16694.2,16699.34,16667.56,16678.53,26.724
2020-05-18 02:30:00,16665.94,16703.9,16660.16,16703.35,62.1055
2020-05-18 02:45:00,16744.03,16754.72,16721.68,16731.23,159.6777
2020-05-18 03:00:00,16738.95,16787.58,16729.91,16762.82,21.7427
2020-05-18 03:15:00,16726.47,16788.33,16655.7,16759.49,22.7775
2020-05-18 03:30:00,16766.41,16786.24,16731.86,16744.2,19.9708
2020-05-18 03:45:00,16736.54,16827.02,16733.56,16753.42,93.5074
2020-05-18 04:00:00,16800.36,16812.84,16792.48,16812.39,2.9378
2020-05-18 04:15:00,16886.73,16893.03,16852.74,16870.04,88.5813
2020-05-18 04:30:00,16853.57,16892.14,16840.04,16858.72,174.5084
2020-05-18 04:45:00,16895.35,16906.48,16861.78,16898.39,152.6256
2020-05-18 05:00:00,16885.96,16908.18,16868.73,16889.37,109.9106
2020-05-18 05:15:00,16897.81,16914.55,16861.93,16891.94,24.7811
2020-05-18 05:30:00,16864.97,16900.48,16804.83,16868.78,169.509
2020-05-18 05:45:00,16862.36,16903.97,16819.79,16860.43,315.7437
2020-05-18 06:00:00,16920.6,16984.21,16890.7,16929.12,20.3074
2020-05-18 06:15:00,16940.62,16984.54,16927.84,16934.66,241.16
2020-05-18 06:30:00,16947.7,16973.54,16901.21,16942.38,191.7247
2020-05-18 06:45:00,16901.69,16907.52,16856.96,16869.67,387.6662
2020-05-18 07:00:00,16848.44,16889.54,16840.84,16854.87,38.4598
2020-05-18 07:15:00,16840.4,16851.65,16785.5,16843.51,271.9185
2020-05-18 07:30:00,16806.46,16829.75,16788.07,16802.45,19.7863
2020-05-18 07:45:00,16820.59,16845.73,16793.39,16804.38,19.2586
2020-05-18 08:00:00,16765.27,16794.99,16753.59,16783.59,11.3156
2020-05-18 08:15:00,16790.19,16801.7,16772.56,16788.45,55.8218
2020-05-18 08:30:00,16753.29,16818.55,16746.46,16795.41,1.2257
2020-05-18 08:45:00,16743.55,16781.65,16700.23,16748.1,48.0206
2020-05-18 09:00:00,16746.85,16810.33,16692.84,16728.9,98.3302
2020-05-18 09:15:00,16721.47,16740.57,16711.68,16733.62,8.1494
2020-05-18 09:30:00,16796.88,16840.35,16760.29,16793.91,170.6361
2020-05-18 09:45:00,16798.79,16842.05,16780.61,16807.68,34.6329
2020-05-18 10:00:00,16760.73,16808.23,16683.58,16775.15,4.7569
2020-05-18 10:15:00,16812.38,16849.37,16739.99,16796.07,46.9383
2020-05-18 10:30:00,16865.3,16921.51,16865.27,16882.95,14.9007
2020-05-18 10:45:00,16935.18,16954.84,16874.7,16930.22,158.6114
2020-05-18 11:00:00,16964.11,17001.79,16944.23,16958.88,40.6477
2020-05-18 11:15:00,16982.16,17031.25,16960.12,16996.64,12.4447
2020-05-18 11:30:00,17073.57,17095.58,17068.09,17070.91,60.4514
2020-05-18 11:45:00,17110.84,17153.49,17091.03,17126.85,60.1437
2020-05-18 12:00:00,17165.78,17199.44,17120.09,17156.83,32.2425
2020-05-18 12:15:00,17190.06,17279.43,17157.6,17212.69,39.6005
2020-05-18 12:30:00,17151.87,17173.91,17120.69,17157.7,146.464
2020-05-18 12:45:00,17076.91,17123.8,17055.91,17081.23,101.8115
2020-05-18 13:00:00,17109.15,17127.06,17084.96,17090.13,24.1635
2020-05-18 13:15:00,17096.9,17112.59,17076.78,17094.51,296.0063
2020-05-18 13:30:00,17083.77,17127.55,17051.0,17067.47,36.3447
2020-05-18 13:45:00,17120.1,17137.26,17090.26,17110.61,76.2367
2020-05-18 14:00:00,17025.17,17027.85,16955.65,17015.84,84.658
2020-05-18 14:15:00,16983.75,17004.28,16943.09,16989.39,24.0374
2020-05-18 14:30:00,16982.84,17016.22,16907.73,16965.52,34.4218
2020-05-18 14:45:00,16877.08,16917.88,16851.73,16883.09,65.5261
2020-05-18 15:00:00,16930.3,16970.11,16923.69,16959.64,29.6147
2020-05-18 15:15:00,16887.71,16892.23,16886.71,16891.34,36.4748
2020-05-18 15:30:00,16870.01,16895.74,16814.52,16862.37,94.9718
2020-05-18 15:45:00,16881.97,16917.33,16842.44,16909.14,132.3336
2020-05-18 16:00:00,16927.76,16949.86,16915.44,16942.76,161.4353
2020-05-18 16:15:00,16866.5,16913.14,16800.07,16887.28,12.979
2020-05-18 16:30:00,16936.01,16948.62,16918.25,16922.7,133.5592
2020-05-18 16:45:00,16966.59,17015.44,16931.21,16938.26,275.4602
2020-05-18 17:00:00,17054.08,17086.57,17011.79,17057.66,86.9249
2020-05-18 17:15:00,17088.26,17111.4,17034.46,17079.18,92.806
2020-05-18 17:30:00,17081.43,17083.71,17035.92,17072.8,310.8308
2020-05-18 17:45:00,17056.24,17077.62,17027.33,17029.78,203.5863
2020-05-18 18:00:00,16981.52,17025.66,16942.86,16992.61,81.5697
2020-05-18 18:15:00,16947.64,17015.74,16944.51,16951.37,145.1791
2020-05-18 18:30:00,17016.14,17033.49,16991.85,17021.94,19.9548
2020-05-18 18:45:00,17024.99,17140.55,16994.32,17023.71,53.2924
2020-05-18 19:00:00,17096.13,17140.53,17016.98,17053.43,125.6703
2020-05-18 19:15:00,17132.28,17167.64,17116.93,17131.75,34.0496
2020-05-18 19:30:00,16996.85,17042.34,16991.13,17011.39,60.4949
2020-05-18 19:45:00,17057.79,17131.76,17022.86,17077.51,18.9622
2020-05-18 20:00:00,17102.6,17173.09,17037.56,17081.2,228.0855
2020-05-18 20:15:00,17089.65,17113.7,17072.63,17104.35,226.0181
2020-05-18 20:30:00,17074.02,17088.05,17053.08,17062.7,65.0776
2020-05-18 20:45:00,17013.32,17029.54,16963.48,17024.9,21.32
2020-05-18 21:00:00,17029.12,17102.33,17009.38,17050.71,113.6972
2020-05-18 21:15:00,17183.94,17231.8,17141.44,17173.54,24.0207
2020-05-18 21:30:00,17215.23,17233.93,17174.91,17226.09,25.9541
2020-05-18 21:45:00,17299.71,17331.52,17292.3,17292.36,357.7214
2020-05-18 22:00:00,17291.89,17320.02,17230.77,17283.26,10.4851
2020-05-18 22:15:00,17262.43,17263.91,17221.55,17253.0,47.6814
2020-05-18 22:30:00,17208.84,17261.39,17150.08,17213.45,80.9399
2020-05-18 22:45:00,17200.89,17208.93,17177.97,17189.1,11.4054
2020-05-18 23:00:00,17068.34,17087.99,17065.94,17084.1,3.9722
2020-05-18 23:15:00,17005.96,17071.57,16958.53,17047.8,78.1624
2020-05-18 23:30:00,17032.03,17034.1,16973.76,17020.0,12.167
2020-05-18 23:45:00,17014.71,17016.42,16989.57,17011.89,28.9242
2020-05-19 00:00:00,17009.08,17046.27,16978.96,17019.47,68.7708
2020-05-19 00:15:00,17013.76,17138.79,16934.11,17038.82,42.6941
2020-05-19 00:30:00,17004.21,17055.05,16915.59,17038.91,123.9793
2020-05-19 00:45:00,17010.92,17035.73,17005.85,17010.04,328.2192
2020-05-19 01:00:00,16938.59,17003.25,16898.65,16910.7,139.9145
2020-05-19 01:15:00,16880.02,16927.7,16846.8,16882.36,1174.1371
2020-05-19 01:30:00,16827.87,16854.53,16790.36,16833.96,49.2515
2020-05-19 01:45:00,16857.92,16859.12,16833.44,16858.33,36.4187
2020-05-19 02:00:00,16942.0,17002.82,16897.14,16905.16,23.9
2020-05-19 02:15:00,16966.36,16997.21,16936.76,16953.61,216.1763
2020-05-19 02:30:00,16977.09,17018.52,16961.77,16992.96,49.4191
2020-05-19 02:45:00,16987.48,16989.17,16966.26,16987.0,124.1128
2020-05-19 03:00:00,16966.89,16983.63,16958.02,16961.25,112.3244
2020-05-19 03:15:00,16906.2,16939.63,16886.46,16924.08,5.8768
2020-05-19 03:30:00,16861.18,16929.58,16820.34,16848.39,211.732
2020-05-19 03:45:00,16885.54,16903.66,16850.92,16899.36,66.6574
2020-05-19 04:00:00,16865.83,16917.86,16816.19,16891.35,25.3021
2020-05-19 04:15:00,16830.32,16843.45,16816.86,16829.04,386.738
2020-05-19 04:30:00,16786.77,16801.75,16778.7,16788.15,139.9
2020-05-19 04:45:00,16745.31,16756.63,16707.28,16745.33,95.9026
2020-05-19 05:00:00,16735.52,16767.66,16694.42,16748.33,445.4698
2020-05-19 05:15:00,16792.3,16857.51,16750.53,16802.8,141.2995
2020-05-19 05:30:00,16805.04,16806.74,16765.55,16786.1,12.9134
2020-05-19 05:45:00,16680.86,16683.45,16635.97,16673.5,472.7013
2020-05-19 06:00:00,16648.93,16686.41,16626.25,16664.87,91.0311
2020-05-19 06:15:00,16625.4,16700.54,16606.86,16657.9,35.5869
2020-05-19 06:30:00,16632.27,16666.62,16580.36,16647.49,170.1118
2020-05-19 06:45:00,16619.6,16624.08,16611.39,16616.99,4.9106
2020-05-19 07:00:00,16618.15,16640.65,16592.73,16628.66,106.2376
2020-05-19 07:15:00,16620.99,16690.44,16618.01,16632.79,17.3488
2020-05-19 07:30:00,16622.58,16670.78,16621.14,16632.38,9.1614
2020-05-19 07:45:00,16652.59,16670.34,16595.05,16653.8,43.6931
2020-05-19 08:00:00,16646.21,16661.27,16575.53,16633.16,44.0621
2020-05-19 08:15:00,16609.7,16619.64,16572.64,16609.71,91.7608
2020-05-19 08:30:00,16680.35,16702.39,16621.17,16679.31,83.3409
2020-05-19 08:45:00,16704.38,16752.8,16677.26,16708.14,116.4585
2020-05-19 09:00:00,16742.06,16773.36,16728.35,16750.42,19.1291
2020-05-19 09:15:00,16827.91,16842.97,16751.48,16812.87,204.6885
2020-05-19 09:30:00,16852.74,16875.16,16817.55,16840.24,195.6685
2020-05-19 09:45:00,16922.53,16936.12,16868.62,16887.99,24.3694
2020-05-19 10:00:00,16819.08,16824.88,16777.15,16808.81,64.1645
2020-05-19 10:15:00,16811.57,16852.91,16750.87,16819.95,66.9461
2020-05-19 10:30:00,16796.36,16820.9,16701.8,16811.57,254.1322
2020-05-19 10:45:00,16913.13,16933.85,16829.05,16897.02,236.0414
2020-05-19 11:00:00,16931.08,16946.19,16897.12,16944.89,6.9851
2020-05-19 11:15:00,16927.39,16975.64,16907.27,16913.69,317.08
2020-05-19 11:30:00,16920.58,16958.02,16880.36,16933.45,7.1026
2020-05-19 11:45:00,16948.73,16950.12,16922.16,16942.82,79.7556
2020-05-19 12:00:00,16948.78,16977.66,16939.17,16966.76,37.3375
2020-05-19 12:15:00,16928.94,16988.35,16891.06,16915.75,49.5057
2020-05-19 12:30:00,16913.97,16957.27,16895.94,16934.86,98.5418
2020-05-19 12:45:00,16928.74,16937.95,16865.87,16924.12,87.6627
2020-05-19 13:00:00,16935.95,16953.19,16934.72,16939.3,18.3309
2020-05-19 13:15:00,16905.06,16918.51,16885.84,16903.34,349.931
2020-05-19 13:30:00,16867.84,16950.63,16835.83,16874.52,2.9114
2020-05-19 13:45:00,16927.68,16943.14,16913.19,16934.78,42.0647
2020-05-19 14:00:00,16884.82,16895.7,16865.71,16882.21,161.6357
2020-05-19 14:15:00,16816.66,16839.88,16808.65,16833.53,190.3382
2020-05-19 14:30:00,16814.8,16875.96,16805.66,16831.77,159.598
2020-05-19 14:45:00,16787.61,16799.94,16700.83,16793.63,46.601
2020-05-19 15:00:00,16743.23,16806.97,16702.81,16749.88,111.9019
2020-05-19 15:15:00,16739.16,16778.19,16726.94,16756.0,144.5194
2020-05-19 15:30:00,16696.6,16737.71,16656.87,16681.18,86.264
2020-05-19 15:45:00,16626.01,16665.28,16623.49,16631.58,113.637
2020-05-19 16:00:00,16731.1,16758.62,16728.73,16734.9,80.6596
2020-05-19 16:15:00,16736.55,16822.89,16704.74,16758.8,5.6517
2020-05-19 16:30:00,16756.75,16816.27,16702.07,16722.1,31.9222
2020-05-19 16:45:00,16784.56,16795.72,16739.58,16743.92,121.2849
2020-05-19 17:00:00,16760.17,16842.35,16714.24,16773.26,27.6457
2020-05-19 17:15:00,16844.76,16902.48,16798.01,16824.13,60.7824
2020-05-19 17:30:00,16817.01,16850.03,16781.04,16818.56,76.4886
2020-05-19 17:45:00,16895.72,16919.08,16848.32,16868.67,111.1609
2020-05-19 18:00:00,16771.99,16813.75,16758.5,16766.35,29.9949
2020-05-19 18:15:00,16715.73,16788.42,16712.58,16714.06,90.44
2020-05-19 18:30:00,16681.32,16726.07,16676.42,16723.11,90.7602
2020-05-19 18:45:00,16725.78,16781.2,16689.15,16740.49,186.4485
2020-05-19 19:00:00,16695.87,16706.84,16660.92,16695.53,80.3069
2020-05-19 19:15:00,16712.68,16764.43,16661.41,16709.36,34.9666
2020-05-19 19:30:00,16658.66,16738.69,16629.4,16678.92,73.9617
2020-05-19 19:45:00,16653.75,16683.0,16639.28,16665.9,11.3479
2020-05-19 20:00:00,16727.22,16780.57,16673.22,16717.97,93.5853
2020-05-19 20:15:00,16741.2,16804.85,16710.44,16764.39,247.8498
2020-05-19 20:30:00,16717.32,16722.67,16705.88,16715.08,75.4619
2020-05-19 20:45:00,16683.53,16710.42,16639.34,16662.9,34.5549
2020-05-19 21:00:00,16649.6,16671.51,16642.04,16643.18,52.0078
2020-05-19 21:15:00,16648.26,16704.07,16639.39,16642.68,232.1339
2020-05-19 21:30:00,16577.11,16643.31,16541.07,16610.66,167.7004
2020-05-19 21:45:00,16649.66,16693.18,16631.43,16663.35,162.5442
2020-05-19 22:00:00,16715.82,16755.28,16677.7,16681.55,83.0296
2020-05-19 22:15:00,16692.7,16711.2,16687.74,16702.71,50.4865
2020-05-19 22:30:00,16661.12,16662.86,16615.98,16640.08,14.2064
2020-05-19 22:45:00,16688.98,16699.9,16667.53,16699.18,371.3747
2020-05-19 23:00:00,16554.13,16588.46,16553.15,16558.73,19.7358
2020-05-19 23:15:00,16609.55,16622.61,16551.04,16600.99,29.0511
2020-05-19 23:30:00,16650.03,16651.99,16621.0,16648.36,144.5032
2020-05-19 23:45:00,16633.94,16635.3,16624.11,16627.59,43.194
2020-05-20 00:00:00,16678.26,16694.77,16629.62,16691.92,87.6754
2020-05-20 00:15:00,16670.63,16691.52,16624.83,16689.59,143.3979
2020-05-20 00:30:00,16678.77,16716.16,16657.51,16693.56,81.2204
2020-05-20 00:45:00,16702.5,16751.6,16677.78,16711.39,67.4756
2020-05-20 01:00:00,16868.12,16876.79,16802.5,16871.99,5.2033
2020-05-20 01:15:00,16958.45,16975.39,16917.17,16940.88,66.8761
2020-05-20 01:30:00,16978.84,16996.67,16958.27,16977.36,60.7018
2020-05-20 01:45:00,16939.92,16942.36,16917.99,16931.72,212.4539
2020-05-20 02:00:00,16942.26,16942.76,16909.74,16939.86,59.3108
2020-05-20 02:15:00,16880.53,16932.66,16855.81,16899.38,99.4098
2020-05-20 02:30:00,16942.2,16989.79,16938.56,16941.91,148.6042
2020-05-20 02:45:00,16952.11,17012.09,16926.56,16949.89,63.0576
2020-05-20 03:00:00,16906.4,16980.28,16881.28,16893.56,30.2262
2020-05-20 03:15:00,16880.46,16947.55,16853.79,16898.51,224.3876
2020-05-20 03:30:00,16821.9,16863.07,16779.51,16856.3,225.874
2020-05-20 03:45:00,16867.76,16885.44,16820.07,16864.79,230.0941
2020-05-20 04:00:00,16828.12,16877.65,16800.51,16822.17,31.852
2020-05-20 04:15:00,16821.38,16844.57,16803.42,16824.39,37.9007
2020-05-20 04:30:00,16863.59,16869.11,16833.05,16863.11,251.0798
2020-05-20 04:45:00,16876.09,16882.67,16837.89,16861.27,13.4427
2020-05-20 05:00:00,16834.62,16891.04,16807.65,16842.34,106.6768
2020-05-20 05:15:00,16848.76,16855.93,16814.24,16853.46,34.576
2020-05-20 05:30:00,16890.88,16901.68,16879.87,16889.55,127.7643
2020-05-20 05:45:00,16813.76,16846.08,16780.85,16834.3,179.375
2020-05-20 06:00:00,16845.74,16859.34,16813.09,16848.3,52.4443
2020-05-20 06:15:00,16914.66,16922.24,16894.77,16915.74,16.3882
2020-05-20 06:30:00,16973.44,16977.07,16932.94,16945.7,131.765
2020-05-20 06:45:00,16944.43,16970.71,16883.49,16949.48,5.7341
2020-05-20 07:00:00,16986.25,17017.27,16980.38,16982.86,1.5106
2020-05-20 07:15:00,17022.38,17039.63,16967.26,17006.76,209.7116
2020-05-20 07:30:00,17031.78,17058.21,17002.32,17046.06,169.7218
2020-05-20 07:45:00,16966.72,17003.25,16941.73,16943.41,87.2166
2020-05-20 08:00:00,16895.04,16898.88,16864.6,16865.29,109.4745
2020-05-20 08:15:00,16916.49,16935.44,16866.02,16916.98,304.9212
2020-05-20 08:30:00,16832.35,16858.45,16786.21,16841.43,6.4823
2020-05-20 08:45:00,16890.0,16936.4,16859.37,16862.56,24.4104
2020-05-20 09:00:00,16859.0,16877.36,16824.38,16845.59,130.6384
2020-05-20 09:15:00,16797.47,16822.92,16767.29,16796.09,30.6574
2020-05-20 09:30:00,16838.54,16845.3,16776.53,16814.55,23.2263
2020-05-20 09:45:00,16847.76,16860.69,16779.14,16825.53,58.3761
2020-05-20 10:00:00,16927.2,16933.12,16907.44,16932.9,128.6261
2020-05-20 10:15:00,16906.21,16950.09,16889.96,16902.0,23.6383
2020-05-20 10:30:00,16985.66,16991.5,16919.17,16975.87,56.1321
2020-05-20 10:45:00,16995.15,17039.65,16928.79,16994.67,73.1508
2020-05-20 11:00:00,16938.22,16965.88,16883.92,16961.81,18.9014
2020-05-20 11:15:00,16987.38,17051.36,16961.32,17003.33,64.7769
2020-05-20 11:30:00,17009.91,17038.04,17003.42,17033.04,200.8992
2020-05-20 11:45:00,17044.12,17094.92,17028.2,17035.72,137.0678
2020-05-20 12:00:00,17029.99,17061.02,17027.74,17050.19,70.0066
2020-05-20 12:15:00,17023.78,17035.9,17006.87,17020.5,13.3854
2020-05-20 12:30:00,17010.29,17072.1,16955.7,16979.19,2.3634
2020-05-20 12:45:00,17043.02,17097.88,16980.12,17018.72,6.961
2020-05-20 13:00:00,16976.89,17011.04,16963.51,17008.14,138.716
2020-05-20 13:15:00,16983.16,17046.1,16953.49,17004.9,121.8656
2020-05-20 13:30:00,17006.81,17033.57,16939.68,17020.03,137.0673
2020-05-20 13:45:00,17014.51,17083.05,17004.01,17034.42,36.7029
2020-05-20 14:00:00,16934.18,16980.14,16915.63,16962.23,9.4229
2020-05-20 14:15:00,17028.35,17040.84,16973.34,17028.53,125.2925
2020-05-20 14:30:00,17047.59,17079.55,17024.36,17035.58,255.704
2020-05-20 14:45:00,17042.31,17072.76,16999.27,17026.07,60.183
2020-05-20 15:00:00,17040.84,17080.97,16991.35,17048.93,144.5257
2020-05-20 15:15:00,17057.24,17119.33,17056.5,17061.88,130.2223
2020-05-20 15:30:00,17108.08,17127.18,17097.51,17102.0,192.2038
2020-05-20 15:45:00,17128.59,17141.23,17098.2,17130.45,2.879
2020-05-20 16:00:00,17182.12,17201.35,17147.4,17168.2,310.7894
2020-05-20 16:15:00,17246.06,17280.15,17188.74,17238.64,200.5127
2020-05-20 16:30:00,17278.7,17315.43,17258.75,17285.2,209.1355
2020-05-20 16:45:00,17245.66,17317.14,17223.55,17277.74,561.3805
2020-05-20 17:00:00,17246.22,17296.79,17205.51,17220.4,102.0198
2020-05-20 17:15:00,17295.55,17309.4,17252.09,17307.42,8.5202
2020-05-20 17:30:00,17302.13,17313.47,17285.3,17295.95,173.0456
2020-05-20 17:45:00,17239.16,17303.72,17233.03,17272.26,14.4881
2020-05-20 18:00:00,17182.94,17216.17,17172.19,17183.13,133.9005
2020-05-20 18:15:00,17203.17,17234.2,17142.9,17201.44,55.169
2020-05-20 18:30:00,17212.54,17234.58,17191.95,17209.98,0.6635
2020-05-20 18:45:00,17184.25,17234.78,17098.97,17132.62,57.2309
2020-05-20 19:00:00,17145.95,17206.62,17129.04,17156.77,159.2896
2020-05-20 19:15:00,17146.05,17148.22,17111.37,17131.99,9.1456
2020-05-20 19:30:00,17280.15,17306.18,17254.87,17271.12,0.2214
2020-05-20 19:45:00,17230.78,17244.02,17212.41,17242.48,60.2872
2020-05-20 20:00:00,17234.71,17239.71,17164.83,17220.83,0.1498
2020-05-20 20:15:00,17173.68,17215.28,17171.9,17176.5,272.9364
2020-05-20 20:30:00,17258.3,17266.05,17211.62,17243.21,174.2182
2020-05-20 20:45:00,17258.56,17320.51,17220.88,17224.78,99.4569
2020-05-20 21:00:00,17190.78,17195.51,17156.46,17188.19,1.747
2020-05-20 21:15:00,17220.66,17270.98,17194.03,17225.5,84.3557
2020-05-20 21:30:00,17173.07,17199.79,17153.59,17155.03,111.1961
2020-05-20 21:45:00,17212.06,17215.93,17172.07,17188.06,88.5388
2020-05-20 22:00:00,17265.51,17287.76,17200.99,17280.77,293.5413
2020-05-20 22:15:00,17303.17,17329.72,17262.04,17311.01,177.9893
2020-05-20 22:30:00,17356.72,17388.61,17273.19,17345.01,45.4276
2020-05-20 22:45:00,17388.85,17419.62,17341.06,17391.15,118.6784
2020-05-20 23:00:00,17464.54,17534.89,17438.83,17481.22,61.8311
2020-05-20 23:15:00,17555.03,17609.73,17523.72,17545.54,263.5934
2020-05-20 23:30:00,17581.36,17613.16,17560.61,17569.56,96.2665
2020-05-20 23:45:00,17612.19,17625.41,17606.18,17618.08,87.2441
2020-05-21 00:00:00,17573.22,17574.79,17542.95,17572.14,69.4543
2020-05-21 00:15:00,17603.79,17621.24,17600.93,17613.94,47.4396
2020-05-21 00:30:00,17542.45,17632.29,17527.82,17561.69,16.0238
2020-05-21 00:45:00,17534.51,17545.2,17514.47,17543.23,32.0111
2020-05-21 01:00:00,17383.16,17393.35,17346.92,17381.87,40.4217
2020-05-21 01:15:00,17378.0,17475.31,17361.58,17403.67,16.7257
2020-05-21 01:30:00,17363.56,17373.14,17333.55,17370.93,167.5114
2020-05-21 01:45:00,17431.23,17491.41,17425.93,17429.7,0.2221
2020-05-21 02:00:00,17471.82,17545.45,17404.81,17450.97,247.4223
2020-05-21 02:15:00,17505.22,17551.39,17444.57,17510.7,13.729
2020-05-21 02:30:00,17432.9,17477.97,17416.62,17454.65,5.2314
2020-05-21 02:45:00,17506.22,17530.35,17480.98,17509.9,533.6477
2020-05-21 03:00:00,17611.41,17683.91,17594.01,17621.39,849.7714
2020-05-21 03:15:00,17672.42,17693.3,17603.48,17662.67,21.2893
2020-05-21 03:30:00,17699.45,17740.07,17657.81,17705.43,14.3636
2020-05-21 03:45:00,17667.31,17794.59,17592.24,17715.32,22.0366
2020-05-21 04:00:00,17753.62,17809.19,17659.17,17688.33,71.6054
2020-05-21 04:15:00,17732.13,17746.45,17694.04,17729.6,38.7405
2020-05-21 04:30:00,17651.96,17682.62,17580.17,17650.38,41.0025
2020-05-21 04:45:00,17601.97,17641.11,17553.95,17629.14,165.8471
2020-05-21 05:00:00,17510.68,17559.49,17505.51,17536.36,220.9045
2020-05-21 05:15:00,17498.61,17515.17,17484.91,17500.22,350.0936
2020-05-21 05:30:00,17540.7,17557.32,17493.94,17534.8,72.3067
2020-05-21 05:45:00,17574.59,17578.96,17541.53,17562.26,28.2544
2020-05-21 06:00:00,17569.99,17618.43,17539.04,17565.82,80.9497
2020-05-21 06:15:00,17554.84,17637.65,17554.01,17575.68,204.8339
2020-05-21 06:30:00,17433.35,17487.14,17424.74,17477.12,3.14
2020-05-21 06:45:00,17456.71,17469.57,17399.83,17458.46,242.1851
2020-05-21 07:00:00,17414.35,17462.95,17397.32,17423.65,25.6891
2020-05-21 07:15:00,17368.12,17408.38,17347.96,17390.07,37.1795
2020-05-21 07:30:00,17436.65,17438.14,17415.18,17422.22,45.2641
2020-05-21 07:45:00,17350.74,17400.72,17309.0,17378.12,245.0637
2020-05-21 08:00:00,17358.16,17390.99,17314.97,17347.46,19.3581
2020-05-21 08:15:00,17215.4,17286.04,17187.74,17239.71,25.233
2020-05-21 08:30:00,17227.67,17248.46,17225.04,17225.36,131.3426
2020-05-21 08:45:00,17186.05,17196.19,17138.28,17170.01,272.8579
2020-05-21 09:00:00,17169.14,17181.44,17074.88,17174.95,11.0635
2020-05-21 09:15:00,17155.74,17235.66,17098.24,17126.8,73.8665
2020-05-21 09:30:00,17165.89,17199.72,17125.11,17133.03,245.878
2020-05-21 09:45:00,17130.51,17132.96,17061.4,17126.45,217.2343
2020-05-21 10:00:00,17222.53,17227.72,17127.34,17213.21,296.5358
2020-05-21 10:15:00,17258.04,17278.69,17225.42,17239.75,232.3859
2020-05-21 10:30:00,17154.8,17195.53,17126.8,17145.47,37.7903
2020-05-21 10:45:00,17088.73,17147.11,17076.14,17081.26,23.3208
2020-05-21 11:00:00,17075.99,17101.3,17050.8,17084.95,231.7442
2020-05-21 11:15:00,17009.39,17081.38,16999.16,17038.14,124.4637
2020-05-21 11:30:00,16863.79,16891.5,16858.33,16887.27,47.5655
2020-05-21 11:45:00,16996.88,17040.07,16908.83,16956.48,124.8048
2020-05-21 12:00:00,16999.45,17014.64,16956.65,16993.97,36.7002
2020-05-21 12:15:00,17017.2,17049.1,17016.82,17021.38,87.0706
2020-05-21 12:30:00,17012.68,17024.82,16922.49,16991.22,26.5704
2020-05-21 12:45:00,17001.11,17036.26,16998.33,17013.87,82.4947
2020-05-21 13:00:00,16988.66,17003.81,16961.59,16978.76,256.6046
2020-05-21 13:15:00,16991.36,17011.73,16985.73,16990.05,147.5954
2020-05-21 13:30:00,16951.77,16967.39,16933.78,16943.98,106.7303
2020-05-21 13:45:00,17016.17,17060.19,16975.59,17021.9,28.2381
2020-05-21 14:00:00,16926.22,16960.8,16909.72,16942.56,6.5465
2020-05-21 14:15:00,16992.05,17010.14,16920.19,17006.05,123.9841
2020-05-21 14:30:00,16995.55,17034.02,16963.25,17008.88,85.8252
2020-05-21 14:45:00,16984.71,16999.28,16962.15,16984.76,23.9025
2020-05-21 15:00:00,16967.67,17013.26,16951.37,16994.11,272.9692
2020-05-21 15:15:00,17011.11,17072.07,16977.16,17032.35,80.3005
2020-05-21 15:30:00,17105.36,17122.68,17068.96,17103.04,84.8302
2020-05-21 15:45:00,17117.78,17230.32,17112.19,17119.96,35.4906
2020-05-21 16:00:00,17078.32,17126.81,17060.45,17075.07,211.515
2020-05-21 16:15:00,17078.01,17088.08,17028.59,17078.78,222.0
2020-05-21 16:30:00,17215.97,17222.23,17160.67,17172.72,125.5781
2020-05-21 16:45:00,17245.19,17264.34,17227.46,17243.0,10.4555
2020-05-21 17:00:00,17284.32,17348.33,17264.26,17290.88,8.816
2020-05-21 17:15:00,17334.77,17342.07,17304.15,17333.01,63.3709
2020-05-21 17:30:00,17387.97,17438.01,17368.66,17370.25,15.3278
2020-05-21 17:45:00,17430.64,17491.19,17416.18,17431.5,40.3347
2020-05-21 18:00:00,17420.42,17424.33,17364.34,17408.5,18.795
2020-05-21 18:15:00,17345.46,17350.13,17311.81,17338.6,37.1231
2020-05-21 18:30:00,17338.02,17374.86,17337.56,17343.05,286.3177
2020-05-21 18:45:00,17303.3,17355.71,17269.92,17301.38,139.9843
2020-05-21 19:00:00,17275.06,17342.89,17236.18,17247.49,14.8855
2020-05-21 19:15:00,17215.26,17241.41,17125.17,17211.08,110.5382
2020-05-21 19:30:00,17323.17,17352.85,17270.95,17340.27,3.0982
2020-05-21 19:45:00,17342.67,17372.22,17293.26,17348.21,411.1996
2020-05-21 20:00:00,17331.2,17372.44,17319.35,17367.92,75.8636
2020-05-21 20:15:00,17307.47,17344.3,17262.73,17305.1,70.4033
2020-05-21 20:30:00,17232.82,17253.68,17186.88,17210.24,27.4878
2020-05-21 20:45:00,17145.78,17186.44,17144.31,17168.81,61.2182
2020-05-21 21:00:00,17246.33,17280.11,17202.18,17243.75,74.7056
2020-05-21 21:15:00,17278.91,17326.84,17239.1,17261.9,107.3523
2020-05-21 21:30:00,17312.64,17331.2,17286.98,17293.77,4.6999
2020-05-21 21:45:00,17355.13,17438.48,17322.33,17332.95,41.8816
2020-05-21 22:00:00,17270.74,17369.03,17230.36,17303.07,48.9386
2020-05-21 22:15:00,17384.75,17395.11,17362.35,17375.98,16.152
2020-05-21 22:30:00,17317.75,17360.38,17269.25,17343.86,27.4155
2020-05-21 22:45:00,17400.51,17483.28,17334.53,17417.9,27.0068
2020-05-21 23:00:00,17456.2,17482.48,17398.76,17441.88,166.271
2020-05-21 23:15:00,17351.88,17421.15,17321.28,17349.14,116.2263
2020-05-21 23:30:00,17323.65,17329.55,17298.5,17311.07,256.0691
2020-05-21 23:45:00,17203.24,17239.02,17176.68,17219.24,37.0911
2020-05-22 00:00:00,17305.66,17312.94,17265.21,17280.2,213.4207
2020-05-22 00:15:00,17291.67,17311.6,17251.11,17279.78,199.3644
2020-05-22 00:30:00,17180.39,17239.23,17143.38,17165.13,59.4132
2020-05-22 00:45:00,17166.77,17219.39,17161.21,17185.33,99.3518
2020-05-22 01:00:00,17178.6,17196.56,17137.91,17158.5,91.1187
2020-05-22 01:15:00,17077.58,17133.96,17064.24,17082.98,36.7921
2020-05-22 01:30:00,17159.33,17179.97,17154.79,17169.82,30.3908
2020-05-22 01:45:00,17186.95,17192.95,17145.48,17176.21,18.5077
2020-05-22 02:00:00,17171.96,17213.02,17158.15,17161.95,181.8095
2020-05-22 02:15:00,17127.72,17177.1,17095.29,17142.24,76.256
2020-05-22 02:30:00,17100.37,17116.91,17052.79,17065.28,41.3042
2020-05-22 02:45:00,17030.18,17033.14,16983.08,16999.34,71.3335
2020-05-22 03:00:00,17076.04,17140.68,17027.59,17065.72,8.4024
2020-05-22 03:15:00,17049.65,17074.38,17033.43,17042.31,11.2031
2020-05-22 03:30:00,17049.91,17076.0,17036.49,17044.29,142.4421
2020-05-22 03:45:00,16914.35,16997.63,16886.08,16940.61,231.5104
2020-05-22 04:00:00,16876.37,16894.79,16872.87,16874.47,38.6057
2020-05-22 04:15:00,16907.87,16912.76,16871.61,16906.18,52.6233
2020-05-22 04:30:00,16916.44,17071.6,16858.78,16926.19,46.7967
2020-05-22 04:45:00,17010.8,17081.01,17001.78,17016.07,65.2088
2020-05-22 05:00:00,17044.79,17110.34,17027.61,17085.47,53.4405
2020-05-22 05:15:00,17055.77,17101.21,17034.91,17074.5,48.8148
2020-05-22 05:30:00,17115.35,17140.75,17066.69,17099.58,107.8653
2020-05-22 05:45:00,17113.77,17114.72,16988.06,17084.2,31.7609
2020-05-22 06:00:00,17174.15,17191.85,17157.66,17190.36,285.8305
2020-05-22 06:15:00,17253.63,17259.48,17248.05,17250.48,36.8858
2020-05-22 06:30:00,17279.08,17291.94,17240.56,17260.12,24.1536
2020-05-22 06:45:00,17262.38,17299.53,17235.52,17271.36,357.2213
2020-05-22 07:00:00,17358.82,17397.22,17339.67,17347.09,25.9814
2020-05-22 07:15:00,17377.53,17411.47,17343.5,17378.12,76.933
2020-05-22 07:30:00,17481.03,17522.79,17396.22,17460.25,39.8865
2020-05-22 07:45:00,17323.97,17373.83,17304.08,17346.22,8.0641
2020-05-22 08:00:00,17351.9,17372.78,17329.35,17371.08,305.575
2020-05-22 08:15:00,17349.94,17362.28,17333.2,17345.09,46.8825
2020-05-22 08:30:00,17439.03,17466.53,17429.85,17437.35,103.5129
2020-05-22 08:45:00,17518.13,17553.16,17506.95,17519.12,198.2335
2020-05-22 09:00:00,17531.81,17544.52,17494.47,17521.72,80.5162
2020-05-22 09:15:00,17586.94,17611.4,17583.38,17603.32,124.7765
2020-05-22 09:30:00,17674.13,17756.73,17634.38,17698.36,153.5287
2020-05-22 09:45:00,17694.35,17703.38,17690.84,17703.2,48.053
2020-05-22 10:00:00,17828.44,17856.42,17823.62,17835.37,99.0951
2020-05-22 10:15:00,17829.52,17846.01,17816.3,17834.58,23.0619
2020-05-22 10:30:00,17846.62,17852.8,17774.38,17824.0,5.6926
2020-05-22 10:45:00,17884.96,17890.92,17829.13,17871.19,432.1926
2020-05-22 11:00:00,17862.63,17909.86,17851.39,17853.11,9.7177
2020-05-22 11:15:00,17862.54,17865.77,17845.23,17858.58,55.988
2020-05-22 11:30:00,17927.19,17947.63,17883.87,17934.98,6.9785
2020-05-22 11:45:00,17921.6,17963.35,17896.79,17936.91,256.0055
2020-05-22 12:00:00,17825.23,17861.68,17761.64,17846.6,11.5625
2020-05-22 12:15:00,17854.75,17885.46,17793.86,17867.16,154.4152
2020-05-22 12:30:00,17829.96,17842.56,17799.9,17830.73,125.7895
2020-05-22 12:45:00,17857.26,17884.26,17830.62,17877.91,4.6088
2020-05-22 13:00:00,17919.18,17934.49,17872.03,17916.14,127.7507
2020-05-22 13:15:00,17992.62,18046.35,17972.89,17996.12,348.3824
2020-05-22 13:30:00,18038.85,18083.16,18021.97,18046.02,73.6069
2020-05-22 13:45:00,18126.97,18158.58,18096.28,18105.94,34.1789
2020-05-22 14:00:00,18026.04,18106.79,18006.11,18070.5,78.7398
2020-05-22 14:15:00,18108.04,18131.49,18056.73,18114.99,12.898
2020-05-22 14:30:00,18180.01,18300.47,18177.72,18222.87,312.2707
2020-05-22 14:45:00,18190.48,18209.07,18161.41,18186.14,45.4652
2020-05-22 15:00:00,18299.17,18313.24,18274.7,18285.24,61.0651
2020-05-22 15:15:00,18231.35,18277.36,18206.23,18256.02,51.3153
2020-05-22 15:30:00,18188.0,18241.51,18164.8,18210.27,2.8248
2020-05-22 15:45:00,18196.41,18242.9,18149.52,18227.36,3.4957
2020-05-22 16:00:00,18268.58,18269.19,18215.07,18267.42,82.6385
2020-05-22 16:15:00,18312.06,18362.74,18297.09,18318.3,69.7807
2020-05-22 16:30:00,18261.27,18301.72,18219.98,18266.36,430.4735
2020-05-22 16:45:00,18284.36,18297.5,18236.03,18291.09,30.5487
2020-05-22 17:00:00,18236.61,18262.54,18221.01,18254.38,45.9622
2020-05-22 17:15:00,18194.33,18194.91,18122.7,18173.76,441.1435
2020-05-22 17:30:00,18128.97,18153.08,18111.9,18124.03,4.9067
2020-05-22 17:45:00,18062.69,18128.33,18037.55,18084.11,102.8998
2020-05-22 18:00:00,18100.62,18124.31,18092.41,18113.31,10.7191
2020-05-22 18:15:00,18160.98,18185.84,18112.73,18176.83,292.6183
2020-05-22 18:30:00,18122.85,18157.57,18052.85,18097.4,33.9801
2020-05-22 18:45:00,18130.3,18152.23,18045.04,18117.42,168.2534
2020-05-22 19:00:00,18052.08,18079.39,18022.92,18054.37,242.2005
2020-05-22 19:15:00,18120.22,18161.49,18050.2,18089.34,187.7421
2020-05-22 19:30:00,18082.67,18171.77,18042.76,18056.45,81.3964
2020-05-22 19:45:00,17996.25,18020.41,17978.52,18000.4,362.7467
2020-05-22 20:00:00,18037.08,18046.56,18030.43,18044.49,112.8882
2020-05-22 20:15:00,18007.09,18022.7,17983.99,18013.62,154.2462
2020-05-22 20:30:00,17980.3,18025.81,17931.09,17997.44,27.9874
2020-05-22 20:45:00,17909.48,17924.22,17870.31,17878.48,54.1926
2020-05-22 21:00:00,17912.1,17943.42,17865.42,17930.14,91.1768
2020-05-22 21:15:00,17990.8,18043.07,17909.33,17975.2,15.7604
2020-05-22 21:30:00,17988.8,18005.77,17953.89,17976.39,337.3443
2020-05-22 21:45:00,17889.45,17899.78,17845.12,17894.91,11.6205
2020-05-22 22:00:00,17993.24,18020.59,17908.38,17960.73,131.9984
2020-05-22 22:15:00,17897.78,17935.01,17847.03,17925.72,5.9769
2020-05-22 22:30:00,17900.81,17923.03,17869.11,17902.24,10.8298
2020-05-22 22:45:00,18018.49,18087.98,17977.56,18027.31,97.6395
2020-05-22 23:00:00,18007.44,18041.2,17913.82,17990.16,60.2361
2020-05-22 23:15:00,18037.49,18089.72,17946.28,18031.11,0.3651
2020-05-22 23:30:00,18031.22,18072.06,17999.38,18062.42,50.0324
2020-05-22 23:45:00,18106.88,18129.23,18054.33,18084.47,28.7802
2020-05-23 00:00:00,18109.46,18110.02,18073.35,18100.67,205.2483
2020-05-23 00:15:00,18103.25,18140.93,18076.99,18122.01,123.1303
2020-05-23 00:30:00,18131.36,18219.87,18102.87,18137.7,133.7503
2020-05-23 00:45:00,18112.21,18152.16,18104.41,18135.78,301.4898
2020-05-23 01:00:00,18215.8,18299.46,18212.64,18218.92,123.739
2020-05-23 01:15:00,18150.81,18159.45,18131.04,18148.08,17.5034
2020-05-23 01:30:00,18198.51,18217.36,18138.16,18204.6,276.9585
2020-05-23 01:45:00,18242.2,18285.82,18217.26,18250.42,12.0032
2020-05-23 02:00:00,18260.08,18298.12,18206.52,18289.57,21.3946
2020-05-23 02:15:00,18357.96,18363.01,18336.88,18351.78,33.5675
2020-05-23 02:30:00,18312.29,18357.13,18274.96,18347.6,19.2494
2020-05-23 02:45:00,18246.21,18275.08,18191.09,18245.64,1.8491
2020-05-23 03:00:00,18209.77,18245.61,18172.33,18242.59,61.4624
2020-05-23 03:15:00,18190.18,18210.1,18153.15,18189.26,116.4651
2020-05-23 03:30:00,18150.12,18215.54,18125.95,18150.23,54.6845
2020-05-23 03:45:00,18090.78,18125.61,18052.82,18083.49,26.7586
2020-05-23 04:00:00,18074.07,18086.42,18005.05,18058.5,214.4759
2020-05-23 04:15:00,18045.96,18082.24,18009.97,18027.08,49.1515
2020-05-23 04:30:00,17870.58,17899.64,17828.87,17899.4,182.5619
2020-05-23 04:45:00,17936.85,17950.23,17930.32,17937.89,19.6622
2020-05-23 05:00:00,18094.59,18111.06,18048.73,18058.28,40.5537
2020-05-23 05:15:00,18094.18,18126.16,18041.2,18092.02,162.7143
2020-05-23 05:30:00,18066.88,18084.94,17996.29,18081.91,3.092
2020-05-23 05:45:00,18078.4,18119.03,18071.98,18079.85,253.1871
2020-05-23 06:00:00,18050.99,18079.71,18048.6,18057.92,50.5102
2020-05-23 06:15:00,18042.45,18090.91,18013.7,18063.7,381.589
2020-05-23 06:30:00,18078.29,18085.51,18012.95,18062.59,120.8516
2020-05-23 06:45:00,18028.45,18071.57,17985.13,18017.92,298.3658
2020-05-23 07:00:00,18085.62,18140.45,18053.16,18109.79,6.8504
2020-05-23 07:15:00,18028.22,18043.93,17939.08,18029.9,128.0185
2020-05-23 07:30:00,18059.42,18121.53,18019.3,18069.66,208.315
2020-05-23 07:45:00,18036.14,18119.91,18024.26,18065.07,438.7217
2020-05-23 08:00:00,18143.29,18233.87,18131.4,18168.99,3.3975
2020-05-23 08:15:00,18165.45,18189.64,18157.71,18188.48,8.6804
2020-05-23 08:30:00,18168.69,18189.73,18125.33,18169.75,131.5591
2020-05-23 08:45:00,18148.84,18166.62,18090.3,18157.16,3.9704
2020-05-23 09:00:00,18142.82,18189.88,18079.96,18160.24,1.1434
2020-05-23 09:15:00,18091.79,18132.96,18075.04,18098.89,78.7615
2020-05-23 09:30:00,18071.65,18104.22,18017.16,18058.15,75.3883
2020-05-23 09:45:00,17968.77,18010.74,17954.32,17962.36,95.0625
2020-05-23 10:00:00,17931.47,17934.81,17910.26,17913.52,1.4183
2020-05-23 10:15:00,17915.37,17967.81,17853.79,17919.46,69.9762
2020-05-23 10:30:00,17965.24,18010.85,17923.27,17936.49,33.7831
2020-05-23 10:45:00,17837.09,17838.16,17814.87,17830.88,141.0832
2020-05-23 11:00:00,17815.72,17851.01,17787.91,17824.44,42.8026
2020-05-23 11:15:00,17857.11,17864.08,17854.37,17855.46,44.0982
2020-05-23 11:30:00,17825.35,17856.66,17764.16,17847.62,106.1992
2020-05-23 11:45:00,17809.12,17817.01,17787.23,17814.58,108.0769
2020-05-23 12:00:00,17801.09,17854.76,17745.75,17793.44,6.007
2020-05-23 12:15:00,17776.33,17808.24,17721.71,17765.47,98.3511
2020-05-23 12:30:00,17725.15,17822.83,17713.92,17732.42,107.2513
2020-05-23 12:45:00,17791.06,17819.06,17732.44,17742.55,61.1611
2020-05-23 13:00:00,17863.2,17909.48,17800.55,17866.27,175.9477
2020-05-23 13:15:00,17797.38,17861.82,17792.12,17827.3,0.9142
2020-05-23 13:30:00,17832.79,17839.06,17808.01,17811.18,345.3799
2020-05-23 13:45:00,17820.12,17849.61,17804.75,17809.31,47.1645
2020-05-23 14:00:00,17777.59,17778.73,17713.47,17773.48,90.5594
2020-05-23 14:15:00,17824.63,17833.23,17819.5,17832.92,3.4928
2020-05-23 14:30:00,17713.94,17719.75,17685.03,17706.97,123.409
2020-05-23 14:45:00,17708.27,17760.69,17632.03,17679.65,78.4606
2020-05-23 15:00:00,17727.51,17734.12,17685.81,17723.94,322.8046
2020-05-23 15:15:00,17683.15,17748.47,17655.31,17709.18,54.91
2020-05-23 15:30:00,17605.45,17703.39,17549.82,17666.46,127.9678
2020-05-23 15:45:00,17697.51,17703.29,17684.82,17690.7,7.7127
2020-05-23 16:00:00,17722.2,17742.31,17706.27,17739.69,6.6707
2020-05-23 16:15:00,17750.02,17765.2,17742.98,17751.79,297.608
2020-05-23 16:30:00,17695.68,17755.46,17647.67,17710.01,29.2098
2020-05-23 16:45:00,17719.51,17768.51,17689.38,17735.13,243.4917
2020-05-23 17:00:00,17701.07,17740.24,17683.93,17714.62,9.1702
2020-05-23 17:15:00,17743.13,17764.92,17725.02,17755.11,101.5391
2020-05-23 17:30:00,17848.85,17889.84,17784.47,17835.01,80.2033
2020-05-23 17:45:00,17706.64,17727.58,17666.3,17696.49,338.6658
2020-05-23 18:00:00,17681.88,17743.49,17672.65,17703.27,51.7536
2020-05-23 18:15:00,17593.09,17634.91,17522.11,17611.97,4.9617
2020-05-23 18:30:00,17748.59,17763.52,17741.46,17741.86,64.2604
2020-05-23 18:45:00,17736.48,17764.96,17658.93,17717.83,173.8326
2020-05-23 19:00:00,17776.81,17850.83,17748.61,17758.39,5.3892
2020-05-23 19:15:00,17739.59,17768.52,17682.68,17757.4,3.6866
2020-05-23 19:30:00,17733.03,17783.41,17695.66,17715.5,172.4575
2020-05-23 19:45:00,17636.0,17697.48,17601.93,17667.39,173.713
2020-05-23 20:00:00,17748.71,17762.77,17702.04,17752.31,22.3117
2020-05-23 20:15:00,17812.78,17819.81,17801.52,17804.11,107.1414
2020-05-23 20:30:00,17871.58,17927.66,17856.89,17908.81,6.643
2020-05-23 20:45:00,17950.18,17976.92,17873.28,17912.69,145.0771
2020-05-23 21:00:00,17952.84,18046.53,17909.69,17929.06,36.4126
2020-05-23 21:15:00,17927.17,17957.08,17881.4,17915.58,26.203
2020-05-23 21:30:00,17883.77,17978.31,17869.0,17901.05,113.2098
2020-05-23 21:45:00,17844.77,17872.81,17841.93,17845.99,242.5415
2020-05-23 22:00:00,17865.49,17926.5,17848.21,17851.38,4.2391
2020-05-23 22:15:00,17790.01,17841.35,17777.39,17810.01,15.5177
2020-05-23 22:30:00,17831.29,17876.69,17817.01,17834.51,29.535
2020-05-23 22:45:00,17860.74,17880.18,17838.17,17844.49,262.8275
2020-05-23 23:00:00,17834.09,17888.17,17825.06,17860.79,209.6866
2020-05-23 23:15:00,17957.41,17982.6,17922.98,17951.44,237.7012
2020-05-23 23:30:00,17918.81,18017.38,17888.28,17950.3,47.5414
2020-05-23 23:45:00,17974.97,18032.35,17953.97,17991.95,26.3485
2020-05-24 00:00:00,18094.45,18118.8,18080.39,18103.58,21.2774
2020-05-24 00:15:00,18184.79,18214.04,18159.82,18175.45,213.6673
2020-05-24 00:30:00,18226.46,18305.99,18176.27,18239.24,26.2954
2020-05-24 00:45:00,18225.66,18254.61,18193.44,18223.37,75.6809
2020-05-24 01:00:00,18224.3,18279.97,18208.36,18236.84,40.3077
2020-05-24 01:15:00,18155.99,18189.36,18139.36,18165.62,69.102
2020-05-24 01:30:00,18216.48,18271.26,18191.78,18193.72,42.4292
2020-05-24 01:45:00,18188.67,18211.9,18142.61,18209.61,34.6652
2020-05-24 02:00:00,18225.63,18243.97,18152.53,18211.8,55.7433
2020-05-24 02:15:00,18268.81,18269.2,18226.76,18268.83,40.4854
2020-05-24 02:30:00,18193.07,18258.51,18110.29,18203.55,183.0654
2020-05-24 02:45:00,18271.47,18344.76,18253.59,18293.74,86.9065
2020-05-24 03:00:00,18323.12,18360.63,18287.1,18344.15,19.3787
2020-05-24 03:15:00,18327.63,18349.34,18311.61,18341.18,26.9116
2020-05-24 03:30:00,18331.16,18349.52,18264.45,18333.91,5.5041
2020-05-24 03:45:00,18372.34,18425.64,18262.24,18361.26,35.623
2020-05-24 04:00:00,18440.42,18461.58,18405.45,18445.95,110.7204
2020-05-24 04:15:00,18448.19,18467.12,18439.92,18452.5,20.2065
2020-05-24 04:30:00,18459.84,18475.51,18452.4,18461.39,10.4475
2020-05-24 04:45:00,18472.12,18523.54,18450.55,18463.32,38.7157
2020-05-24 05:00:00,18574.92,18575.07,18512.07,18562.95,94.8097
2020-05-24 05:15:00,18517.62,18610.36,18471.85,18543.34,64.0137
2020-05-24 05:30:00,18537.39,18550.94,18503.95,18542.62,40.3752
2020-05-24 05:45:00,18647.82,18689.33,18607.08,18624.96,214.5169
2020-05-24 06:00:00,18609.58,18680.29,18563.77,18634.1,63.2161
2020-05-24 06:15:00,18699.99,18720.91,18644.68,18698.6,60.7055
2020-05-24 06:30:00,18645.23,18656.63,18582.09,18648.41,3.2169
2020-05-24 06:45:00,18627.3,18674.68,18617.43,18637.86,101.9827
2020-05-24 07:00:00,18751.58,18759.39,18705.65,18721.79,61.4974
2020-05-24 07:15:00,18685.43,18698.92,18678.62,18684.74,15.6744
2020-05-24 07:30:00,18705.42,18717.76,18635.83,18677.2,27.9369
2020-05-24 07:45:00,18692.62,18745.48,18667.93,18692.51,22.6103
2020-05-24 08:00:00,18646.56,18666.59,18593.08,18637.98,13.0221
2020-05-24 08:15:00,18605.03,18630.81,18575.7,18615.77,57.1888
2020-05-24 08:30:00,18612.45,18649.14,18543.11,18622.99,45.1436
2020-05-24 08:45:00,18634.16,18668.28,18560.49,18626.53,44.6479
2020-05-24 09:00:00,18707.01,18736.62,18680.82,18699.01,28.9722
2020-05-24 09:15:00,18797.65,18807.89,18752.37,18786.41,57.3458
2020-05-24 09:30:00,18746.16,18835.42,18709.99,18739.11,79.3018
2020-05-24 09:45:00,18721.24,18774.27,18662.35,18746.3,94.5467
2020-05-24 10:00:00,18770.01,18820.95,18756.04,18785.15,24.8238
2020-05-24 10:15:00,18887.59,18899.82,18848.92,18871.55,130.1378
2020-05-24 10:30:00,18876.13,18929.06,18821.63,18913.17,2.7401
2020-05-24 10:45:00,18936.16,19005.38,18918.27,18930.62,138.8057
2020-05-24 11:00:00,18967.3,18985.14,18940.69,18969.42,33.2634
2020-05-24 11:15:00,19024.86,19029.27,18933.31,19008.71,46.2037
2020-05-24 11:30:00,18964.66,18982.27,18897.39,18956.76,86.9196
2020-05-24 11:45:00,18956.08,19010.81,18944.75,18968.67,94.2767
2020-05-24 12:00:00,19039.14,19089.04,18937.48,19052.66,54.672
2020-05-24 12:15:00,19031.8,19064.05,18999.41,19041.76,277.8992
2020-05-24 12:30:00,19061.15,19082.6,19032.02,19050.1,195.4223
2020-05-24 12:45:00,18993.37,19090.96,18962.01,19037.19,25.4939
2020-05-24 13:00:00,18908.97,18922.59,18811.41,18906.0,88.8944
2020-05-24 13:15:00,18891.42,18949.05,18824.26,18908.11,127.649
2020-05-24 13:30:00,18929.79,18937.63,18898.05,18926.18,24.4551
2020-05-24 13:45:00,18904.53,18955.55,18841.54,18898.02,1.8623
2020-05-24 14:00:00,18802.2,18867.59,18788.3,18833.51,371.3358
2020-05-24 14:15:00,18780.43,18800.81,18766.76,18784.69,317.8416
2020-05-24 14:30:00,18831.63,18864.15,18823.64,18828.7,38.6174
2020-05-24 14:45:00,18942.73,18978.96,18918.48,18941.06,27.3273
2020-05-24 15:00:00,19018.24,19031.51,19015.65,19020.56,16.7963
2020-05-24 15:15:00,18921.67,18979.88,18889.08,18944.8,116.2018
2020-05-24 15:30:00,18974.02,19053.77,18942.87,18994.32,140.7688
2020-05-24 15:45:00,18931.36,19014.81,18931.04,18957.48,54.5421
2020-05-24 16:00:00,18935.8,18964.55,18916.66,18925.32,27.814
2020-05-24 16:15:00,18897.85,18916.42,18893.05,18900.03,59.5519
2020-05-24 16:30:00,18940.03,18943.62,18903.17,18941.01,72.6413
2020-05-24 16:45:00,18964.07,19015.69,18961.9,18996.47,78.3956
2020-05-24 17:00:00,18991.19,19010.5,18963.29,18991.83,58.585
2020-05-24 17:15:00,19000.19,19026.49,18950.35,18988.16,0.3741
2020-05-24 17:30:00,18980.53,19051.94,18888.7,19015.56,63.8238
2020-05-24 17:45:00,19038.71,19069.71,19023.14,19048.91,42.6595
2020-05-24 18:00:00,19087.06,19129.16,19057.07,19117.08,81.3197
2020-05-24 18:15:00,19036.37,19126.1,18989.8,19044.37,7.1903
2020-05-24 18:30:00,19029.31,19092.44,19012.33,19046.47,211.353
2020-05-24 18:45:00,18993.63,19000.62,18937.2,18986.4,208.2976
2020-05-24 19:00:00,18987.66,18993.81,18978.57,18984.44,83.0378
2020-05-24 19:15:00,18997.02,19028.15,18928.69,18972.51,133.6056
2020-05-24 19:30:00,18969.77,18994.81,18897.33,18970.8,57.6082
2020-05-24 19:45:00,18932.64,18966.37,18911.57,18926.23,89.233
2020-05-24 20:00:00,18832.22,18918.01,18813.61,18842.73,96.1482
2020-05-24 20:15:00,18704.63,18755.9,18670.1,18725.28,43.6783
2020-05-24 20:30:00,18734.47,18794.39,18717.38,18718.85,324.0921
2020-05-24 20:45:00,18718.82,18721.09,18655.51,18695.58,92.2821
2020-05-24 21:00:00,18671.77,18714.74,18616.69,18658.6,465.9786
2020-05-24 21:15:00,18736.03,18763.38,18730.23,18733.57,56.6287
2020-05-24 21:30:00,18668.0,18748.4,18649.06,18686.2,3.2855
2020-05-24 21:45:00,18787.99,18832.88,18668.31,18766.56,36.0162
2020-05-24 22:00:00,18869.85,18901.43,18833.18,18858.92,105.2075
2020-05-24 22:15:00,18787.46,18827.52,18726.47,18749.49,241.177
2020-05-24 22:30:00,18733.97,18759.16,18731.9,18755.62,95.4939
2020-05-24 22:45:00,18750.23,18782.27,18722.45,18734.07,63.8211
2020-05-24 23:00:00,18581.56,18603.06,18560.36,18571.36,8.419
2020-05-24 23:15:00,18485.48,18558.37,18476.81,18491.8,15.6369
2020-05-24 23:30:00,18561.0,18604.84,18493.18,18535.72,5.4952
2020-05-24 23:45:00,18656.43,18682.09,18570.2,18648.92,124.196
2020-05-25 00:00:00,18682.84,18704.65,18626.77,18700.36,177.8398
2020-05-25 00:15:00,18717.23,18776.44,18716.31,18719.45,17.9652
2020-05-25 00:30:00,18701.43,18738.82,18660.79,18719.19,39.3387
2020-05-25 00:45:00,18805.8,18852.63,18779.36,18814.62,65.2212
2020-05-25 01:00:00,18950.14,18974.82,18926.21,18936.81,15.4068
2020-05-25 01:15:00,18923.12,18926.01,18890.06,18904.42,53.8182
2020-05-25 01:30:00,18796.1,18798.71,18754.23,18791.94,340.6173
2020-05-25 01:45:00,18660.59,18719.82,18622.64,18674.59,126.9928
2020-05-25 02:00:00,18756.74,18785.47,18656.93,18749.58,18.264
2020-05-25 02:15:00,18761.44,18795.28,18741.65,18747.87,10.4044
2020-05-25 02:30:00,18722.12,18772.3,18713.44,18759.12,58.9059
2020-05-25 02:45:00,18661.46,18665.17,18623.76,18659.28,441.8784
2020-05-25 03:00:00,18614.51,18622.07,18604.1,18618.05,157.6403
2020-05-25 03:15:00,18620.22,18628.26,18548.82,18602.48,34.6899
2020-05-25 03:30:00,18622.19,18646.93,18595.18,18615.01,2.6632
2020-05-25 03:45:00,18602.69,18618.15,18578.78,18593.68,52.982
2020-05-25 04:00:00,18527.82,18564.11,18499.26,18536.75,17.4993
2020-05-25 04:15:00,18494.08,18536.17,18482.13,18494.05,19.8794
2020-05-25 04:30:00,18579.53,18594.95,18525.34,18562.01,17.7093
2020-05-25 04:45:00,18575.36,18596.8,18555.45,18576.57,127.1565
2020-05-25 05:00:00,18614.86,18650.11,18555.48,18611.61,3.6499
2020-05-25 05:15:00,18533.84,18580.27,18456.15,18562.36,83.1795
2020-05-25 05:30:00,18397.53,18421.57,18342.08,18398.79,139.6429
2020-05-25 05:45:00,18333.88,18427.25,18300.67,18370.84,17.0088
2020-05-25 06:00:00,18314.54,18350.0,18273.95,18324.0,223.4282
2020-05-25 06:15:00,18345.27,18403.03,18316.22,18344.1,8.1356
2020-05-25 06:30:00,18540.05,18545.56,18518.1,18525.84,114.7927
2020-05-25 06:45:00,18546.85,18581.42,18528.7,18565.4,18.8699
2020-05-25 07:00:00,18725.71,18768.74,18691.45,18718.71,164.0061
2020-05-25 07:15:00,18779.13,18816.15,18728.71,18751.59,84.7226
2020-05-25 07:30:00,18705.1,18787.78,18660.8,18717.09,88.9663
2020-05-25 07:45:00,18708.58,18786.35,18681.32,18737.56,42.4682
2020-05-25 08:00:00,18844.06,18847.36,18802.19,18838.6,33.3046
2020-05-25 08:15:00,18920.36,18988.45,18903.53,18942.94,62.2355
2020-05-25 08:30:00,18895.7,18936.24,18862.62,18911.19,141.7635
2020-05-25 08:45:00,18943.97,18992.85,18867.77,18926.5,18.4187
2020-05-25 09:00:00,18881.66,18912.49,18798.39,18846.29,169.4285
2020-05-25 09:15:00,18874.95,18904.66,18863.52,18893.86,65.3615
2020-05-25 09:30:00,18968.85,18988.91,18940.99,18982.85,60.1871
2020-05-25 09:45:00,18977.71,19035.74,18924.71,18986.07,1.6738
2020-05-25 10:00:00,18938.62,18960.45,18900.03,18949.0,13.2612
2020-05-25 10:15:00,19007.1,19055.33,18890.18,18970.42,56.5586
2020-05-25 10:30:00,18985.05,19015.85,18959.85,18995.13,397.9149
2020-05-25 10:45:00,18993.34,19028.94,18971.85,19000.7,28.7882
2020-05-25 11:00:00,19042.57,19111.98,18983.27,19011.84,1.0308
2020-05-25 11:15:00,19013.84,19067.51,18984.24,19002.88,57.2426
2020-05-25 11:30:00,19079.4,19093.62,19035.93,19060.6,1.6083
2020-05-25 11:45:00,19086.35,19139.06,19052.59,19103.66,40.9807
2020-05-25 12:00:00,19038.17,19056.53,19028.95,19048.27,43.7042
2020-05-25 12:15:00,18971.73,19008.98,18959.99,18991.47,0.2356
2020-05-25 12:30:00,18993.13,18993.32,18945.38,18977.93,151.2166
2020-05-25 12:45:00,19044.13,19049.5,19007.61,19020.83,244.0142
2020-05-25 13:00:00,19018.81,19055.11,19006.68,19030.23,669.301
2020-05-25 13:15:00,18987.54,19026.37,18907.16,18994.46,71.0866
2020-05-25 13:30:00,19004.22,19058.0,18968.14,19010.31,36.6176
2020-05-25 13:45:00,18963.01,19001.27,18954.93,18992.4,126.3987
2020-05-25 14:00:00,19030.68,19087.17,19022.05,19043.51,133.3561
2020-05-25 14:15:00,19078.24,19107.4,19019.41,19063.49,47.6728
2020-05-25 14:30:00,19029.74,19105.7,18994.04,19046.42,83.3756
2020-05-25 14:45:00,19062.37,19143.07,19037.45,19060.6,172.4683
2020-05-25 15:00:00,19111.72,19162.25,19101.03,19136.75,20.9702
2020-05-25 15:15:00,19102.25,19133.03,19101.88,19105.0,2.0685
2020-05-25 15:30:00,19118.26,19142.21,19096.05,19129.04,77.5869
2020-05-25 15:45:00,19102.58,19174.57,19065.88,19125.95,109.1812
2020-05-25 16:00:00,19166.54,19172.14,19136.57,19151.4,85.5603
2020-05-25 16:15:00,19130.94,19176.01,19099.69,19114.75,90.6945
2020-05-25 16:30:00,19103.5,19170.58,19098.11,19122.04,49.9379
2020-05-25 16:45:00,19182.4,19227.15,19130.83,19186.54,105.4102
2020-05-25 17:00:00,19134.42,19199.29,19031.96,19133.57,4.3755
2020-05-25 17:15:00,19023.63,19101.56,19021.52,19058.22,16.3914
2020-05-25 17:30:00,18958.81,18989.48,18889.27,18985.33,58.8442
2020-05-25 17:45:00,18943.94,18979.85,18907.58,18919.61,286.4495
2020-05-25 18:00:00,18934.15,19010.13,18860.36,18954.34,103.4207
2020-05-25 18:15:00,18899.1,18936.58,18862.84,18875.35,43.8937
2020-05-25 18:30:00,18834.05,18917.97,18817.61,18859.42,61.2414
2020-05-25 18:45:00,18907.8,18914.68,18855.82,18895.35,186.8432
2020-05-25 19:00:00,18914.02,18943.43,18892.21,18919.91,78.1912
2020-05-25 19:15:00,18895.75,18943.73,18894.35,18898.97,4.905
2020-05-25 19:30:00,18945.84,18997.51,18870.16,18910.74,53.9338
2020-05-25 19:45:00,18894.04,18952.99,18888.74,18917.77,49.1072
2020-05-25 20:00:00,18917.23,18940.41,18894.96,18905.99,230.1484
2020-05-25 20:15:00,18905.43,18958.06,18869.54,18894.97,36.4436
2020-05-25 20:30:00,19086.45,19099.5,18966.48,19022.63,6.6881
2020-05-25 20:45:00,19049.23,19070.55,19037.28,19069.77,43.8228
2020-05-25 21:00:00,19200.61,19240.52,19193.27,19212.64,4.489
2020-05-25 21:15:00,19200.61,19218.95,19121.26,19184.96,178.5527
2020-05-25 21:30:00,19177.18,19214.99,19124.95,19181.03,89.2103
2020-05-25 21:45:00,19096.48,19110.37,19039.58,19105.33,63.3702
2020-05-25 22:00:00,19078.13,19112.83,19052.59,19059.88,44.6045
2020-05-25 22:15:00,19164.48,19202.47,19132.52,19169.59,54.0695
2020-05-25 22:30:00,19123.45,19148.69,19104.48,19140.52,155.0419
2020-05-25 22:45:00,19265.67,19294.58,19219.1,19251.69,19.8469
2020-05-25 23:00:00,19188.04,19235.65,19151.76,19180.84,7.4119
2020-05-25 23:15:00,19115.2,19167.44,19044.32,19121.18,82.4909
2020-05-25 23:30:00,19095.68,19139.15,19087.28,19102.56,195.833
2020-05-25 23:45:00,19082.39,19106.28,19055.67,19099.87,82.6077
2020-05-26 00:00:00,19167.6,19263.74,19151.04,19153.71,159.0396
2020-05-26 00:15:00,19173.67,19239.76,19159.67,19180.57,223.2677
2020-05-26 00:30:00,19142.83,19158.14,19125.02,19157.58,8.0005
2020-05-26 00:45:00,19126.25,19209.84,19109.99,19150.87,88.9601
2020-05-26 01:00:00,19141.0,19210.06,19101.11,19133.5,178.8308
2020-05-26 01:15:00,19072.25,19087.86,19026.83,19081.95,103.1533
2020-05-26 01:30:00,18993.77,19083.41,18933.81,19032.08,89.5358
2020-05-26 01:45:00,19068.74,19132.19,18995.3,19091.72,155.1526
2020-05-26 02:00:00,18983.53,19004.42,18965.79,18987.96,122.8484
2020-05-26 02:15:00,19077.12,19099.11,19030.95,19081.04,69.6398
2020-05-26 02:30:00,19057.72,19088.92,19004.12,19062.36,4.5032
2020-05-26 02:45:00,19011.86,19052.71,19009.35,19019.14,95.0202
2020-05-26 03:00:00,19034.16,19068.39,19023.64,19062.3,23.975
2020-05-26 03:15:00,19131.44,19169.05,19126.95,19148.19,29.3145
2020-05-26 03:30:00,19236.09,19272.43,19205.26,19213.34,113.801
2020-05-26 03:45:00,19263.17,19270.41,19179.83,19243.23,60.348
2020-05-26 04:00:00,19318.1,19416.2,19259.07,19306.94,126.1531
2020-05-26 04:15:00,19217.89,19223.16,19146.84,19208.48,49.85
2020-05-26 04:30:00,19196.73,19260.3,19171.9,19179.37,204.0464
2020-05-26 04:45:00,19106.47,19171.72,19025.27,19127.9,55.6989
2020-05-26 05:00:00,19199.77,19271.19,19170.44,19199.14,68.087
2020-05-26 05:15:00,19156.52,19235.27,19113.75,19178.01,13.4984
2020-05-26 05:30:00,19206.4,19268.91,19192.49,19227.61,70.0303
2020-05-26 05:45:00,19266.57,19270.96,19257.08,19259.48,27.4174
2020-05-26 06:00:00,19228.81,19242.99,19210.54,19210.62,143.9614
2020-05-26 06:15:00,19174.03,19196.65,19149.35,19177.75,125.1919
2020-05-26 06:30:00,19284.9,19337.94,19217.59,19253.15,1.597
2020-05-26 06:45:00,19213.39,19229.26,19185.25,19209.32,68.0847
2020-05-26 07:00:00,19202.55,19278.43,19195.24,19217.47,4.6457
2020-05-26 07:15:00,19152.48,19214.89,19052.81,19173.32,84.23
2020-05-26 07:30:00,19175.72,19243.23,19095.3,19156.22,231.911
2020-05-26 07:45:00,19156.99,19179.72,19149.64,19154.53,201.8677
2020-05-26 08:00:00,19123.42,19171.57,19087.0,19110.5,27.9469
2020-05-26 08:15:00,19005.74,19063.23,18990.11,19056.39,15.0955
2020-05-26 08:30:00,19078.37,19164.77,19051.82,19073.71,156.573
2020-05-26 08:45:00,19016.59,19083.06,18966.21,19026.32,79.0061
2020-05-26 09:00:00,18954.55,18997.57,18922.67,18981.0,55.1351
2020-05-26 09:15:00,18927.29,18928.86,18897.06,18928.48,166.3354
2020-05-26 09:30:00,18945.67,18994.33,18868.87,18925.0,29.1036
2020-05-26 09:45:00,19022.54,19025.31,18957.19,18979.53,25.4387
2020-05-26 10:00:00,19070.87,19099.12,19053.95,19066.26,94.6574
2020-05-26 10:15:00,19012.2,19037.45,18990.49,19025.69,31.8258
2020-05-26 10:30:00,19134.64,19188.27,19129.62,19149.37,55.6503
2020-05-26 10:45:00,19111.0,19162.65,19059.82,19092.61,60.6629
2020-05-26 11:00:00,19136.53,19159.88,19075.28,19155.63,22.9443
2020-05-26 11:15:00,19127.01,19129.59,19056.6,19115.11,6.3669
2020-05-26 11:30:00,19071.73,19101.45,19034.9,19066.13,145.5336
2020-05-26 11:45:00,19027.96,19056.45,18929.37,19024.48,153.0568
2020-05-26 12:00:00,18992.61,19050.47,18967.61,19022.44,91.2223
2020-05-26 12:15:00,19049.68,19065.33,18995.34,19056.49,16.0884
2020-05-26 12:30:00,19067.89,19098.62,19051.21,19095.74,64.6671
2020-05-26 12:45:00,19031.41,19042.71,19022.68,19042.61,19.5892
2020-05-26 13:00:00,19004.44,19009.37,18982.6,18987.03,213.0932
2020-05-26 13:15:00,18959.08,19031.64,18928.06,18935.76,119.4975
2020-05-26 13:30:00,18934.44,18952.2,18903.8,18930.39,3.1879
2020-05-26 13:45:00,18908.61,18935.19,18881.9,18919.4,0.1667
2020-05-26 14:00:00,18896.37,18951.05,18844.28,18866.41,412.0334
2020-05-26 14:15:00,18871.6,18899.41,18851.37,18882.62,4.0663
2020-05-26 14:30:00,18990.14,19040.91,18968.3,19011.73,200.8869
2020-05-26 14:45:00,18997.11,19036.26,18977.26,18983.89,311.9384
2020-05-26 15:00:00,18968.83,18978.18,18926.54,18960.15,36.8319
2020-05-26 15:15:00,18982.63,19023.72,18936.97,18992.93,77.6826
2020-05-26 15:30:00,18963.94,18989.52,18953.92,18962.04,104.2444
2020-05-26 15:45:00,19009.45,19033.34,18959.29,19001.05,73.4859
2020-05-26 16:00:00,18964.9,18972.65,18944.29,18961.04,24.0168
2020-05-26 16:15:00,19074.95,19099.58,19061.13,19066.2,87.0444
2020-05-26 16:30:00,19077.22,19125.55,19005.97,19086.88,29.9311
2020-05-26 16:45:00,19062.35,19105.74,19039.79,19052.33,18.035
2020-05-26 17:00:00,19019.97,19024.86,19014.48,19019.63,70.4257
2020-05-26 17:15:00,18982.31,19008.39,18950.58,18991.27,46.5213
2020-05-26 17:30:00,19065.74,19120.95,19018.8,19070.43,2.7792
2020-05-26 17:45:00,18996.93,19013.82,18988.6,18998.79,298.9308
2020-05-26 18:00:00,18934.27,18974.89,18924.35,18961.67,4.036
2020-05-26 18:15:00,18918.62,18945.3,18891.4,18930.67,233.2589
2020-05-26 18:30:00,18931.96,18970.52,18921.6,18930.73,21.0396
2020-05-26 18:45:00,18890.72,18931.21,18842.02,18916.28,15.2991
2020-05-26 19:00:00,18820.92,18874.97,18787.61,18832.6,7.1672
2020-05-26 19:15:00,18855.81,18871.86,18794.73,18810.95,55.4612
2020-05-26 19:30:00,18785.03,18835.32,18775.96,18806.27,88.3975
2020-05-26 19:45:00,18764.57,18824.23,18715.9,18771.78,234.0646
2020-05-26 20:00:00,18795.71,18839.33,18742.74,18811.39,153.1313
2020-05-26 20:15:00,18862.01,18889.78,18850.21,18864.22,17.3905
2020-05-26 20:30:00,18845.35,18873.18,18834.58,18860.72,18.3593
2020-05-26 20:45:00,18870.12,18901.26,18863.59,18874.71,0.8194
2020-05-26 21:00:00,18739.81,18783.52,18685.72,18753.29,116.418
2020-05-26 21:15:00,18750.3,18764.26,18727.13,18730.53,1.7634
2020-05-26 21:30:00,18789.47,18804.77,18759.82,18787.93,14.9136
2020-05-26 21:45:00,18746.19,18803.8,18740.44,18765.01,100.6623
2020-05-26 22:00:00,18740.18,18754.52,18684.4,18724.44,16.2835
2020-05-26 22:15:00,18835.26,18875.79,18832.91,18853.32,16.6311
2020-05-26 22:30:00,18927.5,18994.4,18901.15,18957.15,26.6577
2020-05-26 22:45:00,18984.63,19007.95,18980.43,18984.69,48.6557
2020-05-26 23:00:00,19086.84,19092.52,19036.05,19050.51,0.7897
2020-05-26 23:15:00,18889.66,18968.95,18856.86,18924.24,137.0667
2020-05-26 23:30:00,18855.35,18954.0,18814.6,18880.48,148.6441
2020-05-26 23:45:00,18868.99,18882.8,18830.39,18854.8,45.6881
2020-05-27 00:00:00,18830.29,18864.63,18790.59,18842.4,160.0101
2020-05-27 00:15:00,18827.16,18845.88,18733.22,18815.64,33.5153
2020-05-27 00:30:00,18657.01,18703.26,18654.35,18672.64,424.7038
2020-05-27 00:45:00,18697.86,18744.31,18616.71,18695.2,50.7053
2020-05-27 01:00:00,18759.3,18785.62,18659.93,18726.63,110.5083
2020-05-27 01:15:00,18795.08,18824.83,18761.73,18817.56,38.9266
2020-05-27 01:30:00,18793.22,18824.7,18725.84,18774.0,59.9349
2020-05-27 01:45:00,18738.65,18745.48,18643.65,18725.93,103.5875
2020-05-27 02:00:00,18548.64,18584.39,18533.56,18576.31,42.6983
2020-05-27 02:15:00,18571.25,18598.83,18558.9,18560.88,106.8837
2020-05-27 02:30:00,18613.33,18617.79,18515.9,18611.98,15.7841
2020-05-27 02:45:00,18580.44,18582.16,18554.55,18578.75,66.1169
2020-05-27 03:00:00,18705.44,18726.91,18694.12,18699.15,31.8635
2020-05-27 03:15:00,18679.14,18696.39,18669.8,18685.69,252.6084
2020-05-27 03:30:00,18696.17,18748.26,18658.84,18694.86,174.1278
2020-05-27 03:45:00,18623.84,18675.76,18606.23,18619.35,66.8298
2020-05-27 04:00:00,18650.23,18653.74,18586.18,18636.32,60.4679
2020-05-27 04:15:00,18498.3,18587.39,18466.46,18526.59,179.5702
2020-05-27 04:30:00,18590.04,18594.54,18518.89,18566.08,117.2636
2020-05-27 04:45:00,18585.86,18678.14,18548.05,18607.35,114.9865
2020-05-27 05:00:00,18698.39,18715.24,18641.0,18684.16,79.4636
2020-05-27 05:15:00,18629.4,18629.5,18606.43,18627.92,198.311
2020-05-27 05:30:00,18613.95,18640.26,18571.14,18637.83,21.0103
2020-05-27 05:45:00,18680.15,18705.43,18668.33,18670.29,197.9677
2020-05-27 06:00:00,18678.32,18702.49,18637.52,18695.99,73.5514
2020-05-27 06:15:00,18668.32,18680.91,18609.13,18648.39,97.1084
2020-05-27 06:30:00,18502.34,18549.39,18461.93,18515.51,328.1319
2020-05-27 06:45:00,18507.99,18550.77,18471.81,18535.7,55.2522
2020-05-27 07:00:00,18556.57,18579.01,18521.39,18528.15,110.2717
2020-05-27 07:15:00,18500.93,18532.7,18469.94,18497.58,73.8417
2020-05-27 07:30:00,18556.98,18581.99,18503.66,18540.9,268.2468
2020-05-27 07:45:00,18523.54,18576.66,18473.74,18539.33,66.8739
2020-05-27 08:00:00,18431.95,18487.9,18405.46,18466.88,29.5892
2020-05-27 08:15:00,18391.56,18424.19,18308.05,18360.8,65.9196
2020-05-27 08:30:00,18299.42,18308.56,18283.51,18299.53,248.5997
2020-05-27 08:45:00,18440.88,18454.52,18405.73,18431.82,69.4577
2020-05-27 09:00:00,18484.84,18524.19,18443.92,18472.71,15.7989
2020-05-27 09:15:00,18477.89,18534.31,18432.13,18484.09,78.003
2020-05-27 09:30:00,18479.12,18496.63,18465.92,18474.94,49.0368
2020-05-27 09:45:00,18491.58,18508.38,18455.43,18462.15,104.9177
2020-05-27 10:00:00,18527.12,18583.75,18479.61,18527.72,27.6217
2020-05-27 10:15:00,18518.81,18582.55,18451.1,18501.38,38.9041
2020-05-27 10:30:00,18497.42,18551.82,18479.4,18534.32,72.6859
2020-05-27 10:45:00,18536.68,18571.97,18458.5,18515.88,12.5882
2020-05-27 11:00:00,18596.23,18662.71,18593.61,18624.57,23.6362
2020-05-27 11:15:00,18685.82,18735.6,18644.31,18666.98,161.6167
2020-05-27 11:30:00,18744.98,18750.28,18646.79,18737.66,280.0486
2020-05-27 11:45:00,18703.95,18753.88,18671.78,18705.75,349.1185
2020-05-27 12:00:00,18764.2,18777.61,18752.52,18766.06,276.8782
2020-05-27 12:15:00,18744.67,18778.79,18743.3,18749.4,284.7645
2020-05-27 12:30:00,18741.14,18763.68,18694.59,18756.53,172.0886
2020-05-27 12:45:00,18845.59,18856.0,18816.49,18849.47,133.0347
2020-05-27 13:00:00,18832.94,18856.95,18728.2,18791.45,26.3756
2020-05-27 13:15:00,18828.33,18840.62,18788.52,18803.85,58.2913
2020-05-27 13:30:00,18813.09,18844.71,18801.15,18829.49,50.7441
2020-05-27 13:45:00,18864.86,18916.49,18858.95,18859.81,131.0606
2020-05-27 14:00:00,18837.06,18843.18,18820.2,18835.25,64.5093
2020-05-27 14:15:00,18951.38,19020.13,18944.63,18954.08,44.6558
2020-05-27 14:30:00,18862.46,18928.45,18823.66,18881.39,168.2412
2020-05-27 14:45:00,18973.43,18993.5,18962.46,18964.97,138.592
2020-05-27 15:00:00,19051.16,19083.27,19024.01,19035.05,46.016
2020-05-27 15:15:00,19128.59,19181.67,19050.81,19144.55,54.3557
2020-05-27 15:30:00,19091.55,19105.15,18998.49,19054.29,223.6687
2020-05-27 15:45:00,19034.51,19059.88,18965.8,19005.58,131.9303
2020-05-27 16:00:00,19102.06,19107.76,19024.99,19091.6,117.1127
2020-05-27 16:15:00,18961.66,19022.96,18909.44,18985.04,124.3766
2020-05-27 16:30:00,18902.08,18905.24,18838.03,18894.5,10.7922
2020-05-27 16:45:00,18873.08,18925.12,18844.16,18867.76,82.897
2020-05-27 17:00:00,18889.26,18895.31,18871.59,18879.57,34.3901
2020-05-27 17:15:00,19000.87,19063.36,18955.84,18970.7,8.8649
2020-05-27 17:30:00,18957.77,19027.36,18953.18,18961.1,131.3293
2020-05-27 17:45:00,18966.21,18972.3,18861.14,18927.45,36.2888
2020-05-27 18:00:00,18953.78,18954.0,18940.77,18946.08,37.1148
2020-05-27 18:15:00,18968.21,18999.37,18902.96,18973.72,102.125
2020-05-27 18:30:00,19045.37,19094.86,18985.61,18999.78,109.7403
2020-05-27 18:45:00,19006.35,19036.03,18965.73,18990.59,64.2577
2020-05-27 19:00:00,18871.57,18900.21,18804.02,18880.15,81.2984
2020-05-27 19:15:00,18830.71,18836.79,18798.5,18829.12,188.9729
2020-05-27 19:30:00,18922.31,18949.54,18894.89,18910.29,11.3259
2020-05-27 19:45:00,18919.0,18946.38,18904.9,18921.85,6.7584
2020-05-27 20:00:00,18907.02,18918.47,18844.01,18904.49,106.7826
2020-05-27 20:15:00,18953.35,18988.03,18916.94,18968.85,92.5864
2020-05-27 20:30:00,18873.63,18920.22,18852.19,18905.49,20.5701
2020-05-27 20:45:00,18895.66,18921.41,18884.85,18893.65,73.7933
2020-05-27 21:00:00,18905.05,18907.92,18894.27,18902.4,136.9114
2020-05-27 21:15:00,18888.27,18958.42,18875.45,18878.32,131.5671
2020-05-27 21:30:00,18874.09,18904.26,18796.51,18884.97,90.5655
2020-05-27 21:45:00,18849.98,18884.54,18802.21,18875.28,13.9776
2020-05-27 22:00:00,18778.84,18820.55,18674.98,18796.99,36.2416
2020-05-27 22:15:00,18828.01,18847.3,18791.49,18808.16,52.0509
2020-05-27 22:30:00,18721.66,18762.33,18669.14,18734.15,155.2363
2020-05-27 22:45:00,18736.11,18773.42,18729.15,18744.39,78.4845
2020-05-27 23:00:00,18816.72,18871.8,18742.2,18822.6,132.1256
2020-05-27 23:15:00,18796.03,18818.73,18767.99,18807.67,257.0589
2020-05-27 23:30:00,18729.52,18746.8,18689.63,18742.52,97.7962
2020-05-27 23:45:00,18719.99,18765.74,18671.93,18736.31,27.069
2020-05-28 00:00:00,18716.66,18719.64,18653.94,18690.49,15.0336
2020-05-28 00:15:00,18737.49,18743.17,18664.51,18724.76,0.0543
2020-05-28 00:30:00,18740.73,18752.55,18709.77,18717.38,19.3134
2020-05-28 00:45:00,18841.59,18860.77,18789.94,18814.32,31.3631
2020-05-28 01:00:00,18836.54,18886.3,18786.41,18880.9,31.4409
2020-05-28 01:15:00,18879.66,18948.47,18783.35,18873.18,109.9859
2020-05-28 01:30:00,18903.55,18928.3,18883.46,18914.64,16.28
2020-05-28 01:45:00,18914.37,18934.81,18891.32,18893.27,57.1739
2020-05-28 02:00:00,18882.13,18912.15,18823.44,18896.14,0.492
2020-05-28 02:15:00,18856.7,18929.87,18831.15,18876.6,30.2676
2020-05-28 02:30:00,18893.81,18952.63,18821.69,18920.94,4.1921
2020-05-28 02:45:00,18997.48,19018.75,18971.03,19003.23,123.6357
2020-05-28 03:00:00,19067.14,19068.23,19009.8,19049.71,43.743
2020-05-28 03:15:00,19108.25,19125.69,19084.61,19103.35,65.4112
2020-05-28 03:30:00,19134.17,19176.49,19096.09,19157.21,143.319
2020-05-28 03:45:00,19231.15,19243.6,19157.44,19189.85,198.7213
2020-05-28 04:00:00,19137.64,19151.96,19095.69,19125.22,72.7063
2020-05-28 04:15:00,19238.71,19272.08,19115.21,19223.77,104.917
2020-05-28 04:30:00,19353.63,19355.68,19241.4,19328.79,133.1741
2020-05-28 04:45:00,19284.51,19360.86,19251.18,19316.2,33.5912
2020-05-28 05:00:00,19278.09,19299.93,19251.83,19295.68,122.8474
2020-05-28 05:15:00,19348.01,19349.11,19320.86,19332.1,106.039
2020-05-28 05:30:00,19349.31,19381.4,19344.13,19365.01,58.5306
2020-05-28 05:45:00,19348.92,19372.87,19321.23,19354.24,41.6667
2020-05-28 06:00:00,19281.13,19292.23,19248.63,19282.63,363.6643
2020-05-28 06:15:00,19276.62,19302.9,19244.24,19301.28,429.1719
2020-05-28 06:30:00,19327.2,19353.83,19322.21,19334.18,118.7792
2020-05-28 06:45:00,19394.96,19433.94,19322.95,19377.24,48.4771
2020-05-28 07:00:00,19412.67,19429.24,19386.7,19398.52,139.2456
2020-05-28 07:15:00,19405.28,19466.3,19365.57,19383.71,113.706
2020-05-28 07:30:00,19462.11,19468.12,19417.69,19442.48,78.7426
2020-05-28 07:45:00,19455.18,19457.24,19412.09,19447.29,14.1376
2020-05-28 08:00:00,19427.48,19457.01,19419.69,19421.14,292.9997
2020-05-28 08:15:00,19416.5,19441.87,19400.46,19411.59,26.4964
2020-05-28 08:30:00,19298.77,19333.04,19268.86,19310.88,49.9653
2020-05-28 08:45:00,19281.41,19305.74,19262.66,19301.29,41.9184
2020-05-28 09:00:00,19328.78,19358.01,19255.43,19342.12,16.6947
2020-05-28 09:15:00,19356.49,19389.27,19344.53,19362.8,2.4815
2020-05-28 09:30:00,19439.34,19479.06,19424.44,19452.1,265.6433
2020-05-28 09:45:00,19445.77,19517.04,19364.87,19437.73,134.5046
2020-05-28 10:00:00,19471.05,19488.85,19441.39,19467.12,2.0931
2020-05-28 10:15:00,19520.42,19540.32,19507.06,19514.39,116.4005
2020-05-28 10:30:00,19659.43,19685.67,19646.27,19652.52,13.8923
2020-05-28 10:45:00,19685.55,19690.09,19618.54,19662.04,128.7322
2020-05-28 11:00:00,19601.26,19603.95,19601.04,19601.43,70.356
2020-05-28 11:15:00,19672.09,19691.75,19599.54,19652.27,381.017
2020-05-28 11:30:00,19773.46,19795.83,19725.19,19763.25,56.6259
2020-05-28 11:45:00,19767.42,19793.14,19721.79,19745.11,138.209
2020-05-28 12:00:00,19827.89,19855.34,19778.84,19795.92,4.2188
2020-05-28 12:15:00,19881.34,19892.29,19844.57,19869.88,274.195
2020-05-28 12:30:00,19933.57,19935.77,19874.95,19931.5,82.6587
2020-05-28 12:45:00,19941.95,19979.01,19896.75,19940.01,37.7196
2020-05-28 13:00:00,19889.87,19926.81,19887.88,19899.22,13.5697
2020-05-28 13:15:00,19885.34,19954.33,19838.84,19895.37,102.3929
2020-05-28 13:30:00,19941.71,19948.6,19916.43,19923.73,137.1577
2020-05-28 13:45:00,19959.76,20051.07,19909.02,19979.01,8.9196
2020-05-28 14:00:00,20032.32,20105.36,19981.13,20000.03,17.9917
2020-05-28 14:15:00,19975.2,19998.57,19938.41,19978.23,48.6827
2020-05-28 14:30:00,20069.8,20074.94,19991.62,20012.52,190.8905
2020-05-28 14:45:00,20051.25,20082.18,20036.03,20065.16,407.0496
2020-05-28 15:00:00,20094.04,20165.42,20055.49,20089.01,136.6599
2020-05-28 15:15:00,20032.57,20070.69,20021.65,20039.62,0.5595
2020-05-28 15:30:00,20013.83,20058.04,19926.42,20029.72,233.7772
2020-05-28 15:45:00,20109.04,20128.72,20065.2,20087.67,2.6913
2020-05-28 16:00:00,19983.22,20032.52,19906.09,20005.33,227.4257
2020-05-28 16:15:00,19867.27,19900.5,19867.12,19880.71,52.817
2020-05-28 16:30:00,19983.36,20000.69,19958.78,19971.65,135.4057
2020-05-28 16:45:00,20018.19,20032.17,19992.85,20003.29,9.1094
2020-05-28 17:00:00,20012.8,20047.53,19944.91,20040.7,18.0236
2020-05-28 17:15:00,19988.58,19999.67,19958.79,19976.96,59.9234
2020-05-28 17:30:00,20024.74,20081.9,19924.77,20022.16,3.9267
2020-05-28 17:45:00,20021.3,20058.84,20012.93,20039.69,49.3898
2020-05-28 18:00:00,19929.71,19982.85,19923.22,19945.45,139.419
2020-05-28 18:15:00,19990.94,20076.18,19929.57,20031.67,106.3379
2020-05-28 18:30:00,20076.63,20105.8,20039.61,20042.21,43.3521
2020-05-28 18:45:00,20039.72,20072.37,20007.67,20019.39,0.8884
2020-05-28 19:00:00,19971.91,20061.7,19965.77,19997.69,31.4268
2020-05-28 19:15:00,19893.67,19919.58,19872.09,19877.79,149.7132
2020-05-28 19:30:00,19902.74,19927.69,19879.29,19914.17,41.6318
2020-05-28 19:45:00,19949.04,19952.01,19927.79,19930.81,47.4007
2020-05-28 20:00:00,19910.32,19930.03,19875.85,19920.2,7.7095
2020-05-28 20:15:00,19990.33,20009.2,19980.78,19997.6,92.0526
2020-05-28 20:30:00,19909.84,19942.76,19907.84,19915.58,97.2597
2020-05-28 20:45:00,19867.85,19897.88,19842.06,19880.92,56.361
2020-05-28 21:00:00,19858.97,19923.5,19741.2,19831.22,142.9498
2020-05-28 21:15:00,19833.43,19836.49,19807.98,19815.62,209.4481
2020-05-28 21:30:00,19822.8,19854.57,19753.14,19820.62,138.8452
2020-05-28 21:45:00,19867.52,19887.07,19811.59,19847.18,78.5936
2020-05-28 22:00:00,19795.26,19899.47,19771.41,19827.52,274.4049
2020-05-28 22:15:00,19752.03,19786.34,19692.27,19776.32,48.1598
2020-05-28 22:30:00,19886.77,19893.17,19839.74,19877.34,106.3412
2020-05-28 22:45:00,20036.87,20046.22,20020.4,20022.14,85.6231
2020-05-28 23:00:00,20037.35,20068.46,20030.98,20031.75,184.2429
2020-05-28 23:15:00,19949.64,20006.19,19918.97,19987.27,69.2334
2020-05-28 23:30:00,20055.42,20118.46,19993.84,20076.74,80.6285
2020-05-28 23:45:00,19998.94,20090.69,19944.07,19990.61,60.4795
2020-05-29 00:00:00,20019.99,20043.22,19957.79,19971.53,15.1425
2020-05-29 00:15:00,19955.1,19956.03,19914.09,19930.82,217.5305
2020-05-29 00:30:00,19893.82,19918.91,19824.5,19862.49,197.923
2020-05-29 00:45:00,19853.54,19876.4,19826.4,19846.8,121.2202
2020-05-29 01:00:00,19802.92,19825.26,19779.03,19796.33,42.739
2020-05-29 01:15:00,19777.62,19838.88,19739.19,19798.08,43.8649
2020-05-29 01:30:00,19819.53,19872.29,19786.06,19800.68,3.6665
2020-05-29 01:45:00,19763.32,19771.22,19697.67,19764.76,8.0828
2020-05-29 02:00:00,19757.46,19795.28,19704.6,19743.78,72.113
2020-05-29 02:15:00,19731.7,19759.66,19678.63,19731.09,5.1099
2020-05-29 02:30:00,19785.54,19846.22,19739.22,19780.02,10.4494
2020-05-29 02:45:00,19770.47,19839.7,19742.7,19772.2,28.929
2020-05-29 03:00:00,19826.56,19858.25,19797.24,19822.11,46.7913
2020-05-29 03:15:00,19877.79,19910.81,19771.68,19857.93,67.2064
2020-05-29 03:30:00,19867.79,19896.53,19836.23,19892.98,39.2333
2020-05-29 03:45:00,19946.97,20002.39,19930.26,19976.79,282.4889
2020-05-29 04:00:00,19919.19,20018.4,19881.09,19910.71,301.3797
2020-05-29 04:15:00,19912.08,19929.5,19871.26,19883.44,5.7674
2020-05-29 04:30:00,20023.45,20061.4,19948.53,19989.62,422.7775
2020-05-29 04:45:00,19950.73,20030.95,19905.06,19975.18,18.9835
2020-05-29 05:00:00,19799.5,19820.69,19767.63,19807.48,40.2532
2020-05-29 05:15:00,19767.13,19809.07,19746.09,19796.41,181.41
2020-05-29 05:30:00,19794.51,19836.48,19773.89,19805.42,116.385
2020-05-29 05:45:00,19672.97,19673.26,19642.05,19650.91,6.0007
2020-05-29 06:00:00,19730.28,19745.75,19711.76,19730.53,148.9892
2020-05-29 06:15:00,19681.91,19701.16,19653.28,19689.27,108.8393
2020-05-29 06:30:00,19720.41,19736.21,19633.61,19709.66,300.5712
2020-05-29 06:45:00,19681.63,19729.95,19613.79,19697.29,240.8045
2020-05-29 07:00:00,19653.4,19668.97,19606.99,19622.14,369.8022
2020-05-29 07:15:00,19560.25,19573.52,19516.49,19560.1,60.676
2020-05-29 07:30:00,19498.37,19517.53,19465.05,19506.21,122.5902
2020-05-29 07:45:00,19582.2,19586.69,19552.56,19570.72,326.7697
2020-05-29 08:00:00,19581.41,19594.73,19492.7,19563.04,0.2122
2020-05-29 08:15:00,19564.56,19598.88,19514.32,19533.39,155.5574
2020-05-29 08:30:00,19475.5,19491.67,19463.48,19479.59,5.5465
2020-05-29 08:45:00,19571.7,19575.53,19524.39,19550.47,682.7329
2020-05-29 09:00:00,19639.31,19660.01,19618.17,19637.32,1.3979
2020-05-29 09:15:00,19696.05,19762.73,19675.98,19708.1,80.9014
2020-05-29 09:30:00,19722.87,19782.54,19687.85,19738.2,73.5881
2020-05-29 09:45:00,19734.68,19764.36,19729.38,19756.35,36.3461
2020-05-29 10:00:00,19670.67,19705.31,19620.69,19685.27,131.8066
2020-05-29 10:15:00,19693.69,19765.65,19659.95,19671.74,29.7056
2020-05-29 10:30:00,19646.24,19660.14,19607.11,19632.36,34.3597
2020-05-29 10:45:00,19501.59,19533.77,19476.79,19525.83,19.8889
2020-05-29 11:00:00,19554.51,19589.97,19526.01,19588.72,125.1998
2020-05-29 11:15:00,19527.07,19555.8,19477.69,19548.81,18.6373
2020-05-29 11:30:00,19604.69,19649.49,19560.69,19619.93,227.9579
2020-05-29 11:45:00,19666.84,19707.49,19637.3,19672.81,33.9446
2020-05-29 12:00:00,19729.76,19773.22,19648.07,19706.65,73.1103
2020-05-29 12:15:00,19733.05,19813.58,19708.68,19743.87,64.4479
2020-05-29 12:30:00,19741.53,19751.01,19689.1,19708.41,121.1846
2020-05-29 12:45:00,19785.94,19842.53,19752.4,19819.24,26.6622
2020-05-29 13:00:00,19815.88,19829.94,19757.79,19822.79,182.4113
2020-05-29 13:15:00,19857.33,19861.53,19817.59,19841.74,133.9011
2020-05-29 13:30:00,19820.87,19842.95,19757.3,19804.1,41.9484
2020-05-29 13:45:00,19743.13,19801.84,19717.25,19749.76,12.8161
2020-05-29 14:00:00,19798.85,19829.61,19726.8,19779.03,70.2723
2020-05-29 14:15:00,19809.0,19818.64,19792.78,19792.93,393.8648
2020-05-29 14:30:00,19733.58,19750.37,19698.95,19747.05,2.4553
2020-05-29 14:45:00,19669.01,19691.18,19634.93,19662.82,186.3435
2020-05-29 15:00:00,19602.67,19630.71,19585.51,19588.89,120.3184
2020-05-29 15:15:00,19648.16,19683.36,19634.63,19660.16,20.2337
2020-05-29 15:30:00,19658.23,19671.68,19579.53,19624.98,64.7066
2020-05-29 15:45:00,19589.63,19658.02,19582.47,19606.0,98.8
2020-05-29 16:00:00,19695.13,19737.43,19660.61,19692.29,119.2981
2020-05-29 16:15:00,19602.45,19698.56,19521.51,19626.98,254.2938
2020-05-29 16:30:00,19587.18,19618.12,19567.29,19585.16,206.4172
2020-05-29 16:45:00,19520.12,19544.88,19487.06,19540.97,39.8133
2020-05-29 17:00:00,19631.02,19644.52,19601.01,19636.8,12.7873
2020-05-29 17:15:00,19723.87,19858.09,19705.07,19755.21,11.0112
2020-05-29 17:30:00,19816.58,19816.97,19772.19,19800.74,346.5527
2020-05-29 17:45:00,19855.34,19905.58,19815.86,19848.27,311.9448
2020-05-29 18:00:00,19836.25,19877.3,19804.52,19814.7,171.2097
2020-05-29 18:15:00,19924.52,19934.8,19916.1,19931.45,393.5419
2020-05-29 18:30:00,19971.07,19973.29,19930.76,19948.45,32.0437
2020-05-29 18:45:00,20001.29,20022.2,19979.58,20000.51,174.6191
2020-05-29 19:00:00,19997.44,20047.75,19974.03,19995.18,69.7616
2020-05-29 19:15:00,20022.34,20029.22,19979.71,19980.1,160.5551
2020-05-29 19:30:00,20071.05,20101.2,20065.88,20080.78,94.3738
2020-05-29 19:45:00,20138.99,20176.54,20070.47,20114.3,187.2003
2020-05-29 20:00:00,20212.57,20258.94,20187.94,20202.88,50.6412
2020-05-29 20:15:00,20207.8,20229.59,20184.4,20219.37,452.2648
2020-05-29 20:30:00,20142.38,20211.68,20096.98,20168.92,24.7476
2020-05-29 20:45:00,20113.83,20151.96,20081.49,20134.63,111.6602
2020-05-29 21:00:00,20164.63,20187.5,20131.45,20141.86,162.2415
2020-05-29 21:15:00,20139.88,20180.21,20102.8,20105.01,88.1294
2020-05-29 21:30:00,20041.05,20088.63,19989.37,20039.22,34.2906
2020-05-29 21:45:00,20115.34,20122.41,20064.16,20112.44,82.3937
2020-05-29 22:00:00,20096.17,20132.4,20055.94,20080.57,70.2607
2020-05-29 22:15:00,20091.38,20137.14,20086.48,20089.9,21.0871
2020-05-29 22:30:00,20130.87,20163.12,20059.73,20108.76,144.0553
2020-05-29 22:45:00,20080.13,20122.37,20065.75,20074.28,31.0866
2020-05-29 23:00:00,20165.39,20266.79,20151.64,20162.66,178.4458
2020-05-29 23:15:00,20082.04,20117.81,20038.64,20096.09,24.1205
2020-05-29 23:30:00,20093.86,20144.41,20047.17,20112.87,69.7791
2020-05-29 23:45:00,20065.14,20208.7,20034.38,20128.72,118.816
2020-05-30 00:00:00,20151.29,20187.09,20113.41,20126.45,548.002
2020-05-30 00:15:00,20046.21,20059.55,20010.71,20049.15,31.6068
2020-05-30 00:30:00,20094.48,20160.12,20093.96,20102.53,100.9531
2020-05-30 00:45:00,20109.05,20230.62,20078.82,20148.38,16.6476
2020-05-30 01:00:00,20095.68,20143.34,20066.81,20108.55,171.2801
2020-05-30 01:15:00,20136.68,20209.26,20117.89,20152.24,197.6492
2020-05-30 01:30:00,20159.87,20238.24,20112.19,20175.91,218.8872
2020-05-30 01:45:00,20106.09,20108.55,20095.37,20099.4,291.0183
2020-05-30 02:00:00,20051.37,20062.51,19988.98,20048.92,43.9562
2020-05-30 02:15:00,20091.0,20141.41,20037.35,20118.39,109.7949
2020-05-30 02:30:00,20111.93,20144.96,20085.67,20138.07,37.9422
2020-05-30 02:45:00,20078.85,20137.47,20049.06,20104.98,162.864
2020-05-30 03:00:00,20090.52,20110.39,20038.16,20054.21,53.7158
2020-05-30 03:15:00,20054.09,20059.21,20015.98,20024.2,80.9477
2020-05-30 03:30:00,19981.46,20133.72,19960.05,19998.5,14.2706
2020-05-30 03:45:00,19909.32,19967.73,19902.77,19948.75,190.0417
2020-05-30 04:00:00,19848.05,19886.39,19754.57,19845.51,65.9605
2020-05-30 04:15:00,19915.31,19953.48,19867.1,19914.37,102.2976
2020-05-30 04:30:00,19979.69,20033.93,19902.82,19973.36,110.6488
2020-05-30 04:45:00,19912.81,19971.14,19885.09,19898.06,32.0551
2020-05-30 05:00:00,19916.19,19963.15,19799.71,19907.19,158.4661
2020-05-30 05:15:00,19832.14,19922.36,19829.38,19854.31,178.9941
2020-05-30 05:30:00,19845.55,19848.71,19768.19,19839.72,72.5162
2020-05-30 05:45:00,19837.11,19886.88,19809.34,19820.19,232.6985
2020-05-30 06:00:00,19781.41,19896.87,19779.66,19795.74,17.5424
2020-05-30 06:15:00,19921.66,19943.22,19842.86,19915.68,53.5172
2020-05-30 06:30:00,19879.38,19931.47,19868.61,19890.37,4.5332
2020-05-30 06:45:00,19882.75,19910.12,19777.92,19843.14,50.8433
2020-05-30 07:00:00,19772.46,19840.54,19724.12,19798.73,582.1866
2020-05-30 07:15:00,19884.68,19891.83,19804.07,19861.72,62.2094
2020-05-30 07:30:00,19731.25,19767.42,19662.6,19764.27,54.3367
2020-05-30 07:45:00,19755.4,19765.62,19691.33,19720.04,116.418
2020-05-30 08:00:00,19784.01,19869.26,19728.58,19806.62,4.9828
2020-05-30 08:15:00,19825.87,19843.88,19769.64,19822.11,43.6596
2020-05-30 08:30:00,19802.2,19857.39,19794.64,19834.51,76.1579
2020-05-30 08:45:00,19935.43,19996.6,19895.23,19962.37,66.1776
2020-05-30 09:00:00,19996.06,20010.8,19942.12,19978.13,102.8555
2020-05-30 09:15:00,19957.18,19964.96,19917.96,19936.68,14.9588
2020-05-30 09:30:00,19925.57,19951.02,19913.68,19920.81,51.5192
2020-05-30 09:45:00,19868.66,19898.59,19842.58,19853.95,100.4021
2020-05-30 10:00:00,19950.57,19965.45,19879.68,19929.74,35.9035
2020-05-30 10:15:00,19951.43,19989.53,19946.34,19965.09,94.9021
2020-05-30 10:30:00,20005.41,20070.81,19991.5,20033.44,317.754
2020-05-30 10:45:00,20107.07,20109.88,20079.91,20107.34,266.4782
2020-05-30 11:00:00,20071.77,20086.77,20060.85,20083.36,129.2853
2020-05-30 11:15:00,20035.23,20038.19,19961.54,20027.44,19.5564
2020-05-30 11:30:00,20036.31,20057.55,19939.0,20025.34,153.3605
2020-05-30 11:45:00,19960.29,19979.32,19880.12,19973.91,59.1863
2020-05-30 12:00:00,19998.86,20000.1,19976.6,19984.79,303.1007
2020-05-30 12:15:00,20066.78,20141.59,20039.27,20053.66,94.5258
2020-05-30 12:30:00,20059.05,20060.84,20012.55,20044.55,24.5419
2020-05-30 12:45:00,20046.39,20108.25,20011.51,20054.57,37.4591
2020-05-30 13:00:00,20065.57,20122.32,20045.51,20049.93,38.4279
2020-05-30 13:15:00,20109.67,20162.71,20054.75,20099.22,32.3359
2020-05-30 13:30:00,20072.8,20084.49,20015.74,20059.95,147.7627
2020-05-30 13:45:00,19962.21,20018.75,19909.17,19928.78,41.0597
2020-05-30 14:00:00,19964.47,19971.7,19902.81,19957.92,21.7687
2020-05-30 14:15:00,20005.92,20022.73,19972.5,20018.07,90.6581
2020-05-30 14:30:00,20023.61,20075.94,20015.39,20045.87,62.5075
2020-05-30 14:45:00,20030.94,20073.71,19961.49,20008.37,2.2417
2020-05-30 15:00:00,19948.37,19949.54,19907.63,19941.25,32.7278
2020-05-30 15:15:00,20005.18,20016.31,19961.38,19971.83,3.8941
2020-05-30 15:30:00,19940.75,20075.76,19924.37,19981.3,145.6892
2020-05-30 15:45:00,19992.95,19994.83,19957.92,19974.76,301.6442
2020-05-30 16:00:00,20079.72,20100.28,20050.27,20084.97,69.3487
2020-05-30 16:15:00,20021.84,20069.24,19963.12,20028.92,81.6821
2020-05-30 16:30:00,20121.18,20144.85,20077.3,20136.58,186.4875
2020-05-30 16:45:00,20157.62,20174.45,20063.93,20139.51,1.9148
2020-05-30 17:00:00,20041.9,20048.68,19987.5,20029.61,17.7124
2020-05-30 17:15:00,19996.98,20031.02,19978.07,20019.85,106.2351
2020-05-30 17:30:00,20081.78,20099.74,20061.86,20078.47,135.3788
2020-05-30 17:45:00,20071.65,20078.63,20034.67,20057.49,98.4028
2020-05-30 18:00:00,19973.3,20024.18,19958.9,19969.75,280.0904
2020-05-30 18:15:00,19983.01,20004.36,19927.59,19960.89,49.8186
2020-05-30 18:30:00,19904.79,19981.44,19900.52,19910.56,80.9866
2020-05-30 18:45:00,19895.98,19983.5,19868.37,19940.93,313.2782
2020-05-30 19:00:00,19991.93,20051.38,19922.76,19988.2,229.8992
2020-05-30 19:15:00,19929.46,19939.53,19873.14,19925.86,3.1287
2020-05-30 19:30:00,19890.85,19902.04,19855.88,19884.66,43.4081
2020-05-30 19:45:00,19952.86,19974.32,19929.55,19930.79,134.3215
2020-05-30 20:00:00,19841.62,19950.11,19796.41,19880.44,0.0877
2020-05-30 20:15:00,19812.16,19860.36,19808.25,19816.89,198.7683
2020-05-30 20:30:00,19729.59,19787.62,19723.23,19747.81,69.7375
2020-05-30 20:45:00,19745.77,19808.31,19677.53,19769.65,9.0581
2020-05-30 21:00:00,19787.54,19821.64,19777.23,19788.98,58.4227
2020-05-30 21:15:00,19763.22,19776.03,19698.36,19749.35,67.8499
2020-05-30 21:30:00,19756.59,19789.22,19734.73,19750.64,45.7174
2020-05-30 21:45:00,19828.47,19899.98,19821.77,19842.12,60.5708
2020-05-30 22:00:00,19782.25,19794.53,19746.69,19785.13,222.0047
2020-05-30 22:15:00,19688.56,19693.84,19651.44,19670.27,39.1659
2020-05-30 22:30:00,19711.56,19713.3,19656.67,19698.11,324.206
2020-05-30 22:45:00,19681.68,19734.59,19646.89,19692.57,116.1623
2020-05-30 23:00:00,19639.47,19682.59,19634.86,19651.61,226.3509
2020-05-30 23:15:00,19657.23,19691.68,19608.23,19691.03,23.4431
2020-05-30 23:30:00,19733.11,19815.16,19687.06,19741.59,67.6969
2020-05-30 23:45:00,19577.75,19707.28,19565.61,19611.79,83.3377
2020-05-31 00:00:00,19614.84,19623.68,19546.45,19574.38,8.9142
2020-05-31 00:15:00,19694.59,19758.02,19635.15,19711.45,68.0509
2020-05-31 00:30:00,19768.83,19789.74,19666.03,19746.93,197.2949
2020-05-31 00:45:00,19823.95,19832.95,19768.31,19787.97,5.3605
2020-05-31 01:00:00,19862.89,19945.38,19850.35,19858.59,102.8079
2020-05-31 01:15:00,19858.62,19865.46,19837.4,19860.6,448.7899
2020-05-31 01:30:00,19882.74,19937.73,19871.43,19909.06,74.9563
2020-05-31 01:45:00,19942.88,19973.08,19882.32,19952.95,36.1497
2020-05-31 02:00:00,20018.27,20115.23,19926.03,19986.21,87.9345
2020-05-31 02:15:00,19974.92,19990.88,19901.99,19967.9,77.9658
2020-05-31 02:30:00,19979.77,20028.53,19956.68,19979.21,11.1109
2020-05-31 02:45:00,19971.11,20040.1,19827.24,19944.94,24.117
2020-05-31 03:00:00,19960.59,20033.22,19929.43,19946.71,110.6852
2020-05-31 03:15:00,19874.84,19894.51,19858.04,19877.78,89.7863
2020-05-31 03:30:00,19835.91,19846.26,19786.55,19831.63,42.2083
2020-05-31 03:45:00,19800.6,19854.89,19766.81,19815.82,384.1022
2020-05-31 04:00:00,19749.62,19764.72,19638.33,19760.71,103.4986
2020-05-31 04:15:00,19727.69,19733.43,19714.51,19731.76,26.2415
2020-05-31 04:30:00,19734.04,19740.47,19654.04,19723.04,63.711
2020-05-31 04:45:00,19723.2,19767.68,19722.04,19747.83,124.338
2020-05-31 05:00:00,19806.57,19815.95,19763.82,19805.06,111.4699
2020-05-31 05:15:00,19770.78,19793.54,19730.36,19778.49,28.2799
2020-05-31 05:30:00,19840.81,19902.87,19832.91,19858.7,104.3691
2020-05-31 05:45:00,19907.95,19981.32,19881.07,19915.61,40.4779
2020-05-31 06:00:00,19900.42,19974.65,19785.41,19946.72,61.1576
2020-05-31 06:15:00,19941.8,19998.65,19930.24,19956.92,110.6089
2020-05-31 06:30:00,19955.06,20002.69,19932.63,19977.02,86.987
2020-05-31 06:45:00,20043.55,20054.02,19981.63,20049.16,124.7335
2020-05-31 07:00:00,20077.88,20140.31,20010.22,20123.76,48.1004
2020-05-31 07:15:00,20209.21,20230.6,20185.28,20205.36,139.4329
2020-05-31 07:30:00,20227.25,20265.48,20190.87,20208.87,1.5791
2020-05-31 07:45:00,20241.15,20309.57,20237.66,20243.53,20.8215
2020-05-31 08:00:00,20336.27,20353.27,20323.97,20326.13,362.0247
2020-05-31 08:15:00,20278.71,20318.31,20267.58,20289.12,9.0721
2020-05-31 08:30:00,20239.24,20322.32,20238.11,20270.75,108.4423
2020-05-31 08:45:00,20272.77,20328.34,20260.83,20272.74,248.5997
2020-05-31 09:00:00,20342.3,20399.25,20273.59,20328.47,196.2879
2020-05-31 09:15:00,20358.3,20398.11,20297.57,20385.29,243.904
2020-05-31 09:30:00,20362.72,20396.81,20307.35,20372.19,412.9489
2020-05-31 09:45:00,20276.0,20316.07,20242.62,20281.01,44.2036
2020-05-31 10:00:00,20354.88,20401.37,20287.24,20297.0,40.0713
2020-05-31 10:15:00,20246.62,20255.19,20193.93,20242.1,12.8813
2020-05-31 10:30:00,20114.23,20156.56,20103.39,20152.64,22.5008
2020-05-31 10:45:00,20034.01,20087.79,19998.85,20077.23,105.808
2020-05-31 11:00:00,20112.58,20151.36,20062.2,20097.89,40.2192
2020-05-31 11:15:00,20231.11,20237.88,20118.18,20180.96,41.7256
2020-05-31 11:30:00,20178.65,20247.59,20169.49,20184.33,103.8243
2020-05-31 11:45:00,20191.25,20246.4,20190.17,20198.13,11.0509
2020-05-31 12:00:00,20279.55,20280.73,20264.14,20270.82,5.7571
2020-05-31 12:15:00,20161.8,20198.09,20130.96,20177.91,162.3738
2020-05-31 12:30:00,20158.99,20249.53,20149.47,20210.41,155.9911
2020-05-31 12:45:00,20231.68,20256.42,20081.48,20210.72,48.6281
2020-05-31 13:00:00,20233.63,20300.28,20215.5,20246.05,89.9109
2020-05-31 13:15:00,20238.93,20264.61,20204.68,20217.7,27.1913
2020-05-31 13:30:00,20153.75,20170.85,20114.72,20169.1,45.8293
2020-05-31 13:45:00,20181.06,20238.35,20158.27,20178.61,3.7082
2020-05-31 14:00:00,20296.79,20324.7,20263.71,20279.45,31.9666
2020-05-31 14:15:00,20354.6,20391.07,20267.98,20332.84,1.6515
2020-05-31 14:30:00,20307.62,20313.85,20278.61,20302.89,55.1779
2020-05-31 14:45:00,20225.93,20251.42,20208.92,20222.23,73.3393
2020-05-31 15:00:00,20133.66,20172.5,20074.28,20121.19,68.3852
2020-05-31 15:15:00,20211.02,20232.37,20173.98,20201.64,41.6593
2020-05-31 15:30:00,20118.76,20190.14,20084.55,20144.77,23.1864
2020-05-31 15:45:00,20100.5,20209.42,20073.97,20126.11,60.5766
2020-05-31 16:00:00,20164.27,20264.22,20106.98,20206.88,203.9676
2020-05-31 16:15:00,20125.47,20184.41,20053.78,20110.06,408.8163
2020-05-31 16:30:00,20193.1,20229.35,20158.34,20201.09,37.5022
2020-05-31 16:45:00,20203.29,20214.7,20172.27,20186.73,366.6317
2020-05-31 17:00:00,20126.3,20150.58,20008.2,20118.18,57.0136
2020-05-31 17:15:00,20084.11,20116.24,20067.3,20104.26,95.0034
2020-05-31 17:30:00,20059.27,20063.58,20052.55,20061.68,162.8181
2020-05-31 17:45:00,20080.08,20106.74,20057.64,20089.22,44.5382
2020-05-31 18:00:00,20038.94,20113.77,20031.92,20051.16,23.3551
2020-05-31 18:15:00,19955.42,19986.27,19880.35,19937.17,31.8934
2020-05-31 18:30:00,19975.0,20021.97,19917.22,19924.98,182.397
2020-05-31 18:45:00,19867.04,19883.78,19833.2,19844.88,272.532
2020-05-31 19:00:00,19857.51,19950.51,19813.68,19858.04,13.7524
2020-05-31 19:15:00,19813.24,19853.66,19738.32,19788.31,118.5846
2020-05-31 19:30:00,19794.18,19808.29,19757.05,19760.33,3.5528
2020-05-31 19:45:00,19744.61,19779.37,19715.88,19772.14,207.9074
2020-05-31 20:00:00,19784.73,19807.18,19751.12,19760.53,194.37
2020-05-31 20:15:00,19791.58,19805.36,19741.27,19776.36,148.9891
2020-05-31 20:30:00,19841.26,19865.03,19761.08,19817.71,173.944
2020-05-31 20:45:00,19765.92,19767.71,19662.62,19749.86,92.7224
2020-05-31 21:00:00,19742.54,19791.88,19724.66,19747.03,15.9357
2020-05-31 21:15:00,19590.52,19620.4,19541.86,19550.78,245.9917
2020-05-31 21:30:00,19572.9,19652.63,19534.44,19566.26,15.2013
2020-05-31 21:45:00,19541.09,19572.95,19488.9,19549.58,25.5149
2020-05-31 22:00:00,19502.74,19564.87,19486.94,19492.88,56.6714
2020-05-31 22:15:00,19531.29,19535.28,19490.49,19512.32,68.9082
2020-05-31 22:30:00,19583.8,19596.14,19567.83,19581.94,10.1278
2020-05-31 22:45:00,19562.64,19580.38,19544.87,19554.95,143.4135
2020-05-31 23:00:00,19502.23,19564.73,19416.17,19500.51,14.7695
2020-05-31 23:15:00,19498.26,19542.97,19493.59,19511.13,106.3515
2020-05-31 23:30:00,19417.96,19504.34,19414.77,19433.93,60.1445
2020-05-31 23:45:00,19369.19,19444.35,19348.07,19396.4,166.5669
2020-06-01 00:00:00,19498.06,19513.88,19414.48,19468.5,35.0415
2020-06-01 00:15:00,19468.76,19490.8,19458.67,19473.11,181.1107
2020-06-01 00:30:00,19297.91,19422.96,19284.6,19364.28,29.07
2020-06-01 00:45:00,19268.5,19304.61,19255.83,19260.86,85.412
2020-06-01 01:00:00,19278.43,19315.47,19270.35,19271.19,66.5751
2020-06-01 01:15:00,19285.94,19347.1,19269.26,19322.01,43.4755
2020-06-01 01:30:00,19213.2,19239.29,19192.87,19229.21,1.1848
2020-06-01 01:45:00,19239.24,19288.0,19232.46,19256.11,50.7246
2020-06-01 02:00:00,19319.58,19355.54,19300.29,19333.93,12.5972
2020-06-01 02:15:00,19467.98,19509.74,19435.89,19444.39,25.5095
2020-06-01 02:30:00,19461.79,19474.54,19405.33,19464.69,116.5714
2020-06-01 02:45:00,19486.93,19569.69,19441.86,19495.26,84.6971
2020-06-01 03:00:00,19393.21,19421.15,19281.01,19371.47,74.8828
2020-06-01 03:15:00,19504.12,19507.94,19429.64,19494.46,83.0152
2020-06-01 03:30:00,19427.9,19494.71,19377.96,19461.78,12.7894
2020-06-01 03:45:00,19396.29,19445.12,19356.15,19408.25,17.9894
2020-06-01 04:00:00,19400.61,19403.03,19385.97,19394.36,78.2637
2020-06-01 04:15:00,19465.09,19509.16,19427.07,19483.29,52.227
2020-06-01 04:30:00,19653.13,19689.65,19578.11,19613.32,62.2134
2020-06-01 04:45:00,19623.9,19668.71,19564.62,19621.68,211.3224
2020-06-01 05:00:00,19666.59,19715.62,19635.66,19681.42,20.4769
2020-06-01 05:15:00,19662.85,19696.3,19641.71,19684.95,241.5735
2020-06-01 05:30:00,19642.85,19694.51,19605.45,19624.65,194.8325
2020-06-01 05:45:00,19699.8,19741.13,19671.94,19712.57,232.0625
2020-06-01 06:00:00,19684.24,19691.1,19644.35,19676.77,102.544
2020-06-01 06:15:00,19745.63,19813.62,19712.92,19768.39,199.4625
2020-06-01 06:30:00,19847.78,19868.74,19747.89,19846.39,473.1801
2020-06-01 06:45:00,19871.3,19885.54,19807.94,19883.94,63.7552
2020-06-01 07:00:00,19987.73,20011.98,19979.2,19994.04,197.9114
2020-06-01 07:15:00,20112.91,20149.92,20062.64,20128.94,234.0212
2020-06-01 07:30:00,20140.0,20154.86,20111.86,20119.36,37.0725
2020-06-01 07:45:00,20061.7,20094.64,20045.01,20071.55,58.4662
2020-06-01 08:00:00,19957.44,19998.49,19878.48,19960.3,85.2552
2020-06-01 08:15:00,20093.8,20104.68,20078.11,20095.71,42.9486
2020-06-01 08:30:00,20102.57,20134.48,20034.3,20070.21,38.8822
2020-06-01 08:45:00,20157.48,20182.53,20121.02,20139.55,47.9192
2020-06-01 09:00:00,20111.66,20173.16,20028.35,20095.77,55.1485
2020-06-01 09:15:00,20157.66,20212.28,20157.57,20189.52,29.0713
2020-06-01 09:30:00,20134.9,20221.06,20126.46,20148.12,64.1147
2020-06-01 09:45:00,20100.96,20126.42,20065.06,20077.1,150.8454
2020-06-01 10:00:00,20042.05,20066.27,20027.94,20065.54,97.9462
2020-06-01 10:15:00,20036.22,20093.71,19995.35,20034.53,47.7655
2020-06-01 10:30:00,20049.99,20072.63,20018.09,20071.37,16.9835
2020-06-01 10:45:00,20049.92,20088.12,20036.19,20069.28,173.7515
2020-06-01 11:00:00,20141.88,20198.63,20101.34,20108.08,71.6073
2020-06-01 11:15:00,20105.98,20179.11,20046.83,20091.53,354.8779
2020-06-01 11:30:00,20072.16,20119.99,20046.54,20052.44,29.128
2020-06-01 11:45:00,20034.03,20038.7,19985.21,20018.34,19.2994
2020-06-01 12:00:00,20139.35,20146.34,20121.61,20142.15,0.804
2020-06-01 12:15:00,20142.82,20185.51,20119.11,20156.77,8.6237
2020-06-01 12:30:00,20029.76,20041.77,19981.73,20037.81,48.6787
2020-06-01 12:45:00,20003.71,20010.75,19999.1,20007.54,22.0947
2020-06-01 13:00:00,20049.91,20074.52,20000.3,20014.36,3.862
2020-06-01 13:15:00,20099.27,20180.77,20075.7,20126.16,25.5367
2020-06-01 13:30:00,20178.1,20194.63,20154.44,20189.28,130.4731
2020-06-01 13:45:00,20116.08,20154.2,20003.37,20134.46,133.0649
2020-06-01 14:00:00,20302.98,20344.62,20215.59,20281.55,16.2091
2020-06-01 14:15:00,20318.26,20401.26,20257.43,20280.67,275.6548
2020-06-01 14:30:00,20363.8,20400.73,20290.9,20357.51,17.3207
2020-06-01 14:45:00,20295.92,20312.15,20268.15,20287.99,9.3587
2020-06-01 15:00:00,20144.88,20151.57,20086.5,20143.04,17.7856
2020-06-01 15:15:00,20067.71,20132.41,20024.28,20058.94,15.1429
2020-06-01 15:30:00,19879.7,19886.05,19769.2,19864.35,99.8875
2020-06-01 15:45:00,19999.71,20068.2,19988.19,19991.2,16.9908
2020-06-01 16:00:00,20015.05,20025.66,20001.76,20005.07,100.6019
2020-06-01 16:15:00,19966.05,20015.08,19950.17,19950.58,32.3791
2020-06-01 16:30:00,19943.14,19989.4,19906.25,19978.67,28.5557
2020-06-01 16:45:00,19991.05,20044.79,19982.49,19991.01,227.5472
2020-06-01 17:00:00,20035.36,20102.38,19978.76,20029.25,24.1222
2020-06-01 17:15:00,20111.3,20147.48,20055.77,20102.93,199.9408
2020-06-01 17:30:00,20083.02,20121.19,20053.36,20086.45,36.1727
2020-06-01 17:45:00,20037.66,20057.67,19987.94,20034.44,473.6227
2020-06-01 18:00:00,20070.73,20101.87,20044.04,20085.19,395.9588
2020-06-01 18:15:00,20098.8,20151.34,20083.1,20134.54,175.8007
2020-06-01 18:30:00,20161.43,20197.3,20130.71,20141.63,202.561
2020-06-01 18:45:00,20251.22,20300.44,20208.71,20274.22,173.308
2020-06-01 19:00:00,20245.35,20351.94,20242.68,20248.6,99.3295
2020-06-01 19:15:00,20179.82,20210.98,20156.76,20194.95,165.5601
2020-06-01 19:30:00,20253.38,20316.94,20197.02,20221.29,98.9617
2020-06-01 19:45:00,20179.75,20219.1,20111.76,20181.36,184.6211
2020-06-01 20:00:00,20206.09,20214.08,20195.99,20212.37,274.1919
2020-06-01 20:15:00,20177.95,20189.89,20112.83,20162.87,139.9667
2020-06-01 20:30:00,20183.1,20210.97,20096.79,20139.66,334.3506
2020-06-01 20:45:00,20263.13,20333.72,20204.03,20254.91,59.4624
2020-06-01 21:00:00,20223.65,20239.38,20158.49,20231.28,259.5444
2020-06-01 21:15:00,20197.87,20215.96,20182.4,20183.81,25.6482
2020-06-01 21:30:00,20223.85,20265.95,20208.38,20255.7,3.1869
2020-06-01 21:45:00,20193.78,20213.53,20189.09,20192.85,13.7077
2020-06-01 22:00:00,20192.06,20211.39,20139.86,20151.88,17.4648
2020-06-01 22:15:00,20190.93,20253.25,20127.54,20187.74,173.9698
2020-06-01 22:30:00,20247.77,20284.73,20226.26,20245.59,51.2509
2020-06-01 22:45:00,20321.15,20348.14,20248.31,20320.73,26.5501
2020-06-01 23:00:00,20268.17,20330.87,20261.27,20276.19,167.2754
2020-06-01 23:15:00,20319.85,20350.53,20301.19,20313.46,22.5802
2020-06-01 23:30:00,20301.8,20321.63,20268.55,20286.07,8.1075
2020-06-01 23:45:00,20243.5,20271.55,20223.39,20250.22,62.7717
2020-06-02 00:00:00,20273.71,20370.92,20227.04,20324.33,7.1934
2020-06-02 00:15:00,20301.29,20362.41,20270.22,20291.84,32.703
2020-06-02 00:30:00,20353.11,20391.85,20233.85,20309.79,120.5093
2020-06-02 00:45:00,20312.64,20330.25,20241.86,20320.29,46.9255
2020-06-02 01:00:00,20226.23,20265.9,20192.52,20256.03,9.1542
2020-06-02 01:15:00,20329.51,20333.23,20308.43,20315.75,51.5826
2020-06-02 01:30:00,20386.4,20409.59,20329.33,20350.91,71.9784
2020-06-02 01:45:00,20241.37,20263.01,20212.59,20230.66,28.7986
2020-06-02 02:00:00,20283.43,20315.7,20213.58,20248.51,18.7404
2020-06-02 02:15:00,20218.6,20224.7,20122.75,20202.57,143.4118
2020-06-02 02:30:00,20284.4,20288.35,20249.24,20270.07,7.0248
2020-06-02 02:45:00,20172.73,20198.74,20161.41,20183.19,314.3467
2020-06-02 03:00:00,20168.37,20206.33,20151.86,20162.61,0.7628
2020-06-02 03:15:00,20184.92,20201.8,20137.98,20185.52,105.3377
2020-06-02 03:30:00,20188.53,20217.82,20119.73,20189.82,14.3413
2020-06-02 03:45:00,20231.9,20315.56,20141.09,20237.04,79.2078
2020-06-02 04:00:00,20150.41,20168.97,20140.51,20145.87,20.7405
2020-06-02 04:15:00,20220.46,20249.75,20142.17,20246.71,3.4925
2020-06-02 04:30:00,20296.08,20311.17,20242.98,20279.62,196.4445
2020-06-02 04:45:00,20345.48,20384.91,20340.91,20363.36,55.1533
2020-06-02 05:00:00,20412.67,20464.78,20403.21,20417.78,32.1888
2020-06-02 05:15:00,20424.84,20435.07,20373.98,20418.09,294.2598
2020-06-02 05:30:00,20321.59,20370.75,20273.11,20340.45,8.5547
2020-06-02 05:45:00,20267.15,20330.16,20247.85,20307.08,42.8496
2020-06-02 06:00:00,20397.12,20441.78,20352.54,20404.93,19.5241
2020-06-02 06:15:00,20461.44,20494.26,20414.77,20490.76,473.2539
2020-06-02 06:30:00,20468.27,20468.46,20440.21,20453.7,78.9701
2020-06-02 06:45:00,20258.39,20289.81,20233.93,20281.79,167.249
2020-06-02 07:00:00,20299.97,20341.02,20249.71,20269.86,17.8569
2020-06-02 07:15:00,20253.26,20272.92,20222.95,20253.38,36.303
2020-06-02 07:30:00,20240.41,20288.47,20223.82,20239.22,96.6544
2020-06-02 07:45:00,20232.17,20311.88,20216.08,20272.32,19.6051
2020-06-02 08:00:00,20329.57,20329.75,20323.4,20326.62,69.3272
2020-06-02 08:15:00,20386.39,20414.25,20332.75,20388.03,268.2581
2020-06-02 08:30:00,20389.78,20504.53,20362.85,20416.31,266.2872
2020-06-02 08:45:00,20308.81,20339.07,20220.6,20307.03,43.832
2020-06-02 09:00:00,20279.19,20298.56,20226.06,20287.26,72.5963
2020-06-02 09:15:00,20424.08,20444.85,20422.14,20428.51,22.1156
2020-06-02 09:30:00,20452.99,20482.48,20448.57,20452.46,384.0463
2020-06-02 09:45:00,20466.4,20567.56,20434.13,20476.05,73.3703
2020-06-02 10:00:00,20504.21,20535.89,20421.93,20499.16,23.1066
2020-06-02 10:15:00,20523.95,20558.39,20490.34,20525.73,186.2797
2020-06-02 10:30:00,20389.65,20416.87,20356.78,20380.01,54.5372
2020-06-02 10:45:00,20355.62,20415.73,20347.43,20366.39,101.0978
2020-06-02 11:00:00,20343.4,20392.81,20329.87,20365.09,185.5128
2020-06-02 11:15:00,20429.91,20462.64,20360.47,20444.4,36.9909
2020-06-02 11:30:00,20477.85,20488.22,20374.27,20448.35,86.2525
2020-06-02 11:45:00,20367.82,20397.35,20345.95,20348.36,5.7757
2020-06-02 12:00:00,20400.36,20420.02,20280.2,20375.64,26.7283
2020-06-02 12:15:00,20353.59,20368.85,20312.61,20327.52,14.9377
2020-06-02 12:30:00,20244.89,20305.52,20182.09,20254.33,103.336
2020-06-02 12:45:00,20210.64,20214.47,20175.65,20204.66,29.3907
2020-06-02 13:00:00,20240.09,20292.69,20177.26,20238.55,142.7058
2020-06-02 13:15:00,20329.39,20376.97,20308.41,20315.99,143.1863
2020-06-02 13:30:00,20340.56,20396.54,20317.78,20346.44,153.3606
2020-06-02 13:45:00,20387.93,20399.66,20358.78,20386.04,14.2287
2020-06-02 14:00:00,20417.46,20460.95,20399.88,20415.99,74.665
2020-06-02 14:15:00,20434.08,20464.99,20329.6,20423.21,113.6628
2020-06-02 14:30:00,20480.36,20486.09,20450.9,20466.94,38.9751
2020-06-02 14:45:00,20321.35,20345.11,20306.84,20319.44,30.1191
2020-06-02 15:00:00,20329.75,20330.76,20317.74,20327.23,126.5695
2020-06-02 15:15:00,20269.1,20271.79,20231.89,20264.53,43.2781
2020-06-02 15:30:00,20369.72,20369.83,20324.31,20336.24,28.6189
2020-06-02 15:45:00,20293.11,20331.94,20249.21,20328.28,82.7613
2020-06-02 16:00:00,20311.46,20336.36,20254.23,20331.18,96.86
2020-06-02 16:15:00,20254.03,20304.89,20228.38,20240.4,149.9698
2020-06-02 16:30:00,20308.63,20390.31,20301.01,20303.15,4.1791
2020-06-02 16:45:00,20347.72,20425.89,20316.27,20342.38,19.1752
2020-06-02 17:00:00,20390.98,20405.29,20337.92,20377.38,150.1703
2020-06-02 17:15:00,20333.05,20336.22,20278.51,20328.7,75.901
2020-06-02 17:30:00,20271.19,20336.46,20241.92,20282.54,164.0282
2020-06-02 17:45:00,20309.92,20334.56,20128.37,20297.15,59.5161
2020-06-02 18:00:00,20256.3,20277.98,20208.11,20255.88,61.5047
2020-06-02 18:15:00,20274.24,20333.85,20250.28,20283.32,47.412
2020-06-02 18:30:00,20166.76,20173.4,20132.26,20152.84,117.5046
2020-06-02 18:45:00,20137.48,20174.49,20072.26,20124.38,89.2103
2020-06-02 19:00:00,20238.2,20289.22,20188.13,20233.86,49.8783
2020-06-02 19:15:00,20296.34,20313.29,20210.42,20261.55,20.7699
2020-06-02 19:30:00,20299.6,20322.41,20241.08,20272.7,0.2398
2020-06-02 19:45:00,20414.88,20461.67,20320.65,20394.45,9.5796
2020-06-02 20:00:00,20304.52,20333.27,20210.31,20252.55,11.411
2020-06-02 20:15:00,20201.06,20212.29,20159.47,20204.02,84.2542
2020-06-02 20:30:00,20171.34,20193.54,20168.5,20180.72,142.378
2020-06-02 20:45:00,20251.1,20264.42,20219.14,20233.69,61.0425
2020-06-02 21:00:00,20282.73,20300.85,20227.82,20287.86,53.4879
2020-06-02 21:15:00,20236.41,20288.93,20224.01,20236.16,14.1693
2020-06-02 21:30:00,20277.75,20368.54,20220.98,20297.76,231.2766
2020-06-02 21:45:00,20286.52,20327.03,20233.02,20274.22,132.878
2020-06-02 22:00:00,20318.99,20359.28,20295.45,20348.92,53.9415
2020-06-02 22:15:00,20284.95,20319.97,20268.41,20286.9,10.2049
2020-06-02 22:30:00,20280.1,20310.96,20267.25,20280.41,187.1351
2020-06-02 22:45:00,20242.77,20291.82,20185.33,20251.6,18.5887
2020-06-02 23:00:00,20281.07,20342.65,20263.66,20316.78,111.896
2020-06-02 23:15:00,20250.13,20337.44,20217.55,20285.93,41.4922
2020-06-02 23:30:00,20269.22,20311.86,20263.11,20284.36,196.2939
2020-06-02 23:45:00,20327.17,20389.52,20288.76,20316.21,88.4175
2020-06-03 00:00:00,20356.34,20403.65,20344.81,20350.46,25.7983
2020-06-03 00:15:00,20405.29,20409.56,20355.69,20405.63,1.2745
2020-06-03 00:30:00,20401.51,20469.39,20394.32,20419.57,23.8712
2020-06-03 00:45:00,20401.93,20408.95,20362.56,20394.97,45.466
2020-06-03 01:00:00,20337.94,20401.28,20295.61,20374.6,123.2321
2020-06-03 01:15:00,20328.35,20377.22,20276.45,20377.19,24.3489
2020-06-03 01:30:00,20388.51,20414.25,20356.48,20393.46,30.314
2020-06-03 01:45:00,20374.35,20386.94,20314.04,20385.48,57.1107
2020-06-03 02:00:00,20408.33,20432.92,20348.43,20387.67,4.3869
2020-06-03 02:15:00,20299.1,20337.99,20273.49,20295.89,146.275
2020-06-03 02:30:00,20371.11,20382.57,20287.96,20337.54,8.2029
2020-06-03 02:45:00,20338.45,20384.29,20288.34,20349.61,133.5672
2020-06-03 03:00:00,20421.72,20421.96,20392.12,20411.79,31.1923
2020-06-03 03:15:00,20407.67,20416.16,20362.98,20412.82,61.6057
2020-06-03 03:30:00,20335.44,20349.9,20267.72,20307.38,52.8303
2020-06-03 03:45:00,20282.42,20294.05,20247.9,20286.56,29.204
2020-06-03 04:00:00,20292.73,20343.01,20274.81,20275.41,29.5328
2020-06-03 04:15:00,20299.71,20322.67,20254.6,20321.61,297.6908
2020-06-03 04:30:00,20188.02,20221.76,20164.22,20196.41,36.4522
2020-06-03 04:45:00,20198.22,20237.48,20171.37,20199.91,20.2229
2020-06-03 05:00:00,20257.62,20271.02,20221.9,20232.05,28.8339
2020-06-03 05:15:00,20148.55,20228.62,20056.95,20192.92,118.8105
2020-06-03 05:30:00,20191.73,20203.29,20183.42,20198.45,36.9439
2020-06-03 05:45:00,20154.07,20214.23,20143.11,20161.46,18.8266
2020-06-03 06:00:00,20076.56,20208.63,20014.67,20118.34,53.5263
2020-06-03 06:15:00,20085.37,20118.92,20063.56,20094.7,12.5049
2020-06-03 06:30:00,20021.96,20099.42,19968.59,20052.86,50.8605
2020-06-03 06:45:00,20048.15,20123.8,20031.13,20094.99,198.2102
2020-06-03 07:00:00,20046.42,20089.59,20031.98,20051.68,46.6669
2020-06-03 07:15:00,19992.45,20014.07,19979.27,19998.37,72.1831
2020-06-03 07:30:00,20100.51,20110.45,20096.21,20105.44,155.6565
2020-06-03 07:45:00,20169.49,20175.27,20157.34,20164.39,72.5619
2020-06-03 08:00:00,20035.16,20067.37,20020.8,20052.79,4.8548
2020-06-03 08:15:00,20043.62,20107.34,19990.81,20007.79,24.1906
2020-06-03 08:30:00,20022.67,20027.8,20018.65,20023.34,224.6807
2020-06-03 08:45:00,20069.58,20105.68,19979.18,20043.79,162.0424
2020-06-03 09:00:00,19921.64,19994.16,19890.47,19955.17,142.9906
2020-06-03 09:15:00,20008.81,20054.46,19963.51,20025.52,79.2901
2020-06-03 09:30:00,20089.88,20094.26,20067.2,20076.1,43.5812
2020-06-03 09:45:00,20101.57,20142.51,20071.51,20106.13,118.5426
2020-06-03 10:00:00,20167.3,20197.51,20133.53,20188.97,108.8712
2020-06-03 10:15:00,20180.2,20218.98,20118.95,20217.37,102.9352
2020-06-03 10:30:00,20260.44,20261.61,20237.89,20245.59,70.0523
2020-06-03 10:45:00,20354.47,20360.57,20275.91,20341.21,30.0281
2020-06-03 11:00:00,20414.4,20447.79,20359.82,20409.43,57.1693
2020-06-03 11:15:00,20348.83,20387.55,20319.62,20358.93,71.7681
2020-06-03 11:30:00,20375.91,20441.02,20299.64,20398.62,24.3354
2020-06-03 11:45:00,20357.91,20386.46,20290.16,20358.99,26.1437
2020-06-03 12:00:00,20363.98,20428.49,20309.33,20390.8,156.9465
2020-06-03 12:15:00,20405.62,20452.94,20386.28,20420.97,38.5329
2020-06-03 12:30:00,20362.89,20382.92,20308.24,20337.24,363.7284
2020-06-03 12:45:00,20293.19,20364.96,20249.41,20330.82,57.3406
2020-06-03 13:00:00,20361.8,20428.65,20336.74,20348.02,93.8409
2020-06-03 13:15:00,20352.77,20369.31,20201.11,20322.4,70.1061
2020-06-03 13:30:00,20359.21,20392.4,20272.31,20342.6,67.9487
2020-06-03 13:45:00,20400.92,20406.92,20380.15,20392.8,220.733
2020-06-03 14:00:00,20382.5,20408.43,20380.89,20391.95,9.7634
2020-06-03 14:15:00,20393.53,20440.63,20358.72,20406.71,42.4243
2020-06-03 14:30:00,20446.35,20537.67,20438.23,20492.42,33.6888
2020-06-03 14:45:00,20523.3,20551.15,20472.69,20522.54,39.4532
2020-06-03 15:00:00,20527.67,20608.51,20527.05,20535.93,243.7128
2020-06-03 15:15:00,20463.64,20551.01,20431.95,20477.93,7.2452
2020-06-03 15:30:00,20519.77,20582.03,20504.76,20520.18,33.3219
2020-06-03 15:45:00,20542.81,20561.48,20529.55,20541.53,133.8192
2020-06-03 16:00:00,20608.56,20635.46,20590.67,20621.67,27.2795
2020-06-03 16:15:00,20658.87,20670.8,20572.88,20625.6,179.0441
2020-06-03 16:30:00,20529.23,20551.18,20488.6,20514.24,40.0355
2020-06-03 16:45:00,20428.93,20458.58,20369.97,20410.64,12.0128
2020-06-03 17:00:00,20454.59,20465.72,20403.26,20456.71,73.2335
2020-06-03 17:15:00,20433.18,20457.28,20401.59,20422.74,71.6078
2020-06-03 17:30:00,20432.2,20478.41,20421.13,20450.52,3.9918
2020-06-03 17:45:00,20472.18,20473.43,20444.6,20458.55,126.5534
2020-06-03 18:00:00,20445.15,20458.38,20402.99,20449.33,15.2852
2020-06-03 18:15:00,20423.55,20447.39,20419.84,20444.44,24.0076
2020-06-03 18:30:00,20391.92,20437.83,20384.45,20392.39,82.6636
2020-06-03 18:45:00,20386.49,20412.16,20343.48,20392.44,221.4397
2020-06-03 19:00:00,20405.0,20456.96,20324.15,20357.7,2.0842
2020-06-03 19:15:00,20344.84,20384.61,20301.13,20335.99,173.0175
2020-06-03 19:30:00,20349.36,20358.84,20294.46,20317.26,140.3017
2020-06-03 19:45:00,20327.43,20347.0,20297.85,20304.46,17.637
2020-06-03 20:00:00,20362.42,20398.25,20319.16,20361.65,46.6881
2020-06-03 20:15:00,20345.7,20421.85,20343.71,20354.74,236.4161
2020-06-03 20:30:00,20382.73,20448.45,20324.86,20418.27,15.8276
2020-06-03 20:45:00,20495.62,20549.71,20466.32,20513.49,11.8064
2020-06-03 21:00:00,20580.76,20589.12,20515.21,20567.13,132.883
2020-06-03 21:15:00,20594.91,20690.28,20589.41,20601.13,63.6607
2020-06-03 21:30:00,20630.11,20642.97,20608.96,20622.36,33.4245
2020-06-03 21:45:00,20634.95,20701.95,20606.2,20676.93,18.8579
2020-06-03 22:00:00,20692.89,20788.61,20638.85,20683.51,128.0935
2020-06-03 22:15:00,20768.38,20855.92,20663.64,20745.63,57.8932
2020-06-03 22:30:00,20747.98,20800.6,20714.63,20784.89,27.3653
2020-06-03 22:45:00,20771.21,20858.75,20734.82,20763.49,287.1472
2020-06-03 23:00:00,20848.31,20859.74,20737.57,20820.33,82.3405
2020-06-03 23:15:00,20862.08,20930.96,20822.78,20827.09,43.5761
2020-06-03 23:30:00,20811.02,20900.92,20792.91,20821.5,127.1745
2020-06-03 23:45:00,20809.01,20811.44,20733.85,20792.79,68.6027
2020-06-04 00:00:00,20833.94,20837.95,20769.34,20804.19,0.9463
2020-06-04 00:15:00,20875.8,20926.97,20834.07,20867.42,183.6529
2020-06-04 00:30:00,20951.0,20957.31,20882.34,20924.12,6.8651
2020-06-04 00:45:00,20946.59,20966.63,20930.15,20947.34,454.2524
2020-06-04 01:00:00,20994.35,21029.6,20931.61,20986.08,43.0377
2020-06-04 01:15:00,21054.09,21112.52,21036.6,21067.19,74.4102
2020-06-04 01:30:00,21055.3,21123.49,20999.18,21058.76,769.001
2020-06-04 01:45:00,20998.45,21035.4,20880.02,20989.35,31.3621
2020-06-04 02:00:00,21057.65,21099.04,21018.47,21072.33,62.1142
2020-06-04 02:15:00,21035.19,21044.09,21009.43,21039.89,140.6065
2020-06-04 02:30:00,21013.34,21052.83,20977.5,20997.37,62.9206
2020-06-04 02:45:00,20928.14,20956.49,20807.7,20885.27,40.6198
2020-06-04 03:00:00,20879.23,20924.18,20842.14,20922.11,12.855
2020-06-04 03:15:00,20862.54,20874.4,20802.21,20821.38,71.9603
2020-06-04 03:30:00,20770.16,20820.16,20707.89,20775.56,80.2394
2020-06-04 03:45:00,20833.34,20833.69,20808.69,20813.26,26.5038
2020-06-04 04:00:00,20883.6,20917.52,20831.14,20859.38,40.6307
2020-06-04 04:15:00,20852.21,20877.36,20802.55,20819.64,35.4708
2020-06-04 04:30:00,20797.15,20850.15,20758.11,20812.3,55.7514
2020-06-04 04:45:00,20754.18,20792.54,20717.38,20758.86,160.0668
2020-06-04 05:00:00,20724.64,20790.74,20708.83,20725.75,40.433
2020-06-04 05:15:00,20735.92,20755.95,20714.64,20743.33,31.8075
2020-06-04 05:30:00,20740.47,20743.6,20700.81,20713.15,183.1653
2020-06-04 05:45:00,20697.42,20734.64,20664.67,20699.01,166.6462
2020-06-04 06:00:00,20575.74,20669.18,20536.6,20609.1,157.6468
2020-06-04 06:15:00,20667.08,20694.5,20614.73,20680.17,135.7769
2020-06-04 06:30:00,20680.16,20760.54,20675.09,20712.85,219.5674
2020-06-04 06:45:00,20758.42,20797.1,20677.14,20763.16,124.9061
2020-06-04 07:00:00,20858.6,20862.0,20844.25,20844.58,18.5606
2020-06-04 07:15:00,20780.41,20883.45,20763.14,20794.01,3.3533
2020-06-04 07:30:00,20764.33,20808.97,20755.83,20772.7,20.0727
2020-06-04 07:45:00,20649.98,20688.52,20626.55,20655.65,45.3561
2020-06-04 08:00:00,20854.22,20855.06,20797.62,20851.29,5.4389
2020-06-04 08:15:00,20853.73,20909.09,20836.58,20842.97,141.4694
2020-06-04 08:30:00,20925.85,20953.76,20900.17,20908.97,102.5297
2020-06-04 08:45:00,20879.33,20889.56,20819.18,20832.35,126.5842
2020-06-04 09:00:00,20898.24,21014.45,20875.86,20895.66,10.0693
2020-06-04 09:15:00,21028.61,21061.34,20996.55,21013.15,39.8643
2020-06-04 09:30:00,20977.05,21059.3,20960.65,21010.4,61.5095
2020-06-04 09:45:00,20939.79,21003.85,20938.79,20947.73,92.2793
2020-06-04 10:00:00,20934.4,20993.54,20923.8,20940.06,162.3391
2020-06-04 10:15:00,20780.06,20880.96,20744.75,20801.22,376.9547
2020-06-04 10:30:00,20788.75,20816.97,20735.16,20799.9,8.578
2020-06-04 10:45:00,20849.92,20873.76,20835.72,20852.16,102.6229
2020-06-04 11:00:00,20840.45,20890.29,20832.3,20850.97,14.4859
2020-06-04 11:15:00,20888.45,20954.92,20776.13,20834.24,35.649
2020-06-04 11:30:00,20878.95,20909.2,20819.2,20868.26,147.8618
2020-06-04 11:45:00,20948.95,20963.41,20890.72,20907.11,513.256
2020-06-04 12:00:00,20835.1,20861.04,20762.67,20804.05,74.7561
2020-06-04 12:15:00,20797.33,20811.29,20794.95,20810.63,43.5591
2020-06-04 12:30:00,20964.54,20971.51,20884.95,20963.76,24.092
2020-06-04 12:45:00,20871.76,20883.52,20865.56,20880.84,152.5707
2020-06-04 13:00:00,20873.16,20891.5,20867.79,20876.54,234.049
2020-06-04 13:15:00,20978.69,21018.45,20970.86,20999.19,188.7689
2020-06-04 13:30:00,21060.5,21116.21,21024.7,21069.8,71.2721
2020-06-04 13:45:00,21045.97,21066.31,21004.36,21038.4,88.956
2020-06-04 14:00:00,21059.48,21112.02,21018.36,21052.46,181.1682
2020-06-04 14:15:00,21058.72,21079.8,21040.82,21053.38,264.3024
2020-06-04 14:30:00,21005.93,21085.59,20987.36,21007.19,279.7021
2020-06-04 14:45:00,21021.64,21037.47,20996.42,21003.56,117.0469
2020-06-04 15:00:00,20981.57,20997.81,20960.28,20986.97,21.2799
2020-06-04 15:15:00,21024.33,21051.88,20904.4,20995.12,37.5403
2020-06-04 15:30:00,20910.32,20989.88,20801.81,20949.03,30.9551
2020-06-04 15:45:00,20883.55,20902.54,20865.93,20869.85,19.0526
2020-06-04 16:00:00,20878.5,20901.66,20829.77,20868.3,28.8695
2020-06-04 16:15:00,20962.57,21020.63,20934.94,20976.72,203.9239
2020-06-04 16:30:00,20975.49,20998.87,20930.31,20982.94,147.1141
2020-06-04 16:45:00,20972.86,20973.06,20919.45,20963.12,4.4722
2020-06-04 17:00:00,21030.84,21063.11,20989.39,21011.59,15.9822
2020-06-04 17:15:00,20965.92,21023.37,20882.84,21002.66,418.8187
2020-06-04 17:30:00,21134.68,21149.46,21056.74,21121.41,25.6147
2020-06-04 17:45:00,21112.56,21160.42,21071.74,21122.22,100.6196
2020-06-04 18:00:00,21191.49,21194.15,21138.64,21167.67,23.0121
2020-06-04 18:15:00,21081.96,21134.78,21065.16,21120.81,26.6142
2020-06-04 18:30:00,21205.47,21223.62,21145.06,21153.74,69.0191
2020-06-04 18:45:00,21153.49,21206.49,21120.17,21172.25,66.8773
2020-06-04 19:00:00,21200.0,21225.7,21158.98,21169.72,103.8947
2020-06-04 19:15:00,21137.45,21174.89,21121.47,21138.92,18.4167
2020-06-04 19:30:00,21082.24,21125.2,21081.24,21099.51,30.4779
2020-06-04 19:45:00,21124.04,21158.86,21112.8,21118.44,97.856
2020-06-04 20:00:00,21181.12,21212.15,21078.27,21159.34,10.2481
2020-06-04 20:15:00,21119.48,21168.28,21110.59,21152.33,240.0474
2020-06-04 20:30:00,21186.47,21218.35,21159.56,21171.61,19.6988
2020-06-04 20:45:00,21170.01,21282.45,21157.69,21170.26,57.6957
2020-06-04 21:00:00,21189.8,21226.61,21131.72,21177.58,11.5019
2020-06-04 21:15:00,21166.14,21221.34,21120.76,21165.9,115.4659
2020-06-04 21:30:00,21156.0,21181.18,21150.16,21168.1,39.5893
2020-06-04 21:45:00,21316.74,21355.26,21308.14,21340.5,7.6492
2020-06-04 22:00:00,21375.89,21411.76,21348.52,21361.52,89.8046
2020-06-04 22:15:00,21418.22,21433.79,21341.75,21403.94,394.602
2020-06-04 22:30:00,21447.33,21552.9,21349.49,21433.14,204.7075
2020-06-04 22:45:00,21426.47,21520.6,21403.4,21417.31,121.3666
2020-06-04 23:00:00,21521.83,21543.39,21418.22,21501.52,1.273
2020-06-04 23:15:00,21514.02,21548.3,21478.44,21483.81,196.5146
2020-06-04 23:30:00,21512.45,21607.27,21487.08,21552.89,227.0446
2020-06-04 23:45:00,21481.93,21591.89,21444.59,21532.36,3.8738
2020-06-05 00:00:00,21508.31,21535.76,21444.62,21471.42,13.0549
2020-06-05 00:15:00,21467.2,21520.98,21453.58,21496.03,60.05
2020-06-05 00:30:00,21402.59,21453.85,21332.52,21425.87,51.4274
2020-06-05 00:45:00,21455.2,21466.36,21352.6,21461.37,34.8737
2020-06-05 01:00:00,21350.19,21446.66,21324.69,21385.56,22.0545
2020-06-05 01:15:00,21358.01,21377.04,21243.93,21366.16,79.6529
2020-06-05 01:30:00,21255.29,21315.29,21235.3,21275.46,147.5444
2020-06-05 01:45:00,21451.77,21459.73,21386.9,21456.78,276.5246
2020-06-05 02:00:00,21357.36,21387.48,21320.71,21351.38,35.8249
2020-06-05 02:15:00,21345.74,21360.3,21313.13,21353.08,121.4807
2020-06-05 02:30:00,21418.94,21471.8,21397.73,21427.39,155.2067
2020-06-05 02:45:00,21500.63,21541.59,21483.33,21495.08,65.001
2020-06-05 03:00:00,21573.56,21587.61,21539.88,21551.05,253.9507
2020-06-05 03:15:00,21566.14,21566.73,21519.79,21531.62,2.3247
2020-06-05 03:30:00,21615.25,21626.28,21611.58,21619.97,230.7404
2020-06-05 03:45:00,21719.86,21720.17,21662.66,21680.29,223.0284
2020-06-05 04:00:00,21714.21,21714.3,21659.8,21695.19,14.7339
2020-06-05 04:15:00,21685.18,21746.89,21654.08,21711.93,57.8789
2020-06-05 04:30:00,21665.86,21705.63,21642.73,21693.22,72.5383
2020-06-05 04:45:00,21622.61,21666.25,21592.26,21635.1,51.4121
2020-06-05 05:00:00,21747.86,21749.67,21668.75,21716.48,225.9108
2020-06-05 05:15:00,21792.13,21829.79,21785.98,21803.06,124.8222
2020-06-05 05:30:00,21705.17,21749.58,21610.45,21746.32,13.1819
2020-06-05 05:45:00,21732.4,21783.11,21732.12,21737.37,261.0585
