datetime,Open,High,Low,Close,Volume
2019-09-08 17:57:00,10000.00000,10000.00000,10000.00000,10000.00000,0.00000
2019-09-08 17:58:00,10000.00000,10000.00000,10000.00000,10000.00000,0.00000
2019-09-08 17:59:00,10000.00000,10000.00000,10000.00000,10000.00000,0.00000
2019-09-08 18:00:00,10000.00000,10000.00000,10000.00000,10000.00000,0.00000
2019-09-08 18:01:00,10000.00000,10000.00000,10000.00000,10000.00000,0.00000
2019-09-08 18:02:00,10000.00000,10000.00000,10000.00000,10000.00000,0.00000
2019-09-08 18:03:00,10000.00000,10000.00000,10000.00000,10000.00000,0.00000
2019-09-08 18:04:00,10000.00000,10000.00000,10000.00000,10000.00000,0.00000
2019-09-08 18:05:00,10000.00000,10000.00000,10000.00000,10000.00000,0.00000
2019-09-08 18:06:00,10000.00000,10000.00000,10000.00000,10000.00000,0.00000
2019-09-08 18:07:00,10000.00000,10000.00000,10000.00000,10000.00000,0.00000
2019-09-08 18:08:00,10000.00000,10000.00000,10000.00000,10000.00000,0.00000
2019-09-08 18:09:00,10000.00000,10000.00000,10000.00000,10000.00000,0.00000
2019-09-08 18:10:00,10000.00000,10000.00000,10000.00000,10000.00000,0.00000
2019-09-08 18:11:00,10000.00000,10000.00000,10000.00000,10000.00000,0.00000
2019-09-08 18:12:00,10000.00000,10000.00000,10000.00000,10000.00000,0.00000
2019-09-08 18:13:00,10000.00000,10000.00000,10000.00000,10000.00000,0.00000
2019-09-08 18:14:00,10000.00000,10000.00000,10000.00000,10000.00000,0.00000
2019-09-08 18:15:00,10000.00000,10000.00000,10000.00000,10000.00000,0.00000
2019-09-08 18:16:00,10000.00000,10000.00000,10000.00000,10000.00000,0.00000
2019-09-08 18:17:00,10000.00000,10000.00000,10000.00000,10000.00000,0.00000
2019-09-08 18:18:00,10000.00000,10000.00000,10000.00000,10000.00000,0.00000
2019-09-08 18:19:00,10000.00000,10000.00000,10000.00000,10000.00000,0.00000
2019-09-08 18:20:00,10000.00000,10000.00000,10000.00000,10000.00000,0.00000
2019-09-08 18:21:00,10000.00000,10000.00000,10000.00000,10000.00000,0.00000
2019-09-08 18:22:00,10000.00000,10000.00000,10000.00000,10000.00000,0.00000
2019-09-08 18:23:00,10000.00000,10000.00000,10000.00000,10000.00000,0.00000
2019-09-08 18:24:00,10000.00000,10000.00000,10000.00000,10000.00000,0.00000
2019-09-08 18:25:00,10000.00000,10000.00000,10000.00000,10000.00000,0.00000
2019-09-08 18:26:00,10000.00000,10000.00000,10000.00000,10000.00000,0.00000
2019-09-08 18:27:00,10000.00000,10000.00000,10000.00000,10000.00000,0.00000
2019-09-08 18:28:00,10000.00000,10000.00000,10000.00000,10000.00000,0.00000
2019-09-08 18:29:00,10000.00000,10000.00000,10000.00000,10000.00000,0.00000
2019-09-08 18:30:00,10000.00000,10000.00000,10000.00000,10000.00000,0.00000
2019-09-08 18:31:00,10000.00000,10000.00000,10000.00000,10000.00000,0.00000
2019-09-08 18:32:00,10000.00000,10000.00000,10000.00000,10000.00000,0.00000
2019-09-08 18:33:00,10000.00000,10000.00000,10000.00000,10000.00000,0.00000
2019-09-08 18:34:00,10000.00000,10000.00000,10000.00000,10000.00000,0.00000
2019-09-08 18:35:00,10000.00000,10000.00000,10000.00000,10000.00000,0.00000
2019-09-08 18:36:00,10000.00000,10000.00000,10000.00000,10000.00000,0.00000
2019-09-08 18:37:00,10000.00000,10000.00000,10000.00000,10000.00000,0.00000
2019-09-08 18:38:00,10000.00000,10000.00000,10000.00000,10000.00000,0.00000
2019-09-08 18:39:00,10000.00000,10000.00000,10000.00000,10000.00000,0.00000
2019-09-08 18:40:00,10000.00000,10000.00000,10000.00000,10000.00000,0.00000
2019-09-08 18:41:00,10000.00000,10000.00000,10000.00000,10000.00000,0.00000
2019-09-08 18:42:00,10000.00000,10000.00000,10000.00000,10000.00000,0.00000
2019-09-08 18:43:00,10000.00000,10000.00000,10000.00000,10000.00000,0.00000
2019-09-08 18:44:00,10000.00000,10000.00000,10000.00000,10000.00000,0.00000
2019-09-08 18:45:00,10000.00000,10000.00000,10000.00000,10000.00000,0.00000
2019-09-08 18:46:00,10000.00000,10000.00000,10000.00000,10000.00000,0.00000
2019-09-08 18:47:00,10000.00000,10000.00000,10000.00000,10000.00000,0.00000
2019-09-08 18:48:00,10000.00000,10000.00000,10000.00000,10000.00000,0.00000
2019-09-08 18:49:00,10000.00000,10000.00000,10000.00000,10000.00000,0.00000
2019-09-08 18:50:00,10000.00000,10000.00000,10000.00000,10000.00000,0.00000
2019-09-08 18:51:00,10000.00000,10000.00000,10000.00000,10000.00000,0.00000
2019-09-08 18:52:00,10000.00000,10000.00000,10000.00000,10000.00000,0.00000
2019-09-08 18:53:00,10000.00000,10000.00000,10000.00000,10000.00000,0.00000
2019-09-08 18:54:00,10000.00000,10000.00000,10000.00000,10000.00000,0.00000
2019-09-08 18:55:00,10000.00000,10000.00000,10000.00000,10000.00000,0.00000
2019-09-08 18:56:00,10000.00000,10000.00000,10000.00000,10000.00000,0.00000
2019-09-08 18:57:00,10000.00000,10000.00000,10000.00000,10000.00000,0.00000
2019-09-08 18:58:00,10000.00000,10000.00000,10000.00000,10000.00000,0.00000
2019-09-08 18:59:00,10000.00000,10000.00000,10000.00000,10000.00000,0.00000
2019-09-08 19:01:00,10000.00000,10000.00000,10000.00000,10000.00000,0.00000
2019-09-08 19:02:00,10000.00000,10000.00000,10000.00000,10000.00000,0.00000
2019-09-08 19:03:00,10000.00000,10000.00000,10000.00000,10000.00000,0.00000
2019-09-08 19:04:00,10000.00000,10000.00000,10000.00000,10000.00000,0.00000
2019-09-08 19:05:00,10000.00000,10000.00000,10000.00000,10000.00000,0.00000
2019-09-08 19:06:00,10000.00000,10000.00000,10000.00000,10000.00000,0.00000
2019-09-08 19:07:00,10000.00000,10000.00000,10000.00000,10000.00000,0.00000
2019-09-08 19:08:00,10000.00000,10000.00000,10000.00000,10000.00000,0.00000
2019-09-08 19:09:00,10000.00000,10000.00000,10000.00000,10000.00000,0.00000
2019-09-08 19:10:00,10000.00000,10000.00000,10000.00000,10000.00000,0.00000
2019-09-08 19:11:00,10000.00000,10000.00000,10000.00000,10000.00000,0.00000
2019-09-08 19:12:00,10000.00000,10000.00000,10000.00000,10000.00000,0.00000
2019-09-08 19:13:00,10344.77000,10345.41000,10344.77000,10345.41000,2.40000
2019-09-08 19:14:00,10345.41000,10345.41000,10345.41000,10345.41000,0.80000
2019-09-08 19:15:00,10345.41000,10345.41000,10345.41000,10345.41000,0.00000
2019-09-08 19:16:00,10350.37000,10350.37000,10347.91000,10347.91000,4.02000
2019-09-08 19:17:00,10347.91000,10350.97000,10347.27000,10350.97000,6.44000
2019-09-08 19:18:00,10350.97000,10352.86000,10350.27000,10352.51000,8.42000
2019-09-08 19:19:00,10352.97000,10352.97000,10349.19000,10349.19000,11.71000
2019-09-08 19:20:00,10349.87000,10357.53000,10349.87000,10357.53000,12.14000
2019-09-08 19:21:00,10356.23000,10356.38000,10349.19000,10349.19000,10.16000
2019-09-08 19:22:00,10349.19000,10352.05000,10348.36000,10352.05000,9.95000
2019-09-08 19:23:00,10351.30000,10351.30000,10346.62000,10346.62000,11.88000
2019-09-08 19:24:00,10347.88000,10347.88000,10345.45000,10346.19000,7.88000
2019-09-08 19:25:00,10346.19000,10346.19000,10345.45000,10346.00000,12.35000
2019-09-08 19:26:00,10345.45000,10346.35000,10343.25000,10343.25000,10.56000
2019-09-08 19:27:00,10343.25000,10351.30000,10342.90000,10351.30000,8.09000
2019-09-08 19:28:00,10352.18000,10352.18000,10348.04000,10348.04000,9.99000
2019-09-08 19:29:00,10348.86000,10354.62000,10348.86000,10354.62000,9.39000
2019-09-08 19:30:00,10354.62000,10356.19000,10354.62000,10355.96000,13.71000
2019-09-08 19:31:00,10355.96000,10357.35000,10355.34000,10357.35000,11.48000
2019-09-08 19:32:00,10357.35000,10357.35000,10354.05000,10354.64000,10.05000
2019-09-08 19:33:00,10354.64000,10354.99000,10353.14000,10353.14000,11.46000
2019-09-08 19:34:00,10353.14000,10353.14000,10344.33000,10346.00000,10.92000
2019-09-08 19:35:00,10345.27000,10347.09000,10345.27000,10347.09000,10.96000
2019-09-08 19:36:00,10347.09000,10347.09000,10346.18000,10346.18000,11.53000
2019-09-08 19:37:00,10345.27000,10345.27000,10340.34000,10341.94000,11.91000
2019-09-08 19:38:00,10341.94000,10342.02000,10341.49000,10341.49000,9.84000
2019-09-08 19:39:00,10341.14000,10341.14000,10340.79000,10341.14000,11.87000
2019-09-08 19:40:00,10341.14000,10342.18000,10340.79000,10341.84000,11.72000
2019-09-08 19:41:00,10341.84000,10342.56000,10340.72000,10340.72000,11.40000
2019-09-08 19:42:00,10341.07000,10341.07000,10339.32000,10341.07000,11.10000
2019-09-08 19:43:00,10341.07000,10341.07000,10338.30000,10338.30000,13.10000
2019-09-08 19:44:00,10338.30000,10345.74000,10337.43000,10345.74000,10.93000
2019-09-08 19:45:00,10345.74000,10345.74000,10339.89000,10340.24000,9.68000
2019-09-08 19:46:00,10340.24000,10342.33000,10340.24000,10341.99000,10.58000
2019-09-08 19:47:00,10341.99000,10344.63000,10341.64000,10343.97000,12.43000
2019-09-08 19:48:00,10344.63000,10344.63000,10343.62000,10344.05000,12.23000
2019-09-08 19:49:00,10344.05000,10344.05000,10343.62000,10344.04000,11.17000
2019-09-08 19:50:00,10344.04000,10347.45000,10344.04000,10345.24000,12.92000
2019-09-08 19:51:00,10345.76000,10347.14000,10345.24000,10345.24000,9.62000
2019-09-08 19:52:00,10345.24000,10345.24000,10343.33000,10343.33000,11.85000
2019-09-08 19:53:00,10343.33000,10344.46000,10343.33000,10344.39000,8.24000
2019-09-08 19:54:00,10344.39000,10344.39000,10341.46000,10341.46000,10.60000
2019-09-08 19:55:00,10341.46000,10341.46000,10339.91000,10339.91000,10.31000
2019-09-08 19:56:00,10339.91000,10339.91000,10338.38000,10338.38000,11.29000
2019-09-08 19:57:00,10339.12000,10343.21000,10338.38000,10338.38000,13.08000
2019-09-08 19:58:00,10339.43000,10339.43000,10338.38000,10338.38000,9.45000
2019-09-08 19:59:00,10338.93000,10340.12000,10338.93000,10340.12000,10.05000
2019-09-08 20:00:00,10340.12000,10342.21000,10339.80000,10342.21000,11.89000
2019-09-08 20:01:00,10342.21000,10343.09000,10341.63000,10341.63000,11.44000
2019-09-08 20:02:00,10341.63000,10342.78000,10340.60000,10341.15000,11.47000
2019-09-08 20:03:00,10341.51000,10341.52000,10341.15000,10341.52000,9.68000
2019-09-08 20:04:00,10341.52000,10341.52000,10339.80000,10340.69000,11.32000
2019-09-08 20:05:00,10341.03000,10344.07000,10340.69000,10344.07000,13.39000
2019-09-08 20:06:00,10344.76000,10344.76000,10344.76000,10344.76000,0.57000
2019-09-08 20:07:00,10344.76000,10344.76000,10344.76000,10344.76000,0.00000
2019-09-08 20:08:00,10344.76000,10344.76000,10344.76000,10344.76000,0.00000
2019-09-08 20:09:00,10344.76000,10344.76000,10344.76000,10344.76000,0.00000
2019-09-08 20:10:00,10344.76000,10344.76000,10344.76000,10344.76000,0.00000
2019-09-08 20:11:00,10344.76000,10344.76000,10344.76000,10344.76000,0.00000
2019-09-08 20:12:00,10344.76000,10344.76000,10344.76000,10344.76000,0.00000
2019-09-08 20:13:00,10361.42000,10361.42000,10359.93000,10359.93000,6.33000
2019-09-08 20:14:00,10359.93000,10359.93000,10358.96000,10358.96000,11.24000
2019-09-08 20:15:00,10358.96000,10359.96000,10358.96000,10359.96000,7.44000
2019-09-08 20:16:00,10359.96000,10360.08000,10359.38000,10360.08000,11.50000
2019-09-08 20:17:00,10360.42000,10360.42000,10357.53000,10357.53000,10.81000
2019-09-08 20:18:00,10357.53000,10358.93000,10356.72000,10357.50000,13.15000
2019-09-08 20:19:00,10357.50000,10357.53000,10356.72000,10357.15000,11.19000
2019-09-08 20:20:00,10357.15000,10357.53000,10356.72000,10357.04000,12.06000
2019-09-08 20:21:00,10357.04000,10362.53000,10356.72000,10362.53000,10.67000
2019-09-08 20:22:00,10362.53000,10363.45000,10361.27000,10361.27000,11.50000
2019-09-08 20:23:00,10359.53000,10359.53000,10358.87000,10358.87000,10.35000
2019-09-08 20:24:00,10359.55000,10360.13000,10358.87000,10360.13000,10.74000
2019-09-08 20:25:00,10360.13000,10362.48000,10360.13000,10362.25000,10.75000
2019-09-08 20:26:00,10362.25000,10362.35000,10361.69000,10361.69000,12.39000
2019-09-08 20:27:00,10361.69000,10361.69000,10352.53000,10352.53000,10.87000
2019-09-08 20:28:00,10350.84000,10353.96000,10350.84000,10353.32000,11.30000
2019-09-08 20:29:00,10353.32000,10353.32000,10351.83000,10351.83000,10.80000
2019-09-08 20:30:00,10351.83000,10351.83000,10347.01000,10348.03000,10.66000
2019-09-08 20:31:00,10348.03000,10350.54000,10347.01000,10350.54000,11.34000
2019-09-08 20:32:00,10350.96000,10350.96000,10349.39000,10349.79000,11.23000
2019-09-08 20:33:00,10349.79000,10351.91000,10349.39000,10349.88000,12.30000
2019-09-08 20:34:00,10349.88000,10352.00000,10349.39000,10351.09000,10.53000
2019-09-08 20:35:00,10351.09000,10354.43000,10351.09000,10351.78000,12.00000
2019-09-08 20:36:00,10353.70000,10355.78000,10352.50000,10352.50000,12.79000
2019-09-08 20:37:00,10354.02000,10355.32000,10353.67000,10355.32000,10.76000
2019-09-08 20:38:00,10355.32000,10359.70000,10354.82000,10358.35000,9.28000
2019-09-08 20:39:00,10358.35000,10360.53000,10357.61000,10359.18000,12.41000
2019-09-08 20:40:00,10360.07000,10368.38000,10360.07000,10366.33000,10.30000
2019-09-08 20:41:00,10366.66000,10368.64000,10366.33000,10366.75000,10.56000
2019-09-08 20:42:00,10364.81000,10366.06000,10360.07000,10361.99000,12.12000
2019-09-08 20:43:00,10360.07000,10361.10000,10357.61000,10357.61000,8.90000
2019-09-08 20:44:00,10357.61000,10358.83000,10356.81000,10358.50000,12.32000
2019-09-08 20:45:00,10358.50000,10360.43000,10357.35000,10357.35000,11.50000
2019-09-08 20:46:00,10356.81000,10356.81000,10349.37000,10349.37000,11.50000
2019-09-08 20:47:00,10348.68000,10350.61000,10346.29000,10346.29000,10.40000
2019-09-08 20:48:00,10346.29000,10347.37000,10344.09000,10344.09000,8.91000
2019-09-08 20:49:00,10344.09000,10345.40000,10342.64000,10343.31000,12.12000
2019-09-08 20:50:00,10343.31000,10344.58000,10342.07000,10342.07000,10.05000
2019-09-08 20:51:00,10342.07000,10344.11000,10341.05000,10341.64000,12.62000
2019-09-08 20:52:00,10343.67000,10343.67000,10340.15000,10341.60000,12.30000
2019-09-08 20:53:00,10341.60000,10343.70000,10340.87000,10340.87000,9.80000
2019-09-08 20:54:00,10340.87000,10342.28000,10339.18000,10339.18000,10.41000
2019-09-08 20:55:00,10340.16000,10341.03000,10334.54000,10334.93000,10.29000
2019-09-08 20:56:00,10334.93000,10337.85000,10334.54000,10337.85000,11.73000
2019-09-08 20:57:00,10335.80000,10339.10000,10334.97000,10339.10000,11.27000
2019-09-08 20:58:00,10339.10000,10345.74000,10338.73000,10345.74000,10.67000
2019-09-08 20:59:00,10352.63000,10352.63000,10350.00000,10351.42000,9.35000
2019-09-08 21:00:00,10351.42000,10353.97000,10350.00000,10353.08000,12.34000
2019-09-08 21:01:00,10350.94000,10351.50000,10350.00000,10350.92000,10.48000
2019-09-08 21:02:00,10350.92000,10350.92000,10350.00000,10350.00000,9.22000
2019-09-08 21:03:00,10350.00000,10350.00000,10346.25000,10346.25000,10.72000
2019-09-08 21:04:00,10348.16000,10348.16000,10343.74000,10343.74000,10.36000
2019-09-08 21:05:00,10343.74000,10345.91000,10342.24000,10342.24000,12.48000
2019-09-08 21:06:00,10342.98000,10345.02000,10342.24000,10343.78000,10.78000
2019-09-08 21:07:00,10343.78000,10343.78000,10339.88000,10339.88000,11.72000
2019-09-08 21:08:00,10339.88000,10339.88000,10326.28000,10326.28000,13.85000
2019-09-08 21:09:00,10326.28000,10331.00000,10325.62000,10331.00000,12.05000
2019-09-08 21:10:00,10331.00000,10333.40000,10330.34000,10333.40000,11.20000
2019-09-08 21:11:00,10334.76000,10334.76000,10330.34000,10331.15000,11.64000
2019-09-08 21:12:00,10331.15000,10331.15000,10329.14000,10329.14000,14.41000
2019-09-08 21:13:00,10329.14000,10329.30000,10328.19000,10328.19000,9.47000
2019-09-08 21:14:00,10328.70000,10330.15000,10328.19000,10329.80000,13.75000
2019-09-08 21:15:00,10330.22000,10330.22000,10326.55000,10327.47000,10.94000
2019-09-08 21:16:00,10327.47000,10327.47000,10325.62000,10325.62000,10.10000
2019-09-08 21:17:00,10325.62000,10325.62000,10324.77000,10324.77000,9.58000
2019-09-08 21:18:00,10325.37000,10326.52000,10324.77000,10326.52000,9.82000
2019-09-08 21:19:00,10330.24000,10330.70000,10329.57000,10330.70000,10.81000
2019-09-08 21:20:00,10331.04000,10335.79000,10330.70000,10335.79000,10.02000
2019-09-08 21:21:00,10335.79000,10335.79000,10334.74000,10334.74000,9.93000
2019-09-08 21:22:00,10335.79000,10335.96000,10335.40000,10335.96000,11.87000
2019-09-08 21:23:00,10335.96000,10336.07000,10335.40000,10335.40000,13.19000
2019-09-08 21:24:00,10338.36000,10338.36000,10337.54000,10338.31000,13.45000
2019-09-08 21:25:00,10338.31000,10338.44000,10337.54000,10338.44000,10.01000
2019-09-08 21:26:00,10338.44000,10339.56000,10337.04000,10339.56000,12.40000
2019-09-08 21:27:00,10339.56000,10346.03000,10338.57000,10346.03000,12.13000
2019-09-08 21:28:00,10346.03000,10346.03000,10344.90000,10344.90000,9.68000
2019-09-08 21:29:00,10343.68000,10343.84000,10343.36000,10343.36000,12.28000
2019-09-08 21:30:00,10343.36000,10345.02000,10342.56000,10343.24000,12.13000
2019-09-08 21:31:00,10342.49000,10344.92000,10342.49000,10344.92000,11.86000
2019-09-08 21:32:00,10344.17000,10344.17000,10341.81000,10341.81000,12.96000
2019-09-08 21:33:00,10340.52000,10341.81000,10340.17000,10341.81000,12.33000
2019-09-08 21:34:00,10341.81000,10343.41000,10341.13000,10343.41000,12.72000
2019-09-08 21:35:00,10343.41000,10345.61000,10343.41000,10345.26000,15.03000
2019-09-08 21:36:00,10345.26000,10348.81000,10345.26000,10347.97000,10.64000
2019-09-08 21:37:00,10349.14000,10353.75000,10349.14000,10353.75000,12.48000
2019-09-08 21:38:00,10353.75000,10355.59000,10353.39000,10355.23000,12.15000
2019-09-08 21:39:00,10355.23000,10355.23000,10352.74000,10352.74000,12.97000
2019-09-08 21:40:00,10353.09000,10353.20000,10352.74000,10353.20000,11.39000
2019-09-08 21:41:00,10353.20000,10355.17000,10352.20000,10355.17000,10.82000
2019-09-08 21:42:00,10355.17000,10357.23000,10354.70000,10356.87000,11.52000
2019-09-08 21:43:00,10356.87000,10357.11000,10356.26000,10356.61000,13.17000
2019-09-08 21:44:00,10356.94000,10356.94000,10356.26000,10356.26000,10.48000
2019-09-08 21:45:00,10356.26000,10356.27000,10355.61000,10356.24000,11.69000
2019-09-08 21:46:00,10356.24000,10356.29000,10355.61000,10356.29000,13.70000
2019-09-08 21:47:00,10356.29000,10356.45000,10355.28000,10356.44000,9.54000
2019-09-08 21:48:00,10356.44000,10356.66000,10355.80000,10356.66000,11.92000
2019-09-08 21:49:00,10356.66000,10356.81000,10355.80000,10356.81000,12.42000
2019-09-08 21:50:00,10356.81000,10356.87000,10355.80000,10356.87000,9.06000
2019-09-08 21:51:00,10356.87000,10358.60000,10355.80000,10358.60000,11.50000
2019-09-08 21:52:00,10358.60000,10361.26000,10358.12000,10361.26000,11.28000
2019-09-08 21:53:00,10362.07000,10362.18000,10361.26000,10361.26000,11.09000
2019-09-08 21:54:00,10363.93000,10364.65000,10363.35000,10364.65000,10.55000
2019-09-08 21:55:00,10364.65000,10365.17000,10363.99000,10365.17000,11.23000
2019-09-08 21:56:00,10365.17000,10378.11000,10364.74000,10377.25000,10.90000
2019-09-08 21:57:00,10378.11000,10380.02000,10378.11000,10380.02000,11.07000
2019-09-08 21:58:00,10380.02000,10382.14000,10379.49000,10382.14000,11.34000
2019-09-08 21:59:00,10382.14000,10391.90000,10381.61000,10391.90000,9.18000
2019-09-08 22:00:00,10392.59000,10393.01000,10388.78000,10388.84000,11.40000
2019-09-08 22:01:00,10388.84000,10388.84000,10386.41000,10386.41000,10.84000
2019-09-08 22:02:00,10387.57000,10398.14000,10387.57000,10398.14000,9.84000
2019-09-08 22:03:00,10397.55000,10397.55000,10393.08000,10393.08000,14.22000
2019-09-08 22:04:00,10393.95000,10393.95000,10391.42000,10391.93000,10.33000
2019-09-08 22:05:00,10391.93000,10391.97000,10391.42000,10391.97000,9.62000
2019-09-08 22:06:00,10391.97000,10392.13000,10390.85000,10392.13000,9.70000
2019-09-08 22:07:00,10392.00000,10393.10000,10392.00000,10392.42000,12.03000
2019-09-08 22:08:00,10392.97000,10394.16000,10392.42000,10394.16000,9.63000
2019-09-08 22:09:00,10394.16000,10394.25000,10393.39000,10394.25000,11.35000
2019-09-08 22:10:00,10394.25000,10395.96000,10393.39000,10394.93000,11.86000
2019-09-08 22:11:00,10398.37000,10401.32000,10398.37000,10400.34000,10.72000
2019-09-08 22:12:00,10400.34000,10404.87000,10399.79000,10404.87000,10.98000
2019-09-08 22:13:00,10404.87000,10405.44000,10404.51000,10404.88000,9.94000
2019-09-08 22:14:00,10404.88000,10406.65000,10404.51000,10406.65000,11.49000
2019-09-08 22:15:00,10407.25000,10407.27000,10405.46000,10405.46000,12.76000
2019-09-08 22:16:00,10400.35000,10401.11000,10399.79000,10401.11000,11.71000
2019-09-08 22:17:00,10401.11000,10407.78000,10400.49000,10407.78000,11.28000
2019-09-08 22:18:00,10407.78000,10410.24000,10407.78000,10410.24000,11.00000
2019-09-08 22:19:00,10410.24000,10412.65000,10410.24000,10411.31000,9.44000
2019-09-08 22:20:00,10411.31000,10411.63000,10410.69000,10410.69000,13.16000
2019-09-08 22:21:00,10411.32000,10411.47000,10409.85000,10409.85000,11.82000
2019-09-08 22:22:00,10409.85000,10409.85000,10404.71000,10404.71000,11.37000
2019-09-08 22:23:00,10402.64000,10402.64000,10397.57000,10397.57000,11.21000
2019-09-08 22:24:00,10396.85000,10396.85000,10392.42000,10392.42000,10.67000
2019-09-08 22:25:00,10393.48000,10399.58000,10392.96000,10399.58000,11.48000
2019-09-08 22:26:00,10398.95000,10398.95000,10396.29000,10396.29000,11.16000
2019-09-08 22:27:00,10396.29000,10397.27000,10395.38000,10397.27000,12.66000
2019-09-08 22:28:00,10397.27000,10397.62000,10393.95000,10393.95000,10.96000
2019-09-08 22:29:00,10391.81000,10391.81000,10390.45000,10391.29000,10.21000
2019-09-08 22:30:00,10393.97000,10399.61000,10393.29000,10399.61000,12.60000
2019-09-08 22:31:00,10399.61000,10404.76000,10399.61000,10404.76000,11.46000
2019-09-08 22:32:00,10404.76000,10404.76000,10399.61000,10399.61000,11.45000
2019-09-08 22:33:00,10399.61000,10399.61000,10397.66000,10398.22000,11.17000
2019-09-08 22:34:00,10398.22000,10398.22000,10395.22000,10395.53000,11.36000
2019-09-08 22:35:00,10395.53000,10395.53000,10391.29000,10391.29000,10.36000
2019-09-08 22:36:00,10391.67000,10391.77000,10390.35000,10391.77000,11.16000
2019-09-08 22:37:00,10391.77000,10392.17000,10391.23000,10391.89000,11.59000
2019-09-08 22:38:00,10391.89000,10391.92000,10390.85000,10391.91000,10.30000
2019-09-08 22:39:00,10391.91000,10391.95000,10390.85000,10391.95000,10.52000
2019-09-08 22:40:00,10391.95000,10391.95000,10389.33000,10390.45000,12.90000
2019-09-08 22:41:00,10390.45000,10391.32000,10389.91000,10390.85000,11.19000
2019-09-08 22:42:00,10391.28000,10391.36000,10390.85000,10390.85000,11.51000
2019-09-08 22:43:00,10390.85000,10390.85000,10389.91000,10389.91000,11.01000
2019-09-08 22:44:00,10389.91000,10389.91000,10388.69000,10389.12000,11.05000
2019-09-08 22:45:00,10389.12000,10389.12000,10388.13000,10388.13000,11.04000
2019-09-08 22:46:00,10388.13000,10388.13000,10387.32000,10388.10000,11.00000
2019-09-08 22:47:00,10388.10000,10388.10000,10386.29000,10387.57000,9.71000
2019-09-08 22:48:00,10387.57000,10387.57000,10386.29000,10387.54000,11.60000
2019-09-08 22:49:00,10387.54000,10388.02000,10387.10000,10388.02000,12.36000
2019-09-08 22:50:00,10388.02000,10388.09000,10384.52000,10384.52000,10.10000
2019-09-08 22:51:00,10384.52000,10384.52000,10383.95000,10383.95000,10.29000
2019-09-08 22:52:00,10383.95000,10383.95000,10380.52000,10383.30000,13.32000
2019-09-08 22:53:00,10383.30000,10383.50000,10382.71000,10383.50000,11.08000
2019-09-08 22:54:00,10383.50000,10383.58000,10382.71000,10382.71000,11.18000
2019-09-08 22:55:00,10383.56000,10383.61000,10382.71000,10383.61000,12.30000
2019-09-08 22:56:00,10383.61000,10386.22000,10383.61000,10386.22000,11.64000
2019-09-08 22:57:00,10386.22000,10386.29000,10385.80000,10385.80000,11.30000
2019-09-08 22:58:00,10385.80000,10385.80000,10382.00000,10383.32000,12.36000
2019-09-08 22:59:00,10382.72000,10382.72000,10375.58000,10375.58000,11.67000
2019-09-08 23:00:00,10375.58000,10376.54000,10375.58000,10375.58000,11.34000
2019-09-08 23:01:00,10376.50000,10376.56000,10374.66000,10375.37000,12.71000
2019-09-08 23:02:00,10376.03000,10376.03000,10369.72000,10369.72000,9.47000
2019-09-08 23:03:00,10369.72000,10370.19000,10366.57000,10366.57000,11.44000
2019-09-08 23:04:00,10366.91000,10369.32000,10366.57000,10367.32000,11.94000
2019-09-08 23:05:00,10367.32000,10369.48000,10366.90000,10369.48000,10.22000
2019-09-08 23:06:00,10369.48000,10369.48000,10367.44000,10367.44000,10.91000
2019-09-08 23:07:00,10367.44000,10369.12000,10367.44000,10367.44000,12.56000
2019-09-08 23:08:00,10367.44000,10368.57000,10367.44000,10368.57000,10.12000
2019-09-08 23:09:00,10368.57000,10370.01000,10368.57000,10370.01000,10.22000
2019-09-08 23:10:00,10370.01000,10370.07000,10369.50000,10369.64000,10.67000
2019-09-08 23:11:00,10369.64000,10369.64000,10367.49000,10367.49000,9.77000
2019-09-08 23:12:00,10367.49000,10368.71000,10366.92000,10368.02000,11.10000
2019-09-08 23:13:00,10368.02000,10368.10000,10367.47000,10367.47000,10.50000
2019-09-08 23:14:00,10367.47000,10376.61000,10366.92000,10376.61000,11.33000
2019-09-08 23:15:00,10376.61000,10381.03000,10376.61000,10381.03000,11.00000
2019-09-08 23:16:00,10381.03000,10381.19000,10380.55000,10380.55000,10.66000
2019-09-08 23:17:00,10381.26000,10382.69000,10380.55000,10382.69000,11.75000
2019-09-08 23:18:00,10388.08000,10391.73000,10388.08000,10391.73000,11.79000
2019-09-08 23:19:00,10391.73000,10391.96000,10390.80000,10391.96000,11.88000
2019-09-08 23:20:00,10391.96000,10391.96000,10391.40000,10391.85000,11.74000
2019-09-08 23:21:00,10391.85000,10391.91000,10391.40000,10391.91000,11.35000
2019-09-08 23:22:00,10391.91000,10391.93000,10390.80000,10391.93000,11.67000
2019-09-08 23:23:00,10391.93000,10391.96000,10390.80000,10391.96000,12.04000
2019-09-08 23:24:00,10391.96000,10391.96000,10391.40000,10391.40000,10.07000
2019-09-08 23:25:00,10391.83000,10391.89000,10391.40000,10391.84000,11.05000
2019-09-08 23:26:00,10391.84000,10391.96000,10390.80000,10391.96000,11.90000
2019-09-08 23:27:00,10391.96000,10391.96000,10391.30000,10391.91000,11.24000
2019-09-08 23:28:00,10391.91000,10391.91000,10389.72000,10391.83000,9.62000
2019-09-08 23:29:00,10391.83000,10391.89000,10391.13000,10391.89000,12.11000
2019-09-08 23:30:00,10391.89000,10391.93000,10391.13000,10391.91000,10.42000
2019-09-08 23:31:00,10391.91000,10391.91000,10389.72000,10391.07000,11.30000
2019-09-08 23:32:00,10391.85000,10391.85000,10391.07000,10391.07000,9.16000
2019-09-08 23:33:00,10391.80000,10391.83000,10391.07000,10391.82000,12.24000
2019-09-08 23:34:00,10391.82000,10391.89000,10390.43000,10391.89000,12.08000
2019-09-08 23:35:00,10391.89000,10391.95000,10391.08000,10391.83000,12.18000
2019-09-08 23:36:00,10391.83000,10391.95000,10390.43000,10390.43000,10.94000
2019-09-08 23:37:00,10390.43000,10391.90000,10389.72000,10391.33000,12.49000
2019-09-08 23:38:00,10391.33000,10391.90000,10390.72000,10391.90000,12.32000
2019-09-08 23:39:00,10391.90000,10391.90000,10391.23000,10391.86000,12.50000
2019-09-08 23:40:00,10391.86000,10391.86000,10390.42000,10390.42000,12.19000
2019-09-08 23:41:00,10390.42000,10390.42000,10388.69000,10389.49000,10.68000
2019-09-08 23:42:00,10389.49000,10390.45000,10388.69000,10390.45000,10.83000
2019-09-08 23:43:00,10390.45000,10390.67000,10389.77000,10390.67000,11.08000
2019-09-08 23:44:00,10390.67000,10392.25000,10389.34000,10389.34000,13.60000
2019-09-08 23:45:00,10389.34000,10389.34000,10377.30000,10377.30000,11.32000
2019-09-08 23:46:00,10377.30000,10380.49000,10376.32000,10379.92000,10.72000
2019-09-08 23:47:00,10379.92000,10379.92000,10377.17000,10377.17000,11.90000
2019-09-08 23:48:00,10375.95000,10377.22000,10375.95000,10376.63000,9.57000
2019-09-08 23:49:00,10376.63000,10378.71000,10375.95000,10378.08000,10.53000
2019-09-08 23:50:00,10378.74000,10378.74000,10378.08000,10378.08000,9.77000
2019-09-08 23:51:00,10378.82000,10378.83000,10378.08000,10378.80000,10.29000
2019-09-08 23:52:00,10379.40000,10389.99000,10378.80000,10389.52000,10.93000
2019-09-08 23:53:00,10389.98000,10391.94000,10389.98000,10391.22000,12.01000
2019-09-08 23:54:00,10391.90000,10391.90000,10390.67000,10390.67000,12.23000
2019-09-08 23:55:00,10391.64000,10391.64000,10385.65000,10388.62000,13.05000
2019-09-08 23:56:00,10388.62000,10388.62000,10387.48000,10387.48000,12.68000
2019-09-08 23:57:00,10380.47000,10383.33000,10378.75000,10383.33000,9.12000
2019-09-08 23:58:00,10383.33000,10391.61000,10382.96000,10391.61000,11.26000
2019-09-08 23:59:00,10391.61000,10391.96000,10391.28000,10391.63000,12.62000
2019-09-09 00:00:00,10391.63000,10391.63000,10391.63000,10391.63000,0.00000
2019-09-09 00:01:00,10391.63000,10391.63000,10391.63000,10391.63000,0.00000
2019-09-09 00:02:00,10391.63000,10391.63000,10391.63000,10391.63000,0.00000
2019-09-09 00:03:00,10391.63000,10391.63000,10391.63000,10391.63000,0.00000
2019-09-09 00:04:00,10391.63000,10391.63000,10391.63000,10391.63000,0.00000
2019-09-09 00:05:00,10391.63000,10391.63000,10391.63000,10391.63000,0.00000
2019-09-09 00:06:00,10391.63000,10391.63000,10391.63000,10391.63000,0.00000
2019-09-09 00:07:00,10391.63000,10391.63000,10391.63000,10391.63000,0.00000
2019-09-09 00:08:00,10391.63000,10391.63000,10391.63000,10391.63000,0.00000
2019-09-09 00:09:00,10391.63000,10391.63000,10391.63000,10391.63000,0.00000
2019-09-09 00:10:00,10391.63000,10391.63000,10391.63000,10391.63000,0.00000
2019-09-09 00:11:00,10391.63000,10391.63000,10391.63000,10391.63000,0.00000
2019-09-09 00:12:00,10391.63000,10391.63000,10391.63000,10391.63000,0.00000
2019-09-09 00:13:00,10391.63000,10391.63000,10391.63000,10391.63000,0.00000
2019-09-09 00:14:00,10391.63000,10391.63000,10391.63000,10391.63000,0.00000
2019-09-09 00:15:00,10391.63000,10391.63000,10391.63000,10391.63000,0.00000
2019-09-09 00:16:00,10391.63000,10391.63000,10391.63000,10391.63000,0.00000
2019-09-09 00:17:00,10391.63000,10391.63000,10391.63000,10391.63000,0.00000
2019-09-09 00:18:00,10391.63000,10391.63000,10391.63000,10391.63000,0.00000
2019-09-09 00:19:00,10391.63000,10391.63000,10391.63000,10391.63000,0.00000
2019-09-09 00:20:00,10391.63000,10391.63000,10391.63000,10391.63000,0.00000
2019-09-09 00:21:00,10391.63000,10391.63000,10391.63000,10391.63000,0.00000
2019-09-09 00:22:00,10391.63000,10391.63000,10391.63000,10391.63000,0.00000
2019-09-09 00:23:00,10391.63000,10391.63000,10391.63000,10391.63000,0.00000
2019-09-09 00:24:00,10391.63000,10391.63000,10391.63000,10391.63000,0.00000
2019-09-09 00:25:00,10391.63000,10391.63000,10391.63000,10391.63000,0.00000
2019-09-09 00:26:00,10391.63000,10391.63000,10391.63000,10391.63000,0.00000
2019-09-09 00:27:00,10391.63000,10391.63000,10391.63000,10391.63000,0.00000
2019-09-09 00:28:00,10391.63000,10391.63000,10391.63000,10391.63000,0.00000
2019-09-09 00:29:00,10391.63000,10391.63000,10391.63000,10391.63000,0.00000
2019-09-09 00:30:00,10391.63000,10391.63000,10391.63000,10391.63000,0.00000
2019-09-09 00:31:00,10391.63000,10391.63000,10391.63000,10391.63000,0.00000
2019-09-09 00:32:00,10391.63000,10391.63000,10391.63000,10391.63000,0.00000
2019-09-09 00:33:00,10391.63000,10391.63000,10391.63000,10391.63000,0.00000
2019-09-09 00:34:00,10391.63000,10391.63000,10391.63000,10391.63000,0.00000
2019-09-09 00:35:00,10391.63000,10391.63000,10391.63000,10391.63000,0.00000
2019-09-09 00:36:00,10391.63000,10391.63000,10391.63000,10391.63000,0.00000
2019-09-09 00:37:00,10391.63000,10391.63000,10391.63000,10391.63000,0.00000
2019-09-09 00:38:00,10391.63000,10391.63000,10391.63000,10391.63000,0.00000
2019-09-09 00:39:00,10391.63000,10391.63000,10391.63000,10391.63000,0.00000
2019-09-09 00:40:00,10391.63000,10391.63000,10391.63000,10391.63000,0.00000
2019-09-09 00:41:00,10391.63000,10391.63000,10391.63000,10391.63000,0.00000
2019-09-09 00:42:00,10391.63000,10391.63000,10391.63000,10391.63000,0.00000
2019-09-09 00:43:00,10391.63000,10391.63000,10391.63000,10391.63000,0.00000
2019-09-09 00:44:00,10391.63000,10391.63000,10391.63000,10391.63000,0.00000
2019-09-09 00:45:00,10391.63000,10391.63000,10391.63000,10391.63000,0.00000
2019-09-09 00:46:00,10391.63000,10391.63000,10391.63000,10391.63000,0.00000
2019-09-09 00:47:00,10391.63000,10391.63000,10391.63000,10391.63000,0.00000
2019-09-09 00:48:00,10391.63000,10391.63000,10391.63000,10391.63000,0.00000
2019-09-09 00:49:00,10391.63000,10391.63000,10391.63000,10391.63000,0.00000
2019-09-09 00:50:00,10391.63000,10391.63000,10391.63000,10391.63000,0.00000
2019-09-09 00:51:00,10391.63000,10391.63000,10391.63000,10391.63000,0.00000
2019-09-09 00:52:00,10391.63000,10391.63000,10391.63000,10391.63000,0.00000
2019-09-09 00:53:00,10391.63000,10391.63000,10391.63000,10391.63000,0.00000
2019-09-09 00:54:00,10391.63000,10391.63000,10391.63000,10391.63000,0.00000
2019-09-09 00:55:00,10391.63000,10391.63000,10391.63000,10391.63000,0.00000
2019-09-09 00:56:00,10391.63000,10391.63000,10391.63000,10391.63000,0.00000
2019-09-09 00:57:00,10391.63000,10391.63000,10391.63000,10391.63000,0.00000
2019-09-09 00:58:00,10391.63000,10391.63000,10391.63000,10391.63000,0.00000
2019-09-09 00:59:00,10391.63000,10391.63000,10391.63000,10391.63000,0.00000
2019-09-09 01:00:00,10391.63000,10391.63000,10391.63000,10391.63000,0.00000
2019-09-09 01:01:00,10391.63000,10391.63000,10391.63000,10391.63000,0.00000
2019-09-09 01:02:00,10391.63000,10391.63000,10391.63000,10391.63000,0.00000
2019-09-09 01:03:00,10391.63000,10391.63000,10391.63000,10391.63000,0.00000
2019-09-09 01:04:00,10391.63000,10391.63000,10391.63000,10391.63000,0.00000
2019-09-09 01:05:00,10391.63000,10391.63000,10391.63000,10391.63000,0.00000
2019-09-09 01:06:00,10391.63000,10391.63000,10391.63000,10391.63000,0.00000
2019-09-09 01:07:00,10391.63000,10391.63000,10391.63000,10391.63000,0.00000
2019-09-09 01:08:00,10391.63000,10391.63000,10391.63000,10391.63000,0.00000
2019-09-09 01:09:00,10391.63000,10391.63000,10391.63000,10391.63000,0.00000
2019-09-09 01:10:00,10391.63000,10391.63000,10391.63000,10391.63000,0.00000
2019-09-09 01:11:00,10391.63000,10391.63000,10391.63000,10391.63000,0.00000
2019-09-09 01:12:00,10391.63000,10391.63000,10391.63000,10391.63000,0.00000
2019-09-09 01:13:00,10391.63000,10391.63000,10391.63000,10391.63000,0.00000
2019-09-09 01:14:00,10391.63000,10391.63000,10391.63000,10391.63000,0.00000
2019-09-09 01:15:00,10391.63000,10391.63000,10391.63000,10391.63000,0.00000
2019-09-09 01:16:00,10391.63000,10391.63000,10391.63000,10391.63000,0.00000
2019-09-09 01:17:00,10391.63000,10391.63000,10391.63000,10391.63000,0.00000
2019-09-09 01:18:00,10391.63000,10391.63000,10391.63000,10391.63000,0.00000
2019-09-09 01:19:00,10391.63000,10391.63000,10391.63000,10391.63000,0.00000
2019-09-09 01:20:00,10391.63000,10391.63000,10391.63000,10391.63000,0.00000
2019-09-09 01:21:00,10391.63000,10391.63000,10391.63000,10391.63000,0.00000
2019-09-09 01:22:00,10391.63000,10391.63000,10391.63000,10391.63000,0.00000
2019-09-09 01:23:00,10391.63000,10391.63000,10391.63000,10391.63000,0.00000
2019-09-09 01:24:00,10391.63000,10391.63000,10391.63000,10391.63000,0.00000
2019-09-09 01:25:00,10391.63000,10391.63000,10391.63000,10391.63000,0.00000
2019-09-09 01:26:00,10391.63000,10391.63000,10391.63000,10391.63000,0.00000
2019-09-09 01:27:00,10391.63000,10391.63000,10391.63000,10391.63000,0.00000
2019-09-09 01:28:00,10391.63000,10391.63000,10391.63000,10391.63000,0.00000
2019-09-09 01:29:00,10391.63000,10391.63000,10391.63000,10391.63000,0.00000
2019-09-09 01:30:00,10391.63000,10391.63000,10391.63000,10391.63000,0.00000
2019-09-09 01:31:00,10391.63000,10391.63000,10391.63000,10391.63000,0.00000
2019-09-09 01:32:00,10391.63000,10391.63000,10391.63000,10391.63000,0.00000
2019-09-09 01:33:00,10391.63000,10391.63000,10391.63000,10391.63000,0.00000
2019-09-09 01:34:00,10391.63000,10391.63000,10391.63000,10391.63000,0.00000
2019-09-09 01:35:00,10391.63000,10391.63000,10391.63000,10391.63000,0.00000
2019-09-09 01:36:00,10391.63000,10391.63000,10391.63000,10391.63000,0.00000
2019-09-09 01:37:00,10391.63000,10391.63000,10391.63000,10391.63000,0.00000
2019-09-09 01:38:00,10391.63000,10391.63000,10391.63000,10391.63000,0.00000
2019-09-09 01:39:00,10391.63000,10391.63000,10391.63000,10391.63000,0.00000
2019-09-09 01:40:00,10391.63000,10391.63000,10391.63000,10391.63000,0.00000
2019-09-09 01:41:00,10391.63000,10391.63000,10391.63000,10391.63000,0.00000
2019-09-09 01:42:00,10391.63000,10391.63000,10391.63000,10391.63000,0.00000
2019-09-09 01:43:00,10391.63000,10391.63000,10391.63000,10391.63000,0.00000
2019-09-09 01:44:00,10391.63000,10391.63000,10391.63000,10391.63000,0.00000
2019-09-09 01:45:00,10391.63000,10391.63000,10391.63000,10391.63000,0.00000
2019-09-09 01:46:00,10391.63000,10391.63000,10391.63000,10391.63000,0.00000
2019-09-09 01:47:00,10391.63000,10391.63000,10391.63000,10391.63000,0.00000
2019-09-09 01:48:00,10391.63000,10391.63000,10391.63000,10391.63000,0.00000
2019-09-09 01:49:00,10391.63000,10391.63000,10391.63000,10391.63000,0.00000
2019-09-09 01:50:00,10391.63000,10391.63000,10391.63000,10391.63000,0.00000
2019-09-09 01:51:00,10391.63000,10391.63000,10391.63000,10391.63000,0.00000
2019-09-09 01:52:00,10391.63000,10391.63000,10391.63000,10391.63000,0.00000
2019-09-09 01:53:00,10391.63000,10391.63000,10391.63000,10391.63000,0.00000
2019-09-09 01:54:00,10391.63000,10391.63000,10391.63000,10391.63000,0.00000
2019-09-09 01:55:00,10391.63000,10391.63000,10391.63000,10391.63000,0.00000
2019-09-09 01:56:00,10391.63000,10391.63000,10391.63000,10391.63000,0.00000
2019-09-09 01:57:00,10391.63000,10391.63000,10391.63000,10391.63000,0.00000
2019-09-09 01:58:00,10391.63000,10391.63000,10391.63000,10391.63000,0.00000
2019-09-09 01:59:00,10391.63000,10391.63000,10391.63000,10391.63000,0.00000
2019-09-09 02:00:00,10391.63000,10391.63000,10391.63000,10391.63000,0.00000
2019-09-09 02:01:00,10391.63000,10391.63000,10391.63000,10391.63000,0.00000
2019-09-09 02:02:00,10391.63000,10391.63000,10391.63000,10391.63000,0.00000
2019-09-09 02:03:00,10391.63000,10391.63000,10391.63000,10391.63000,0.00000
2019-09-09 02:04:00,10391.63000,10391.63000,10391.63000,10391.63000,0.00000
2019-09-09 02:05:00,10391.63000,10391.63000,10391.63000,10391.63000,0.00000
2019-09-09 02:06:00,10391.63000,10391.63000,10391.63000,10391.63000,0.00000
2019-09-09 02:07:00,10391.63000,10391.63000,10391.63000,10391.63000,0.00000
2019-09-09 02:08:00,10391.63000,10391.63000,10391.63000,10391.63000,0.00000
2019-09-09 02:09:00,10391.63000,10391.63000,10391.63000,10391.63000,0.00000
2019-09-09 02:10:00,10391.63000,10391.63000,10391.63000,10391.63000,0.00000
2019-09-09 02:11:00,10391.63000,10391.63000,10391.63000,10391.63000,0.00000
2019-09-09 02:12:00,10391.63000,10391.63000,10391.63000,10391.63000,0.00000
2019-09-09 02:13:00,10391.63000,10391.63000,10391.63000,10391.63000,0.00000
2019-09-09 02:14:00,10391.63000,10391.63000,10391.63000,10391.63000,0.00000
2019-09-09 02:15:00,10391.63000,10391.63000,10391.63000,10391.63000,0.00000
2019-09-09 02:16:00,10391.63000,10391.63000,10391.63000,10391.63000,0.00000
2019-09-09 02:17:00,10391.63000,10391.63000,10391.63000,10391.63000,0.00000
2019-09-09 02:18:00,10391.63000,10391.63000,10391.63000,10391.63000,0.00000
2019-09-09 02:19:00,10391.63000,10391.63000,10391.63000,10391.63000,0.00000
2019-09-09 02:20:00,10391.63000,10391.63000,10391.63000,10391.63000,0.00000
2019-09-09 02:21:00,10391.63000,10391.63000,10391.63000,10391.63000,0.00000
2019-09-09 02:22:00,10391.63000,10391.63000,10391.63000,10391.63000,0.00000
2019-09-09 02:23:00,10391.63000,10391.63000,10391.63000,10391.63000,0.00000
2019-09-09 02:24:00,10391.63000,10391.63000,10391.63000,10391.63000,0.00000
2019-09-09 02:25:00,10391.63000,10391.63000,10391.63000,10391.63000,0.00000
2019-09-09 02:26:00,10391.63000,10391.63000,10391.63000,10391.63000,0.00000
2019-09-09 02:27:00,10391.63000,10391.63000,10391.63000,10391.63000,0.00000
2019-09-09 02:28:00,10391.63000,10391.63000,10391.63000,10391.63000,0.00000
2019-09-09 02:29:00,10391.63000,10391.63000,10391.63000,10391.63000,0.00000
2019-09-09 02:30:00,10391.63000,10391.63000,10391.63000,10391.63000,0.00000
2019-09-09 02:31:00,10391.63000,10391.63000,10391.63000,10391.63000,0.00000
2019-09-09 02:32:00,10391.63000,10391.63000,10391.63000,10391.63000,0.00000
2019-09-09 02:33:00,10391.63000,10391.63000,10391.63000,10391.63000,0.00000
2019-09-09 02:34:00,10391.63000,10391.63000,10391.63000,10391.63000,0.00000
2019-09-09 02:35:00,10391.63000,10391.63000,10391.63000,10391.63000,0.00000
2019-09-09 02:36:00,10391.63000,10391.63000,10391.63000,10391.63000,0.00000
2019-09-09 02:37:00,10391.63000,10391.63000,10391.63000,10391.63000,0.00000
2019-09-09 02:38:00,10391.63000,10391.63000,10391.63000,10391.63000,0.00000
2019-09-09 02:39:00,10391.63000,10391.63000,10391.63000,10391.63000,0.00000
2019-09-09 02:40:00,10391.63000,10391.63000,10391.63000,10391.63000,0.00000
2019-09-09 02:41:00,10391.63000,10391.63000,10391.63000,10391.63000,0.00000
2019-09-09 02:42:00,10391.63000,10391.63000,10391.63000,10391.63000,0.00000
2019-09-09 02:43:00,10391.63000,10391.63000,10391.63000,10391.63000,0.00000
2019-09-09 02:44:00,10391.63000,10391.63000,10391.63000,10391.63000,0.00000
2019-09-09 02:45:00,10391.63000,10391.63000,10391.63000,10391.63000,0.00000
2019-09-09 02:46:00,10391.63000,10391.63000,10391.63000,10391.63000,0.00000
2019-09-09 02:47:00,10391.63000,10391.63000,10391.63000,10391.63000,0.00000
2019-09-09 02:48:00,10391.63000,10391.63000,10391.63000,10391.63000,0.00000
2019-09-09 02:49:00,10391.63000,10391.63000,10391.63000,10391.63000,0.00000
2019-09-09 02:50:00,10391.63000,10391.63000,10391.63000,10391.63000,0.00000
2019-09-09 02:51:00,10316.62000,10316.62000,10316.62000,10316.62000,4.42000
2019-09-09 02:52:00,10316.62000,10316.65000,10316.29000,10316.63000,11.95000
2019-09-09 02:53:00,10316.63000,10316.63000,10315.14000,10316.18000,12.77000
2019-09-09 02:54:00,10316.18000,10316.18000,10314.14000,10314.14000,9.89000
2019-09-09 02:55:00,10316.14000,10316.30000,10315.47000,10316.26000,10.60000
2019-09-09 02:56:00,10315.47000,10316.34000,10315.47000,10316.34000,10.91000
2019-09-09 02:57:00,10316.34000,10316.34000,10314.83000,10316.19000,10.19000
2019-09-09 02:58:00,10316.19000,10316.21000,10314.66000,10316.10000,12.82000
2019-09-09 02:59:00,10314.12000,10314.12000,10294.29000,10296.04000,12.90000
2019-09-09 03:00:00,10295.81000,10307.68000,10294.50000,10307.68000,10.68000
2019-09-09 03:01:00,10310.39000,10314.68000,10310.39000,10314.67000,12.87000
2019-09-09 03:02:00,10313.55000,10313.55000,10309.35000,10309.96000,9.58000
2019-09-09 03:03:00,10309.96000,10313.55000,10309.35000,10313.55000,12.06000
2019-09-09 03:04:00,10314.65000,10315.05000,10312.18000,10312.18000,10.10000
2019-09-09 03:05:00,10312.73000,10313.99000,10312.18000,10313.99000,12.70000
2019-09-09 03:06:00,10313.99000,10316.60000,10313.40000,10316.60000,10.98000
2019-09-09 03:07:00,10316.60000,10316.68000,10315.67000,10315.67000,12.53000
2019-09-09 03:08:00,10315.67000,10316.62000,10315.35000,10316.18000,11.40000
2019-09-09 03:09:00,10316.18000,10316.60000,10316.18000,10316.54000,11.69000
2019-09-09 03:10:00,10316.54000,10316.58000,10312.88000,10314.34000,11.78000
2019-09-09 03:11:00,10314.34000,10315.93000,10313.43000,10315.93000,10.44000
2019-09-09 03:12:00,10316.31000,10316.60000,10315.93000,10316.60000,13.09000
2019-09-09 03:13:00,10316.60000,10316.60000,10312.18000,10315.64000,10.94000
2019-09-09 03:14:00,10315.35000,10315.35000,10312.14000,10312.86000,11.47000
2019-09-09 03:15:00,10312.14000,10312.14000,10310.71000,10310.71000,11.89000
2019-09-09 03:16:00,10310.71000,10312.21000,10307.81000,10312.21000,10.93000
2019-09-09 03:17:00,10312.21000,10316.29000,10311.49000,10315.54000,11.77000
2019-09-09 03:18:00,10315.53000,10315.53000,10309.32000,10309.32000,10.82000
2019-09-09 03:19:00,10309.32000,10309.78000,10304.34000,10304.88000,13.01000
2019-09-09 03:20:00,10304.88000,10307.29000,10304.88000,10306.44000,12.40000
2019-09-09 03:21:00,10306.34000,10307.68000,10306.34000,10307.68000,9.78000
2019-09-09 03:22:00,10309.33000,10310.84000,10309.33000,10310.33000,10.40000
2019-09-09 03:23:00,10311.32000,10311.32000,10306.24000,10306.24000,11.60000
2019-09-09 03:24:00,10306.24000,10306.24000,10303.35000,10305.41000,10.98000
2019-09-09 03:25:00,10305.41000,10306.35000,10303.90000,10305.50000,10.99000
2019-09-09 03:26:00,10306.39000,10306.66000,10305.50000,10306.66000,13.36000
2019-09-09 03:27:00,10306.66000,10309.80000,10306.04000,10309.80000,11.65000
2019-09-09 03:28:00,10313.78000,10314.09000,10311.79000,10314.09000,9.44000
2019-09-09 03:29:00,10314.09000,10315.77000,10313.53000,10314.22000,11.54000
2019-09-09 03:30:00,10314.22000,10315.79000,10313.53000,10315.79000,10.61000
2019-09-09 03:31:00,10316.23000,10316.26000,10315.39000,10315.39000,12.97000
2019-09-09 03:32:00,10316.30000,10316.30000,10314.27000,10314.82000,11.51000
2019-09-09 03:33:00,10314.82000,10314.82000,10310.84000,10310.84000,10.17000
2019-09-09 03:34:00,10310.84000,10310.84000,10307.72000,10310.24000,12.49000
2019-09-09 03:35:00,10310.24000,10310.90000,10308.05000,10308.05000,9.94000
2019-09-09 03:36:00,10308.05000,10308.05000,10295.82000,10295.82000,11.76000
2019-09-09 03:37:00,10295.03000,10295.03000,10287.18000,10288.75000,13.26000
2019-09-09 03:38:00,10288.75000,10289.14000,10272.98000,10273.33000,10.77000
2019-09-09 03:39:00,10273.33000,10278.05000,10268.72000,10268.72000,13.73000
2019-09-09 03:40:00,10267.75000,10279.48000,10267.75000,10276.21000,10.18000
2019-09-09 03:41:00,10273.41000,10273.41000,10268.84000,10268.84000,11.32000
2019-09-09 03:42:00,10268.84000,10272.12000,10267.77000,10272.12000,13.86000
2019-09-09 03:43:00,10272.12000,10272.72000,10271.14000,10272.72000,10.50000
2019-09-09 03:44:00,10272.72000,10273.50000,10270.59000,10270.59000,11.16000
2019-09-09 03:45:00,10270.59000,10272.48000,10267.37000,10272.48000,9.21000
2019-09-09 03:46:00,10272.48000,10277.40000,10271.43000,10276.87000,11.09000
2019-09-09 03:47:00,10277.99000,10280.19000,10274.77000,10280.19000,11.04000
2019-09-09 03:48:00,10280.19000,10297.27000,10280.19000,10296.54000,10.65000
2019-09-09 03:49:00,10296.54000,10296.54000,10293.35000,10293.35000,13.59000
2019-09-09 03:50:00,10293.35000,10294.26000,10293.35000,10294.26000,11.44000
2019-09-09 03:51:00,10294.26000,10294.76000,10294.26000,10294.76000,10.32000
2019-09-09 03:52:00,10294.76000,10296.55000,10294.76000,10296.47000,12.18000
2019-09-09 03:53:00,10296.47000,10297.01000,10294.76000,10296.88000,10.16000
2019-09-09 03:54:00,10296.88000,10297.03000,10295.57000,10296.93000,11.66000
2019-09-09 03:55:00,10296.93000,10297.04000,10295.57000,10295.57000,12.65000
2019-09-09 03:56:00,10295.57000,10295.57000,10293.35000,10293.35000,8.54000
2019-09-09 03:57:00,10293.35000,10294.33000,10292.46000,10294.33000,11.53000
2019-09-09 03:58:00,10294.33000,10298.25000,10294.00000,10298.25000,10.91000
2019-09-09 03:59:00,10298.25000,10298.49000,10297.89000,10297.89000,10.94000
2019-09-09 04:00:00,10297.89000,10297.89000,10296.47000,10296.47000,12.76000
2019-09-09 04:01:00,10296.47000,10296.47000,10293.53000,10293.53000,13.27000
2019-09-09 04:02:00,10294.15000,10294.15000,10293.05000,10293.46000,10.78000
2019-09-09 04:03:00,10293.46000,10295.59000,10293.05000,10295.59000,9.96000
2019-09-09 04:04:00,10295.59000,10295.75000,10295.14000,10295.75000,12.21000
2019-09-09 04:05:00,10297.12000,10297.89000,10297.12000,10297.89000,10.54000
2019-09-09 04:06:00,10297.89000,10299.58000,10297.12000,10298.86000,10.52000
2019-09-09 04:07:00,10298.86000,10299.74000,10298.04000,10299.74000,11.19000
2019-09-09 04:08:00,10299.74000,10300.32000,10298.95000,10300.26000,11.31000
2019-09-09 04:09:00,10300.26000,10300.26000,10298.95000,10298.95000,10.69000
2019-09-09 04:10:00,10298.95000,10298.95000,10296.46000,10297.01000,11.77000
2019-09-09 04:11:00,10297.01000,10297.01000,10293.63000,10293.63000,10.68000
2019-09-09 04:12:00,10293.63000,10293.66000,10293.05000,10293.42000,11.80000
2019-09-09 04:13:00,10293.42000,10293.48000,10293.05000,10293.05000,12.63000
2019-09-09 04:14:00,10293.43000,10293.43000,10292.52000,10292.52000,11.66000
2019-09-09 04:15:00,10293.40000,10293.40000,10292.52000,10293.32000,9.87000
2019-09-09 04:16:00,10293.32000,10293.49000,10291.94000,10293.36000,13.71000
2019-09-09 04:17:00,10293.36000,10293.72000,10286.45000,10286.45000,9.74000
2019-09-09 04:18:00,10286.45000,10286.45000,10282.25000,10282.25000,12.08000
2019-09-09 04:19:00,10282.25000,10286.77000,10280.56000,10286.77000,12.62000
2019-09-09 04:20:00,10287.84000,10290.69000,10284.35000,10284.35000,10.09000
2019-09-09 04:21:00,10284.35000,10284.35000,10279.24000,10279.24000,10.94000
2019-09-09 04:22:00,10279.24000,10279.24000,10276.59000,10276.59000,12.34000
2019-09-09 04:23:00,10275.01000,10275.01000,10256.55000,10256.55000,10.24000
2019-09-09 04:24:00,10257.42000,10261.90000,10256.02000,10256.02000,10.42000
2019-09-09 04:25:00,10256.74000,10256.74000,10253.31000,10253.64000,11.56000
2019-09-09 04:26:00,10252.59000,10258.17000,10251.51000,10258.17000,11.36000
2019-09-09 04:27:00,10260.81000,10266.67000,10260.81000,10261.76000,10.28000
2019-09-09 04:28:00,10261.38000,10261.61000,10260.06000,10261.61000,12.51000
2019-09-09 04:29:00,10263.25000,10266.25000,10262.17000,10265.41000,10.46000
2019-09-09 04:30:00,10265.41000,10270.82000,10264.54000,10270.82000,12.52000
2019-09-09 04:31:00,10270.82000,10273.56000,10269.99000,10273.56000,11.58000
2019-09-09 04:32:00,10273.56000,10279.79000,10273.56000,10279.15000,11.11000
2019-09-09 04:33:00,10279.15000,10280.68000,10278.63000,10279.70000,9.70000
2019-09-09 04:34:00,10279.28000,10280.01000,10278.63000,10279.90000,12.25000
2019-09-09 04:35:00,10279.90000,10279.90000,10274.96000,10276.20000,9.97000
2019-09-09 04:36:00,10276.20000,10278.13000,10276.20000,10278.12000,9.03000
2019-09-09 04:37:00,10278.12000,10280.03000,10277.77000,10279.45000,12.72000
2019-09-09 04:38:00,10280.11000,10280.16000,10278.63000,10279.55000,10.55000
2019-09-09 04:39:00,10279.55000,10279.55000,10273.56000,10273.56000,10.88000
2019-09-09 04:40:00,10273.56000,10275.58000,10272.18000,10275.58000,11.74000
2019-09-09 04:41:00,10275.58000,10277.03000,10274.52000,10277.03000,10.19000
2019-09-09 04:42:00,10277.03000,10284.36000,10276.41000,10284.36000,11.29000
2019-09-09 04:43:00,10286.07000,10286.07000,10278.25000,10280.32000,11.10000
2019-09-09 04:44:00,10281.70000,10285.44000,10281.36000,10283.60000,9.97000
2019-09-09 04:45:00,10283.60000,10283.60000,10282.20000,10283.41000,11.76000
2019-09-09 04:46:00,10283.41000,10288.11000,10283.41000,10288.11000,12.01000
2019-09-09 04:47:00,10288.11000,10289.73000,10287.10000,10289.73000,12.11000
2019-09-09 04:48:00,10289.73000,10296.45000,10289.40000,10296.45000,11.37000
2019-09-09 04:49:00,10300.92000,10304.24000,10300.92000,10304.18000,13.46000
2019-09-09 04:50:00,10304.18000,10304.21000,10299.79000,10299.79000,10.91000
2019-09-09 04:51:00,10299.79000,10300.38000,10299.44000,10300.38000,10.34000
2019-09-09 04:52:00,10303.25000,10308.14000,10302.62000,10308.09000,12.48000
2019-09-09 04:53:00,10306.07000,10310.82000,10305.61000,10310.78000,13.86000
2019-09-09 04:54:00,10312.40000,10312.82000,10310.78000,10310.78000,10.79000
2019-09-09 04:55:00,10310.78000,10315.36000,10309.95000,10315.36000,10.99000
2019-09-09 04:56:00,10315.36000,10316.28000,10314.65000,10315.94000,11.51000
2019-09-09 04:57:00,10315.94000,10316.33000,10315.48000,10316.33000,12.72000
2019-09-09 04:58:00,10316.33000,10316.33000,10314.16000,10315.74000,11.00000
2019-09-09 04:59:00,10316.25000,10316.30000,10315.74000,10316.30000,10.36000
2019-09-09 05:00:00,10316.30000,10316.30000,10315.74000,10316.28000,11.36000
2019-09-09 05:01:00,10316.28000,10316.28000,10314.97000,10316.22000,11.74000
2019-09-09 05:02:00,10316.22000,10316.27000,10315.66000,10316.27000,10.89000
2019-09-09 05:03:00,10316.27000,10316.29000,10315.66000,10316.17000,11.07000
2019-09-09 05:04:00,10316.17000,10316.33000,10314.97000,10316.30000,12.05000
2019-09-09 05:05:00,10316.30000,10316.30000,10314.97000,10316.27000,11.41000
2019-09-09 05:06:00,10316.27000,10316.31000,10315.58000,10316.23000,13.26000
2019-09-09 05:07:00,10316.23000,10316.24000,10314.97000,10316.19000,11.44000
2019-09-09 05:08:00,10316.19000,10316.27000,10315.60000,10315.60000,9.85000
2019-09-09 05:09:00,10316.20000,10316.25000,10314.97000,10316.25000,12.96000
2019-09-09 05:10:00,10316.25000,10316.27000,10315.48000,10316.27000,9.91000
2019-09-09 05:11:00,10316.27000,10316.27000,10315.48000,10316.19000,9.43000
2019-09-09 05:12:00,10316.19000,10316.29000,10315.48000,10316.26000,12.92000
2019-09-09 05:13:00,10316.26000,10316.31000,10314.16000,10316.27000,11.23000
2019-09-09 05:14:00,10316.27000,10316.27000,10315.72000,10315.72000,10.29000
2019-09-09 05:15:00,10316.27000,10316.27000,10315.72000,10316.23000,10.94000
2019-09-09 05:16:00,10316.23000,10316.27000,10315.72000,10315.72000,11.35000
2019-09-09 05:17:00,10316.29000,10316.30000,10314.85000,10316.24000,14.05000
2019-09-09 05:18:00,10316.24000,10316.28000,10315.78000,10316.28000,11.23000
2019-09-09 05:19:00,10316.28000,10316.34000,10315.78000,10316.34000,10.37000
2019-09-09 05:20:00,10316.34000,10316.34000,10314.85000,10316.23000,11.76000
2019-09-09 05:21:00,10316.23000,10316.25000,10315.68000,10316.25000,10.31000
2019-09-09 05:22:00,10316.25000,10316.25000,10314.16000,10314.16000,10.58000
2019-09-09 05:23:00,10314.16000,10314.18000,10313.82000,10313.82000,10.57000
2019-09-09 05:24:00,10314.28000,10314.28000,10313.07000,10313.07000,11.15000
2019-09-09 05:25:00,10313.45000,10313.89000,10313.45000,10313.89000,11.04000
2019-09-09 05:26:00,10313.89000,10314.02000,10313.45000,10314.02000,11.81000
2019-09-09 05:27:00,10314.02000,10314.78000,10313.07000,10314.78000,10.16000
2019-09-09 05:28:00,10314.78000,10314.78000,10309.18000,10309.18000,9.81000
2019-09-09 05:29:00,10309.18000,10309.18000,10303.23000,10303.23000,12.62000
2019-09-09 05:30:00,10303.23000,10306.43000,10302.58000,10306.43000,10.29000
2019-09-09 05:31:00,10306.43000,10306.43000,10302.58000,10302.58000,12.21000
2019-09-09 05:32:00,10302.58000,10302.58000,10299.80000,10302.32000,12.04000
2019-09-09 05:33:00,10302.32000,10306.60000,10301.98000,10306.60000,9.85000
2019-09-09 05:34:00,10308.06000,10308.15000,10307.74000,10307.74000,11.23000
2019-09-09 05:35:00,10307.74000,10307.74000,10306.11000,10306.11000,10.98000
2019-09-09 05:36:00,10306.11000,10306.11000,10305.15000,10305.15000,11.00000
2019-09-09 05:37:00,10305.15000,10307.26000,10304.50000,10306.68000,11.68000
2019-09-09 05:38:00,10306.68000,10306.71000,10305.58000,10305.58000,11.40000
2019-09-09 05:39:00,10305.58000,10306.59000,10304.42000,10306.59000,10.87000
2019-09-09 05:40:00,10306.59000,10307.35000,10305.74000,10307.35000,11.05000
2019-09-09 05:41:00,10307.35000,10307.35000,10305.74000,10305.74000,11.20000
2019-09-09 05:42:00,10305.74000,10305.74000,10304.42000,10305.07000,12.05000
2019-09-09 05:43:00,10305.07000,10305.83000,10304.42000,10305.83000,11.10000
2019-09-09 05:44:00,10305.83000,10307.29000,10304.42000,10307.29000,13.07000
2019-09-09 05:45:00,10307.29000,10309.21000,10306.55000,10306.55000,10.04000
2019-09-09 05:46:00,10307.17000,10307.17000,10304.42000,10304.42000,10.61000
2019-09-09 05:47:00,10303.91000,10305.28000,10303.14000,10304.95000,13.54000
2019-09-09 05:48:00,10305.28000,10305.39000,10304.95000,10305.39000,11.93000
2019-09-09 05:49:00,10305.39000,10305.39000,10303.14000,10304.30000,9.21000
2019-09-09 05:50:00,10304.30000,10304.30000,10300.33000,10301.40000,12.26000
2019-09-09 05:51:00,10301.40000,10311.58000,10300.93000,10311.58000,10.83000
2019-09-09 05:52:00,10309.95000,10310.17000,10308.87000,10310.05000,10.00000
2019-09-09 05:53:00,10310.05000,10312.66000,10308.87000,10308.87000,13.30000
2019-09-09 05:54:00,10308.87000,10308.87000,10308.10000,10308.50000,10.38000
2019-09-09 05:55:00,10307.65000,10307.65000,10306.39000,10306.39000,11.54000
2019-09-09 05:56:00,10306.81000,10306.81000,10305.62000,10305.62000,9.87000
2019-09-09 05:57:00,10305.62000,10305.62000,10304.24000,10304.24000,11.30000
2019-09-09 05:58:00,10304.24000,10304.24000,10303.69000,10303.69000,9.44000
2019-09-09 05:59:00,10303.69000,10304.32000,10303.03000,10304.32000,9.69000
2019-09-09 06:00:00,10304.32000,10305.51000,10304.32000,10305.49000,10.58000
2019-09-09 06:01:00,10305.49000,10305.49000,10302.25000,10302.97000,10.89000
2019-09-09 06:02:00,10302.97000,10302.97000,10301.93000,10301.93000,12.42000
2019-09-09 06:03:00,10301.93000,10301.93000,10300.24000,10300.93000,10.81000
2019-09-09 06:04:00,10300.93000,10300.95000,10298.15000,10298.15000,11.42000
2019-09-09 06:05:00,10298.15000,10298.15000,10296.87000,10297.51000,12.39000
2019-09-09 06:06:00,10297.51000,10297.51000,10295.41000,10296.26000,10.69000
2019-09-09 06:07:00,10296.26000,10296.26000,10295.41000,10295.97000,12.69000
2019-09-09 06:08:00,10295.97000,10295.97000,10290.34000,10290.34000,10.96000
2019-09-09 06:09:00,10290.98000,10290.98000,10286.22000,10286.22000,12.50000
2019-09-09 06:10:00,10286.22000,10286.22000,10285.58000,10286.01000,12.30000
2019-09-09 06:11:00,10286.01000,10286.01000,10284.22000,10284.81000,10.26000
2019-09-09 06:12:00,10284.81000,10284.81000,10281.64000,10283.52000,10.90000
2019-09-09 06:13:00,10284.25000,10284.32000,10283.52000,10284.32000,12.91000
2019-09-09 06:14:00,10284.32000,10284.35000,10283.94000,10283.94000,10.79000
2019-09-09 06:15:00,10284.38000,10296.77000,10283.94000,10296.77000,12.04000
2019-09-09 06:16:00,10297.72000,10302.92000,10297.72000,10302.92000,12.77000
2019-09-09 06:17:00,10301.40000,10301.40000,10300.16000,10301.29000,12.25000
2019-09-09 06:18:00,10301.29000,10301.29000,10300.74000,10301.14000,10.46000
2019-09-09 06:19:00,10301.14000,10301.14000,10300.16000,10300.49000,11.27000
2019-09-09 06:20:00,10300.49000,10300.49000,10297.19000,10297.19000,10.36000
2019-09-09 06:21:00,10296.77000,10296.77000,10295.79000,10295.79000,11.20000
2019-09-09 06:22:00,10295.79000,10295.79000,10295.39000,10295.75000,12.56000
2019-09-09 06:23:00,10295.75000,10295.75000,10294.75000,10294.75000,11.62000
2019-09-09 06:24:00,10294.75000,10294.75000,10291.76000,10291.76000,11.13000
2019-09-09 06:25:00,10292.54000,10292.54000,10285.36000,10285.36000,11.94000
2019-09-09 06:26:00,10285.36000,10285.36000,10282.77000,10283.54000,12.28000
2019-09-09 06:27:00,10283.54000,10283.54000,10282.77000,10283.39000,12.21000
2019-09-09 06:28:00,10283.39000,10283.39000,10280.06000,10280.63000,14.15000
2019-09-09 06:29:00,10280.63000,10280.63000,10271.81000,10271.81000,10.09000
2019-09-09 06:30:00,10272.53000,10273.37000,10271.28000,10272.47000,11.93000
2019-09-09 06:31:00,10273.39000,10274.73000,10272.47000,10273.86000,11.77000
2019-09-09 06:32:00,10273.86000,10275.33000,10273.48000,10275.33000,11.19000
2019-09-09 06:33:00,10275.98000,10290.63000,10275.98000,10290.63000,10.54000
2019-09-09 06:34:00,10288.72000,10292.01000,10285.51000,10285.51000,10.65000
2019-09-09 06:35:00,10285.51000,10291.58000,10285.14000,10291.58000,9.94000
2019-09-09 06:36:00,10293.62000,10297.14000,10293.02000,10293.02000,11.10000
2019-09-09 06:37:00,10292.37000,10293.07000,10290.58000,10292.20000,10.88000
2019-09-09 06:38:00,10292.20000,10292.70000,10291.33000,10291.77000,11.77000
2019-09-09 06:39:00,10291.33000,10292.15000,10289.70000,10289.70000,10.02000
2019-09-09 06:40:00,10289.70000,10289.70000,10285.57000,10288.95000,10.54000
2019-09-09 06:41:00,10287.67000,10287.67000,10286.41000,10287.45000,10.50000
2019-09-09 06:42:00,10287.45000,10288.29000,10287.45000,10288.29000,10.26000
2019-09-09 06:43:00,10288.29000,10288.29000,10286.55000,10286.55000,12.41000
2019-09-09 06:44:00,10286.55000,10286.55000,10285.57000,10285.57000,10.14000
2019-09-09 06:45:00,10286.01000,10287.35000,10282.52000,10284.39000,10.33000
2019-09-09 06:46:00,10285.80000,10286.26000,10283.12000,10286.26000,11.12000
2019-09-09 06:47:00,10286.26000,10286.29000,10285.15000,10286.26000,10.79000
2019-09-09 06:48:00,10286.26000,10286.26000,10283.46000,10283.46000,12.16000
2019-09-09 06:49:00,10282.52000,10282.52000,10278.37000,10278.37000,12.47000
2019-09-09 06:50:00,10278.75000,10279.44000,10277.21000,10278.47000,10.94000
2019-09-09 06:51:00,10278.47000,10278.47000,10275.70000,10276.12000,12.71000
2019-09-09 06:52:00,10274.19000,10274.19000,10266.71000,10267.43000,10.30000
2019-09-09 06:53:00,10267.43000,10270.75000,10266.71000,10267.95000,11.66000
2019-09-09 06:54:00,10266.71000,10266.71000,10265.28000,10266.65000,10.31000
2019-09-09 06:55:00,10266.65000,10267.99000,10266.14000,10267.99000,10.16000
2019-09-09 06:56:00,10267.99000,10267.99000,10266.72000,10267.10000,9.24000
2019-09-09 06:57:00,10267.10000,10267.10000,10264.64000,10265.14000,11.44000
2019-09-09 06:58:00,10265.14000,10265.14000,10255.86000,10255.86000,11.07000
2019-09-09 06:59:00,10255.86000,10256.09000,10252.36000,10256.09000,13.32000
2019-09-09 07:00:00,10260.16000,10266.18000,10258.89000,10266.18000,11.49000
2019-09-09 07:01:00,10266.18000,10273.71000,10265.26000,10273.21000,9.96000
2019-09-09 07:02:00,10273.67000,10273.67000,10266.14000,10267.19000,9.86000
2019-09-09 07:03:00,10263.15000,10263.15000,10257.20000,10261.81000,8.42000
2019-09-09 07:04:00,10260.84000,10260.84000,10257.69000,10257.69000,10.34000
2019-09-09 07:05:00,10257.69000,10257.69000,10252.39000,10253.23000,10.60000
2019-09-09 07:06:00,10253.23000,10253.23000,10251.56000,10251.56000,10.46000
2019-09-09 07:07:00,10251.56000,10251.56000,10245.72000,10245.72000,10.74000
2019-09-09 07:08:00,10242.76000,10242.76000,10226.97000,10226.97000,12.66000
2019-09-09 07:09:00,10216.93000,10217.54000,10210.73000,10214.63000,11.22000
2019-09-09 07:10:00,10209.95000,10209.95000,10204.66000,10204.66000,10.45000
2019-09-09 07:11:00,10204.66000,10220.56000,10204.66000,10219.21000,10.57000
2019-09-09 07:12:00,10216.30000,10217.81000,10216.30000,10217.81000,12.91000
2019-09-09 07:13:00,10218.87000,10221.00000,10218.87000,10221.00000,9.24000
2019-09-09 07:14:00,10221.00000,10221.00000,10217.73000,10217.73000,10.73000
2019-09-09 07:15:00,10217.73000,10217.73000,10216.30000,10217.60000,11.22000
2019-09-09 07:16:00,10217.60000,10231.14000,10217.09000,10231.14000,11.60000
2019-09-09 07:17:00,10234.68000,10234.68000,10232.97000,10233.47000,11.93000
2019-09-09 07:18:00,10231.99000,10231.99000,10225.30000,10226.17000,12.49000
2019-09-09 07:19:00,10226.17000,10226.21000,10218.94000,10218.94000,10.20000
2019-09-09 07:20:00,10218.94000,10222.11000,10218.94000,10222.11000,10.93000
2019-09-09 07:21:00,10226.19000,10227.68000,10226.19000,10227.56000,11.13000
2019-09-09 07:22:00,10227.56000,10227.56000,10227.07000,10227.46000,10.86000
2019-09-09 07:23:00,10227.46000,10227.46000,10220.96000,10220.96000,10.62000
2019-09-09 07:24:00,10220.96000,10221.01000,10216.48000,10216.48000,12.02000
2019-09-09 07:25:00,10215.11000,10217.25000,10214.97000,10217.25000,9.58000
2019-09-09 07:26:00,10217.69000,10218.09000,10217.25000,10217.84000,12.46000
2019-09-09 07:27:00,10216.21000,10216.21000,10175.96000,10175.96000,10.46000
2019-09-09 07:28:00,10180.23000,10180.23000,10138.45000,10154.37000,10.32000
2019-09-09 07:29:00,10139.34000,10150.69000,10134.24000,10150.69000,8.98000
2019-09-09 07:30:00,10151.78000,10151.78000,10120.63000,10123.29000,12.11000
2019-09-09 07:31:00,10118.56000,10121.07000,10092.71000,10121.07000,13.67000
2019-09-09 07:32:00,10121.79000,10128.06000,10119.74000,10126.79000,8.30000
2019-09-09 07:33:00,10126.13000,10146.09000,10126.13000,10140.14000,8.98000
2019-09-09 07:34:00,10137.75000,10137.75000,10127.07000,10127.07000,9.51000
2019-09-09 07:35:00,10131.15000,10144.94000,10131.15000,10144.94000,11.43000
2019-09-09 07:36:00,10144.53000,10148.16000,10143.72000,10148.16000,9.78000
2019-09-09 07:37:00,10150.88000,10160.07000,10150.74000,10159.11000,12.39000
2019-09-09 07:38:00,10158.52000,10167.47000,10157.46000,10167.24000,12.51000
2019-09-09 07:39:00,10165.87000,10165.87000,10161.66000,10161.82000,11.04000
2019-09-09 07:40:00,10161.82000,10162.20000,10158.58000,10158.58000,10.91000
2019-09-09 07:41:00,10157.02000,10160.87000,10156.95000,10160.87000,10.83000
2019-09-09 07:42:00,10160.04000,10160.55000,10158.46000,10158.46000,9.38000
2019-09-09 07:43:00,10158.46000,10165.42000,10154.32000,10165.42000,13.43000
2019-09-09 07:44:00,10164.56000,10164.56000,10164.56000,10164.56000,1.05000
2019-09-09 07:45:00,10164.56000,10164.56000,10164.56000,10164.56000,0.00000
2019-09-09 07:46:00,10163.69000,10166.26000,10163.69000,10165.85000,2.59000
2019-09-09 07:47:00,10164.68000,10166.95000,10164.68000,10164.75000,12.51000
2019-09-09 07:48:00,10164.75000,10164.75000,10161.13000,10161.13000,10.76000
2019-09-09 07:49:00,10161.13000,10161.13000,10160.54000,10160.91000,11.10000
2019-09-09 07:50:00,10160.91000,10160.91000,10159.79000,10160.27000,11.64000
2019-09-09 07:51:00,10160.27000,10160.27000,10151.08000,10153.41000,11.80000
2019-09-09 07:52:00,10153.41000,10153.41000,10144.85000,10145.87000,13.04000
2019-09-09 07:53:00,10145.87000,10151.82000,10144.85000,10150.06000,10.80000
2019-09-09 07:54:00,10150.62000,10156.41000,10150.62000,10156.41000,10.06000
2019-09-09 07:55:00,10161.64000,10163.96000,10160.86000,10161.68000,12.67000
2019-09-09 07:56:00,10161.68000,10161.68000,10155.82000,10155.82000,12.28000
2019-09-09 07:57:00,10155.82000,10155.82000,10148.10000,10148.10000,13.75000
2019-09-09 07:58:00,10144.85000,10151.51000,10144.85000,10151.51000,10.21000
2019-09-09 07:59:00,10151.30000,10152.06000,10149.47000,10149.47000,9.46000
2019-09-09 08:00:00,10149.47000,10149.47000,10148.30000,10148.30000,10.84000
2019-09-09 08:01:00,10148.30000,10148.30000,10128.49000,10128.49000,10.66000
2019-09-09 08:02:00,10127.84000,10130.11000,10122.28000,10130.11000,11.00000
2019-09-09 08:03:00,10130.11000,10130.11000,10117.99000,10117.99000,11.16000
2019-09-09 08:04:00,10117.43000,10120.06000,10113.04000,10115.58000,18.72000
2019-09-09 08:05:00,10112.30000,10112.30000,10102.51000,10102.51000,13.16000
2019-09-09 08:06:00,10099.42000,10116.88000,10096.05000,10116.88000,10.61000
2019-09-09 08:07:00,10116.88000,10126.48000,10116.56000,10126.48000,11.11000
2019-09-09 08:08:00,10126.48000,10126.48000,10121.13000,10121.99000,16.18000
2019-09-09 08:09:00,10121.13000,10121.16000,10107.98000,10117.99000,24.84000
2019-09-09 08:10:00,10117.99000,10117.99000,10113.54000,10113.54000,23.76000
2019-09-09 08:11:00,10113.54000,10113.54000,10077.22000,10085.94000,12.58000
2019-09-09 08:12:00,10086.90000,10087.60000,10085.94000,10087.60000,10.86000
2019-09-09 08:13:00,10087.60000,10089.74000,10087.04000,10089.74000,6.06000
2019-09-09 08:14:00,10089.74000,10089.74000,10088.88000,10088.88000,7.62000
2019-09-09 08:15:00,10088.88000,10098.20000,10088.55000,10098.20000,9.15000
2019-09-09 08:16:00,10100.00000,10123.26000,10100.00000,10123.26000,7.09000
2019-09-09 08:17:00,10124.15000,10125.15000,10123.26000,10125.15000,10.38000
2019-09-09 08:18:00,10125.15000,10132.73000,10124.78000,10132.60000,10.87000
2019-09-09 08:19:00,10132.60000,10132.60000,10132.09000,10132.41000,11.20000
2019-09-09 08:20:00,10128.34000,10128.34000,10121.25000,10121.25000,10.72000
2019-09-09 08:21:00,10121.57000,10126.24000,10121.57000,10125.32000,11.06000
2019-09-09 08:22:00,10126.16000,10126.16000,10123.30000,10124.57000,11.24000
2019-09-09 08:23:00,10124.57000,10125.82000,10123.86000,10124.92000,18.91000
2019-09-09 08:24:00,10124.32000,10125.10000,10123.30000,10125.10000,25.16000
2019-09-09 08:25:00,10125.10000,10140.64000,10124.34000,10140.64000,22.32000
2019-09-09 08:26:00,10140.64000,10142.40000,10140.31000,10141.28000,24.97000
2019-09-09 08:27:00,10144.22000,10144.42000,10143.39000,10144.42000,14.81000
2019-09-09 08:28:00,10144.42000,10147.92000,10143.39000,10147.92000,9.57000
2019-09-09 08:29:00,10147.92000,10147.93000,10147.52000,10147.93000,2.08000
2019-09-09 08:30:00,10147.93000,10152.42000,10147.93000,10151.76000,22.07000
2019-09-09 08:31:00,10153.60000,10155.43000,10152.13000,10153.66000,26.58000
2019-09-09 08:32:00,10154.03000,10157.64000,10153.07000,10157.64000,25.18000
2019-09-09 08:33:00,10157.64000,10168.20000,10157.30000,10168.20000,27.45000
2019-09-09 08:34:00,10168.20000,10168.20000,10160.84000,10160.84000,26.63000
2019-09-09 08:35:00,10160.84000,10160.84000,10153.79000,10155.47000,26.67000
2019-09-09 08:36:00,10155.47000,10155.47000,10153.79000,10153.79000,26.64000
2019-09-09 08:37:00,10154.35000,10157.70000,10153.07000,10153.07000,25.50000
2019-09-09 08:38:00,10154.25000,10155.33000,10153.72000,10155.33000,26.67000
2019-09-09 08:39:00,10155.33000,10155.33000,10153.68000,10154.29000,27.86000
2019-09-09 08:40:00,10154.29000,10156.90000,10153.68000,10155.79000,22.73000
2019-09-09 08:41:00,10155.79000,10155.79000,10153.07000,10153.52000,23.50000
2019-09-09 08:42:00,10153.52000,10160.54000,10152.37000,10160.54000,20.06000
2019-09-09 08:43:00,10162.48000,10169.88000,10162.48000,10169.88000,24.10000
2019-09-09 08:44:00,10169.42000,10170.22000,10167.53000,10167.53000,28.66000
2019-09-09 08:45:00,10168.05000,10170.74000,10166.46000,10167.11000,20.17000
2019-09-09 08:46:00,10167.11000,10167.11000,10166.46000,10166.97000,26.12000
2019-09-09 08:47:00,10166.97000,10166.97000,10165.51000,10165.86000,26.31000
2019-09-09 08:48:00,10165.86000,10165.86000,10161.08000,10161.08000,28.02000
2019-09-09 08:49:00,10161.92000,10161.92000,10159.99000,10159.99000,25.08000
2019-09-09 08:50:00,10159.99000,10159.99000,10155.72000,10156.36000,26.43000
2019-09-09 08:51:00,10156.96000,10156.96000,10155.72000,10156.18000,26.11000
2019-09-09 08:52:00,10156.18000,10156.18000,10152.90000,10153.41000,23.33000
2019-09-09 08:53:00,10153.41000,10153.41000,10145.30000,10145.79000,28.03000
2019-09-09 08:54:00,10145.79000,10145.79000,10136.94000,10137.91000,27.62000
2019-09-09 08:55:00,10136.66000,10140.35000,10135.16000,10139.96000,24.57000
2019-09-09 08:56:00,10139.96000,10142.38000,10138.57000,10142.38000,27.27000
2019-09-09 08:57:00,10142.38000,10146.79000,10141.18000,10144.94000,23.54000
2019-09-09 08:58:00,10144.56000,10148.66000,10142.46000,10148.20000,25.16000
2019-09-09 08:59:00,10148.20000,10148.20000,10146.72000,10147.84000,23.26000
2019-09-09 09:00:00,10147.84000,10147.96000,10146.72000,10146.72000,24.45000
2019-09-09 09:01:00,10147.06000,10147.06000,10145.13000,10145.13000,26.59000
2019-09-09 09:02:00,10145.13000,10146.62000,10143.68000,10144.33000,19.95000
2019-09-09 09:03:00,10144.33000,10148.62000,10144.33000,10148.62000,7.36000
2019-09-09 09:04:00,10148.62000,10153.14000,10147.58000,10153.14000,6.23000
2019-09-09 09:05:00,10153.14000,10153.14000,10152.57000,10153.11000,7.56000
2019-09-09 09:06:00,10152.57000,10153.08000,10151.71000,10153.08000,6.57000
2019-09-09 09:07:00,10153.98000,10154.88000,10153.98000,10153.98000,7.69000
2019-09-09 09:08:00,10157.48000,10162.15000,10157.48000,10162.15000,9.50000
2019-09-09 09:09:00,10167.88000,10177.40000,10167.88000,10177.40000,9.58000
2019-09-09 09:10:00,10176.51000,10176.51000,10175.73000,10175.73000,11.96000
2019-09-09 09:11:00,10176.24000,10176.24000,10171.77000,10174.38000,8.45000
2019-09-09 09:12:00,10175.05000,10178.43000,10175.05000,10176.80000,4.60000
2019-09-09 09:13:00,10176.80000,10176.80000,10176.66000,10176.66000,5.45000
2019-09-09 09:14:00,10175.04000,10175.20000,10174.38000,10175.20000,5.42000
2019-09-09 09:15:00,10178.53000,10183.75000,10178.53000,10179.72000,6.40000
2019-09-09 09:16:00,10180.98000,10185.53000,10180.98000,10185.53000,3.90000
2019-09-09 09:17:00,10185.53000,10188.04000,10184.94000,10188.04000,4.77000
2019-09-09 09:18:00,10189.48000,10190.34000,10184.74000,10184.74000,3.99000
2019-09-09 09:19:00,10181.98000,10185.44000,10181.98000,10185.44000,3.69000
2019-09-09 09:20:00,10202.03000,10209.38000,10199.22000,10201.89000,5.49000
2019-09-09 09:21:00,10205.08000,10205.09000,10204.67000,10205.09000,4.35000
2019-09-09 09:22:00,10205.09000,10213.70000,10204.67000,10213.70000,5.72000
2019-09-09 09:23:00,10209.91000,10209.91000,10206.52000,10206.52000,6.04000
2019-09-09 09:24:00,10205.21000,10209.76000,10205.21000,10209.76000,5.63000
2019-09-09 09:25:00,10209.76000,10247.37000,10209.76000,10238.67000,4.84000
2019-09-09 09:26:00,10251.82000,10256.70000,10251.82000,10254.83000,6.23000
2019-09-09 09:27:00,10255.50000,10255.50000,10250.52000,10250.52000,6.93000
2019-09-09 09:28:00,10247.88000,10247.88000,10246.87000,10246.87000,2.92000
2019-09-09 09:29:00,10246.87000,10246.87000,10246.87000,10246.87000,0.00000
2019-09-09 09:30:00,10247.69000,10251.11000,10247.69000,10251.11000,1.57000
2019-09-09 09:31:00,10240.65000,10240.65000,10240.65000,10240.65000,1.08000
2019-09-09 09:32:00,10239.22000,10239.22000,10238.13000,10238.13000,1.74000
2019-09-09 09:33:00,10238.13000,10238.13000,10238.13000,10238.13000,0.00000
2019-09-09 09:34:00,10242.31000,10242.31000,10242.31000,10242.31000,1.11000
2019-09-09 09:35:00,10242.31000,10242.31000,10242.31000,10242.31000,0.00000
2019-09-09 09:36:00,10241.45000,10241.45000,10241.45000,10241.45000,0.72000
2019-09-09 09:37:00,10241.45000,10241.45000,10241.45000,10241.45000,0.00000
2019-09-09 09:38:00,10241.45000,10241.45000,10241.45000,10241.45000,0.00000
2019-09-09 09:39:00,10241.45000,10241.45000,10241.45000,10241.45000,0.00000
2019-09-09 09:40:00,10241.45000,10241.45000,10241.45000,10241.45000,0.00000
2019-09-09 09:41:00,10241.45000,10241.45000,10241.45000,10241.45000,0.00000
2019-09-09 09:42:00,10241.45000,10241.45000,10241.45000,10241.45000,0.00000
2019-09-09 09:43:00,10242.66000,10242.66000,10242.66000,10242.66000,1.19000
2019-09-09 09:44:00,10242.66000,10242.66000,10242.66000,10242.66000,0.00000
2019-09-09 09:45:00,10242.66000,10242.66000,10242.66000,10242.66000,0.00000
2019-09-09 09:46:00,10242.66000,10242.66000,10242.66000,10242.66000,0.00000
2019-09-09 09:47:00,10242.66000,10242.66000,10242.66000,10242.66000,0.00000
2019-09-09 09:48:00,10242.66000,10242.66000,10242.66000,10242.66000,0.00000
2019-09-09 09:49:00,10236.97000,10236.97000,10236.97000,10236.97000,0.77000
2019-09-09 09:50:00,10236.97000,10236.97000,10236.97000,10236.97000,2.49000
2019-09-09 09:51:00,10236.97000,10236.97000,10236.97000,10236.97000,0.00000
2019-09-09 09:52:00,10236.97000,10236.97000,10236.97000,10236.97000,0.00000
2019-09-09 09:53:00,10236.97000,10236.97000,10236.97000,10236.97000,0.00000
2019-09-09 09:54:00,10259.11000,10260.93000,10259.11000,10260.93000,5.35000
2019-09-09 09:55:00,10266.79000,10267.74000,10262.14000,10262.14000,6.73000
2019-09-09 09:56:00,10263.00000,10267.07000,10263.00000,10267.06000,5.53000
2019-09-09 09:57:00,10261.12000,10261.51000,10256.84000,10257.46000,4.45000
2019-09-09 09:58:00,10258.76000,10258.76000,10255.76000,10255.76000,5.09000
2019-09-09 09:59:00,10250.39000,10251.68000,10248.89000,10248.89000,4.57000
2019-09-09 10:00:00,10249.57000,10249.57000,10248.89000,10248.89000,6.31000
2019-09-09 10:01:00,10248.89000,10248.89000,10230.59000,10230.59000,10.36000
2019-09-09 10:02:00,10231.10000,10234.25000,10223.45000,10223.45000,6.59000
2019-09-09 10:03:00,10224.63000,10224.63000,10223.96000,10223.96000,3.80000
2019-09-09 10:04:00,10224.63000,10225.41000,10223.96000,10225.41000,5.53000
2019-09-09 10:05:00,10220.94000,10220.94000,10220.31000,10220.31000,4.43000
2019-09-09 10:06:00,10216.46000,10222.78000,10214.91000,10222.78000,4.15000
2019-09-09 10:07:00,10227.06000,10227.45000,10227.02000,10227.02000,7.09000
2019-09-09 10:08:00,10226.13000,10226.13000,10220.22000,10220.22000,5.70000
2019-09-09 10:09:00,10220.22000,10224.11000,10220.22000,10224.11000,4.23000
2019-09-09 10:10:00,10224.11000,10224.11000,10219.40000,10221.63000,7.66000
2019-09-09 10:11:00,10221.76000,10221.76000,10219.99000,10219.99000,6.24000
2019-09-09 10:12:00,10219.40000,10219.40000,10215.83000,10215.83000,4.56000
2019-09-09 10:13:00,10215.19000,10215.90000,10210.32000,10215.90000,6.74000
2019-09-09 10:14:00,10215.90000,10215.90000,10213.87000,10213.87000,6.48000
2019-09-09 10:15:00,10213.87000,10213.87000,10212.46000,10212.46000,5.49000
2019-09-09 10:16:00,10213.44000,10213.44000,10213.44000,10213.44000,4.04000
2019-09-09 10:17:00,10213.44000,10213.44000,10212.46000,10213.35000,5.45000
2019-09-09 10:18:00,10213.35000,10213.35000,10209.75000,10209.75000,3.95000
2019-09-09 10:19:00,10210.23000,10210.23000,10204.23000,10204.23000,5.31000
2019-09-09 10:20:00,10204.23000,10204.57000,10203.33000,10204.57000,4.54000
2019-09-09 10:21:00,10204.57000,10218.96000,10204.57000,10218.96000,4.83000
2019-09-09 10:22:00,10215.95000,10215.95000,10214.40000,10214.40000,6.34000
2019-09-09 10:23:00,10214.40000,10214.42000,10213.42000,10214.42000,7.19000
2019-09-09 10:24:00,10214.42000,10214.42000,10214.10000,10214.10000,4.04000
2019-09-09 10:25:00,10214.49000,10214.97000,10210.14000,10210.14000,6.06000
2019-09-09 10:26:00,10210.14000,10210.14000,10205.18000,10205.18000,4.27000
2019-09-09 10:27:00,10204.15000,10205.94000,10200.05000,10201.12000,5.39000
2019-09-09 10:28:00,10205.53000,10205.53000,10198.75000,10198.75000,5.82000
2019-09-09 10:29:00,10199.10000,10199.10000,10196.83000,10196.83000,5.45000
2019-09-09 10:30:00,10196.76000,10209.06000,10196.76000,10206.04000,6.63000
2019-09-09 10:31:00,10211.73000,10211.73000,10211.21000,10211.21000,1.97000
2019-09-09 10:32:00,10211.21000,10211.21000,10210.44000,10210.95000,5.57000
2019-09-09 10:33:00,10211.73000,10211.73000,10211.34000,10211.34000,5.83000
2019-09-09 10:34:00,10211.70000,10213.77000,10211.34000,10213.77000,3.50000
2019-09-09 10:35:00,10213.77000,10216.73000,10213.77000,10216.73000,9.01000
2019-09-09 10:36:00,10216.73000,10218.03000,10216.33000,10218.03000,5.05000
2019-09-09 10:37:00,10219.03000,10219.03000,10218.51000,10218.51000,3.03000
2019-09-09 10:38:00,10218.51000,10220.44000,10218.03000,10220.44000,8.04000
2019-09-09 10:39:00,10221.35000,10227.43000,10221.35000,10227.43000,5.78000
2019-09-09 10:40:00,10232.52000,10232.52000,10227.43000,10229.91000,9.78000
2019-09-09 10:41:00,10233.13000,10233.13000,10231.10000,10231.10000,6.50000
2019-09-09 10:42:00,10231.10000,10240.64000,10230.65000,10240.64000,7.39000
2019-09-09 10:43:00,10235.52000,10235.52000,10230.66000,10230.66000,6.65000
2019-09-09 10:44:00,10231.20000,10231.20000,10231.20000,10231.20000,3.01000
2019-09-09 10:45:00,10227.43000,10227.47000,10226.26000,10226.26000,5.97000
2019-09-09 10:46:00,10231.58000,10235.48000,10231.58000,10234.72000,7.52000
2019-09-09 10:47:00,10235.92000,10236.16000,10235.55000,10236.16000,12.05000
2019-09-09 10:48:00,10235.55000,10238.68000,10235.55000,10236.34000,6.77000
2019-09-09 10:49:00,10237.69000,10237.69000,10234.72000,10234.72000,7.71000
2019-09-09 10:50:00,10233.03000,10233.03000,10232.25000,10232.86000,10.89000
2019-09-09 10:51:00,10232.86000,10235.03000,10232.31000,10235.03000,9.22000
2019-09-09 10:52:00,10236.02000,10236.02000,10235.68000,10235.98000,8.85000
2019-09-09 10:53:00,10236.31000,10236.71000,10236.31000,10236.61000,9.04000
2019-09-09 10:54:00,10237.50000,10237.86000,10237.50000,10237.86000,3.19000
2019-09-09 10:55:00,10244.05000,10244.06000,10243.29000,10243.29000,14.61000
2019-09-09 10:56:00,10244.81000,10249.38000,10244.81000,10249.38000,4.78000
2019-09-09 10:57:00,10250.35000,10256.18000,10250.35000,10255.47000,10.29000
2019-09-09 10:58:00,10255.47000,10255.47000,10251.64000,10251.64000,6.41000
2019-09-09 10:59:00,10252.14000,10254.14000,10252.14000,10253.25000,11.29000
2019-09-09 11:00:00,10247.69000,10247.69000,10245.40000,10245.40000,12.44000
2019-09-09 11:01:00,10245.40000,10245.40000,10242.99000,10242.99000,6.02000
2019-09-09 11:02:00,10239.70000,10240.34000,10239.21000,10240.34000,7.91000
2019-09-09 11:03:00,10239.85000,10239.85000,10237.14000,10237.14000,7.74000
2019-09-09 11:04:00,10235.98000,10235.98000,10233.36000,10234.21000,6.95000
2019-09-09 11:05:00,10234.21000,10234.21000,10229.89000,10229.89000,11.32000
2019-09-09 11:06:00,10227.11000,10227.11000,10222.75000,10223.19000,8.72000
2019-09-09 11:07:00,10225.12000,10244.02000,10225.12000,10244.02000,9.83000
2019-09-09 11:08:00,10244.02000,10259.48000,10243.38000,10259.48000,5.39000
2019-09-09 11:09:00,10270.32000,10270.32000,10260.75000,10261.71000,8.76000
2019-09-09 11:10:00,10261.71000,10316.77000,10261.71000,10316.77000,8.06000
2019-09-09 11:11:00,10315.67000,10320.43000,10314.69000,10318.48000,10.19000
2019-09-09 11:12:00,10313.62000,10313.62000,10306.91000,10309.83000,10.55000
2019-09-09 11:13:00,10309.36000,10309.36000,10300.31000,10306.42000,14.01000
2019-09-09 11:14:00,10306.91000,10319.20000,10306.91000,10316.80000,11.62000
2019-09-09 11:15:00,10316.80000,10316.80000,10314.83000,10314.83000,11.11000
2019-09-09 11:16:00,10305.61000,10313.75000,10305.61000,10313.75000,6.02000
2019-09-09 11:17:00,10315.70000,10321.52000,10315.70000,10321.52000,8.45000
2019-09-09 11:18:00,10325.18000,10327.60000,10322.52000,10327.60000,6.71000
2019-09-09 11:19:00,10329.69000,10338.87000,10329.69000,10338.87000,4.93000
2019-09-09 11:20:00,10343.04000,10384.52000,10343.04000,10373.46000,4.12000
2019-09-09 11:21:00,10383.75000,10436.44000,10381.67000,10436.44000,5.08000
2019-09-09 11:22:00,10451.63000,10465.57000,10447.46000,10457.70000,6.21000
2019-09-09 11:23:00,10460.42000,10462.97000,10460.42000,10461.64000,4.16000
2019-09-09 11:24:00,10464.13000,10475.54000,10458.02000,10458.02000,8.23000
2019-09-09 11:25:00,10457.84000,10458.98000,10433.90000,10433.90000,6.53000
2019-09-09 11:26:00,10442.23000,10450.11000,10442.23000,10445.23000,4.93000
2019-09-09 11:27:00,10438.74000,10444.77000,10433.49000,10435.79000,4.79000
2019-09-09 11:28:00,10442.20000,10442.20000,10435.39000,10435.39000,6.61000
2019-09-09 11:29:00,10436.20000,10448.03000,10436.20000,10448.03000,6.02000
2019-09-09 11:30:00,10455.70000,10464.82000,10455.70000,10456.58000,6.92000
2019-09-09 11:31:00,10447.41000,10449.74000,10444.16000,10444.16000,5.33000
2019-09-09 11:32:00,10438.83000,10439.66000,10436.71000,10439.66000,6.68000
2019-09-09 11:33:00,10438.19000,10438.19000,10427.28000,10427.28000,20.87000
2019-09-09 11:34:00,10425.32000,10425.32000,10416.85000,10416.85000,9.27000
2019-09-09 11:35:00,10423.70000,10427.11000,10416.85000,10416.85000,13.10000
2019-09-09 11:36:00,10411.49000,10414.27000,10411.49000,10413.91000,14.85000
2019-09-09 11:37:00,10415.82000,10418.07000,10415.20000,10415.82000,11.95000
2019-09-09 11:38:00,10416.83000,10418.77000,10410.29000,10410.29000,14.44000
2019-09-09 11:39:00,10418.79000,10418.88000,10416.43000,10416.43000,16.90000
2019-09-09 11:40:00,10413.35000,10426.98000,10413.35000,10425.45000,11.05000
2019-09-09 11:41:00,10424.28000,10432.25000,10423.84000,10432.25000,16.12000
2019-09-09 11:42:00,10431.87000,10431.87000,10415.53000,10417.48000,19.28000
2019-09-09 11:43:00,10425.15000,10425.15000,10410.87000,10410.87000,13.32000
2019-09-09 11:44:00,10410.98000,10414.54000,10410.98000,10414.50000,19.26000
2019-09-09 11:45:00,10414.50000,10415.25000,10412.84000,10415.25000,14.80000
2019-09-09 11:46:00,10411.10000,10413.01000,10393.21000,10395.50000,11.65000
2019-09-09 11:47:00,10394.80000,10395.14000,10391.28000,10391.28000,14.44000
2019-09-09 11:48:00,10380.59000,10388.66000,10375.97000,10388.66000,18.60000
2019-09-09 11:49:00,10388.97000,10388.97000,10379.45000,10381.70000,14.64000
2019-09-09 11:50:00,10383.79000,10383.79000,10373.44000,10373.44000,13.75000
2019-09-09 11:51:00,10372.63000,10383.78000,10372.63000,10383.78000,10.46000
2019-09-09 11:52:00,10383.93000,10389.31000,10381.48000,10389.31000,17.62000
2019-09-09 11:53:00,10394.23000,10396.51000,10390.80000,10392.91000,13.67000
2019-09-09 11:54:00,10395.00000,10406.20000,10395.00000,10406.20000,11.28000
2019-09-09 11:55:00,10405.31000,10407.91000,10404.65000,10406.80000,18.11000
2019-09-09 11:56:00,10412.84000,10413.14000,10406.47000,10406.47000,10.22000
2019-09-09 11:57:00,10404.76000,10404.76000,10400.05000,10400.05000,17.88000
2019-09-09 11:58:00,10410.76000,10416.05000,10410.12000,10416.05000,14.58000
2019-09-09 11:59:00,10417.81000,10418.15000,10414.60000,10414.60000,12.93000
2019-09-09 12:00:00,10411.70000,10411.70000,10405.36000,10405.36000,10.36000
2019-09-09 12:01:00,10405.83000,10407.83000,10404.84000,10407.13000,12.94000
2019-09-09 12:02:00,10409.63000,10409.74000,10405.90000,10407.27000,12.47000
2019-09-09 12:03:00,10402.09000,10402.09000,10397.61000,10397.61000,11.72000
2019-09-09 12:04:00,10396.02000,10396.02000,10386.40000,10389.77000,12.79000
2019-09-09 12:05:00,10393.78000,10397.07000,10393.78000,10395.40000,16.51000
2019-09-09 12:06:00,10396.57000,10396.70000,10394.63000,10394.63000,8.45000
2019-09-09 12:07:00,10396.76000,10403.02000,10390.65000,10392.57000,14.92000
2019-09-09 12:08:00,10395.53000,10395.53000,10390.03000,10390.03000,10.08000
2019-09-09 12:09:00,10390.68000,10393.65000,10388.98000,10389.76000,18.08000
2019-09-09 12:10:00,10388.69000,10389.65000,10387.04000,10389.65000,12.87000
2019-09-09 12:11:00,10387.62000,10387.62000,10377.73000,10377.73000,14.96000
2019-09-09 12:12:00,10377.66000,10379.03000,10374.11000,10376.03000,19.92000
2019-09-09 12:13:00,10388.58000,10389.31000,10385.13000,10387.59000,20.62000
2019-09-09 12:14:00,10383.65000,10385.84000,10383.19000,10383.78000,7.95000
2019-09-09 12:15:00,10386.96000,10393.87000,10386.96000,10393.87000,8.65000
2019-09-09 12:16:00,10392.68000,10402.28000,10392.68000,10402.28000,9.81000
2019-09-09 12:17:00,10404.06000,10408.61000,10403.21000,10408.35000,20.84000
2019-09-09 12:18:00,10408.36000,10408.83000,10402.31000,10402.31000,14.31000
2019-09-09 12:19:00,10404.26000,10404.26000,10401.68000,10402.78000,8.24000
2019-09-09 12:20:00,10396.79000,10397.29000,10393.86000,10397.29000,13.77000
2019-09-09 12:21:00,10392.17000,10394.03000,10391.44000,10394.03000,14.48000
2019-09-09 12:22:00,10391.93000,10391.93000,10390.10000,10390.13000,9.40000
2019-09-09 12:23:00,10390.24000,10391.71000,10390.24000,10391.32000,13.61000
2019-09-09 12:24:00,10389.62000,10389.62000,10381.88000,10381.88000,15.02000
2019-09-09 12:25:00,10386.04000,10387.38000,10384.67000,10387.38000,15.42000
2019-09-09 12:26:00,10384.67000,10384.67000,10383.54000,10383.54000,14.34000
2019-09-09 12:27:00,10385.78000,10385.93000,10383.54000,10383.96000,12.68000
2019-09-09 12:28:00,10387.53000,10392.42000,10387.38000,10387.38000,18.38000
2019-09-09 12:29:00,10385.44000,10387.23000,10384.44000,10386.66000,17.90000
2019-09-09 12:30:00,10386.66000,10389.09000,10386.21000,10389.09000,21.75000
2019-09-09 12:31:00,10389.20000,10392.41000,10387.75000,10392.41000,12.32000
2019-09-09 12:32:00,10390.46000,10395.06000,10389.51000,10394.45000,15.49000
2019-09-09 12:33:00,10393.61000,10395.37000,10393.00000,10393.00000,10.36000
2019-09-09 12:34:00,10394.22000,10397.11000,10393.39000,10395.89000,18.75000
2019-09-09 12:35:00,10393.98000,10396.02000,10393.39000,10396.02000,14.70000
2019-09-09 12:36:00,10396.02000,10404.71000,10396.02000,10404.55000,16.12000
2019-09-09 12:37:00,10400.07000,10400.45000,10397.71000,10400.45000,15.37000
2019-09-09 12:38:00,10398.37000,10401.87000,10397.71000,10399.44000,20.60000
2019-09-09 12:39:00,10399.79000,10399.95000,10399.44000,10399.95000,10.46000
2019-09-09 12:40:00,10403.49000,10406.48000,10403.49000,10406.48000,9.44000
2019-09-09 12:41:00,10408.25000,10408.26000,10404.80000,10404.94000,12.41000
2019-09-09 12:42:00,10402.80000,10405.11000,10398.48000,10398.48000,14.92000
2019-09-09 12:43:00,10401.37000,10401.50000,10397.71000,10399.32000,17.07000
2019-09-09 12:44:00,10401.27000,10401.39000,10397.73000,10397.73000,12.25000
2019-09-09 12:45:00,10388.79000,10388.79000,10377.66000,10378.87000,13.90000
2019-09-09 12:46:00,10373.95000,10375.01000,10361.56000,10363.39000,14.56000
2019-09-09 12:47:00,10367.26000,10377.15000,10367.26000,10376.79000,11.80000
2019-09-09 12:48:00,10377.46000,10380.61000,10362.36000,10362.43000,22.70000
2019-09-09 12:49:00,10362.36000,10367.14000,10362.36000,10364.33000,15.35000
2019-09-09 12:50:00,10374.13000,10374.13000,10370.88000,10370.88000,9.57000
2019-09-09 12:51:00,10372.09000,10373.98000,10369.90000,10369.98000,10.72000
2019-09-09 12:52:00,10367.67000,10369.88000,10367.67000,10369.59000,9.19000
2019-09-09 12:53:00,10368.41000,10368.41000,10365.78000,10366.83000,6.35000
2019-09-09 12:54:00,10368.77000,10372.31000,10368.77000,10371.12000,18.35000
2019-09-09 12:55:00,10370.49000,10370.49000,10362.55000,10362.55000,17.64000
2019-09-09 12:56:00,10363.92000,10364.01000,10361.07000,10361.07000,12.24000
2019-09-09 12:57:00,10353.60000,10357.66000,10349.89000,10355.63000,20.86000
2019-09-09 12:58:00,10357.70000,10358.85000,10356.16000,10357.52000,16.48000
2019-09-09 12:59:00,10359.56000,10359.56000,10356.75000,10356.75000,11.35000
2019-09-09 13:00:00,10356.61000,10357.88000,10355.36000,10357.88000,21.24000
2019-09-09 13:01:00,10358.96000,10367.78000,10358.96000,10365.71000,17.55000
2019-09-09 13:02:00,10365.71000,10366.71000,10360.54000,10363.09000,20.64000
2019-09-09 13:03:00,10365.26000,10374.58000,10365.26000,10374.58000,25.60000
2019-09-09 13:04:00,10372.66000,10373.60000,10365.26000,10365.26000,16.07000
2019-09-09 13:05:00,10361.77000,10367.21000,10361.31000,10367.21000,20.53000
2019-09-09 13:06:00,10365.16000,10368.30000,10363.89000,10363.89000,11.22000
2019-09-09 13:07:00,10363.89000,10366.37000,10360.65000,10362.59000,20.12000
2019-09-09 13:08:00,10360.55000,10360.55000,10351.57000,10351.57000,14.12000
2019-09-09 13:09:00,10352.05000,10354.48000,10351.06000,10351.06000,19.14000
2019-09-09 13:10:00,10345.91000,10348.30000,10345.41000,10345.41000,17.76000
2019-09-09 13:11:00,10345.41000,10352.57000,10345.27000,10350.04000,15.53000
2019-09-09 13:12:00,10348.69000,10350.74000,10346.69000,10347.42000,12.40000
2019-09-09 13:13:00,10347.33000,10349.81000,10335.62000,10335.62000,17.36000
2019-09-09 13:14:00,10336.37000,10341.93000,10336.37000,10339.90000,10.08000
2019-09-09 13:15:00,10340.78000,10341.85000,10334.66000,10334.66000,13.64000
2019-09-09 13:16:00,10338.69000,10341.69000,10338.69000,10341.69000,10.69000
2019-09-09 13:17:00,10341.65000,10341.65000,10334.43000,10337.96000,12.10000
2019-09-09 13:18:00,10338.82000,10340.38000,10337.37000,10338.48000,16.65000
2019-09-09 13:19:00,10340.38000,10340.38000,10337.88000,10339.94000,6.73000
2019-09-09 13:20:00,10339.94000,10342.06000,10339.94000,10342.06000,14.35000
2019-09-09 13:21:00,10342.06000,10346.41000,10340.79000,10346.41000,17.50000
2019-09-09 13:22:00,10343.82000,10345.37000,10342.69000,10342.85000,13.56000
2019-09-09 13:23:00,10345.37000,10349.80000,10344.38000,10349.80000,18.79000
2019-09-09 13:24:00,10349.80000,10349.80000,10345.85000,10348.59000,17.40000
2019-09-09 13:25:00,10346.12000,10348.17000,10342.40000,10342.40000,15.71000
2019-09-09 13:26:00,10344.49000,10344.49000,10337.25000,10337.25000,20.93000
2019-09-09 13:27:00,10337.37000,10338.32000,10334.66000,10338.32000,17.74000
2019-09-09 13:28:00,10336.29000,10339.28000,10335.57000,10335.57000,17.43000
2019-09-09 13:29:00,10336.80000,10343.45000,10334.89000,10343.45000,13.26000
2019-09-09 13:30:00,10344.92000,10345.72000,10339.56000,10340.98000,19.30000
2019-09-09 13:31:00,10336.20000,10339.13000,10333.72000,10333.72000,17.57000
2019-09-09 13:32:00,10333.18000,10334.76000,10331.23000,10332.69000,10.01000
2019-09-09 13:33:00,10335.92000,10348.85000,10335.39000,10348.85000,19.63000
2019-09-09 13:34:00,10345.98000,10353.50000,10345.98000,10353.50000,16.19000
2019-09-09 13:35:00,10351.59000,10356.47000,10351.59000,10356.47000,14.19000
2019-09-09 13:36:00,10368.12000,10374.77000,10367.21000,10367.21000,7.59000
2019-09-09 13:37:00,10366.43000,10371.96000,10366.06000,10371.96000,16.87000
2019-09-09 13:38:00,10369.24000,10378.04000,10369.24000,10378.04000,9.96000
2019-09-09 13:39:00,10384.90000,10389.12000,10370.17000,10370.82000,17.34000
2019-09-09 13:40:00,10367.28000,10367.28000,10364.34000,10366.63000,9.36000
2019-09-09 13:41:00,10355.30000,10355.30000,10350.36000,10351.62000,12.60000
2019-09-09 13:42:00,10350.58000,10350.58000,10347.44000,10348.86000,12.51000
2019-09-09 13:43:00,10348.18000,10352.87000,10348.18000,10351.07000,9.10000
2019-09-09 13:44:00,10351.07000,10354.53000,10349.31000,10354.53000,14.40000
2019-09-09 13:45:00,10351.75000,10354.17000,10348.54000,10348.54000,9.97000
2019-09-09 13:46:00,10346.95000,10354.15000,10346.95000,10351.26000,13.29000
2019-09-09 13:47:00,10352.69000,10365.28000,10350.84000,10357.32000,12.01000
2019-09-09 13:48:00,10357.94000,10357.94000,10348.27000,10348.27000,11.94000
2019-09-09 13:49:00,10350.82000,10352.39000,10347.70000,10348.35000,12.83000
2019-09-09 13:50:00,10346.27000,10346.27000,10337.02000,10339.70000,9.30000
2019-09-09 13:51:00,10337.71000,10340.20000,10336.48000,10339.63000,12.19000
2019-09-09 13:52:00,10328.11000,10329.71000,10326.40000,10326.40000,11.59000
2019-09-09 13:53:00,10319.62000,10331.62000,10317.61000,10330.76000,13.33000
2019-09-09 13:54:00,10322.64000,10337.21000,10322.64000,10337.21000,11.74000
2019-09-09 13:55:00,10337.54000,10340.35000,10331.81000,10331.81000,16.49000
2019-09-09 13:56:00,10339.80000,10339.83000,10337.40000,10337.40000,7.22000
2019-09-09 13:57:00,10338.72000,10339.10000,10324.92000,10325.59000,15.07000
2019-09-09 13:58:00,10329.01000,10332.57000,10325.75000,10332.57000,8.73000
2019-09-09 13:59:00,10331.64000,10332.57000,10322.21000,10322.37000,14.74000
2019-09-09 14:00:00,10327.06000,10329.34000,10326.61000,10328.78000,13.69000
2019-09-09 14:01:00,10328.63000,10328.63000,10325.72000,10325.72000,11.21000
2019-09-09 14:02:00,10327.28000,10327.79000,10317.61000,10319.22000,14.91000
2019-09-09 14:03:00,10320.83000,10322.06000,10311.63000,10311.63000,13.12000
2019-09-09 14:04:00,10312.28000,10324.29000,10312.28000,10324.29000,13.81000
2019-09-09 14:05:00,10324.29000,10330.68000,10324.29000,10330.68000,15.28000
2019-09-09 14:06:00,10329.76000,10338.02000,10329.13000,10329.13000,11.75000
2019-09-09 14:07:00,10335.31000,10336.62000,10334.00000,10336.62000,13.50000
2019-09-09 14:08:00,10335.33000,10338.49000,10335.23000,10336.59000,20.75000
2019-09-09 14:09:00,10338.49000,10338.49000,10336.13000,10336.57000,8.86000
2019-09-09 14:10:00,10337.29000,10344.36000,10335.33000,10339.90000,12.34000
2019-09-09 14:11:00,10338.41000,10341.73000,10338.24000,10341.73000,10.02000
2019-09-09 14:12:00,10341.72000,10341.72000,10335.23000,10335.23000,13.50000
2019-09-09 14:13:00,10334.11000,10334.11000,10330.32000,10330.32000,12.18000
2019-09-09 14:14:00,10332.27000,10332.27000,10322.04000,10322.04000,16.55000
2019-09-09 14:15:00,10325.73000,10332.55000,10322.39000,10332.55000,13.03000
2019-09-09 14:16:00,10330.36000,10333.80000,10328.30000,10333.80000,16.41000
2019-09-09 14:17:00,10329.84000,10331.74000,10329.48000,10331.40000,13.90000
2019-09-09 14:18:00,10329.48000,10337.52000,10329.31000,10337.52000,18.13000
2019-09-09 14:19:00,10337.52000,10339.01000,10336.93000,10338.36000,11.92000
2019-09-09 14:20:00,10338.36000,10350.20000,10338.36000,10350.20000,10.05000
2019-09-09 14:21:00,10350.20000,10352.19000,10348.22000,10352.19000,16.59000
2019-09-09 14:22:00,10350.29000,10363.82000,10350.29000,10363.82000,14.50000
2019-09-09 14:23:00,10362.93000,10362.93000,10352.05000,10354.46000,10.70000
2019-09-09 14:24:00,10347.58000,10347.58000,10344.51000,10345.06000,17.45000
2019-09-09 14:25:00,10341.68000,10344.54000,10341.68000,10344.54000,19.70000
2019-09-09 14:26:00,10352.98000,10355.90000,10349.84000,10351.23000,15.71000
2019-09-09 14:27:00,10352.87000,10353.18000,10350.79000,10352.83000,8.09000
2019-09-09 14:28:00,10351.69000,10352.26000,10343.09000,10343.09000,14.42000
2019-09-09 14:29:00,10345.79000,10346.53000,10342.33000,10344.25000,11.59000
2019-09-09 14:30:00,10342.87000,10347.61000,10342.87000,10345.67000,12.90000
2019-09-09 14:31:00,10345.67000,10347.30000,10344.27000,10345.22000,10.86000
2019-09-09 14:32:00,10343.27000,10347.30000,10343.27000,10344.37000,18.96000
2019-09-09 14:33:00,10346.41000,10347.30000,10342.39000,10342.39000,16.00000
2019-09-09 14:34:00,10341.69000,10341.69000,10333.24000,10335.82000,19.01000
2019-09-09 14:35:00,10333.78000,10336.46000,10332.53000,10332.53000,13.68000
2019-09-09 14:36:00,10330.49000,10332.91000,10329.72000,10332.43000,10.79000
2019-09-09 14:37:00,10330.37000,10332.91000,10329.72000,10330.90000,11.23000
2019-09-09 14:38:00,10325.13000,10331.17000,10323.19000,10331.17000,14.80000
2019-09-09 14:39:00,10329.21000,10335.47000,10329.21000,10335.47000,14.20000
2019-09-09 14:40:00,10334.92000,10334.92000,10333.02000,10333.02000,13.06000
2019-09-09 14:41:00,10333.02000,10333.02000,10324.73000,10324.73000,11.40000
2019-09-09 14:42:00,10325.52000,10326.24000,10320.39000,10320.39000,12.96000
2019-09-09 14:43:00,10319.54000,10322.93000,10319.54000,10322.93000,12.78000
2019-09-09 14:44:00,10324.16000,10334.30000,10324.16000,10334.30000,19.34000
2019-09-09 14:45:00,10327.95000,10330.34000,10327.80000,10330.34000,10.01000
2019-09-09 14:46:00,10327.91000,10331.25000,10315.99000,10315.99000,15.41000
2019-09-09 14:47:00,10305.54000,10315.29000,10305.54000,10312.14000,10.08000
2019-09-09 14:48:00,10312.14000,10316.95000,10312.14000,10316.95000,18.62000
2019-09-09 14:49:00,10314.99000,10320.83000,10314.99000,10316.59000,9.05000
2019-09-09 14:50:00,10312.74000,10313.51000,10307.24000,10307.24000,10.15000
2019-09-09 14:51:00,10307.24000,10307.24000,10302.69000,10305.67000,14.32000
2019-09-09 14:52:00,10312.26000,10320.30000,10312.26000,10320.30000,16.63000
2019-09-09 14:53:00,10314.26000,10316.22000,10311.86000,10315.11000,17.16000
2019-09-09 14:54:00,10317.03000,10320.95000,10314.70000,10314.70000,11.99000
2019-09-09 14:55:00,10314.98000,10318.13000,10314.88000,10317.48000,20.73000
2019-09-09 14:56:00,10318.16000,10319.62000,10318.16000,10319.62000,7.39000
2019-09-09 14:57:00,10321.54000,10338.74000,10320.24000,10338.74000,19.30000
2019-09-09 14:58:00,10339.37000,10339.37000,10337.03000,10337.42000,8.58000
2019-09-09 14:59:00,10337.34000,10337.55000,10335.19000,10337.55000,15.76000
2019-09-09 15:00:00,10333.86000,10336.32000,10332.73000,10336.32000,8.68000
2019-09-09 15:01:00,10338.65000,10339.02000,10325.72000,10325.72000,14.33000
2019-09-09 15:02:00,10321.52000,10324.04000,10321.20000,10323.36000,14.42000
2019-09-09 15:03:00,10320.69000,10321.46000,10317.00000,10317.00000,14.74000
2019-09-09 15:04:00,10318.91000,10320.59000,10316.98000,10320.59000,12.87000
2019-09-09 15:05:00,10321.46000,10324.04000,10320.43000,10322.98000,19.20000
2019-09-09 15:06:00,10319.52000,10322.48000,10319.47000,10322.48000,10.53000
2019-09-09 15:07:00,10322.83000,10324.01000,10318.31000,10321.91000,16.56000
2019-09-09 15:08:00,10321.91000,10326.95000,10321.91000,10326.95000,8.65000
2019-09-09 15:09:00,10326.95000,10327.64000,10320.82000,10322.48000,17.41000
2019-09-09 15:10:00,10324.40000,10325.02000,10324.34000,10325.02000,8.49000
2019-09-09 15:11:00,10317.04000,10321.21000,10308.84000,10321.21000,20.13000
2019-09-09 15:12:00,10321.60000,10321.69000,10309.58000,10309.58000,10.98000
2019-09-09 15:13:00,10319.19000,10323.67000,10316.36000,10323.67000,20.15000
2019-09-09 15:14:00,10322.95000,10322.95000,10315.49000,10319.40000,13.82000
2019-09-09 15:15:00,10321.48000,10325.42000,10319.58000,10325.42000,18.07000
2019-09-09 15:16:00,10324.96000,10325.42000,10321.87000,10321.87000,9.51000
2019-09-09 15:17:00,10319.62000,10320.09000,10317.58000,10318.28000,14.77000
2019-09-09 15:18:00,10321.85000,10326.19000,10321.22000,10321.22000,10.32000
2019-09-09 15:19:00,10321.61000,10324.09000,10319.04000,10324.09000,14.72000
2019-09-09 15:20:00,10322.04000,10325.92000,10320.19000,10320.19000,16.50000
2019-09-09 15:21:00,10321.35000,10321.35000,10314.61000,10314.61000,14.08000
2019-09-09 15:22:00,10313.42000,10325.32000,10312.70000,10325.32000,13.08000
2019-09-09 15:23:00,10331.02000,10331.02000,10325.60000,10325.60000,7.01000
2019-09-09 15:24:00,10324.49000,10325.07000,10323.13000,10323.13000,17.14000
2019-09-09 15:25:00,10323.13000,10329.14000,10322.99000,10329.14000,14.47000
2019-09-09 15:26:00,10329.14000,10344.82000,10329.08000,10342.99000,12.58000
2019-09-09 15:27:00,10343.52000,10348.54000,10343.52000,10347.79000,10.03000
2019-09-09 15:28:00,10350.12000,10350.12000,10344.05000,10344.89000,12.26000
2019-09-09 15:29:00,10336.55000,10341.77000,10336.55000,10341.77000,19.20000
2019-09-09 15:30:00,10352.06000,10363.66000,10352.06000,10361.68000,12.00000
2019-09-09 15:31:00,10361.65000,10361.65000,10353.59000,10359.40000,16.62000
2019-09-09 15:32:00,10356.39000,10357.16000,10348.12000,10348.12000,15.48000
2019-09-09 15:33:00,10347.07000,10349.28000,10346.98000,10349.28000,10.49000
2019-09-09 15:34:00,10349.46000,10351.51000,10346.59000,10346.59000,10.64000
2019-09-09 15:35:00,10348.68000,10349.93000,10346.82000,10349.93000,16.11000
2019-09-09 15:36:00,10348.02000,10349.34000,10335.01000,10336.76000,15.21000
2019-09-09 15:37:00,10336.79000,10339.85000,10336.79000,10337.41000,11.38000
2019-09-09 15:38:00,10339.85000,10349.37000,10337.52000,10349.37000,12.91000
2019-09-09 15:39:00,10348.86000,10348.86000,10344.29000,10344.29000,13.46000
2019-09-09 15:40:00,10344.45000,10347.58000,10344.45000,10345.54000,13.73000
2019-09-09 15:41:00,10347.58000,10347.58000,10326.55000,10327.89000,16.79000
2019-09-09 15:42:00,10325.94000,10327.96000,10319.49000,10327.96000,13.65000
2019-09-09 15:43:00,10327.87000,10327.87000,10318.27000,10319.77000,14.26000
2019-09-09 15:44:00,10322.02000,10323.96000,10320.03000,10323.96000,8.67000
2019-09-09 15:45:00,10322.93000,10324.62000,10322.56000,10323.05000,9.13000
2019-09-09 15:46:00,10326.19000,10332.29000,10326.19000,10329.25000,14.40000
2019-09-09 15:47:00,10329.25000,10329.25000,10321.91000,10325.16000,14.29000
2019-09-09 15:48:00,10323.35000,10331.00000,10323.35000,10331.00000,12.98000
2019-09-09 15:49:00,10331.00000,10331.00000,10327.99000,10330.03000,7.61000
2019-09-09 15:50:00,10326.87000,10328.93000,10323.09000,10323.09000,30.85000
2019-09-09 15:51:00,10322.29000,10324.33000,10321.08000,10321.08000,14.42000
2019-09-09 15:52:00,10321.68000,10326.42000,10321.60000,10326.42000,9.08000
2019-09-09 15:53:00,10326.42000,10334.53000,10326.33000,10332.48000,19.79000
2019-09-09 15:54:00,10332.48000,10333.04000,10329.88000,10330.30000,13.92000
2019-09-09 15:55:00,10332.24000,10332.25000,10325.39000,10325.39000,14.48000
2019-09-09 15:56:00,10324.14000,10324.14000,10321.72000,10321.94000,12.05000
2019-09-09 15:57:00,10321.94000,10326.75000,10321.94000,10324.03000,10.38000
2019-09-09 15:58:00,10320.83000,10322.72000,10318.49000,10322.72000,14.14000
2019-09-09 15:59:00,10320.01000,10320.01000,10314.10000,10314.26000,24.10000
2019-09-09 16:00:00,10314.26000,10333.55000,10314.10000,10333.55000,22.56000
2019-09-09 16:01:00,10331.60000,10331.60000,10316.93000,10318.21000,24.17000
2019-09-09 16:02:00,10309.81000,10309.81000,10302.74000,10302.74000,12.47000
2019-09-09 16:03:00,10270.29000,10270.29000,10264.60000,10267.84000,12.63000
2019-09-09 16:04:00,10265.47000,10265.47000,10253.50000,10256.40000,18.36000
2019-09-09 16:05:00,10252.22000,10265.65000,10239.81000,10260.94000,19.19000
2019-09-09 16:06:00,10262.37000,10275.66000,10262.37000,10273.23000,12.58000
2019-09-09 16:07:00,10275.36000,10277.50000,10272.62000,10274.69000,20.87000
2019-09-09 16:08:00,10272.63000,10275.43000,10272.17000,10273.77000,26.93000
2019-09-09 16:09:00,10273.95000,10277.66000,10273.83000,10277.66000,28.70000
2019-09-09 16:10:00,10275.90000,10291.11000,10275.90000,10291.11000,53.26000
2019-09-09 16:11:00,10292.36000,10298.02000,10290.91000,10295.09000,14.71000
2019-09-09 16:12:00,10291.96000,10299.81000,10291.96000,10299.81000,14.28000
2019-09-09 16:13:00,10297.88000,10300.37000,10295.49000,10296.80000,13.16000
2019-09-09 16:14:00,10300.53000,10301.07000,10296.87000,10296.87000,11.89000
2019-09-09 16:15:00,10295.08000,10295.08000,10283.94000,10284.45000,14.26000
2019-09-09 16:16:00,10281.28000,10281.95000,10271.19000,10273.18000,14.26000
2019-09-09 16:17:00,10272.38000,10284.52000,10272.38000,10278.42000,24.84000
2019-09-09 16:18:00,10278.62000,10280.50000,10274.59000,10278.85000,13.43000
2019-09-09 16:19:00,10275.32000,10275.32000,10268.93000,10269.95000,13.11000
2019-09-09 16:20:00,10267.35000,10269.98000,10266.84000,10266.84000,11.57000
2019-09-09 16:21:00,10265.57000,10270.47000,10265.54000,10270.47000,17.81000
2019-09-09 16:22:00,10267.59000,10269.90000,10261.93000,10269.90000,13.44000
2019-09-09 16:23:00,10271.46000,10274.16000,10269.03000,10274.02000,15.05000
2019-09-09 16:24:00,10276.10000,10276.10000,10271.61000,10275.23000,14.66000
2019-09-09 16:25:00,10274.88000,10274.88000,10272.27000,10272.27000,12.46000
2019-09-09 16:26:00,10270.74000,10273.38000,10270.03000,10272.32000,16.46000
2019-09-09 16:27:00,10270.30000,10272.73000,10268.51000,10270.68000,17.25000
2019-09-09 16:28:00,10270.21000,10271.05000,10258.79000,10258.79000,22.07000
2019-09-09 16:29:00,10261.23000,10262.92000,10254.86000,10254.86000,12.08000
2019-09-09 16:30:00,10255.66000,10264.83000,10252.52000,10264.83000,18.05000
2019-09-09 16:31:00,10271.97000,10271.97000,10257.05000,10257.05000,9.40000
2019-09-09 16:32:00,10256.34000,10256.70000,10256.26000,10256.70000,9.17000
2019-09-09 16:33:00,10254.73000,10257.09000,10253.16000,10254.25000,19.92000
2019-09-09 16:34:00,10254.47000,10254.72000,10248.88000,10248.88000,11.59000
2019-09-09 16:35:00,10249.25000,10251.89000,10248.14000,10249.82000,10.75000
2019-09-09 16:36:00,10251.89000,10253.33000,10249.47000,10253.33000,12.08000
2019-09-09 16:37:00,10250.06000,10250.06000,10243.16000,10246.59000,15.08000
2019-09-09 16:38:00,10249.38000,10250.41000,10244.82000,10246.40000,18.52000
2019-09-09 16:39:00,10245.69000,10246.74000,10242.81000,10246.74000,25.48000
2019-09-09 16:40:00,10243.64000,10244.14000,10239.41000,10244.14000,19.21000
2019-09-09 16:41:00,10235.23000,10235.23000,10216.27000,10228.84000,37.67000
2019-09-09 16:42:00,10224.53000,10230.64000,10224.51000,10228.56000,24.79000
2019-09-09 16:43:00,10226.47000,10228.40000,10213.08000,10213.08000,16.35000
2019-09-09 16:44:00,10200.32000,10232.41000,10183.31000,10232.41000,12.34000
2019-09-09 16:45:00,10230.21000,10234.27000,10227.57000,10230.31000,15.26000
2019-09-09 16:46:00,10221.36000,10236.60000,10221.36000,10233.65000,31.83000
2019-09-09 16:47:00,10227.39000,10236.62000,10227.39000,10236.62000,12.29000
2019-09-09 16:48:00,10236.62000,10250.91000,10236.62000,10249.24000,45.72000
2019-09-09 16:49:00,10250.08000,10250.08000,10245.78000,10245.78000,11.59000
2019-09-09 16:50:00,10243.93000,10244.53000,10238.21000,10238.21000,29.95000
2019-09-09 16:51:00,10234.62000,10246.29000,10234.62000,10240.18000,26.57000
2019-09-09 16:52:00,10242.17000,10246.90000,10240.66000,10246.90000,26.45000
2019-09-09 16:53:00,10245.75000,10248.64000,10243.44000,10248.64000,26.68000
2019-09-09 16:54:00,10248.64000,10249.54000,10235.37000,10235.37000,14.23000
2019-09-09 16:55:00,10233.40000,10240.42000,10233.40000,10239.04000,12.86000
2019-09-09 16:56:00,10238.64000,10251.98000,10238.64000,10251.98000,26.12000
2019-09-09 16:57:00,10251.98000,10254.67000,10249.45000,10250.37000,26.75000
2019-09-09 16:58:00,10252.06000,10255.22000,10251.95000,10253.31000,11.13000
2019-09-09 16:59:00,10255.94000,10256.58000,10255.44000,10255.44000,10.64000
2019-09-09 17:00:00,10253.31000,10262.97000,10252.07000,10262.97000,47.04000
2019-09-09 17:01:00,10260.66000,10273.66000,10260.50000,10273.66000,24.76000
2019-09-09 17:02:00,10274.72000,10277.86000,10270.62000,10276.66000,10.70000
2019-09-09 17:03:00,10277.31000,10290.55000,10273.60000,10290.55000,13.04000
2019-09-09 17:04:00,10279.16000,10283.78000,10279.16000,10282.28000,11.36000
2019-09-09 17:05:00,10284.87000,10285.60000,10282.79000,10282.79000,11.94000
2019-09-09 17:06:00,10284.60000,10296.30000,10284.47000,10296.30000,15.62000
2019-09-09 17:07:00,10292.14000,10292.14000,10281.82000,10281.95000,13.06000
2019-09-09 17:08:00,10285.98000,10285.98000,10278.86000,10279.12000,11.23000
2019-09-09 17:09:00,10281.03000,10281.73000,10278.26000,10281.73000,14.94000
2019-09-09 17:10:00,10279.80000,10282.30000,10279.62000,10280.36000,9.59000
2019-09-09 17:11:00,10280.36000,10282.80000,10280.22000,10282.80000,13.58000
2019-09-09 17:12:00,10281.95000,10286.81000,10281.95000,10286.81000,8.20000
2019-09-09 17:13:00,10286.38000,10287.94000,10284.31000,10287.94000,19.26000
2019-09-09 17:14:00,10285.14000,10287.94000,10284.52000,10284.52000,20.98000
2019-09-09 17:15:00,10284.67000,10288.86000,10284.58000,10288.86000,12.24000
2019-09-09 17:16:00,10288.86000,10289.88000,10286.79000,10289.88000,13.80000
2019-09-09 17:17:00,10289.88000,10291.14000,10289.21000,10290.66000,14.47000
2019-09-09 17:18:00,10290.80000,10291.12000,10287.26000,10287.75000,12.93000
2019-09-09 17:19:00,10284.55000,10284.55000,10260.06000,10260.06000,29.06000
2019-09-09 17:20:00,10260.10000,10262.01000,10255.40000,10255.40000,14.19000
2019-09-09 17:21:00,10251.72000,10253.63000,10245.44000,10246.09000,17.05000
2019-09-09 17:22:00,10235.30000,10243.19000,10235.30000,10242.79000,9.12000
2019-09-09 17:23:00,10245.26000,10254.82000,10243.35000,10254.82000,25.06000
2019-09-09 17:24:00,10254.82000,10254.82000,10248.29000,10248.99000,16.88000
2019-09-09 17:25:00,10245.94000,10246.09000,10242.10000,10242.79000,14.80000
2019-09-09 17:26:00,10246.58000,10247.17000,10243.43000,10244.09000,15.06000
2019-09-09 17:27:00,10249.07000,10258.42000,10249.07000,10254.92000,38.24000
2019-09-09 17:28:00,10250.03000,10253.01000,10249.11000,10249.11000,9.75000
2019-09-09 17:29:00,10251.97000,10260.60000,10251.97000,10258.03000,20.97000
2019-09-09 17:30:00,10260.73000,10265.97000,10260.73000,10265.97000,12.25000
2019-09-09 17:31:00,10266.48000,10272.65000,10266.48000,10268.36000,14.62000
2019-09-09 17:32:00,10269.47000,10273.62000,10267.97000,10267.97000,13.31000
2019-09-09 17:33:00,10265.88000,10268.50000,10258.96000,10260.95000,18.03000
2019-09-09 17:34:00,10260.95000,10261.96000,10250.70000,10250.70000,12.06000
2019-09-09 17:35:00,10249.37000,10249.79000,10244.14000,10244.66000,11.59000
2019-09-09 17:36:00,10246.09000,10250.91000,10245.44000,10249.17000,13.59000
2019-09-09 17:37:00,10252.79000,10260.01000,10248.91000,10250.61000,18.25000
2019-09-09 17:38:00,10248.13000,10254.99000,10248.13000,10252.51000,12.10000
2019-09-09 17:39:00,10251.37000,10259.62000,10251.37000,10258.42000,13.19000
2019-09-09 17:40:00,10259.09000,10263.27000,10257.67000,10262.15000,10.53000
2019-09-09 17:41:00,10264.23000,10265.02000,10257.77000,10258.67000,15.54000
2019-09-09 17:42:00,10263.43000,10264.21000,10261.50000,10261.50000,12.56000
2019-09-09 17:43:00,10261.64000,10263.70000,10258.64000,10261.16000,17.33000
2019-09-09 17:44:00,10260.62000,10261.16000,10256.79000,10256.99000,9.94000
2019-09-09 17:45:00,10254.86000,10257.82000,10254.86000,10257.82000,12.98000
2019-09-09 17:46:00,10255.23000,10256.31000,10254.13000,10256.31000,13.84000
2019-09-09 17:47:00,10254.41000,10257.27000,10254.41000,10257.27000,11.29000
2019-09-09 17:48:00,10255.33000,10261.27000,10254.41000,10261.27000,14.19000
2019-09-09 17:49:00,10263.70000,10265.08000,10262.58000,10263.67000,12.89000
2019-09-09 17:50:00,10265.70000,10265.70000,10263.58000,10263.62000,15.02000
2019-09-09 17:51:00,10263.62000,10264.10000,10262.05000,10262.05000,10.61000
2019-09-09 17:52:00,10262.04000,10264.49000,10259.62000,10259.62000,14.94000
2019-09-09 17:53:00,10261.55000,10261.55000,10257.57000,10257.57000,14.31000
2019-09-09 17:54:00,10257.72000,10259.62000,10257.39000,10257.39000,5.24000
2019-09-09 17:55:00,10257.39000,10260.91000,10257.39000,10260.91000,15.46000
2019-09-09 17:56:00,10258.05000,10260.07000,10255.96000,10260.07000,18.27000
2019-09-09 17:57:00,10258.16000,10260.91000,10258.16000,10258.98000,8.91000
2019-09-09 17:58:00,10258.98000,10260.91000,10258.91000,10259.56000,13.14000
2019-09-09 17:59:00,10261.47000,10263.33000,10260.35000,10263.33000,18.29000
2019-09-09 18:00:00,10261.38000,10263.93000,10261.38000,10263.93000,9.69000
2019-09-09 18:01:00,10266.44000,10272.78000,10266.44000,10272.46000,19.14000
2019-09-09 18:02:00,10272.02000,10276.14000,10269.82000,10270.48000,20.25000
2019-09-09 18:03:00,10270.48000,10272.84000,10268.67000,10268.67000,17.87000
2019-09-09 18:04:00,10267.63000,10267.63000,10265.21000,10265.21000,14.38000
2019-09-09 18:05:00,10264.05000,10268.83000,10264.05000,10268.83000,13.38000
2019-09-09 18:06:00,10268.70000,10272.52000,10268.70000,10272.52000,10.68000
2019-09-09 18:07:00,10272.52000,10275.05000,10272.44000,10273.14000,12.02000
2019-09-09 18:08:00,10273.14000,10277.88000,10273.14000,10274.60000,14.38000
2019-09-09 18:09:00,10274.60000,10278.52000,10274.52000,10278.52000,20.40000
2019-09-09 18:10:00,10284.09000,10286.55000,10282.66000,10282.66000,15.28000
2019-09-09 18:11:00,10283.19000,10283.59000,10275.61000,10276.44000,14.61000
2019-09-09 18:12:00,10277.43000,10280.79000,10277.43000,10278.94000,11.38000
2019-09-09 18:13:00,10279.75000,10280.79000,10278.03000,10279.43000,11.39000
2019-09-09 18:14:00,10277.47000,10281.69000,10277.47000,10279.60000,24.48000
2019-09-09 18:15:00,10277.73000,10278.95000,10275.69000,10277.04000,18.63000
2019-09-09 18:16:00,10277.04000,10279.31000,10276.87000,10279.31000,6.61000
2019-09-09 18:17:00,10277.39000,10284.16000,10277.39000,10281.24000,17.47000
2019-09-09 18:18:00,10282.23000,10283.07000,10281.02000,10283.07000,10.80000
2019-09-09 18:19:00,10283.12000,10286.55000,10281.83000,10286.55000,17.57000
2019-09-09 18:20:00,10285.48000,10288.82000,10281.91000,10285.54000,19.23000
2019-09-09 18:21:00,10286.54000,10287.59000,10284.29000,10284.98000,11.53000
2019-09-09 18:22:00,10286.99000,10287.59000,10279.65000,10279.80000,17.23000
2019-09-09 18:23:00,10280.49000,10283.07000,10280.10000,10281.00000,18.52000
2019-09-09 18:24:00,10282.00000,10283.83000,10281.85000,10283.83000,14.39000
2019-09-09 18:25:00,10281.08000,10284.39000,10281.08000,10284.39000,16.48000
2019-09-09 18:26:00,10282.47000,10285.85000,10282.47000,10283.98000,16.71000
2019-09-09 18:27:00,10280.33000,10280.33000,10266.74000,10266.74000,16.36000
2019-09-09 18:28:00,10266.74000,10268.70000,10263.79000,10263.79000,15.00000
2019-09-09 18:29:00,10262.04000,10262.04000,10259.35000,10259.35000,12.86000
2019-09-09 18:30:00,10261.52000,10262.34000,10259.35000,10262.34000,15.52000
2019-09-09 18:31:00,10260.47000,10260.47000,10255.92000,10255.92000,13.24000
2019-09-09 18:32:00,10256.09000,10258.14000,10255.80000,10255.80000,14.14000
2019-09-09 18:33:00,10257.70000,10260.47000,10254.89000,10254.89000,26.80000
2019-09-09 18:34:00,10254.71000,10257.13000,10253.14000,10253.14000,18.33000
2019-09-09 18:35:00,10253.14000,10255.72000,10253.14000,10253.76000,12.90000
2019-09-09 18:36:00,10257.45000,10257.45000,10251.47000,10253.90000,16.48000
2019-09-09 18:37:00,10253.90000,10254.94000,10251.77000,10251.77000,17.18000
2019-09-09 18:38:00,10253.97000,10254.39000,10250.66000,10250.66000,25.81000
2019-09-09 18:39:00,10250.56000,10252.98000,10250.56000,10252.98000,12.53000
2019-09-09 18:40:00,10254.39000,10257.89000,10254.39000,10257.89000,9.24000
2019-09-09 18:41:00,10257.89000,10261.37000,10254.71000,10261.37000,25.06000
2019-09-09 18:42:00,10263.60000,10266.35000,10262.79000,10264.43000,22.05000
2019-09-09 18:43:00,10266.35000,10273.11000,10264.87000,10273.11000,23.63000
2019-09-09 18:44:00,10270.55000,10273.11000,10269.45000,10269.45000,12.75000
2019-09-09 18:45:00,10271.36000,10271.90000,10269.59000,10269.67000,10.85000
2019-09-09 18:46:00,10271.58000,10271.90000,10269.57000,10269.57000,11.07000
2019-09-09 18:47:00,10270.10000,10270.10000,10267.74000,10269.79000,8.59000
2019-09-09 18:48:00,10268.74000,10273.11000,10268.74000,10273.11000,17.50000
2019-09-09 18:49:00,10270.54000,10270.54000,10269.82000,10270.28000,8.69000
2019-09-09 18:50:00,10267.74000,10268.72000,10262.02000,10262.02000,13.74000
2019-09-09 18:51:00,10264.88000,10265.64000,10262.02000,10265.22000,13.94000
2019-09-09 18:52:00,10263.15000,10263.15000,10259.39000,10259.39000,11.61000
2019-09-09 18:53:00,10261.35000,10262.40000,10259.21000,10262.40000,15.91000
2019-09-09 18:54:00,10260.34000,10262.40000,10259.85000,10262.40000,11.42000
2019-09-09 18:55:00,10259.85000,10261.80000,10259.51000,10261.42000,11.59000
2019-09-09 18:56:00,10257.38000,10260.12000,10257.38000,10260.07000,9.41000
2019-09-09 18:57:00,10260.10000,10261.32000,10259.16000,10261.32000,9.62000
2019-09-09 18:58:00,10261.32000,10263.01000,10257.61000,10259.64000,15.90000
2019-09-09 18:59:00,10257.61000,10258.91000,10253.20000,10255.58000,24.00000
2019-09-09 19:00:00,10255.58000,10255.98000,10239.27000,10239.27000,13.03000
2019-09-09 19:01:00,10239.27000,10241.20000,10237.17000,10241.20000,8.76000
2019-09-09 19:02:00,10241.20000,10242.41000,10239.73000,10239.73000,14.87000
2019-09-09 19:03:00,10242.05000,10242.05000,10238.54000,10241.67000,6.76000
2019-09-09 19:04:00,10241.67000,10242.41000,10239.76000,10241.04000,14.85000
2019-09-09 19:05:00,10243.07000,10243.74000,10241.14000,10243.01000,12.20000
2019-09-09 19:06:00,10239.76000,10240.69000,10238.65000,10240.69000,10.67000
2019-09-09 19:07:00,10240.69000,10242.47000,10240.69000,10242.30000,11.44000
2019-09-09 19:08:00,10244.63000,10245.22000,10243.30000,10243.58000,14.30000
2019-09-09 19:09:00,10240.60000,10243.62000,10240.60000,10243.62000,14.51000
2019-09-09 19:10:00,10241.56000,10244.13000,10241.06000,10243.05000,10.60000
2019-09-09 19:11:00,10241.15000,10244.25000,10241.15000,10244.12000,16.24000
2019-09-09 19:12:00,10244.23000,10246.72000,10244.23000,10244.78000,12.72000
2019-09-09 19:13:00,10250.84000,10250.96000,10248.30000,10250.96000,15.36000
2019-09-09 19:14:00,10251.31000,10252.33000,10243.78000,10243.78000,20.60000
2019-09-09 19:15:00,10245.69000,10248.33000,10245.69000,10245.90000,14.78000
2019-09-09 19:16:00,10247.47000,10248.78000,10245.53000,10248.78000,14.64000
2019-09-09 19:17:00,10248.78000,10249.95000,10246.32000,10246.32000,14.91000
2019-09-09 19:18:00,10249.16000,10249.95000,10246.87000,10248.03000,13.24000
2019-09-09 19:19:00,10248.03000,10251.63000,10247.87000,10249.71000,18.24000
2019-09-09 19:20:00,10249.71000,10252.83000,10249.61000,10252.83000,10.48000
2019-09-09 19:21:00,10250.90000,10263.08000,10250.77000,10263.08000,12.46000
2019-09-09 19:22:00,10264.01000,10265.19000,10262.46000,10265.19000,14.34000
2019-09-09 19:23:00,10265.19000,10270.73000,10263.79000,10270.73000,21.25000
2019-09-09 19:24:00,10268.82000,10271.65000,10268.74000,10271.65000,27.38000
2019-09-09 19:25:00,10270.52000,10272.26000,10268.44000,10272.26000,30.81000
2019-09-09 19:26:00,10267.75000,10270.40000,10267.21000,10267.21000,14.65000
2019-09-09 19:27:00,10267.04000,10270.40000,10267.04000,10267.77000,14.23000
2019-09-09 19:28:00,10267.77000,10269.24000,10266.00000,10266.00000,15.48000
2019-09-09 19:29:00,10266.51000,10266.51000,10263.28000,10263.95000,15.47000
2019-09-09 19:30:00,10263.95000,10265.89000,10263.83000,10265.89000,6.06000
2019-09-09 19:31:00,10263.95000,10267.17000,10263.95000,10267.17000,13.53000
2019-09-09 19:32:00,10267.34000,10268.24000,10265.18000,10267.35000,15.70000
2019-09-09 19:33:00,10267.35000,10267.75000,10265.81000,10266.63000,9.23000
2019-09-09 19:34:00,10261.57000,10263.51000,10261.57000,10262.41000,11.60000
2019-09-09 19:35:00,10262.41000,10264.22000,10261.82000,10262.88000,19.65000
2019-09-09 19:36:00,10262.88000,10264.84000,10260.11000,10261.98000,22.59000
2019-09-09 19:37:00,10261.98000,10261.98000,10257.54000,10257.54000,12.42000
2019-09-09 19:38:00,10259.48000,10259.87000,10257.41000,10259.87000,12.02000
2019-09-09 19:39:00,10259.87000,10261.12000,10258.28000,10258.70000,10.58000
2019-09-09 19:40:00,10256.68000,10259.34000,10256.02000,10256.32000,20.51000
2019-09-09 19:41:00,10254.29000,10254.31000,10251.61000,10254.14000,13.34000
2019-09-09 19:42:00,10254.14000,10255.49000,10252.36000,10253.88000,16.41000
2019-09-09 19:43:00,10251.94000,10254.46000,10251.81000,10252.55000,18.42000
2019-09-09 19:44:00,10254.62000,10258.02000,10254.62000,10256.09000,19.51000
2019-09-09 19:45:00,10259.34000,10262.65000,10258.27000,10262.65000,16.11000
2019-09-09 19:46:00,10260.74000,10263.60000,10260.74000,10263.60000,12.62000
2019-09-09 19:47:00,10263.60000,10267.22000,10261.66000,10267.22000,29.26000
2019-09-09 19:48:00,10265.29000,10284.85000,10265.29000,10284.85000,36.50000
2019-09-09 19:49:00,10282.28000,10284.30000,10282.28000,10282.28000,8.79000
2019-09-09 19:50:00,10282.37000,10311.75000,10282.37000,10311.75000,46.31000
2019-09-09 19:51:00,10309.64000,10313.01000,10309.17000,10309.17000,10.78000
2019-09-09 19:52:00,10302.33000,10314.13000,10302.33000,10308.41000,13.37000
2019-09-09 19:53:00,10306.45000,10319.68000,10306.36000,10319.68000,26.35000
2019-09-09 19:54:00,10322.50000,10323.13000,10313.37000,10313.93000,13.29000
2019-09-09 19:55:00,10316.48000,10318.28000,10316.42000,10317.58000,12.25000
2019-09-09 19:56:00,10319.72000,10320.72000,10316.23000,10316.62000,17.63000
2019-09-09 19:57:00,10316.58000,10317.27000,10310.60000,10310.72000,15.62000
2019-09-09 19:58:00,10314.06000,10314.62000,10306.47000,10307.50000,11.07000
2019-09-09 19:59:00,10305.55000,10308.87000,10305.43000,10308.87000,16.09000
2019-09-09 20:00:00,10307.80000,10312.65000,10305.35000,10305.35000,24.75000
2019-09-09 20:01:00,10307.45000,10307.45000,10301.44000,10301.44000,17.70000
2019-09-09 20:02:00,10300.71000,10306.36000,10300.71000,10306.36000,17.53000
2019-09-09 20:03:00,10304.43000,10307.07000,10302.45000,10307.07000,16.22000
2019-09-09 20:04:00,10306.48000,10309.42000,10296.31000,10298.94000,22.33000
2019-09-09 20:05:00,10288.10000,10291.22000,10282.64000,10284.29000,18.08000
2019-09-09 20:06:00,10284.29000,10285.03000,10277.05000,10277.05000,15.29000
2019-09-09 20:07:00,10279.09000,10279.09000,10277.16000,10278.34000,9.35000
2019-09-09 20:08:00,10282.71000,10285.77000,10282.71000,10285.77000,18.13000
2019-09-09 20:09:00,10285.77000,10290.63000,10284.23000,10290.63000,11.87000
2019-09-09 20:10:00,10290.63000,10294.97000,10290.49000,10294.97000,7.33000
2019-09-09 20:11:00,10293.02000,10294.99000,10292.91000,10293.51000,11.57000
2019-09-09 20:12:00,10299.71000,10313.21000,10298.96000,10310.78000,27.57000
2019-09-09 20:13:00,10313.21000,10314.22000,10311.65000,10312.18000,8.80000
2019-09-09 20:14:00,10312.18000,10314.22000,10306.30000,10306.30000,17.85000
2019-09-09 20:15:00,10302.70000,10308.38000,10300.83000,10308.38000,17.09000
2019-09-09 20:16:00,10306.71000,10308.91000,10303.53000,10303.53000,31.10000
2019-09-09 20:17:00,10300.99000,10305.46000,10300.47000,10305.46000,15.08000
2019-09-09 20:18:00,10307.86000,10309.98000,10297.33000,10297.33000,19.42000
2019-09-09 20:19:00,10297.24000,10299.04000,10292.03000,10292.03000,16.07000
2019-09-09 20:20:00,10284.60000,10291.43000,10284.44000,10289.72000,11.16000
2019-09-09 20:21:00,10287.18000,10289.31000,10282.02000,10282.02000,14.40000
2019-09-09 20:22:00,10283.99000,10288.10000,10283.43000,10285.97000,11.88000
2019-09-09 20:23:00,10286.19000,10295.36000,10286.19000,10295.36000,25.12000
2019-09-09 20:24:00,10290.02000,10290.52000,10282.92000,10282.92000,11.07000
2019-09-09 20:25:00,10282.07000,10282.65000,10280.19000,10280.19000,9.99000
2019-09-09 20:26:00,10278.62000,10279.30000,10276.13000,10276.13000,10.70000
2019-09-09 20:27:00,10306.15000,10374.90000,10306.15000,10374.90000,7.14000
2019-09-09 20:28:00,10374.90000,10374.90000,10374.90000,10374.90000,0.00000
2019-09-09 20:29:00,10335.85000,10335.85000,10331.94000,10331.94000,20.29000
2019-09-09 20:30:00,10316.58000,10316.58000,10293.80000,10293.80000,100.41000
2019-09-09 20:31:00,10293.00000,10293.00000,10282.20000,10282.20000,34.86000
2019-09-09 20:32:00,10280.14000,10280.14000,10276.25000,10276.25000,5.29000
2019-09-09 20:33:00,10282.20000,10282.20000,10276.25000,10278.71000,8.36000
2019-09-09 20:34:00,10278.71000,10382.72000,10278.34000,10288.42000,18.12000
2019-09-09 20:35:00,10288.42000,10420.65000,10287.77000,10420.65000,11.96000
2019-09-09 20:36:00,10287.77000,10400.00000,10287.69000,10400.00000,10.22000
2019-09-09 20:37:00,10287.69000,10289.15000,10283.28000,10283.28000,26.60000
2019-09-09 20:38:00,10285.23000,10285.23000,10279.42000,10281.44000,16.18000
2019-09-09 20:39:00,10281.44000,10282.95000,10281.44000,10282.95000,5.17000
2019-09-09 20:40:00,10282.95000,10282.95000,10282.95000,10282.95000,0.00000
2019-09-09 20:41:00,10282.95000,10282.95000,10282.95000,10282.95000,0.00000
2019-09-09 20:42:00,10282.95000,10282.95000,10282.95000,10282.95000,0.00000
2019-09-09 20:43:00,10282.95000,10282.95000,10282.95000,10282.95000,0.00000
2019-09-09 20:44:00,10282.95000,10282.95000,10282.95000,10282.95000,0.00000
2019-09-09 20:45:00,10282.95000,10282.95000,10282.95000,10282.95000,0.00000
2019-09-09 20:46:00,10282.95000,10282.95000,10282.95000,10282.95000,0.00000
2019-09-09 20:47:00,10282.95000,10282.95000,10282.95000,10282.95000,0.00000
2019-09-09 20:48:00,10282.95000,10282.95000,10282.95000,10282.95000,0.00000
2019-09-09 20:49:00,10282.95000,10282.95000,10282.95000,10282.95000,0.00000
2019-09-09 20:50:00,10282.95000,10282.95000,10282.95000,10282.95000,0.00000
2019-09-09 20:51:00,10282.95000,10282.95000,10282.95000,10282.95000,0.00000
2019-09-09 20:52:00,10282.95000,10282.95000,10282.95000,10282.95000,0.00000
2019-09-09 20:53:00,10282.95000,10282.95000,10282.95000,10282.95000,0.00000
2019-09-09 20:54:00,10282.95000,10282.95000,10282.95000,10282.95000,0.00000
2019-09-09 20:55:00,10282.95000,10282.95000,10282.95000,10282.95000,0.00000
2019-09-09 20:56:00,10228.28000,10230.23000,10228.28000,10230.23000,14.00000
2019-09-09 20:57:00,10230.23000,10230.23000,10230.23000,10230.23000,0.00000
2019-09-09 20:58:00,10232.66000,10233.85000,10232.66000,10233.85000,10.00000
2019-09-09 20:59:00,10233.85000,10233.85000,10233.85000,10233.85000,0.00000
2019-09-09 21:00:00,10229.48000,10229.48000,10229.48000,10229.48000,5.98000
2019-09-09 21:01:00,10229.48000,10229.48000,10229.48000,10229.48000,0.00000
2019-09-09 21:02:00,10229.48000,10229.48000,10229.48000,10229.48000,0.00000
2019-09-09 21:03:00,10239.95000,10241.56000,10239.95000,10241.56000,6.00000
2019-09-09 21:04:00,10241.56000,10241.56000,10241.56000,10241.56000,0.00000
2019-09-09 21:05:00,10269.86000,10270.49000,10269.86000,10270.49000,6.80000
2019-09-09 21:06:00,10270.49000,10270.49000,10270.49000,10270.49000,0.00000
2019-09-09 21:07:00,10270.49000,10270.49000,10270.49000,10270.49000,0.00000
2019-09-09 21:08:00,10270.49000,10270.49000,10270.49000,10270.49000,0.00000
2019-09-09 21:09:00,10270.49000,10270.49000,10270.49000,10270.49000,0.00000
2019-09-09 21:10:00,10270.49000,10270.49000,10270.49000,10270.49000,0.00000
2019-09-09 21:11:00,10258.47000,10264.56000,10257.07000,10257.07000,14.04000
2019-09-09 21:12:00,10256.54000,10258.85000,10239.77000,10239.77000,14.97000
2019-09-09 21:13:00,10249.55000,10249.55000,10239.60000,10239.84000,10.14000
2019-09-09 21:14:00,10241.01000,10251.48000,10239.67000,10251.48000,11.71000
2019-09-09 21:15:00,10253.41000,10258.29000,10244.85000,10256.14000,19.87000
2019-09-09 21:16:00,10256.14000,10258.73000,10247.53000,10258.73000,14.47000
2019-09-09 21:17:00,10250.00000,10250.00000,10250.00000,10250.00000,1.42000
2019-09-09 21:18:00,10258.12000,10260.00000,10258.12000,10260.00000,9.96000
2019-09-09 21:19:00,10260.00000,10261.31000,10259.63000,10259.67000,22.34000
2019-09-09 21:20:00,10259.67000,10269.15000,10259.67000,10269.15000,26.60000
2019-09-09 21:21:00,10267.81000,10269.88000,10267.81000,10269.88000,15.97000
2019-09-09 21:22:00,10268.83000,10271.29000,10268.83000,10271.29000,20.11000
2019-09-09 21:23:00,10271.29000,10271.99000,10271.03000,10271.99000,9.62000
2019-09-09 21:24:00,10271.99000,10286.18000,10271.99000,10286.18000,18.98000
2019-09-09 21:25:00,10286.18000,10343.79000,10286.18000,10343.79000,14.81000
2019-09-09 21:26:00,10333.00000,10333.00000,10267.62000,10267.62000,10.23000
2019-09-09 21:27:00,10267.62000,10271.91000,10267.62000,10271.91000,16.56000
2019-09-09 21:28:00,10271.91000,10272.68000,10271.57000,10272.11000,12.77000
2019-09-09 21:29:00,10272.11000,10273.27000,10271.53000,10272.09000,9.18000
2019-09-09 21:30:00,10272.09000,10272.70000,10271.74000,10271.74000,6.16000
2019-09-09 21:31:00,10272.11000,10272.70000,10271.90000,10271.90000,8.53000
2019-09-09 21:32:00,10271.90000,10272.31000,10271.90000,10272.31000,3.79000
2019-09-09 21:33:00,10272.31000,10272.88000,10271.87000,10271.87000,4.01000
2019-09-09 21:34:00,10271.87000,10272.88000,10271.75000,10271.75000,7.32000
2019-09-09 21:35:00,10271.75000,10272.88000,10271.75000,10272.88000,4.99000
2019-09-09 21:36:00,10271.89000,10273.40000,10271.89000,10273.40000,5.92000
2019-09-09 21:37:00,10271.59000,10272.37000,10271.59000,10272.37000,7.04000
2019-09-09 21:38:00,10272.37000,10273.40000,10271.76000,10271.76000,5.94000
2019-09-09 21:39:00,10271.76000,10272.49000,10271.76000,10272.49000,6.24000
2019-09-09 21:40:00,10272.49000,10273.85000,10272.49000,10273.85000,6.46000
2019-09-09 21:41:00,10273.85000,10277.17000,10273.30000,10277.17000,13.94000
2019-09-09 21:42:00,10276.60000,10278.15000,10276.60000,10278.15000,9.60000
2019-09-09 21:43:00,10278.15000,10280.16000,10278.15000,10280.16000,7.64000
2019-09-09 21:44:00,10280.16000,10288.50000,10280.16000,10286.33000,25.42000
2019-09-09 21:45:00,10286.33000,10287.50000,10286.33000,10287.50000,8.92000
2019-09-09 21:46:00,10287.50000,10290.46000,10287.50000,10290.46000,7.52000
2019-09-09 21:47:00,10291.76000,10296.03000,10291.76000,10296.03000,5.00000
2019-09-09 21:48:00,10296.03000,10296.97000,10295.37000,10295.37000,4.88000
2019-09-09 21:49:00,10295.37000,10296.44000,10294.86000,10294.86000,5.31000
2019-09-09 21:50:00,10294.86000,10296.44000,10294.34000,10295.46000,7.57000
2019-09-09 21:51:00,10293.82000,10294.85000,10293.15000,10294.85000,7.38000
2019-09-09 21:52:00,10291.72000,10292.86000,10290.21000,10290.21000,9.65000
2019-09-09 21:53:00,10290.21000,10290.73000,10290.21000,10290.73000,3.61000
2019-09-09 21:54:00,10290.73000,10291.45000,10289.76000,10290.74000,7.00000
2019-09-09 21:55:00,10290.74000,10292.20000,10289.34000,10289.34000,7.89000
2019-09-09 21:56:00,10289.34000,10290.43000,10285.70000,10286.20000,9.36000
2019-09-09 21:57:00,10284.59000,10286.20000,10284.59000,10286.20000,4.93000
2019-09-09 21:58:00,10286.20000,10287.39000,10286.20000,10287.39000,6.17000
2019-09-09 21:59:00,10287.39000,10289.48000,10287.39000,10289.48000,6.08000
2019-09-09 22:00:00,10289.48000,10292.60000,10289.48000,10292.60000,7.88000
2019-09-09 22:01:00,10292.60000,10307.33000,10292.60000,10307.33000,31.47000
2019-09-09 22:02:00,10311.81000,10312.54000,10311.81000,10312.54000,4.31000
2019-09-09 22:03:00,10310.89000,10313.40000,10309.69000,10313.40000,15.39000
2019-09-09 22:04:00,10309.97000,10316.44000,10309.97000,10316.44000,5.76000
2019-09-09 22:05:00,10316.44000,10319.28000,10316.44000,10319.28000,6.35000
2019-09-09 22:06:00,10319.57000,10324.54000,10319.57000,10324.54000,3.66000
2019-09-09 22:07:00,10324.54000,10327.15000,10322.30000,10325.29000,6.91000
2019-09-09 22:08:00,10325.29000,10330.69000,10325.29000,10329.41000,7.14000
2019-09-09 22:09:00,10329.41000,10333.26000,10329.17000,10333.26000,4.77000
2019-09-09 22:10:00,10333.26000,10339.28000,10333.26000,10339.28000,8.14000
2019-09-09 22:11:00,10334.46000,10339.28000,10334.46000,10339.28000,4.53000
2019-09-09 22:12:00,10334.46000,10339.28000,10334.46000,10335.90000,10.68000
2019-09-09 22:13:00,10335.90000,10340.36000,10335.90000,10340.36000,4.58000
2019-09-09 22:14:00,10334.44000,10334.44000,10334.44000,10334.44000,4.80000
2019-09-09 22:15:00,10334.44000,10334.44000,10334.44000,10334.44000,6.09000
2019-09-09 22:16:00,10334.44000,10334.44000,10334.44000,10334.44000,0.82000
2019-09-09 22:17:00,10334.44000,10334.44000,10334.44000,10334.44000,3.82000
2019-09-09 22:18:00,10334.44000,10334.44000,10334.44000,10334.44000,1.72000
2019-09-09 22:19:00,10334.44000,10334.44000,10334.44000,10334.44000,4.89000
2019-09-09 22:20:00,10334.44000,10334.44000,10334.44000,10334.44000,4.63000
2019-09-09 22:21:00,10320.19000,10322.08000,10320.19000,10322.08000,7.12000
2019-09-09 22:22:00,10322.08000,10322.97000,10322.08000,10322.97000,3.99000
2019-09-09 22:23:00,10322.97000,10324.47000,10322.97000,10324.00000,5.25000
2019-09-09 22:24:00,10324.00000,10324.00000,10324.00000,10324.00000,6.79000
2019-09-09 22:25:00,10324.00000,10324.00000,10324.00000,10324.00000,5.47000
2019-09-09 22:26:00,10324.00000,10324.00000,10324.00000,10324.00000,6.25000
2019-09-09 22:27:00,10324.00000,10324.00000,10324.00000,10324.00000,4.02000
2019-09-09 22:28:00,10324.00000,10324.00000,10324.00000,10324.00000,3.27000
2019-09-09 22:29:00,10324.00000,10324.00000,10324.00000,10324.00000,6.79000
2019-09-09 22:30:00,10324.00000,10324.00000,10324.00000,10324.00000,5.28000
2019-09-09 22:31:00,10324.00000,10324.47000,10324.00000,10324.47000,7.02000
2019-09-09 22:32:00,10324.47000,10326.82000,10324.47000,10326.82000,5.54000
2019-09-09 22:33:00,10326.00000,10326.00000,10326.00000,10326.00000,9.14000
2019-09-09 22:34:00,10326.00000,10326.00000,10326.00000,10326.00000,7.42000
2019-09-09 22:35:00,10326.00000,10326.82000,10326.00000,10326.82000,4.65000
2019-09-09 22:36:00,10326.82000,10330.40000,10326.82000,10330.40000,9.22000
2019-09-09 22:37:00,10330.40000,10333.04000,10330.40000,10333.04000,10.50000
2019-09-09 22:38:00,10333.04000,10344.18000,10333.04000,10344.18000,4.18000
2019-09-09 22:39:00,10344.18000,10344.84000,10344.00000,10344.00000,2.40000
2019-09-09 22:40:00,10344.00000,10344.00000,10344.00000,10344.00000,6.12000
2019-09-09 22:41:00,10344.00000,10344.00000,10344.00000,10344.00000,4.29000
2019-09-09 22:42:00,10344.00000,10344.00000,10344.00000,10344.00000,3.89000
2019-09-09 22:43:00,10344.00000,10344.00000,10344.00000,10344.00000,0.00000
2019-09-09 22:44:00,10344.00000,10344.00000,10344.00000,10344.00000,0.00000
2019-09-09 22:45:00,10352.96000,10358.69000,10352.96000,10358.69000,19.68000
2019-09-09 22:46:00,10358.69000,10358.69000,10358.69000,10358.69000,0.00000
2019-09-09 22:47:00,10358.69000,10358.69000,10358.69000,10358.69000,0.00000
2019-09-09 22:48:00,10358.69000,10358.69000,10358.69000,10358.69000,0.00000
2019-09-09 22:49:00,10358.69000,10358.69000,10358.69000,10358.69000,0.00000
2019-09-09 22:50:00,10358.69000,10358.69000,10358.69000,10358.69000,0.00000
2019-09-09 22:51:00,10358.69000,10358.69000,10358.69000,10358.69000,0.00000
2019-09-09 22:52:00,10358.69000,10358.69000,10358.69000,10358.69000,0.00000
2019-09-09 22:53:00,10358.69000,10358.69000,10358.69000,10358.69000,0.00000
2019-09-09 22:54:00,10358.69000,10358.69000,10358.69000,10358.69000,0.00000
2019-09-09 22:55:00,10358.69000,10358.69000,10358.69000,10358.69000,0.00000
2019-09-09 22:56:00,10358.69000,10358.69000,10358.69000,10358.69000,0.00000
2019-09-09 22:57:00,10358.69000,10358.69000,10358.69000,10358.69000,0.00000
2019-09-09 22:58:00,10358.69000,10358.69000,10358.69000,10358.69000,0.00000
2019-09-09 22:59:00,10358.69000,10358.69000,10358.69000,10358.69000,0.00000
2019-09-09 23:00:00,10347.50000,10347.50000,10347.50000,10347.50000,0.31000
2019-09-09 23:01:00,10347.50000,10347.50000,10344.56000,10344.56000,0.28000
2019-09-09 23:02:00,10344.56000,10344.56000,10344.56000,10344.56000,0.29000
2019-09-09 23:03:00,10344.56000,10350.71000,10344.56000,10350.71000,20.21000
2019-09-09 23:04:00,10350.15000,10350.15000,10350.15000,10350.15000,0.31000
2019-09-09 23:05:00,10350.15000,10350.15000,10350.15000,10350.15000,0.24000
2019-09-09 23:06:00,10350.15000,10350.15000,10350.15000,10350.15000,0.40000
2019-09-09 23:07:00,10350.15000,10350.15000,10350.15000,10350.15000,0.24000
2019-09-09 23:08:00,10350.15000,10350.15000,10350.15000,10350.15000,0.34000
2019-09-09 23:09:00,10350.15000,10350.15000,10350.15000,10350.15000,0.18000
2019-09-09 23:10:00,10350.15000,10350.15000,10350.15000,10350.15000,0.34000
2019-09-09 23:11:00,10350.15000,10350.71000,10350.15000,10350.71000,0.28000
2019-09-09 23:12:00,10350.71000,10350.71000,10350.71000,10350.71000,0.37000
2019-09-09 23:13:00,10350.71000,10350.71000,10350.71000,10350.71000,0.30000
2019-09-09 23:14:00,10350.71000,10350.71000,10350.71000,10350.71000,0.25000
2019-09-09 23:15:00,10350.71000,10350.71000,10350.71000,10350.71000,0.18000
2019-09-09 23:16:00,10350.71000,10350.71000,10350.71000,10350.71000,0.30000
2019-09-09 23:17:00,10367.96000,10367.96000,10367.96000,10367.96000,0.22000
2019-09-09 23:18:00,10367.96000,10367.96000,10367.96000,10367.96000,0.14000
2019-09-09 23:19:00,10367.96000,10367.96000,10367.96000,10367.96000,0.45000
2019-09-09 23:20:00,10367.96000,10367.96000,10367.96000,10367.96000,0.14000
2019-09-09 23:21:00,10367.96000,10367.96000,10367.96000,10367.96000,0.20000
2019-09-09 23:22:00,10367.96000,10367.96000,10367.96000,10367.96000,0.19000
2019-09-09 23:23:00,10367.96000,10367.96000,10367.96000,10367.96000,0.14000
2019-09-09 23:24:00,10367.96000,10382.64000,10367.96000,10382.64000,0.34000
2019-09-09 23:25:00,10382.64000,10382.64000,10382.64000,10382.64000,0.17000
2019-09-09 23:26:00,10382.64000,10382.64000,10361.56000,10361.56000,0.41000
2019-09-09 23:27:00,10361.56000,10368.98000,10361.56000,10368.98000,0.26000
2019-09-09 23:28:00,10349.81000,10352.56000,10349.81000,10352.56000,0.36000
2019-09-09 23:29:00,10352.56000,10370.75000,10352.56000,10369.78000,0.45000
2019-09-09 23:30:00,10369.78000,10369.78000,10369.78000,10369.78000,0.21000
2019-09-09 23:31:00,10369.78000,10369.78000,10369.78000,10369.78000,0.28000
2019-09-09 23:32:00,10369.78000,10369.78000,10369.78000,10369.78000,0.12000
2019-09-09 23:33:00,10369.78000,10369.78000,10369.78000,10369.78000,0.14000
2019-09-09 23:34:00,10369.78000,10369.78000,10369.78000,10369.78000,0.31000
2019-09-09 23:35:00,10369.78000,10369.78000,10369.78000,10369.78000,0.44000
2019-09-09 23:36:00,10369.78000,10369.78000,10369.78000,10369.78000,0.01000
2019-09-09 23:37:00,10369.78000,10369.78000,10369.78000,10369.78000,0.00000
2019-09-09 23:38:00,10349.80000,10349.80000,10349.80000,10349.80000,0.29000
2019-09-09 23:39:00,10349.80000,10349.80000,10349.80000,10349.80000,0.43000
2019-09-09 23:40:00,10349.80000,10349.80000,10333.27000,10333.27000,2.80000
2019-09-09 23:41:00,10332.63000,10332.63000,10321.46000,10321.46000,1.48000
2019-09-09 23:42:00,10321.46000,10321.46000,10321.46000,10321.46000,0.31000
2019-09-09 23:43:00,10322.58000,10323.92000,10322.02000,10323.92000,0.50000
2019-09-09 23:44:00,10323.92000,10327.46000,10323.92000,10327.46000,0.45000
2019-09-09 23:45:00,10326.67000,10326.67000,10326.67000,10326.67000,0.92000
2019-09-09 23:46:00,10326.67000,10347.59000,10326.67000,10347.59000,3.31000
2019-09-09 23:47:00,10347.59000,10350.50000,10347.59000,10350.50000,6.33000
2019-09-09 23:48:00,10347.52000,10348.57000,10325.08000,10345.12000,3.47000
2019-09-09 23:49:00,10345.12000,10346.16000,10345.12000,10346.16000,3.48000
2019-09-09 23:50:00,10346.16000,10346.16000,10325.61000,10326.00000,2.15000
2019-09-09 23:51:00,10326.00000,10326.00000,10326.00000,10326.00000,1.55000
2019-09-09 23:52:00,10326.00000,10326.00000,10325.61000,10325.61000,0.90000
2019-09-09 23:53:00,10325.62000,10325.62000,10325.62000,10325.62000,0.93000
2019-09-09 23:54:00,10325.62000,10325.62000,10325.62000,10325.62000,1.64000
2019-09-09 23:55:00,10325.62000,10325.62000,10324.92000,10324.92000,1.33000
2019-09-09 23:56:00,10324.92000,10346.11000,10324.27000,10346.11000,2.19000
2019-09-09 23:57:00,10326.04000,10326.04000,10304.80000,10304.80000,2.79000
2019-09-09 23:58:00,10304.80000,10327.09000,10304.80000,10307.00000,2.86000
2019-09-09 23:59:00,10327.09000,10327.09000,10307.00000,10307.00000,2.94000
2019-09-10 00:00:00,10307.00000,10307.00000,10307.00000,10307.00000,0.38000
2019-09-10 00:01:00,10307.00000,10307.00000,10307.00000,10307.00000,1.43000
2019-09-10 00:02:00,10307.00000,10307.00000,10307.00000,10307.00000,0.99000
2019-09-10 00:03:00,10327.00000,10327.41000,10307.00000,10307.00000,3.55000
2019-09-10 00:04:00,10327.41000,10328.27000,10327.41000,10328.27000,5.03000
2019-09-10 00:05:00,10307.95000,10328.78000,10307.95000,10328.78000,2.83000
2019-09-10 00:06:00,10328.78000,10330.25000,10328.78000,10330.25000,4.63000
2019-09-10 00:07:00,10330.25000,10331.80000,10330.25000,10331.80000,4.16000
2019-09-10 00:08:00,10313.00000,10313.00000,10313.00000,10313.00000,1.08000
2019-09-10 00:09:00,10313.00000,10313.00000,10313.00000,10313.00000,0.88000
2019-09-10 00:10:00,10313.00000,10347.96000,10313.00000,10347.96000,2.71000
2019-09-10 00:11:00,10347.96000,10348.57000,10347.96000,10348.57000,4.74000
2019-09-10 00:12:00,10348.57000,10349.67000,10348.57000,10349.67000,4.28000
2019-09-10 00:13:00,10349.67000,10350.06000,10330.98000,10330.98000,1.87000
2019-09-10 00:14:00,10330.98000,10350.52000,10330.98000,10350.52000,3.66000
2019-09-10 00:15:00,10350.52000,10351.07000,10350.52000,10351.07000,4.27000
2019-09-10 00:16:00,10351.07000,10352.99000,10351.07000,10352.99000,4.70000
2019-09-10 00:17:00,10352.99000,10352.99000,10333.96000,10333.96000,0.51000
2019-09-10 00:18:00,10352.99000,10353.89000,10332.96000,10353.89000,3.14000
2019-09-10 00:19:00,10353.89000,10355.60000,10334.62000,10355.60000,4.92000
2019-09-10 00:20:00,10355.60000,10356.28000,10311.52000,10311.52000,2.43000
2019-09-10 00:21:00,10344.77000,10345.77000,10325.07000,10345.77000,4.22000
2019-09-10 00:22:00,10345.77000,10345.77000,10326.15000,10326.15000,1.91000
2019-09-10 00:23:00,10345.77000,10346.76000,10345.77000,10346.76000,4.27000
2019-09-10 00:24:00,10346.76000,10369.93000,10346.76000,10369.93000,6.46000
2019-09-10 00:25:00,10369.93000,10370.55000,10349.85000,10349.85000,4.44000
2019-09-10 00:26:00,10349.85000,10370.55000,10349.85000,10370.55000,2.34000
2019-09-10 00:27:00,10370.55000,10371.39000,10370.55000,10371.39000,5.30000
2019-09-10 00:28:00,10371.39000,10372.55000,10371.39000,10372.55000,5.09000
2019-09-10 00:29:00,10352.33000,10353.37000,10352.33000,10353.37000,0.85000
2019-09-10 00:30:00,10353.37000,10373.14000,10353.37000,10363.68000,3.64000
2019-09-10 00:31:00,10363.68000,10364.79000,10363.68000,10364.79000,5.18000
2019-09-10 00:32:00,10344.00000,10365.37000,10344.00000,10365.37000,4.10000
2019-09-10 00:33:00,10365.37000,10365.93000,10346.00000,10346.29000,2.47000
2019-09-10 00:34:00,10365.93000,10366.63000,10347.00000,10347.00000,2.87000
2019-09-10 00:35:00,10347.00000,10347.00000,10347.00000,10347.00000,1.03000
2019-09-10 00:36:00,10347.00000,10347.00000,10347.00000,10347.00000,1.28000
2019-09-10 00:37:00,10347.00000,10347.00000,10347.00000,10347.00000,1.18000
2019-09-10 00:38:00,10347.00000,10364.37000,10344.13000,10364.37000,1.74000
2019-09-10 00:39:00,10342.67000,10361.75000,10342.67000,10361.75000,4.08000
2019-09-10 00:40:00,10340.75000,10355.69000,10340.01000,10355.69000,2.46000
2019-09-10 00:41:00,10355.69000,10356.37000,10334.61000,10334.61000,3.63000
2019-09-10 00:42:00,10333.92000,10353.47000,10333.92000,10353.47000,1.64000
2019-09-10 00:43:00,10353.47000,10354.67000,10353.47000,10354.67000,4.90000
2019-09-10 00:44:00,10357.45000,10358.19000,10357.45000,10358.19000,3.59000
2019-09-10 00:45:00,10358.19000,10359.37000,10340.17000,10340.17000,4.01000
2019-09-10 00:46:00,10360.14000,10360.82000,10360.14000,10360.82000,5.84000
2019-09-10 00:47:00,10360.82000,10362.88000,10360.82000,10362.88000,3.91000
2019-09-10 00:48:00,10362.88000,10367.85000,10355.73000,10355.73000,3.46000
2019-09-10 00:49:00,10355.73000,10361.91000,10355.73000,10361.91000,4.01000
2019-09-10 00:50:00,10361.91000,10362.94000,10357.83000,10358.67000,3.78000
2019-09-10 00:51:00,10359.33000,10359.76000,10356.39000,10356.98000,1.88000
2019-09-10 00:52:00,10355.56000,10355.56000,10348.44000,10348.44000,1.03000
2019-09-10 00:53:00,10351.65000,10351.65000,10351.65000,10351.65000,1.64000
2019-09-10 00:54:00,10351.65000,10354.33000,10351.65000,10354.33000,1.52000
2019-09-10 00:55:00,10352.41000,10357.96000,10352.41000,10352.82000,4.70000
2019-09-10 00:56:00,10351.96000,10351.96000,10342.88000,10342.88000,4.93000
2019-09-10 00:57:00,10340.11000,10344.79000,10340.11000,10344.79000,4.04000
2019-09-10 00:58:00,10341.37000,10341.94000,10336.84000,10336.84000,6.51000
2019-09-10 00:59:00,10344.79000,10346.06000,10338.61000,10338.61000,5.19000
2019-09-10 01:00:00,10336.92000,10340.41000,10336.92000,10339.41000,3.58000
2019-09-10 01:01:00,10339.92000,10340.57000,10339.92000,10340.57000,2.39000
2019-09-10 01:02:00,10351.23000,10352.97000,10342.83000,10352.97000,4.77000
2019-09-10 01:03:00,10347.87000,10353.88000,10347.87000,10353.88000,3.61000
2019-09-10 01:04:00,10350.19000,10356.96000,10350.16000,10356.96000,5.35000
2019-09-10 01:05:00,10356.96000,10356.96000,10348.48000,10354.47000,5.96000
2019-09-10 01:06:00,10353.24000,10354.47000,10347.74000,10354.47000,5.05000
2019-09-10 01:07:00,10349.33000,10356.96000,10349.33000,10356.96000,4.48000
2019-09-10 01:08:00,10358.24000,10370.01000,10358.24000,10370.01000,4.05000
2019-09-10 01:09:00,10373.07000,10379.08000,10367.42000,10372.40000,23.75000
2019-09-10 01:10:00,10379.76000,10379.76000,10366.51000,10368.66000,23.01000
2019-09-10 01:11:00,10369.32000,10372.16000,10362.40000,10362.83000,6.52000
2019-09-10 01:12:00,10371.72000,10371.72000,10359.17000,10367.14000,8.84000
2019-09-10 01:13:00,10367.91000,10368.63000,10360.67000,10360.67000,3.98000
2019-09-10 01:14:00,10360.67000,10379.31000,10360.67000,10379.31000,4.83000
2019-09-10 01:15:00,10379.31000,10380.19000,10367.66000,10370.10000,6.38000
2019-09-10 01:16:00,10381.18000,10382.13000,10374.00000,10374.16000,5.04000
2019-09-10 01:17:00,10382.13000,10382.97000,10366.63000,10366.63000,5.22000
2019-09-10 01:18:00,10374.60000,10375.87000,10367.28000,10367.28000,4.41000
2019-09-10 01:19:00,10367.28000,10376.36000,10367.28000,10368.37000,3.67000
2019-09-10 01:20:00,10368.37000,10368.39000,10368.12000,10368.39000,3.88000
2019-09-10 01:21:00,10368.39000,10376.36000,10367.55000,10367.55000,2.56000
2019-09-10 01:22:00,10367.28000,10369.03000,10367.28000,10369.03000,3.50000
2019-09-10 01:23:00,10369.03000,10375.26000,10369.03000,10375.26000,4.18000
2019-09-10 01:24:00,10367.28000,10376.12000,10367.28000,10368.00000,5.64000
2019-09-10 01:25:00,10368.60000,10368.60000,10368.47000,10368.47000,1.65000
2019-09-10 01:26:00,10376.57000,10376.98000,10368.15000,10368.15000,4.03000
2019-09-10 01:27:00,10368.98000,10369.55000,10368.98000,10369.55000,1.95000
2019-09-10 01:28:00,10369.55000,10369.55000,10369.26000,10369.52000,3.70000
2019-09-10 01:29:00,10370.09000,10370.09000,10370.09000,10370.09000,3.00000
2019-09-10 01:30:00,10370.09000,10379.06000,10369.99000,10371.08000,4.57000
2019-09-10 01:31:00,10371.08000,10372.18000,10371.08000,10372.18000,2.07000
2019-09-10 01:32:00,10372.18000,10380.12000,10372.13000,10380.12000,3.63000
2019-09-10 01:33:00,10376.45000,10376.45000,10368.51000,10368.51000,2.91000
2019-09-10 01:34:00,10368.51000,10368.51000,10368.15000,10368.45000,2.07000
2019-09-10 01:35:00,10368.15000,10378.16000,10368.15000,10378.16000,5.68000
2019-09-10 01:36:00,10370.20000,10370.20000,10370.20000,10370.20000,3.02000
2019-09-10 01:37:00,10370.20000,10370.22000,10369.90000,10370.22000,3.02000
2019-09-10 01:38:00,10370.22000,10379.07000,10369.90000,10371.08000,5.39000
2019-09-10 01:39:00,10379.07000,10381.02000,10368.09000,10370.11000,4.01000
2019-09-10 01:40:00,10370.11000,10373.13000,10370.11000,10373.13000,6.90000
2019-09-10 01:41:00,10368.09000,10370.78000,10368.09000,10368.09000,2.64000
2019-09-10 01:42:00,10368.09000,10370.08000,10368.00000,10368.00000,4.19000
2019-09-10 01:43:00,10368.00000,10368.00000,10365.86000,10365.86000,1.95000
2019-09-10 01:44:00,10364.98000,10364.98000,10362.70000,10362.70000,2.92000
2019-09-10 01:45:00,10359.81000,10364.46000,10359.81000,10364.46000,6.36000
2019-09-10 01:46:00,10364.46000,10373.32000,10362.27000,10370.73000,6.33000
2019-09-10 01:47:00,10369.96000,10371.96000,10367.80000,10369.94000,6.00000
2019-09-10 01:48:00,10369.94000,10371.96000,10369.81000,10371.96000,6.70000
2019-09-10 01:49:00,10371.21000,10372.43000,10370.36000,10370.69000,7.15000
2019-09-10 01:50:00,10369.66000,10373.25000,10368.25000,10368.25000,7.06000
2019-09-10 01:51:00,10366.02000,10366.02000,10363.11000,10363.11000,6.82000
2019-09-10 01:52:00,10359.81000,10363.93000,10358.21000,10363.93000,7.76000
2019-09-10 01:53:00,10361.15000,10361.89000,10350.36000,10353.92000,5.60000
2019-09-10 01:54:00,10355.73000,10359.76000,10355.73000,10357.55000,3.66000
2019-09-10 01:55:00,10357.08000,10357.08000,10345.68000,10347.72000,7.79000
2019-09-10 01:56:00,10347.72000,10347.72000,10340.10000,10344.79000,6.94000
2019-09-10 01:57:00,10342.24000,10345.55000,10339.78000,10342.14000,5.74000
2019-09-10 01:58:00,10340.55000,10340.93000,10337.07000,10337.07000,6.36000
2019-09-10 01:59:00,10336.68000,10336.68000,10328.53000,10328.53000,8.44000
2019-09-10 02:00:00,10328.04000,10336.61000,10328.04000,10336.10000,12.26000
2019-09-10 02:01:00,10334.68000,10341.23000,10334.59000,10338.97000,9.93000
2019-09-10 02:02:00,10341.63000,10341.98000,10339.46000,10341.40000,5.02000
2019-09-10 02:03:00,10346.50000,10348.36000,10346.50000,10348.36000,5.09000
2019-09-10 02:04:00,10348.36000,10349.22000,10338.30000,10338.95000,9.63000
2019-09-10 02:05:00,10339.99000,10343.39000,10338.06000,10342.83000,5.87000
2019-09-10 02:06:00,10345.32000,10346.21000,10341.87000,10344.32000,10.78000
2019-09-10 02:07:00,10344.32000,10345.59000,10342.56000,10342.56000,6.11000
2019-09-10 02:08:00,10342.56000,10346.89000,10342.56000,10346.89000,5.25000
2019-09-10 02:09:00,10346.89000,10355.40000,10346.89000,10355.40000,5.09000
2019-09-10 02:10:00,10352.73000,10353.48000,10347.85000,10347.85000,7.08000
2019-09-10 02:11:00,10350.14000,10353.18000,10349.39000,10353.18000,11.13000
2019-09-10 02:12:00,10349.53000,10351.70000,10349.21000,10351.70000,11.58000
2019-09-10 02:13:00,10345.00000,10347.60000,10343.35000,10346.08000,11.66000
2019-09-10 02:14:00,10348.84000,10351.70000,10346.60000,10346.60000,6.35000
2019-09-10 02:15:00,10348.53000,10353.18000,10346.61000,10353.18000,17.49000
2019-09-10 02:16:00,10353.18000,10354.03000,10339.38000,10339.38000,7.08000
2019-09-10 02:17:00,10338.40000,10339.84000,10332.36000,10332.36000,6.35000
2019-09-10 02:18:00,10336.90000,10341.17000,10336.15000,10341.17000,9.27000
2019-09-10 02:19:00,10337.57000,10339.89000,10335.78000,10339.89000,7.24000
2019-09-10 02:20:00,10341.69000,10342.28000,10338.99000,10340.71000,8.57000
2019-09-10 02:21:00,10340.71000,10344.31000,10340.71000,10343.80000,4.68000
2019-09-10 02:22:00,10340.71000,10346.75000,10340.71000,10344.80000,6.78000
2019-09-10 02:23:00,10351.49000,10354.86000,10351.49000,10354.51000,14.38000
2019-09-10 02:24:00,10354.30000,10355.78000,10354.16000,10354.16000,9.02000
2019-09-10 02:25:00,10354.16000,10356.14000,10354.14000,10354.80000,12.59000
2019-09-10 02:26:00,10353.80000,10356.11000,10351.84000,10356.11000,7.34000
2019-09-10 02:27:00,10350.42000,10353.24000,10349.17000,10352.27000,7.19000
2019-09-10 02:28:00,10348.63000,10348.63000,10340.71000,10340.71000,7.62000
2019-09-10 02:29:00,10342.74000,10351.28000,10342.74000,10351.28000,10.75000
2019-09-10 02:30:00,10351.28000,10352.27000,10342.71000,10342.72000,11.13000
2019-09-10 02:31:00,10342.72000,10343.91000,10342.72000,10342.75000,8.84000
2019-09-10 02:32:00,10340.71000,10343.28000,10332.44000,10335.64000,8.10000
2019-09-10 02:33:00,10336.23000,10340.96000,10330.67000,10331.66000,11.61000
2019-09-10 02:34:00,10329.43000,10330.27000,10325.64000,10330.27000,6.54000
2019-09-10 02:35:00,10328.76000,10334.36000,10326.92000,10334.36000,12.82000
2019-09-10 02:36:00,10326.96000,10326.96000,10324.27000,10324.27000,7.83000
2019-09-10 02:37:00,10326.96000,10327.47000,10316.29000,10316.29000,10.92000
2019-09-10 02:38:00,10316.86000,10316.86000,10309.12000,10309.12000,7.50000
2019-09-10 02:39:00,10309.12000,10314.86000,10309.12000,10310.10000,9.11000
2019-09-10 02:40:00,10308.96000,10316.86000,10306.99000,10308.18000,11.04000
2019-09-10 02:41:00,10310.25000,10310.25000,10284.83000,10284.83000,10.45000
2019-09-10 02:42:00,10285.93000,10300.78000,10285.17000,10300.78000,7.06000
2019-09-10 02:43:00,10297.72000,10301.06000,10292.89000,10294.08000,10.07000
2019-09-10 02:44:00,10292.26000,10302.48000,10292.26000,10296.69000,8.71000
2019-09-10 02:45:00,10294.75000,10302.53000,10292.85000,10299.14000,7.35000
2019-09-10 02:46:00,10314.97000,10314.97000,10304.79000,10308.25000,10.99000
2019-09-10 02:47:00,10310.28000,10314.28000,10306.52000,10306.52000,8.59000
2019-09-10 02:48:00,10308.43000,10308.43000,10306.30000,10306.44000,8.90000
2019-09-10 02:49:00,10306.44000,10307.18000,10306.33000,10306.36000,9.64000
2019-09-10 02:50:00,10306.36000,10307.18000,10306.36000,10306.76000,10.05000
2019-09-10 02:51:00,10306.36000,10306.76000,10305.78000,10306.31000,12.13000
2019-09-10 02:52:00,10306.31000,10307.18000,10305.76000,10306.34000,10.26000
2019-09-10 02:53:00,10304.36000,10307.72000,10304.36000,10306.38000,9.80000
2019-09-10 02:54:00,10306.38000,10307.71000,10306.31000,10306.31000,11.57000
2019-09-10 02:55:00,10306.31000,10307.74000,10306.30000,10307.74000,9.26000
2019-09-10 02:56:00,10306.30000,10307.01000,10306.30000,10307.01000,9.06000
2019-09-10 02:57:00,10306.40000,10307.01000,10306.27000,10306.35000,8.07000
2019-09-10 02:58:00,10306.35000,10307.65000,10306.35000,10306.35000,9.57000
2019-09-10 02:59:00,10306.35000,10307.65000,10281.43000,10281.43000,10.14000
2019-09-10 03:00:00,10285.58000,10288.92000,10279.98000,10286.07000,8.87000
2019-09-10 03:01:00,10289.34000,10294.92000,10281.01000,10281.01000,9.41000
2019-09-10 03:02:00,10291.27000,10294.92000,10291.27000,10294.92000,10.21000
2019-09-10 03:03:00,10292.35000,10293.69000,10288.78000,10293.69000,6.18000
2019-09-10 03:04:00,10285.90000,10287.11000,10283.63000,10283.63000,4.62000
2019-09-10 03:05:00,10283.63000,10291.07000,10283.63000,10291.07000,7.56000
2019-09-10 03:06:00,10294.10000,10301.93000,10294.10000,10297.48000,13.04000
2019-09-10 03:07:00,10294.86000,10303.83000,10294.86000,10302.74000,8.21000
2019-09-10 03:08:00,10301.94000,10303.51000,10300.01000,10301.22000,8.57000
2019-09-10 03:09:00,10311.26000,10316.31000,10309.55000,10309.55000,7.40000
2019-09-10 03:10:00,10309.55000,10320.45000,10309.55000,10315.42000,8.23000
2019-09-10 03:11:00,10316.24000,10317.39000,10306.21000,10306.59000,8.13000
2019-09-10 03:12:00,10308.12000,10311.21000,10304.80000,10304.80000,10.53000
2019-09-10 03:13:00,10307.35000,10310.68000,10305.86000,10308.26000,10.16000
2019-09-10 03:14:00,10306.34000,10310.04000,10303.96000,10306.18000,7.70000
2019-09-10 03:15:00,10306.18000,10317.41000,10292.13000,10295.51000,8.55000
2019-09-10 03:16:00,10289.11000,10292.29000,10288.91000,10289.81000,7.05000
2019-09-10 03:17:00,10292.25000,10293.43000,10291.34000,10293.43000,7.85000
2019-09-10 03:18:00,10285.85000,10288.92000,10279.77000,10279.77000,5.74000
2019-09-10 03:19:00,10279.77000,10297.36000,10279.77000,10289.43000,5.56000
2019-09-10 03:20:00,10287.92000,10288.58000,10283.86000,10283.87000,12.67000
2019-09-10 03:21:00,10283.87000,10287.56000,10279.16000,10287.56000,13.24000
2019-09-10 03:22:00,10287.59000,10293.23000,10287.59000,10292.59000,15.89000
2019-09-10 03:23:00,10291.42000,10303.94000,10291.42000,10303.94000,8.48000
2019-09-10 03:24:00,10301.32000,10301.39000,10291.04000,10301.39000,9.30000
2019-09-10 03:25:00,10291.66000,10302.70000,10291.66000,10302.70000,9.30000
2019-09-10 03:26:00,10300.15000,10303.44000,10295.23000,10295.23000,10.52000
2019-09-10 03:27:00,10295.23000,10297.62000,10291.28000,10291.28000,5.58000
2019-09-10 03:28:00,10289.16000,10294.34000,10287.88000,10287.88000,9.53000
2019-09-10 03:29:00,10287.88000,10299.89000,10287.88000,10292.67000,8.58000
2019-09-10 03:30:00,10292.09000,10292.09000,10282.65000,10282.65000,5.85000
2019-09-10 03:31:00,10282.65000,10287.15000,10275.39000,10275.39000,5.91000
2019-09-10 03:32:00,10272.40000,10277.71000,10272.40000,10277.71000,15.75000
2019-09-10 03:33:00,10267.16000,10270.91000,10266.61000,10270.91000,4.24000
2019-09-10 03:34:00,10270.59000,10284.74000,10270.59000,10281.02000,7.61000
2019-09-10 03:35:00,10280.56000,10285.39000,10278.06000,10285.39000,8.07000
2019-09-10 03:36:00,10279.78000,10283.55000,10279.78000,10280.34000,5.14000
2019-09-10 03:37:00,10282.67000,10289.56000,10282.67000,10287.77000,9.96000
2019-09-10 03:38:00,10290.93000,10295.94000,10290.93000,10294.57000,4.97000
2019-09-10 03:39:00,10290.02000,10290.54000,10286.66000,10288.10000,7.25000
2019-09-10 03:40:00,10286.18000,10288.10000,10285.44000,10285.44000,3.63000
2019-09-10 03:41:00,10286.62000,10291.32000,10282.01000,10291.32000,6.88000
2019-09-10 03:42:00,10291.90000,10292.25000,10286.18000,10286.51000,7.35000
2019-09-10 03:43:00,10285.45000,10297.18000,10285.45000,10297.18000,6.99000
2019-09-10 03:44:00,10296.47000,10296.67000,10294.45000,10296.67000,8.78000
2019-09-10 03:45:00,10294.74000,10297.18000,10293.14000,10293.14000,4.88000
2019-09-10 03:46:00,10294.72000,10294.72000,10294.72000,10294.72000,3.32000
2019-09-10 03:47:00,10295.86000,10309.40000,10295.86000,10308.26000,7.60000
2019-09-10 03:48:00,10308.76000,10309.77000,10304.61000,10309.77000,4.62000
2019-09-10 03:49:00,10308.63000,10312.09000,10303.23000,10312.09000,8.49000
2019-09-10 03:50:00,10309.41000,10314.91000,10309.41000,10314.91000,6.53000
2019-09-10 03:51:00,10313.00000,10316.22000,10313.00000,10315.12000,12.03000
2019-09-10 03:52:00,10315.12000,10318.42000,10314.79000,10315.82000,8.11000
2019-09-10 03:53:00,10313.03000,10314.33000,10313.03000,10314.33000,4.89000
2019-09-10 03:54:00,10314.34000,10314.39000,10304.86000,10305.33000,11.28000
2019-09-10 03:55:00,10306.49000,10307.01000,10305.11000,10305.11000,6.09000
2019-09-10 03:56:00,10306.57000,10308.66000,10306.57000,10307.63000,7.87000
2019-09-10 03:57:00,10307.63000,10309.93000,10306.19000,10309.93000,2.99000
2019-09-10 03:58:00,10311.87000,10313.52000,10306.57000,10307.57000,9.22000
2019-09-10 03:59:00,10306.52000,10308.22000,10306.52000,10307.25000,8.28000
2019-09-10 04:00:00,10309.17000,10320.84000,10307.63000,10320.84000,8.32000
2019-09-10 04:01:00,10320.16000,10329.24000,10316.62000,10316.62000,5.18000
2019-09-10 04:02:00,10313.66000,10325.62000,10313.66000,10319.20000,6.08000
2019-09-10 04:03:00,10319.20000,10319.20000,10312.33000,10313.92000,6.63000
2019-09-10 04:04:00,10311.64000,10316.61000,10310.33000,10316.61000,6.88000
2019-09-10 04:05:00,10311.90000,10326.51000,10311.90000,10314.94000,6.96000
2019-09-10 04:06:00,10316.36000,10325.08000,10313.26000,10313.98000,8.06000
2019-09-10 04:07:00,10313.98000,10321.75000,10313.98000,10314.51000,8.05000
2019-09-10 04:08:00,10316.43000,10320.75000,10311.02000,10320.75000,7.74000
2019-09-10 04:09:00,10320.75000,10321.75000,10317.30000,10317.40000,8.07000
2019-09-10 04:10:00,10319.33000,10320.06000,10318.66000,10319.57000,9.97000
2019-09-10 04:11:00,10319.57000,10320.06000,10319.09000,10319.48000,8.25000
2019-09-10 04:12:00,10322.58000,10323.49000,10313.08000,10313.53000,9.27000
2019-09-10 04:13:00,10315.46000,10316.11000,10310.93000,10312.34000,6.80000
2019-09-10 04:14:00,10309.96000,10312.34000,10309.75000,10311.10000,6.75000
2019-09-10 04:15:00,10311.10000,10319.54000,10311.10000,10315.70000,6.76000
2019-09-10 04:16:00,10315.15000,10317.55000,10315.15000,10316.23000,6.78000
2019-09-10 04:17:00,10317.81000,10318.15000,10316.21000,10316.21000,4.72000
2019-09-10 04:18:00,10316.21000,10317.25000,10304.70000,10304.70000,9.06000
2019-09-10 04:19:00,10306.62000,10307.11000,10304.57000,10304.57000,5.43000
2019-09-10 04:20:00,10306.60000,10307.50000,10306.52000,10306.61000,9.05000
2019-09-10 04:21:00,10306.61000,10307.50000,10306.57000,10306.60000,10.71000
2019-09-10 04:22:00,10306.60000,10307.50000,10306.58000,10307.50000,9.06000
2019-09-10 04:23:00,10306.57000,10306.57000,10306.57000,10306.57000,8.49000
2019-09-10 04:24:00,10306.57000,10307.50000,10306.49000,10306.62000,10.56000
2019-09-10 04:25:00,10306.62000,10308.03000,10306.54000,10306.61000,15.12000
2019-09-10 04:26:00,10306.61000,10307.32000,10306.53000,10306.62000,12.46000
2019-09-10 04:27:00,10306.62000,10307.32000,10306.52000,10307.32000,11.00000
2019-09-10 04:28:00,10306.63000,10308.03000,10306.54000,10306.57000,10.34000
2019-09-10 04:29:00,10306.57000,10307.08000,10306.52000,10306.52000,9.76000
2019-09-10 04:30:00,10306.52000,10307.08000,10306.51000,10306.51000,11.30000
2019-09-10 04:31:00,10306.51000,10307.08000,10306.49000,10306.49000,10.61000
2019-09-10 04:32:00,10306.49000,10308.03000,10306.49000,10306.50000,9.14000
2019-09-10 04:33:00,10306.50000,10307.37000,10306.50000,10306.55000,11.05000
2019-09-10 04:34:00,10306.55000,10308.03000,10306.54000,10306.54000,11.35000
2019-09-10 04:35:00,10306.54000,10306.54000,10306.54000,10306.54000,5.76000
2019-09-10 04:36:00,10306.54000,10307.39000,10306.54000,10306.59000,10.83000
2019-09-10 04:37:00,10306.59000,10308.03000,10306.49000,10307.44000,13.40000
2019-09-10 04:38:00,10306.52000,10308.03000,10306.52000,10306.57000,9.98000
2019-09-10 04:39:00,10306.57000,10308.03000,10306.57000,10306.64000,14.15000
2019-09-10 04:40:00,10306.64000,10307.20000,10306.54000,10306.57000,9.08000
2019-09-10 04:41:00,10306.57000,10308.03000,10306.50000,10308.03000,14.34000
2019-09-10 04:42:00,10306.49000,10307.43000,10306.49000,10307.43000,12.19000
2019-09-10 04:43:00,10306.65000,10308.08000,10306.49000,10306.49000,12.80000
2019-09-10 04:44:00,10306.49000,10307.96000,10306.49000,10307.21000,10.38000
2019-09-10 04:45:00,10306.59000,10307.21000,10306.59000,10306.67000,10.71000
2019-09-10 04:46:00,10306.67000,10306.67000,10305.67000,10305.67000,11.24000
2019-09-10 04:47:00,10305.67000,10305.67000,10305.67000,10305.67000,14.92000
2019-09-10 04:48:00,10305.67000,10305.67000,10305.30000,10305.67000,8.38000
2019-09-10 04:49:00,10305.29000,10305.29000,10305.21000,10305.21000,4.37000
2019-09-10 04:50:00,10305.21000,10305.21000,10305.21000,10305.21000,5.67000
2019-09-10 04:51:00,10305.21000,10305.21000,10305.21000,10305.21000,4.86000
2019-09-10 04:52:00,10305.21000,10305.21000,10305.21000,10305.21000,3.84000
2019-09-10 04:53:00,10305.21000,10305.21000,10305.21000,10305.21000,3.83000
2019-09-10 04:54:00,10305.21000,10305.21000,10305.21000,10305.21000,3.08000
2019-09-10 04:55:00,10305.21000,10305.21000,10305.21000,10305.21000,4.30000
2019-09-10 04:56:00,10305.21000,10305.21000,10305.21000,10305.21000,3.88000
2019-09-10 04:57:00,10305.21000,10305.21000,10305.21000,10305.21000,7.05000
2019-09-10 04:58:00,10305.21000,10305.21000,10305.21000,10305.21000,4.20000
2019-09-10 04:59:00,10305.21000,10305.21000,10305.21000,10305.21000,4.67000
2019-09-10 05:00:00,10305.21000,10305.67000,10305.21000,10305.29000,6.51000
2019-09-10 05:01:00,10305.29000,10306.67000,10305.29000,10305.52000,10.40000
2019-09-10 05:02:00,10305.41000,10305.52000,10305.31000,10305.52000,12.29000
2019-09-10 05:03:00,10305.52000,10306.11000,10305.40000,10306.11000,8.91000
2019-09-10 05:04:00,10305.33000,10305.77000,10305.29000,10305.77000,9.36000
2019-09-10 05:05:00,10305.50000,10305.95000,10304.57000,10305.42000,9.93000
2019-09-10 05:06:00,10305.42000,10305.42000,10305.21000,10305.21000,6.39000
2019-09-10 05:07:00,10305.21000,10305.21000,10305.21000,10305.21000,5.88000
2019-09-10 05:08:00,10305.21000,10305.21000,10305.21000,10305.21000,3.48000
2019-09-10 05:09:00,10305.21000,10305.21000,10305.21000,10305.21000,3.61000
2019-09-10 05:10:00,10305.21000,10305.21000,10305.21000,10305.21000,5.36000
2019-09-10 05:11:00,10305.21000,10305.21000,10305.21000,10305.21000,3.42000
2019-09-10 05:12:00,10305.21000,10305.21000,10305.21000,10305.21000,4.67000
2019-09-10 05:13:00,10305.21000,10305.21000,10305.21000,10305.21000,3.88000
2019-09-10 05:14:00,10305.21000,10305.21000,10305.21000,10305.21000,7.08000
2019-09-10 05:15:00,10305.21000,10305.21000,10305.21000,10305.21000,4.82000
2019-09-10 05:16:00,10305.21000,10305.21000,10305.21000,10305.21000,3.79000
2019-09-10 05:17:00,10305.21000,10305.21000,10305.21000,10305.21000,3.18000
2019-09-10 05:18:00,10305.21000,10305.21000,10305.21000,10305.21000,3.87000
2019-09-10 05:19:00,10305.21000,10305.21000,10305.21000,10305.21000,6.78000
2019-09-10 05:20:00,10305.21000,10305.21000,10305.21000,10305.21000,5.04000
2019-09-10 05:21:00,10305.21000,10305.21000,10305.21000,10305.21000,3.93000
2019-09-10 05:22:00,10305.21000,10305.21000,10305.21000,10305.21000,3.21000
2019-09-10 05:23:00,10305.21000,10305.21000,10305.21000,10305.21000,0.37000
2019-09-10 05:24:00,10305.21000,10305.21000,10305.21000,10305.21000,1.70000
2019-09-10 05:25:00,10305.21000,10305.21000,10305.21000,10305.21000,1.26000
2019-09-10 05:26:00,10305.21000,10305.21000,10305.21000,10305.21000,1.95000
2019-09-10 05:27:00,10305.21000,10305.21000,10305.21000,10305.21000,1.49000
2019-09-10 05:28:00,10305.21000,10305.21000,10305.21000,10305.21000,2.44000
2019-09-10 05:29:00,10305.21000,10305.21000,10305.21000,10305.21000,1.04000
2019-09-10 05:30:00,10305.21000,10305.21000,10305.21000,10305.21000,0.00000
2019-09-10 05:31:00,10305.21000,10305.21000,10305.21000,10305.21000,0.00000
2019-09-10 05:32:00,10305.21000,10305.21000,10305.21000,10305.21000,0.00000
2019-09-10 05:33:00,10305.21000,10305.21000,10305.21000,10305.21000,0.00000
2019-09-10 05:34:00,10305.21000,10305.21000,10305.21000,10305.21000,0.00000
2019-09-10 05:35:00,10305.21000,10305.21000,10305.21000,10305.21000,0.00000
2019-09-10 05:36:00,10305.21000,10305.21000,10305.21000,10305.21000,0.00000
2019-09-10 05:37:00,10305.21000,10305.21000,10305.21000,10305.21000,0.00000
2019-09-10 05:38:00,10305.21000,10305.21000,10305.21000,10305.21000,0.00000
2019-09-10 05:39:00,10305.21000,10305.21000,10305.21000,10305.21000,0.00000
2019-09-10 05:40:00,10305.21000,10305.21000,10305.21000,10305.21000,0.00000
2019-09-10 05:41:00,10281.42000,10282.71000,10274.05000,10276.12000,8.93000
2019-09-10 05:42:00,10276.12000,10276.54000,10271.15000,10275.32000,10.61000
2019-09-10 05:43:00,10266.27000,10267.01000,10260.22000,10266.43000,5.97000
2019-09-10 05:44:00,10266.43000,10270.53000,10266.43000,10269.29000,8.52000
2019-09-10 05:45:00,10274.73000,10276.44000,10265.39000,10265.39000,9.12000
2019-09-10 05:46:00,10265.39000,10269.24000,10263.59000,10265.56000,10.90000
2019-09-10 05:47:00,10265.56000,10276.50000,10265.03000,10274.41000,10.37000
2019-09-10 05:48:00,10269.22000,10269.22000,10264.50000,10266.97000,12.27000
2019-09-10 05:49:00,10263.32000,10263.32000,10251.86000,10261.96000,7.52000
2019-09-10 05:50:00,10255.66000,10258.67000,10252.49000,10252.49000,10.06000
2019-09-10 05:51:00,10266.39000,10269.12000,10254.43000,10269.12000,7.87000
2019-09-10 05:52:00,10270.88000,10279.86000,10268.09000,10275.68000,12.70000
2019-09-10 05:53:00,10271.50000,10281.83000,10271.50000,10272.02000,6.21000
2019-09-10 05:54:00,10277.24000,10277.85000,10270.67000,10272.69000,5.96000
2019-09-10 05:55:00,10271.15000,10272.78000,10265.23000,10265.75000,8.84000
2019-09-10 05:56:00,10264.24000,10268.98000,10264.24000,10267.66000,7.93000
2019-09-10 05:57:00,10273.53000,10275.75000,10265.93000,10270.07000,10.74000
2019-09-10 05:58:00,10269.39000,10270.52000,10266.69000,10270.52000,7.69000
2019-09-10 05:59:00,10267.57000,10267.57000,10262.85000,10262.85000,3.78000
2019-09-10 06:00:00,10263.35000,10263.35000,10255.97000,10256.45000,10.97000
2019-09-10 06:01:00,10256.45000,10259.06000,10252.07000,10254.09000,6.34000
2019-09-10 06:02:00,10253.16000,10269.02000,10253.16000,10267.69000,14.44000
2019-09-10 06:03:00,10268.23000,10270.59000,10266.89000,10267.21000,10.36000
2019-09-10 06:04:00,10264.96000,10264.96000,10259.41000,10264.13000,9.45000
2019-09-10 06:05:00,10263.50000,10263.50000,10253.15000,10254.53000,3.44000
2019-09-10 06:06:00,10256.67000,10262.34000,10256.67000,10259.22000,9.96000
2019-09-10 06:07:00,10259.22000,10264.02000,10253.96000,10253.96000,9.92000
2019-09-10 06:08:00,10253.96000,10259.18000,10249.50000,10259.18000,7.47000
2019-09-10 06:09:00,10252.23000,10256.75000,10251.49000,10251.49000,7.30000
2019-09-10 06:10:00,10263.59000,10263.59000,10255.29000,10255.29000,5.77000
2019-09-10 06:11:00,10255.61000,10259.80000,10254.65000,10257.31000,13.61000
2019-09-10 06:12:00,10257.38000,10257.38000,10251.64000,10251.64000,6.45000
2019-09-10 06:13:00,10251.64000,10252.58000,10245.17000,10245.67000,7.71000
2019-09-10 06:14:00,10246.38000,10257.26000,10246.38000,10256.31000,6.26000
2019-09-10 06:15:00,10249.58000,10250.83000,10246.14000,10246.14000,5.17000
2019-09-10 06:16:00,10247.18000,10248.44000,10245.25000,10248.44000,6.07000
2019-09-10 06:17:00,10247.86000,10249.18000,10245.99000,10245.99000,7.15000
2019-09-10 06:18:00,10247.90000,10248.38000,10236.06000,10236.62000,11.80000
2019-09-10 06:19:00,10236.65000,10240.82000,10236.65000,10240.82000,5.50000
2019-09-10 06:20:00,10238.33000,10242.53000,10230.84000,10230.88000,6.88000
2019-09-10 06:21:00,10236.39000,10236.39000,10233.49000,10234.68000,9.78000
2019-09-10 06:22:00,10229.59000,10240.12000,10229.59000,10237.31000,6.22000
2019-09-10 06:23:00,10242.86000,10250.44000,10241.73000,10248.61000,5.45000
2019-09-10 06:24:00,10247.75000,10247.75000,10243.40000,10243.40000,3.26000
2019-09-10 06:25:00,10243.22000,10243.90000,10234.44000,10243.27000,10.49000
2019-09-10 06:26:00,10243.30000,10245.96000,10241.98000,10241.98000,5.90000
2019-09-10 06:27:00,10240.76000,10242.55000,10238.24000,10239.11000,8.50000
2019-09-10 06:28:00,10239.43000,10241.18000,10237.14000,10238.08000,8.63000
2019-09-10 06:29:00,10232.36000,10233.22000,10230.53000,10230.53000,4.16000
2019-09-10 06:30:00,10232.05000,10232.05000,10227.40000,10230.56000,8.73000
2019-09-10 06:31:00,10227.29000,10240.59000,10226.81000,10240.59000,8.03000
2019-09-10 06:32:00,10236.53000,10236.53000,10233.10000,10235.64000,7.62000
2019-09-10 06:33:00,10239.94000,10245.44000,10235.14000,10245.44000,8.50000
2019-09-10 06:34:00,10246.96000,10250.20000,10244.48000,10250.20000,8.26000
2019-09-10 06:35:00,10248.87000,10250.15000,10241.68000,10246.98000,6.08000
2019-09-10 06:36:00,10251.28000,10259.98000,10248.56000,10259.98000,6.43000
2019-09-10 06:37:00,10259.43000,10259.43000,10257.05000,10257.81000,7.17000
2019-09-10 06:38:00,10259.36000,10259.36000,10256.07000,10258.75000,8.64000
2019-09-10 06:39:00,10259.37000,10261.76000,10257.08000,10257.08000,5.36000
2019-09-10 06:40:00,10258.23000,10258.23000,10252.82000,10256.10000,6.34000
2019-09-10 06:41:00,10256.97000,10259.40000,10256.97000,10259.40000,8.26000
2019-09-10 06:42:00,10257.89000,10259.95000,10249.55000,10249.55000,7.84000
2019-09-10 06:43:00,10250.85000,10260.04000,10250.85000,10260.04000,3.14000
2019-09-10 06:44:00,10262.53000,10267.31000,10262.45000,10267.31000,7.64000
2019-09-10 06:45:00,10266.84000,10268.07000,10265.01000,10265.01000,5.36000
2019-09-10 06:46:00,10263.65000,10265.05000,10262.74000,10263.59000,5.47000
2019-09-10 06:47:00,10263.42000,10263.42000,10256.54000,10257.50000,4.53000
2019-09-10 06:48:00,10257.75000,10259.88000,10257.44000,10259.88000,6.29000
2019-09-10 06:49:00,10258.84000,10264.01000,10258.84000,10264.01000,14.39000
2019-09-10 06:50:00,10268.81000,10270.49000,10268.81000,10269.96000,7.12000
2019-09-10 06:51:00,10265.59000,10270.09000,10265.59000,10269.59000,6.93000
2019-09-10 06:52:00,10271.12000,10271.65000,10267.47000,10268.10000,10.89000
2019-09-10 06:53:00,10267.63000,10268.10000,10267.63000,10268.10000,6.10000
2019-09-10 06:54:00,10263.34000,10271.14000,10263.34000,10267.10000,7.90000
2019-09-10 06:55:00,10268.06000,10268.06000,10265.66000,10265.66000,4.59000
2019-09-10 06:56:00,10265.41000,10267.69000,10263.00000,10267.38000,6.43000
2019-09-10 06:57:00,10265.90000,10270.40000,10265.90000,10270.40000,5.28000
2019-09-10 06:58:00,10270.40000,10270.40000,10264.68000,10265.03000,5.96000
2019-09-10 06:59:00,10267.02000,10268.80000,10265.66000,10265.96000,10.26000
2019-09-10 07:00:00,10265.96000,10269.83000,10265.89000,10268.65000,4.03000
2019-09-10 07:01:00,10269.01000,10271.14000,10267.79000,10270.91000,8.53000
2019-09-10 07:02:00,10271.14000,10271.64000,10267.93000,10268.15000,8.56000
2019-09-10 07:03:00,10270.15000,10270.15000,10266.45000,10268.99000,5.06000
2019-09-10 07:04:00,10266.09000,10266.82000,10264.66000,10264.66000,6.37000
2019-09-10 07:05:00,10262.18000,10262.70000,10260.74000,10262.00000,5.52000
2019-09-10 07:06:00,10262.00000,10264.31000,10262.00000,10264.31000,4.03000
2019-09-10 07:07:00,10262.15000,10262.94000,10257.56000,10259.24000,9.51000
2019-09-10 07:08:00,10259.53000,10259.53000,10258.78000,10258.79000,6.41000
2019-09-10 07:09:00,10258.16000,10258.16000,10252.56000,10254.19000,6.03000
2019-09-10 07:10:00,10254.66000,10255.07000,10254.28000,10254.28000,4.69000
2019-09-10 07:11:00,10254.28000,10254.99000,10250.84000,10250.84000,16.67000
2019-09-10 07:12:00,10243.00000,10248.10000,10243.00000,10248.10000,9.95000
2019-09-10 07:13:00,10245.27000,10245.27000,10240.25000,10243.41000,6.61000
2019-09-10 07:14:00,10244.78000,10247.69000,10243.64000,10243.64000,7.73000
2019-09-10 07:15:00,10243.43000,10255.39000,10243.43000,10255.39000,4.21000
2019-09-10 07:16:00,10257.68000,10257.68000,10254.89000,10254.97000,6.18000
2019-09-10 07:17:00,10256.41000,10258.61000,10256.41000,10258.47000,6.07000
2019-09-10 07:18:00,10253.41000,10255.90000,10249.49000,10255.90000,6.17000
2019-09-10 07:19:00,10256.51000,10256.51000,10255.90000,10255.90000,5.80000
2019-09-10 07:20:00,10255.90000,10257.17000,10255.41000,10257.17000,6.11000
2019-09-10 07:21:00,10259.20000,10260.19000,10259.05000,10259.21000,8.24000
2019-09-10 07:22:00,10259.74000,10260.35000,10253.56000,10256.51000,7.68000
2019-09-10 07:23:00,10255.79000,10256.84000,10255.40000,10256.84000,6.88000
2019-09-10 07:24:00,10256.95000,10259.91000,10256.77000,10259.43000,7.96000
2019-09-10 07:25:00,10260.29000,10263.00000,10260.29000,10262.76000,5.17000
2019-09-10 07:26:00,10263.95000,10273.65000,10263.95000,10273.65000,9.51000
2019-09-10 07:27:00,10273.83000,10277.50000,10273.83000,10277.50000,6.07000
2019-09-10 07:28:00,10288.36000,10291.24000,10284.68000,10289.96000,10.11000
2019-09-10 07:29:00,10290.27000,10294.61000,10290.27000,10294.61000,9.66000
2019-09-10 07:30:00,10294.61000,10295.78000,10290.25000,10295.78000,6.89000
2019-09-10 07:31:00,10295.28000,10302.83000,10295.28000,10301.40000,5.96000
2019-09-10 07:32:00,10299.28000,10299.77000,10295.28000,10299.77000,8.22000
2019-09-10 07:33:00,10301.10000,10304.82000,10297.05000,10297.05000,10.52000
2019-09-10 07:34:00,10297.43000,10297.43000,10286.78000,10287.44000,4.19000
2019-09-10 07:35:00,10284.84000,10284.91000,10277.64000,10277.64000,11.60000
2019-09-10 07:36:00,10279.22000,10292.10000,10279.22000,10289.53000,5.61000
2019-09-10 07:37:00,10289.15000,10289.77000,10283.08000,10283.08000,6.54000
2019-09-10 07:38:00,10283.08000,10283.71000,10282.63000,10282.63000,4.53000
2019-09-10 07:39:00,10282.63000,10287.99000,10282.63000,10287.99000,7.67000
2019-09-10 07:40:00,10288.53000,10297.66000,10287.29000,10297.66000,6.55000
2019-09-10 07:41:00,10300.02000,10300.43000,10297.46000,10297.46000,3.42000
2019-09-10 07:42:00,10297.46000,10299.23000,10296.16000,10296.16000,6.38000
2019-09-10 07:43:00,10298.21000,10298.81000,10293.26000,10293.26000,7.27000
2019-09-10 07:44:00,10294.90000,10295.15000,10291.69000,10291.69000,7.15000
2019-09-10 07:45:00,10291.92000,10294.00000,10284.75000,10284.75000,4.83000
2019-09-10 07:46:00,10285.00000,10293.39000,10285.00000,10291.98000,9.29000
2019-09-10 07:47:00,10287.02000,10288.00000,10285.49000,10285.95000,7.62000
2019-09-10 07:48:00,10285.61000,10287.00000,10285.61000,10287.00000,6.64000
2019-09-10 07:49:00,10285.89000,10285.89000,10284.32000,10284.88000,8.90000
2019-09-10 07:50:00,10284.36000,10284.42000,10279.75000,10280.23000,7.81000
2019-09-10 07:51:00,10280.48000,10280.91000,10279.98000,10280.42000,6.50000
2019-09-10 07:52:00,10274.28000,10275.70000,10272.92000,10275.70000,6.72000
2019-09-10 07:53:00,10274.90000,10274.90000,10273.13000,10273.60000,10.98000
2019-09-10 07:54:00,10265.58000,10270.28000,10265.58000,10269.67000,5.26000
2019-09-10 07:55:00,10270.38000,10270.38000,10268.23000,10268.23000,4.47000
2019-09-10 07:56:00,10269.66000,10269.91000,10265.37000,10265.37000,10.86000
2019-09-10 07:57:00,10264.84000,10272.02000,10264.84000,10272.02000,9.38000
2019-09-10 07:58:00,10276.93000,10276.93000,10273.16000,10273.16000,5.62000
2019-09-10 07:59:00,10270.40000,10272.46000,10269.34000,10272.46000,7.57000
2019-09-10 08:00:00,10271.93000,10273.16000,10267.91000,10267.91000,5.40000
2019-09-10 08:01:00,10269.17000,10269.17000,10265.07000,10265.48000,5.91000
2019-09-10 08:02:00,10264.95000,10267.11000,10262.62000,10267.11000,7.38000
2019-09-10 08:03:00,10265.76000,10267.65000,10262.72000,10263.68000,5.97000
2019-09-10 08:04:00,10262.73000,10262.95000,10257.30000,10257.30000,3.87000
2019-09-10 08:05:00,10259.21000,10265.27000,10259.21000,10264.17000,8.40000
2019-09-10 08:06:00,10264.34000,10264.34000,10263.02000,10263.53000,6.26000
2019-09-10 08:07:00,10263.14000,10263.14000,10255.80000,10256.37000,6.39000
2019-09-10 08:08:00,10256.71000,10260.80000,10256.71000,10259.60000,7.90000
2019-09-10 08:09:00,10259.60000,10260.81000,10259.60000,10260.81000,3.62000
2019-09-10 08:10:00,10259.35000,10263.63000,10259.35000,10263.63000,5.65000
2019-09-10 08:11:00,10261.76000,10265.96000,10261.76000,10265.96000,9.07000
2019-09-10 08:12:00,10270.63000,10275.54000,10267.47000,10272.83000,6.73000
2019-09-10 08:13:00,10274.15000,10274.76000,10272.33000,10272.33000,6.59000
2019-09-10 08:14:00,10277.29000,10280.71000,10276.59000,10276.59000,3.61000
2019-09-10 08:15:00,10275.33000,10277.42000,10275.33000,10277.42000,1.48000
2019-09-10 08:16:00,10280.25000,10280.71000,10277.24000,10278.86000,5.27000
2019-09-10 08:17:00,10278.86000,10279.32000,10277.34000,10277.34000,3.78000
2019-09-10 08:18:00,10277.34000,10286.15000,10277.34000,10286.15000,5.04000
2019-09-10 08:19:00,10285.18000,10285.18000,10277.22000,10278.35000,4.08000
2019-09-10 08:20:00,10274.88000,10275.65000,10273.18000,10274.70000,3.67000
2019-09-10 08:21:00,10276.26000,10278.04000,10274.05000,10278.04000,8.08000
2019-09-10 08:22:00,10276.16000,10277.27000,10274.71000,10276.90000,3.67000
2019-09-10 08:23:00,10278.10000,10278.37000,10273.23000,10273.23000,5.65000
2019-09-10 08:24:00,10273.28000,10275.96000,10273.28000,10274.49000,4.96000
2019-09-10 08:25:00,10278.79000,10278.79000,10272.85000,10272.85000,6.78000
2019-09-10 08:26:00,10273.68000,10273.80000,10270.06000,10273.80000,5.92000
2019-09-10 08:27:00,10272.17000,10272.89000,10271.81000,10272.89000,9.04000
2019-09-10 08:28:00,10272.64000,10272.64000,10269.88000,10269.88000,6.90000
2019-09-10 08:29:00,10277.65000,10278.14000,10275.82000,10276.26000,7.58000
2019-09-10 08:30:00,10276.64000,10276.64000,10272.95000,10272.95000,6.97000
2019-09-10 08:31:00,10272.87000,10274.74000,10270.41000,10271.44000,4.25000
2019-09-10 08:32:00,10272.83000,10272.83000,10265.95000,10266.92000,8.90000
2019-09-10 08:33:00,10260.90000,10264.93000,10260.90000,10264.51000,7.02000
2019-09-10 08:34:00,10264.51000,10264.51000,10247.20000,10247.20000,9.28000
2019-09-10 08:35:00,10251.07000,10258.01000,10251.07000,10258.01000,7.12000
2019-09-10 08:36:00,10255.28000,10261.68000,10254.96000,10256.12000,5.12000
2019-09-10 08:37:00,10259.85000,10259.88000,10255.94000,10258.98000,6.99000
2019-09-10 08:38:00,10259.03000,10267.34000,10257.08000,10267.34000,7.29000
2019-09-10 08:39:00,10260.25000,10260.25000,10258.15000,10258.15000,5.98000
2019-09-10 08:40:00,10259.29000,10260.82000,10258.86000,10259.55000,7.97000
2019-09-10 08:41:00,10260.77000,10260.77000,10249.19000,10249.68000,5.72000
2019-09-10 08:42:00,10249.68000,10250.02000,10248.22000,10250.02000,4.93000
2019-09-10 08:43:00,10255.91000,10257.50000,10252.42000,10252.42000,9.73000
2019-09-10 08:44:00,10248.49000,10252.42000,10247.47000,10252.42000,6.57000
2019-09-10 08:45:00,10250.07000,10252.93000,10248.05000,10252.40000,5.77000
2019-09-10 08:46:00,10250.40000,10252.09000,10250.18000,10252.09000,8.80000
2019-09-10 08:47:00,10251.70000,10254.26000,10250.38000,10254.26000,3.83000
2019-09-10 08:48:00,10263.68000,10265.49000,10262.86000,10264.86000,4.58000
2019-09-10 08:49:00,10263.29000,10267.34000,10262.32000,10267.34000,11.98000
2019-09-10 08:50:00,10264.74000,10266.24000,10264.13000,10264.13000,8.83000
2019-09-10 08:51:00,10263.14000,10263.14000,10262.70000,10262.91000,4.37000
2019-09-10 08:52:00,10262.91000,10265.41000,10257.62000,10257.62000,6.24000
2019-09-10 08:53:00,10259.43000,10263.61000,10259.36000,10263.32000,5.59000
2019-09-10 08:54:00,10262.13000,10262.13000,10256.81000,10260.05000,8.48000
2019-09-10 08:55:00,10259.89000,10261.75000,10258.38000,10260.17000,4.55000
2019-09-10 08:56:00,10260.71000,10264.82000,10257.84000,10263.79000,7.01000
2019-09-10 08:57:00,10262.51000,10262.51000,10257.43000,10259.58000,6.63000
2019-09-10 08:58:00,10259.76000,10260.56000,10253.61000,10255.99000,5.79000
2019-09-10 08:59:00,10256.73000,10256.73000,10255.12000,10256.08000,3.50000
2019-09-10 09:00:00,10255.76000,10255.76000,10249.14000,10249.14000,5.95000
2019-09-10 09:01:00,10246.70000,10251.70000,10246.70000,10247.98000,4.77000
2019-09-10 09:02:00,10246.63000,10250.88000,10246.63000,10250.88000,5.90000
2019-09-10 09:03:00,10249.73000,10249.73000,10241.45000,10241.45000,3.35000
2019-09-10 09:04:00,10248.03000,10248.03000,10245.63000,10245.63000,4.98000
2019-09-10 09:05:00,10246.89000,10247.12000,10246.78000,10247.12000,4.39000
2019-09-10 09:06:00,10244.25000,10244.98000,10241.46000,10241.81000,7.27000
2019-09-10 09:07:00,10240.64000,10240.64000,10233.17000,10233.17000,3.55000
2019-09-10 09:08:00,10236.99000,10241.22000,10231.77000,10240.58000,7.01000
2019-09-10 09:09:00,10238.21000,10243.64000,10238.21000,10242.39000,5.48000
2019-09-10 09:10:00,10243.69000,10243.69000,10241.08000,10242.50000,6.78000
2019-09-10 09:11:00,10242.72000,10250.12000,10241.28000,10247.71000,9.11000
2019-09-10 09:12:00,10244.76000,10248.51000,10244.76000,10248.51000,6.70000
2019-09-10 09:13:00,10250.93000,10253.35000,10249.13000,10251.02000,4.62000
2019-09-10 09:14:00,10252.42000,10259.01000,10252.42000,10255.88000,3.86000
2019-09-10 09:15:00,10256.13000,10260.07000,10250.88000,10250.88000,5.49000
2019-09-10 09:16:00,10250.88000,10251.30000,10246.73000,10248.08000,6.96000
2019-09-10 09:17:00,10247.42000,10249.53000,10244.83000,10249.53000,7.44000
2019-09-10 09:18:00,10248.46000,10248.46000,10243.12000,10243.82000,7.64000
2019-09-10 09:19:00,10245.36000,10249.15000,10245.36000,10249.15000,6.13000
2019-09-10 09:20:00,10249.53000,10250.24000,10242.08000,10243.91000,8.77000
2019-09-10 09:21:00,10236.55000,10244.55000,10236.55000,10243.04000,6.08000
2019-09-10 09:22:00,10241.92000,10242.21000,10238.09000,10238.09000,6.42000
2019-09-10 09:23:00,10238.41000,10238.41000,10229.16000,10229.23000,8.55000
2019-09-10 09:24:00,10236.87000,10236.87000,10221.55000,10221.55000,7.57000
2019-09-10 09:25:00,10213.58000,10218.81000,10209.98000,10209.98000,3.96000
2019-09-10 09:26:00,10210.00000,10218.25000,10210.00000,10218.25000,4.83000
2019-09-10 09:27:00,10225.83000,10229.01000,10222.61000,10222.99000,11.20000
2019-09-10 09:28:00,10218.72000,10218.72000,10210.52000,10210.52000,6.24000
2019-09-10 09:29:00,10210.96000,10214.65000,10206.87000,10214.65000,5.93000
2019-09-10 09:30:00,10216.40000,10221.89000,10213.61000,10221.89000,6.38000
2019-09-10 09:31:00,10221.28000,10234.83000,10221.28000,10234.83000,6.99000
2019-09-10 09:32:00,10232.04000,10243.05000,10232.04000,10243.05000,5.42000
2019-09-10 09:33:00,10238.25000,10240.75000,10235.92000,10240.75000,4.41000
2019-09-10 09:34:00,10240.75000,10250.49000,10240.75000,10248.69000,6.80000
2019-09-10 09:35:00,10250.65000,10251.52000,10246.60000,10251.52000,5.73000
2019-09-10 09:36:00,10249.24000,10253.40000,10247.58000,10249.95000,6.85000
2019-09-10 09:37:00,10247.11000,10248.43000,10245.27000,10248.43000,5.47000
2019-09-10 09:38:00,10247.42000,10260.91000,10246.56000,10260.91000,7.99000
2019-09-10 09:39:00,10250.38000,10257.18000,10250.38000,10257.18000,4.69000
2019-09-10 09:40:00,10256.47000,10260.17000,10254.55000,10260.17000,4.11000
2019-09-10 09:41:00,10263.39000,10263.39000,10250.22000,10250.22000,8.02000
2019-09-10 09:42:00,10254.43000,10254.43000,10251.32000,10252.59000,3.90000
2019-09-10 09:43:00,10250.82000,10261.99000,10250.82000,10261.99000,3.26000
2019-09-10 09:44:00,10261.99000,10263.95000,10260.00000,10263.95000,4.74000
2019-09-10 09:45:00,10263.22000,10281.22000,10263.22000,10278.18000,4.72000
2019-09-10 09:46:00,10281.42000,10282.05000,10278.34000,10280.52000,10.41000
2019-09-10 09:47:00,10280.91000,10290.01000,10279.72000,10287.05000,6.17000
2019-09-10 09:48:00,10288.86000,10288.86000,10276.48000,10276.48000,4.68000
2019-09-10 09:49:00,10277.71000,10277.71000,10267.43000,10270.07000,7.59000
2019-09-10 09:50:00,10268.75000,10268.75000,10261.59000,10261.59000,5.15000
2019-09-10 09:51:00,10260.94000,10271.82000,10260.94000,10271.28000,6.85000
2019-09-10 09:52:00,10271.28000,10271.70000,10265.04000,10266.21000,5.54000
2019-09-10 09:53:00,10266.21000,10266.55000,10264.49000,10264.49000,7.94000
2019-09-10 09:54:00,10266.10000,10266.86000,10260.99000,10262.87000,4.02000
2019-09-10 09:55:00,10254.97000,10259.22000,10253.99000,10259.22000,3.66000
2019-09-10 09:56:00,10256.65000,10264.87000,10256.65000,10264.11000,3.24000
2019-09-10 09:57:00,10264.11000,10265.95000,10263.92000,10264.54000,3.89000
2019-09-10 09:58:00,10260.18000,10260.60000,10251.32000,10251.89000,7.91000
2019-09-10 09:59:00,10250.46000,10250.46000,10248.12000,10248.67000,3.30000
2019-09-10 10:00:00,10255.07000,10255.07000,10248.78000,10248.78000,5.90000
2019-09-10 10:01:00,10248.07000,10262.21000,10248.07000,10259.65000,6.89000
2019-09-10 10:02:00,10256.45000,10264.11000,10256.45000,10264.11000,6.00000
2019-09-10 10:03:00,10259.57000,10268.21000,10259.57000,10267.85000,5.26000
2019-09-10 10:04:00,10268.21000,10274.15000,10268.21000,10274.15000,8.21000
2019-09-10 10:05:00,10271.52000,10280.90000,10271.52000,10280.90000,4.23000
2019-09-10 10:06:00,10277.77000,10278.82000,10276.01000,10278.82000,3.23000
2019-09-10 10:07:00,10277.82000,10277.82000,10265.10000,10265.82000,5.47000
2019-09-10 10:08:00,10266.92000,10275.62000,10266.92000,10272.35000,6.86000
2019-09-10 10:09:00,10268.97000,10268.97000,10262.75000,10262.75000,5.16000
2019-09-10 10:10:00,10262.47000,10264.26000,10261.29000,10263.60000,8.10000
2019-09-10 10:11:00,10263.76000,10263.76000,10261.83000,10261.98000,8.60000
2019-09-10 10:12:00,10255.55000,10260.00000,10252.82000,10258.54000,7.01000
2019-09-10 10:13:00,10253.62000,10256.05000,10253.62000,10256.05000,7.64000
2019-09-10 10:14:00,10257.26000,10260.53000,10257.26000,10260.53000,6.71000
2019-09-10 10:15:00,10260.72000,10263.21000,10257.61000,10263.21000,8.66000
2019-09-10 10:16:00,10261.62000,10262.23000,10261.62000,10262.23000,7.31000
2019-09-10 10:17:00,10261.66000,10267.66000,10261.66000,10267.66000,5.49000
2019-09-10 10:18:00,10264.18000,10267.07000,10264.18000,10265.41000,4.30000
2019-09-10 10:19:00,10266.38000,10269.07000,10266.38000,10268.40000,6.32000
2019-09-10 10:20:00,10268.66000,10268.66000,10263.39000,10265.54000,4.85000
2019-09-10 10:21:00,10264.64000,10269.98000,10263.81000,10269.65000,6.38000
2019-09-10 10:22:00,10270.25000,10272.11000,10267.45000,10271.17000,4.62000
2019-09-10 10:23:00,10270.29000,10277.97000,10270.29000,10271.90000,5.64000
2019-09-10 10:24:00,10271.41000,10274.58000,10269.05000,10269.99000,6.94000
2019-09-10 10:25:00,10268.41000,10270.90000,10265.20000,10269.81000,2.23000
2019-09-10 10:26:00,10265.18000,10266.98000,10262.11000,10262.11000,5.08000
2019-09-10 10:27:00,10261.10000,10264.42000,10259.56000,10261.60000,6.53000
2019-09-10 10:28:00,10257.61000,10257.61000,10251.69000,10251.69000,5.31000
2019-09-10 10:29:00,10251.83000,10251.83000,10248.60000,10250.88000,4.90000
2019-09-10 10:30:00,10247.21000,10250.63000,10245.82000,10250.63000,7.56000
2019-09-10 10:31:00,10248.92000,10248.92000,10238.38000,10239.78000,7.74000
2019-09-10 10:32:00,10240.52000,10247.04000,10240.24000,10244.88000,8.01000
2019-09-10 10:33:00,10244.16000,10252.96000,10243.26000,10252.96000,6.93000
2019-09-10 10:34:00,10248.07000,10250.06000,10246.69000,10246.69000,2.06000
2019-09-10 10:35:00,10247.66000,10247.83000,10246.27000,10246.27000,3.89000
2019-09-10 10:36:00,10242.97000,10242.97000,10239.32000,10241.92000,8.18000
2019-09-10 10:37:00,10241.40000,10241.40000,10240.10000,10240.10000,5.81000
2019-09-10 10:38:00,10239.51000,10239.51000,10233.75000,10234.16000,8.19000
2019-09-10 10:39:00,10233.59000,10244.76000,10233.59000,10241.77000,3.64000
2019-09-10 10:40:00,10241.74000,10242.37000,10241.74000,10241.92000,6.08000
2019-09-10 10:41:00,10243.24000,10244.81000,10243.09000,10244.81000,3.19000
2019-09-10 10:42:00,10247.83000,10249.17000,10246.98000,10249.17000,7.31000
2019-09-10 10:43:00,10247.89000,10249.17000,10246.59000,10249.17000,6.92000
2019-09-10 10:44:00,10241.72000,10243.99000,10241.72000,10242.94000,7.05000
2019-09-10 10:45:00,10243.21000,10243.21000,10241.70000,10241.70000,1.97000
2019-09-10 10:46:00,10242.74000,10243.81000,10240.35000,10240.35000,6.03000
2019-09-10 10:47:00,10239.48000,10239.48000,10234.74000,10234.74000,6.44000
2019-09-10 10:48:00,10234.58000,10238.20000,10234.19000,10236.31000,6.88000
2019-09-10 10:49:00,10236.31000,10236.72000,10230.77000,10230.77000,9.35000
2019-09-10 10:50:00,10234.21000,10234.21000,10232.40000,10233.63000,5.38000
2019-09-10 10:51:00,10233.72000,10233.72000,10228.36000,10228.36000,5.21000
2019-09-10 10:52:00,10227.47000,10227.47000,10222.99000,10222.99000,3.66000
2019-09-10 10:53:00,10231.03000,10239.11000,10231.03000,10239.11000,7.14000
2019-09-10 10:54:00,10241.66000,10241.66000,10239.07000,10241.19000,4.30000
2019-09-10 10:55:00,10246.83000,10254.83000,10246.83000,10254.83000,4.12000
2019-09-10 10:56:00,10255.87000,10255.87000,10247.48000,10247.69000,5.87000
2019-09-10 10:57:00,10247.11000,10247.11000,10246.00000,10247.11000,8.37000
2019-09-10 10:58:00,10242.36000,10242.95000,10240.52000,10241.21000,4.26000
2019-09-10 10:59:00,10240.31000,10240.32000,10239.42000,10240.32000,6.90000
2019-09-10 11:00:00,10240.11000,10240.11000,10231.97000,10236.15000,3.30000
2019-09-10 11:01:00,10239.53000,10244.55000,10238.17000,10244.35000,5.23000
2019-09-10 11:02:00,10244.35000,10245.70000,10238.24000,10238.24000,6.40000
2019-09-10 11:03:00,10241.76000,10245.11000,10241.76000,10245.11000,6.53000
2019-09-10 11:04:00,10247.45000,10250.79000,10247.45000,10247.47000,5.48000
2019-09-10 11:05:00,10248.50000,10251.46000,10248.30000,10251.46000,5.23000
2019-09-10 11:06:00,10251.46000,10253.64000,10251.46000,10253.09000,6.99000
2019-09-10 11:07:00,10251.52000,10255.56000,10251.27000,10255.56000,6.69000
2019-09-10 11:08:00,10254.81000,10256.16000,10251.88000,10256.16000,9.75000
2019-09-10 11:09:00,10256.66000,10257.66000,10251.14000,10251.14000,7.21000
2019-09-10 11:10:00,10251.34000,10251.34000,10244.31000,10244.31000,3.78000
2019-09-10 11:11:00,10241.13000,10242.45000,10239.32000,10242.45000,11.39000
2019-09-10 11:12:00,10241.55000,10241.78000,10241.14000,10241.78000,8.99000
2019-09-10 11:13:00,10242.24000,10242.24000,10235.91000,10236.70000,8.18000
2019-09-10 11:14:00,10233.97000,10233.97000,10227.79000,10232.35000,7.37000
2019-09-10 11:15:00,10237.04000,10237.04000,10231.67000,10231.67000,9.60000
2019-09-10 11:16:00,10226.95000,10232.17000,10226.95000,10232.17000,3.51000
2019-09-10 11:17:00,10234.49000,10234.49000,10231.40000,10232.65000,8.28000
2019-09-10 11:18:00,10235.56000,10242.43000,10235.56000,10242.43000,6.30000
2019-09-10 11:19:00,10242.43000,10242.43000,10230.96000,10230.96000,6.08000
2019-09-10 11:20:00,10233.33000,10234.68000,10231.01000,10231.01000,6.80000
2019-09-10 11:21:00,10229.97000,10230.83000,10229.44000,10229.44000,3.54000
2019-09-10 11:22:00,10228.48000,10229.99000,10227.36000,10229.99000,7.76000
2019-09-10 11:23:00,10227.80000,10229.44000,10225.70000,10225.70000,6.02000
2019-09-10 11:24:00,10225.70000,10232.21000,10225.70000,10232.21000,2.22000
2019-09-10 11:25:00,10230.50000,10230.50000,10224.91000,10224.91000,6.02000
2019-09-10 11:26:00,10224.36000,10225.76000,10224.36000,10225.66000,3.73000
2019-09-10 11:27:00,10225.30000,10233.74000,10225.30000,10233.74000,0.88000
2019-09-10 11:28:00,10232.92000,10236.07000,10232.92000,10235.10000,7.14000
2019-09-10 11:29:00,10235.70000,10235.70000,10228.86000,10229.00000,8.75000
2019-09-10 11:30:00,10232.26000,10232.26000,10227.68000,10227.68000,4.18000
2019-09-10 11:31:00,10223.56000,10223.56000,10223.56000,10223.56000,0.72000
2019-09-10 11:32:00,10223.56000,10223.56000,10223.56000,10223.56000,0.00000
2019-09-10 11:33:00,10234.12000,10234.57000,10231.28000,10231.28000,4.32000
2019-09-10 11:34:00,10234.24000,10235.98000,10232.31000,10235.98000,5.78000
2019-09-10 11:35:00,10235.63000,10235.63000,10232.96000,10233.00000,3.45000
2019-09-10 11:36:00,10233.79000,10237.29000,10233.79000,10235.59000,4.83000
2019-09-10 11:37:00,10232.86000,10234.11000,10231.05000,10231.05000,5.61000
2019-09-10 11:38:00,10228.91000,10229.65000,10228.91000,10229.65000,1.27000
2019-09-10 11:39:00,10229.86000,10231.39000,10229.86000,10230.76000,2.20000
2019-09-10 11:40:00,10229.31000,10231.76000,10229.31000,10231.40000,3.52000
2019-09-10 11:41:00,10230.63000,10233.13000,10230.63000,10233.04000,4.04000
2019-09-10 11:42:00,10231.61000,10235.53000,10231.61000,10233.52000,3.00000
2019-09-10 11:43:00,10234.28000,10239.16000,10231.46000,10239.11000,6.32000
2019-09-10 11:44:00,10238.20000,10239.67000,10238.20000,10239.12000,4.55000
2019-09-10 11:45:00,10242.86000,10245.76000,10241.13000,10245.76000,2.02000
2019-09-10 11:46:00,10240.99000,10241.18000,10236.88000,10236.88000,9.94000
2019-09-10 11:47:00,10236.54000,10241.82000,10236.34000,10241.82000,4.06000
2019-09-10 11:48:00,10245.80000,10245.82000,10243.53000,10245.58000,3.94000
2019-09-10 11:49:00,10246.44000,10252.17000,10246.44000,10252.17000,4.55000
2019-09-10 11:50:00,10251.04000,10251.04000,10242.15000,10243.31000,2.41000
2019-09-10 11:51:00,10245.61000,10254.42000,10245.58000,10251.62000,5.58000
2019-09-10 11:52:00,10253.70000,10259.52000,10253.70000,10257.66000,5.91000
2019-09-10 11:53:00,10251.93000,10255.47000,10251.93000,10254.40000,4.79000
2019-09-10 11:54:00,10255.97000,10257.51000,10252.33000,10257.51000,3.67000
2019-09-10 11:55:00,10255.65000,10258.31000,10255.65000,10258.31000,5.00000
2019-09-10 11:56:00,10256.40000,10258.31000,10254.20000,10254.20000,7.22000
2019-09-10 11:57:00,10254.63000,10256.50000,10252.77000,10256.50000,2.48000
2019-09-10 11:58:00,10254.77000,10256.25000,10251.41000,10251.41000,8.09000
2019-09-10 11:59:00,10252.68000,10254.56000,10252.21000,10254.56000,6.88000
2019-09-10 12:00:00,10252.70000,10252.70000,10247.17000,10247.17000,4.21000
2019-09-10 12:01:00,10247.26000,10247.26000,10243.77000,10244.31000,4.52000
2019-09-10 12:02:00,10242.95000,10244.88000,10242.95000,10244.88000,5.29000
2019-09-10 12:03:00,10246.15000,10246.15000,10243.15000,10243.68000,6.06000
2019-09-10 12:04:00,10245.47000,10245.47000,10240.25000,10240.25000,5.87000
2019-09-10 12:05:00,10241.49000,10241.49000,10238.85000,10238.85000,6.04000
2019-09-10 12:06:00,10241.77000,10242.73000,10238.44000,10238.92000,4.12000
2019-09-10 12:07:00,10240.67000,10240.67000,10237.65000,10237.65000,5.89000
2019-09-10 12:08:00,10239.45000,10239.45000,10234.67000,10235.44000,4.77000
2019-09-10 12:09:00,10234.59000,10235.83000,10233.74000,10234.51000,3.48000
2019-09-10 12:10:00,10235.64000,10238.55000,10235.64000,10238.55000,3.58000
2019-09-10 12:11:00,10238.97000,10238.97000,10234.38000,10235.72000,6.46000
2019-09-10 12:12:00,10238.43000,10240.74000,10235.88000,10235.88000,3.29000
2019-09-10 12:13:00,10233.23000,10234.00000,10232.02000,10233.75000,4.29000
2019-09-10 12:14:00,10238.46000,10238.46000,10234.64000,10236.20000,4.88000
2019-09-10 12:15:00,10234.90000,10234.96000,10234.08000,10234.23000,4.54000
2019-09-10 12:16:00,10232.69000,10232.69000,10227.22000,10227.22000,2.80000
2019-09-10 12:17:00,10226.67000,10226.67000,10226.02000,10226.02000,3.95000
2019-09-10 12:18:00,10226.60000,10228.81000,10226.60000,10228.81000,7.40000
2019-09-10 12:19:00,10227.88000,10232.06000,10226.63000,10229.17000,8.53000
2019-09-10 12:20:00,10230.46000,10230.84000,10226.20000,10226.80000,5.62000
2019-09-10 12:21:00,10229.47000,10231.78000,10227.88000,10230.94000,5.79000
2019-09-10 12:22:00,10230.35000,10234.88000,10229.27000,10232.88000,7.60000
2019-09-10 12:23:00,10241.33000,10243.18000,10240.43000,10240.81000,3.02000
2019-09-10 12:24:00,10242.07000,10242.79000,10242.07000,10242.79000,4.04000
2019-09-10 12:25:00,10239.62000,10241.47000,10239.54000,10239.54000,6.01000
2019-09-10 12:26:00,10234.49000,10239.61000,10234.49000,10237.91000,5.98000
2019-09-10 12:27:00,10237.68000,10237.68000,10231.21000,10231.21000,2.82000
2019-09-10 12:28:00,10233.50000,10235.40000,10233.22000,10233.22000,7.74000
2019-09-10 12:29:00,10234.12000,10234.72000,10233.98000,10234.14000,3.19000
2019-09-10 12:30:00,10233.56000,10242.21000,10233.16000,10242.21000,4.09000
2019-09-10 12:31:00,10245.18000,10249.28000,10242.81000,10249.08000,7.38000
2019-09-10 12:32:00,10244.19000,10252.51000,10243.20000,10252.51000,7.47000
2019-09-10 12:33:00,10249.53000,10252.86000,10249.30000,10249.30000,7.03000
2019-09-10 12:34:00,10247.99000,10251.24000,10246.73000,10251.24000,6.16000
2019-09-10 12:35:00,10250.58000,10251.04000,10250.58000,10250.99000,5.11000
2019-09-10 12:36:00,10253.24000,10260.35000,10253.24000,10259.19000,5.97000
2019-09-10 12:37:00,10263.31000,10269.47000,10261.44000,10269.47000,6.66000
2019-09-10 12:38:00,10270.58000,10270.58000,10266.00000,10268.95000,4.31000
2019-09-10 12:39:00,10266.08000,10266.10000,10258.71000,10263.88000,7.31000
2019-09-10 12:40:00,10261.27000,10261.27000,10257.93000,10258.92000,5.02000
2019-09-10 12:41:00,10261.53000,10261.53000,10255.43000,10255.43000,4.69000
2019-09-10 12:42:00,10256.56000,10258.14000,10253.42000,10253.60000,6.13000
2019-09-10 12:43:00,10255.66000,10256.67000,10253.11000,10254.50000,6.80000
2019-09-10 12:44:00,10252.65000,10264.29000,10252.65000,10264.29000,3.51000
2019-09-10 12:45:00,10264.02000,10264.02000,10258.91000,10260.46000,5.22000
2019-09-10 12:46:00,10260.46000,10266.04000,10260.46000,10266.04000,5.37000
2019-09-10 12:47:00,10263.06000,10263.07000,10260.38000,10261.87000,2.66000
2019-09-10 12:48:00,10263.18000,10263.18000,10259.01000,10259.06000,6.68000
2019-09-10 12:49:00,10258.96000,10261.12000,10258.17000,10258.17000,7.76000
2019-09-10 12:50:00,10258.39000,10259.71000,10257.95000,10258.35000,4.16000
2019-09-10 12:51:00,10257.98000,10258.96000,10257.06000,10258.48000,5.61000
2019-09-10 12:52:00,10257.93000,10259.18000,10255.48000,10255.48000,4.30000
2019-09-10 12:53:00,10257.48000,10257.48000,10254.16000,10254.16000,7.24000
2019-09-10 12:54:00,10252.39000,10257.51000,10251.12000,10257.51000,5.60000
2019-09-10 12:55:00,10253.69000,10253.69000,10251.39000,10251.43000,3.32000
2019-09-10 12:56:00,10253.50000,10254.24000,10250.20000,10252.89000,7.01000
2019-09-10 12:57:00,10251.52000,10258.24000,10251.16000,10256.46000,6.41000
2019-09-10 12:58:00,10257.30000,10257.30000,10253.20000,10255.36000,6.56000
2019-09-10 12:59:00,10256.44000,10256.44000,10254.63000,10254.63000,2.76000
2019-09-10 13:00:00,10256.66000,10258.78000,10255.43000,10255.43000,5.06000
2019-09-10 13:01:00,10255.50000,10256.30000,10253.55000,10255.94000,3.34000
2019-09-10 13:02:00,10251.89000,10251.89000,10246.86000,10246.86000,6.09000
2019-09-10 13:03:00,10250.56000,10250.56000,10246.33000,10249.37000,5.48000
2019-09-10 13:04:00,10245.46000,10246.06000,10237.82000,10237.82000,4.39000
2019-09-10 13:05:00,10233.69000,10244.77000,10233.69000,10244.77000,5.55000
2019-09-10 13:06:00,10241.48000,10241.48000,10234.31000,10234.31000,3.69000
2019-09-10 13:07:00,10237.14000,10237.51000,10229.90000,10229.90000,6.57000
2019-09-10 13:08:00,10232.97000,10242.67000,10232.97000,10240.49000,3.33000
2019-09-10 13:09:00,10239.86000,10247.61000,10239.86000,10244.93000,4.84000
2019-09-10 13:10:00,10246.00000,10246.00000,10238.80000,10241.35000,5.71000
2019-09-10 13:11:00,10241.00000,10252.86000,10241.00000,10250.71000,8.19000
2019-09-10 13:12:00,10251.66000,10252.19000,10243.23000,10243.23000,4.98000
2019-09-10 13:13:00,10243.99000,10248.54000,10240.99000,10248.54000,4.72000
2019-09-10 13:14:00,10246.30000,10248.90000,10244.26000,10246.87000,6.37000
2019-09-10 13:15:00,10245.28000,10249.23000,10244.40000,10244.51000,5.80000
2019-09-10 13:16:00,10235.90000,10240.17000,10235.90000,10235.96000,5.19000
2019-09-10 13:17:00,10236.65000,10238.43000,10232.66000,10232.66000,5.83000
2019-09-10 13:18:00,10233.72000,10239.53000,10233.72000,10236.94000,4.16000
2019-09-10 13:19:00,10237.03000,10240.51000,10235.50000,10240.51000,7.64000
2019-09-10 13:20:00,10240.75000,10241.02000,10238.78000,10240.90000,4.62000
2019-09-10 13:21:00,10238.78000,10240.08000,10236.52000,10236.52000,7.35000
2019-09-10 13:22:00,10233.44000,10241.58000,10233.44000,10239.31000,4.32000
2019-09-10 13:23:00,10237.94000,10237.94000,10234.29000,10237.04000,8.16000
2019-09-10 13:24:00,10239.34000,10239.34000,10236.27000,10237.65000,4.86000
2019-09-10 13:25:00,10237.65000,10240.22000,10231.76000,10231.76000,5.71000
2019-09-10 13:26:00,10235.73000,10235.73000,10232.46000,10233.94000,4.82000
2019-09-10 13:27:00,10233.01000,10238.74000,10233.01000,10237.51000,5.63000
2019-09-10 13:28:00,10235.06000,10237.97000,10234.41000,10236.59000,5.06000
2019-09-10 13:29:00,10238.29000,10238.33000,10235.95000,10235.95000,4.66000
2019-09-10 13:30:00,10234.99000,10234.99000,10231.74000,10231.74000,5.92000
2019-09-10 13:31:00,10231.29000,10231.29000,10224.22000,10224.67000,8.40000
2019-09-10 13:32:00,10226.35000,10233.11000,10225.42000,10233.11000,6.81000
2019-09-10 13:33:00,10233.63000,10248.23000,10233.63000,10248.23000,2.94000
2019-09-10 13:34:00,10244.78000,10245.44000,10244.55000,10245.44000,3.54000
2019-09-10 13:35:00,10239.69000,10239.69000,10233.00000,10234.22000,5.78000
2019-09-10 13:36:00,10235.63000,10235.63000,10233.84000,10233.84000,7.56000
2019-09-10 13:37:00,10231.75000,10233.30000,10231.75000,10231.85000,3.42000
2019-09-10 13:38:00,10240.71000,10244.63000,10238.39000,10240.34000,3.93000
2019-09-10 13:39:00,10236.98000,10240.25000,10236.98000,10240.25000,3.70000
2019-09-10 13:40:00,10236.76000,10237.32000,10233.76000,10237.32000,4.25000
2019-09-10 13:41:00,10235.42000,10235.42000,10229.39000,10229.39000,2.83000
2019-09-10 13:42:00,10226.58000,10230.27000,10225.83000,10230.27000,5.81000
2019-09-10 13:43:00,10229.31000,10237.23000,10229.31000,10235.88000,4.47000
2019-09-10 13:44:00,10237.35000,10237.35000,10225.73000,10225.73000,3.63000
2019-09-10 13:45:00,10224.73000,10232.05000,10221.96000,10232.05000,3.68000
2019-09-10 13:46:00,10228.09000,10230.56000,10226.99000,10228.48000,2.49000
2019-09-10 13:47:00,10231.08000,10233.03000,10229.08000,10229.16000,7.27000
2019-09-10 13:48:00,10229.77000,10231.84000,10229.49000,10230.73000,2.76000
2019-09-10 13:49:00,10230.25000,10232.83000,10230.25000,10231.13000,4.13000
2019-09-10 13:50:00,10231.17000,10232.13000,10231.17000,10231.26000,3.02000
2019-09-10 13:51:00,10229.67000,10232.54000,10229.67000,10230.92000,3.64000
2019-09-10 13:52:00,10232.28000,10236.72000,10230.76000,10235.98000,4.50000
2019-09-10 13:53:00,10234.80000,10234.80000,10227.42000,10227.42000,3.09000
2019-09-10 13:54:00,10234.48000,10239.77000,10232.73000,10233.85000,8.76000
2019-09-10 13:55:00,10232.42000,10236.17000,10232.42000,10233.86000,4.12000
2019-09-10 13:56:00,10233.74000,10244.23000,10233.73000,10244.23000,9.96000
2019-09-10 13:57:00,10244.11000,10244.11000,10238.07000,10238.07000,5.94000
2019-09-10 13:58:00,10237.98000,10244.77000,10237.21000,10244.77000,9.56000
2019-09-10 13:59:00,10241.49000,10241.79000,10241.49000,10241.79000,0.95000
2019-09-10 14:00:00,10237.92000,10237.92000,10236.77000,10236.77000,2.23000
2019-09-10 14:01:00,10234.20000,10234.71000,10233.55000,10234.71000,1.40000
2019-09-10 14:02:00,10236.72000,10237.74000,10235.27000,10237.74000,5.25000
2019-09-10 14:03:00,10235.90000,10239.21000,10234.89000,10234.89000,5.52000
2019-09-10 14:04:00,10236.21000,10236.21000,10227.25000,10229.59000,7.36000
2019-09-10 14:05:00,10227.63000,10227.98000,10224.17000,10227.37000,4.38000
2019-09-10 14:06:00,10222.91000,10236.55000,10221.92000,10236.55000,8.69000
2019-09-10 14:07:00,10231.63000,10231.63000,10225.66000,10225.66000,7.35000
2019-09-10 14:08:00,10233.05000,10233.05000,10222.10000,10222.10000,3.80000
2019-09-10 14:09:00,10223.06000,10226.81000,10221.48000,10226.81000,2.32000
2019-09-10 14:10:00,10226.71000,10226.71000,10217.57000,10217.57000,1.85000
2019-09-10 14:11:00,10218.26000,10222.34000,10215.17000,10220.62000,3.98000
2019-09-10 14:12:00,10220.10000,10221.34000,10214.26000,10215.17000,5.04000
2019-09-10 14:13:00,10212.60000,10220.43000,10212.60000,10220.43000,9.33000
2019-09-10 14:14:00,10221.48000,10221.48000,10217.44000,10219.69000,3.94000
2019-09-10 14:15:00,10218.70000,10219.23000,10216.86000,10219.23000,3.93000
2019-09-10 14:16:00,10219.20000,10219.72000,10216.41000,10219.72000,6.04000
2019-09-10 14:17:00,10218.25000,10221.60000,10218.25000,10218.96000,5.86000
2019-09-10 14:18:00,10219.14000,10220.00000,10217.53000,10217.92000,2.69000
2019-09-10 14:19:00,10217.92000,10219.07000,10214.97000,10214.97000,5.64000
2019-09-10 14:20:00,10210.21000,10210.21000,10176.69000,10202.04000,9.83000
2019-09-10 14:21:00,10200.04000,10200.04000,10186.28000,10189.37000,5.13000
2019-09-10 14:22:00,10195.60000,10199.04000,10192.10000,10192.10000,3.30000
2019-09-10 14:23:00,10188.71000,10193.77000,10187.63000,10187.63000,2.93000
2019-09-10 14:24:00,10186.63000,10195.36000,10186.63000,10193.36000,5.12000
2019-09-10 14:25:00,10192.10000,10205.26000,10192.10000,10205.26000,1.09000
2019-09-10 14:26:00,10207.65000,10207.65000,10202.96000,10205.64000,5.17000
2019-09-10 14:27:00,10199.06000,10199.40000,10196.17000,10196.56000,5.92000
2019-09-10 14:28:00,10191.89000,10192.77000,10186.90000,10192.77000,6.04000
2019-09-10 14:29:00,10195.31000,10195.66000,10195.31000,10195.66000,3.43000
2019-09-10 14:30:00,10195.66000,10197.86000,10195.66000,10197.86000,12.70000
2019-09-10 14:31:00,10197.86000,10205.33000,10197.86000,10205.33000,29.11000
2019-09-10 14:32:00,10205.33000,10210.35000,10205.33000,10210.35000,13.64000
2019-09-10 14:33:00,10210.57000,10212.67000,10210.57000,10212.67000,4.10000
2019-09-10 14:34:00,10212.67000,10212.67000,10212.67000,10212.67000,0.00000
2019-09-10 14:35:00,10212.71000,10227.41000,10212.71000,10225.42000,48.44000
2019-09-10 14:36:00,10225.49000,10226.73000,10224.75000,10225.89000,45.10000
2019-09-10 14:37:00,10227.41000,10227.41000,10212.58000,10215.02000,114.69000
2019-09-10 14:38:00,10217.91000,10218.51000,10212.58000,10218.21000,24.98000
2019-09-10 14:39:00,10215.69000,10215.69000,10209.39000,10212.11000,42.26000
2019-09-10 14:40:00,10212.11000,10215.74000,10211.70000,10215.71000,5.03000
2019-09-10 14:41:00,10215.71000,10216.38000,10207.27000,10207.27000,6.25000
2019-09-10 14:42:00,10212.62000,10217.80000,10211.55000,10216.54000,3.96000
2019-09-10 14:43:00,10210.98000,10218.97000,10210.98000,10211.62000,5.22000
2019-09-10 14:44:00,10212.23000,10218.79000,10212.23000,10216.55000,6.40000
2019-09-10 14:45:00,10213.53000,10217.25000,10213.53000,10214.78000,2.81000
2019-09-10 14:46:00,10218.78000,10219.23000,10214.78000,10219.23000,4.90000
2019-09-10 14:47:00,10217.96000,10221.46000,10214.96000,10219.62000,5.65000
2019-09-10 14:48:00,10219.07000,10221.57000,10217.58000,10217.58000,5.00000
2019-09-10 14:49:00,10216.85000,10216.85000,10214.19000,10214.24000,4.50000
2019-09-10 14:50:00,10213.53000,10213.53000,10208.42000,10208.42000,3.77000
2019-09-10 14:51:00,10212.37000,10212.84000,10206.26000,10212.84000,7.52000
2019-09-10 14:52:00,10215.67000,10215.67000,10206.87000,10209.19000,2.69000
2019-09-10 14:53:00,10205.75000,10209.86000,10205.75000,10205.75000,6.02000
2019-09-10 14:54:00,10206.45000,10214.37000,10206.45000,10214.37000,4.63000
2019-09-10 14:55:00,10210.71000,10211.55000,10206.61000,10209.61000,3.25000
2019-09-10 14:56:00,10209.59000,10210.92000,10205.50000,10205.50000,4.79000
2019-09-10 14:57:00,10206.50000,10211.60000,10204.97000,10204.97000,7.62000
2019-09-10 14:58:00,10204.27000,10209.12000,10203.70000,10203.70000,3.34000
2019-09-10 14:59:00,10208.95000,10208.97000,10203.70000,10208.34000,6.30000
2019-09-10 15:00:00,10203.70000,10203.70000,10190.95000,10190.95000,4.47000
2019-09-10 15:01:00,10194.03000,10199.55000,10193.97000,10194.02000,7.86000
2019-09-10 15:02:00,10195.13000,10198.45000,10192.34000,10193.88000,6.71000
2019-09-10 15:03:00,10192.34000,10192.34000,10185.99000,10190.91000,6.12000
2019-09-10 15:04:00,10185.06000,10192.88000,10185.06000,10191.41000,6.31000
2019-09-10 15:05:00,10194.31000,10195.28000,10185.78000,10185.78000,5.85000
2019-09-10 15:06:00,10188.53000,10188.53000,10181.28000,10181.28000,3.49000
2019-09-10 15:07:00,10177.18000,10183.17000,10170.89000,10171.41000,3.73000
2019-09-10 15:08:00,10181.20000,10181.99000,10176.59000,10177.69000,3.64000
2019-09-10 15:09:00,10183.76000,10202.61000,10183.76000,10202.61000,5.23000
2019-09-10 15:10:00,10196.43000,10217.03000,10195.67000,10216.04000,8.20000
2019-09-10 15:11:00,10215.98000,10217.72000,10210.56000,10212.39000,4.84000
2019-09-10 15:12:00,10208.85000,10212.22000,10204.95000,10204.95000,5.62000
2019-09-10 15:13:00,10211.55000,10215.24000,10208.46000,10215.24000,5.11000
2019-09-10 15:14:00,10212.73000,10222.71000,10212.73000,10215.07000,3.52000
2019-09-10 15:15:00,10211.92000,10218.79000,10211.92000,10214.17000,5.78000
2019-09-10 15:16:00,10216.82000,10216.82000,10210.79000,10210.79000,4.76000
2019-09-10 15:17:00,10215.03000,10215.03000,10207.08000,10207.08000,4.97000
2019-09-10 15:18:00,10209.85000,10209.85000,10206.38000,10206.38000,6.05000
2019-09-10 15:19:00,10207.98000,10212.14000,10205.83000,10205.83000,6.20000
2019-09-10 15:20:00,10206.43000,10210.07000,10206.31000,10208.86000,5.77000
2019-09-10 15:21:00,10208.84000,10210.45000,10208.84000,10210.45000,2.06000
2019-09-10 15:22:00,10209.25000,10213.26000,10209.25000,10213.26000,2.03000
2019-09-10 15:23:00,10211.70000,10212.56000,10208.31000,10211.15000,4.46000
2019-09-10 15:24:00,10214.52000,10217.63000,10209.13000,10209.13000,5.54000
2019-09-10 15:25:00,10212.74000,10214.29000,10212.36000,10214.29000,2.38000
2019-09-10 15:26:00,10209.92000,10209.92000,10207.28000,10207.28000,7.17000
2019-09-10 15:27:00,10206.92000,10207.99000,10204.67000,10204.67000,9.09000
2019-09-10 15:28:00,10196.23000,10196.23000,10190.61000,10192.61000,3.07000
2019-09-10 15:29:00,10192.20000,10192.20000,10185.77000,10185.77000,4.87000
2019-09-10 15:30:00,10186.07000,10192.94000,10182.29000,10192.94000,7.18000
2019-09-10 15:31:00,10192.68000,10192.68000,10186.55000,10186.55000,5.79000
2019-09-10 15:32:00,10186.07000,10186.07000,10181.40000,10182.78000,7.20000
2019-09-10 15:33:00,10181.61000,10181.99000,10178.01000,10178.01000,2.68000
2019-09-10 15:34:00,10189.80000,10190.95000,10187.93000,10187.93000,4.72000
2019-09-10 15:35:00,10183.45000,10187.18000,10181.79000,10187.18000,14.50000
2019-09-10 15:36:00,10191.76000,10194.82000,10190.38000,10190.38000,5.06000
2019-09-10 15:37:00,10186.69000,10190.37000,10186.69000,10188.29000,5.42000
2019-09-10 15:38:00,10186.37000,10192.58000,10186.37000,10191.88000,6.46000
2019-09-10 15:39:00,10194.67000,10195.05000,10194.29000,10194.29000,5.00000
2019-09-10 15:40:00,10193.41000,10193.41000,10187.36000,10187.36000,2.45000
2019-09-10 15:41:00,10185.53000,10186.53000,10183.87000,10186.53000,3.24000
2019-09-10 15:42:00,10187.16000,10189.96000,10187.12000,10189.96000,2.21000
2019-09-10 15:43:00,10192.44000,10206.93000,10192.40000,10206.93000,7.15000
2019-09-10 15:44:00,10204.38000,10204.38000,10195.11000,10195.11000,5.62000
2019-09-10 15:45:00,10194.25000,10200.09000,10194.25000,10197.13000,5.92000
2019-09-10 15:46:00,10194.36000,10194.36000,10188.94000,10188.94000,4.00000
2019-09-10 15:47:00,10184.83000,10193.52000,10183.51000,10193.52000,5.32000
2019-09-10 15:48:00,10197.14000,10197.14000,10188.24000,10189.89000,4.13000
2019-09-10 15:49:00,10194.51000,10194.51000,10190.15000,10190.58000,9.27000
2019-09-10 15:50:00,10189.40000,10189.40000,10179.52000,10184.85000,6.00000
2019-09-10 15:51:00,10185.14000,10186.08000,10178.41000,10186.08000,2.99000
2019-09-10 15:52:00,10187.74000,10187.74000,10182.31000,10183.06000,3.31000
2019-09-10 15:53:00,10181.85000,10193.15000,10181.85000,10189.11000,4.25000
2019-09-10 15:54:00,10187.84000,10188.83000,10183.94000,10185.81000,6.56000
2019-09-10 15:55:00,10189.67000,10189.67000,10187.97000,10187.97000,6.36000
2019-09-10 15:56:00,10188.57000,10188.57000,10177.68000,10177.68000,6.07000
2019-09-10 15:57:00,10177.14000,10184.68000,10177.14000,10180.77000,3.82000
2019-09-10 15:58:00,10182.32000,10182.32000,10167.91000,10167.91000,5.80000
2019-09-10 15:59:00,10173.15000,10179.10000,10168.60000,10179.10000,8.13000
2019-09-10 16:00:00,10172.13000,10188.13000,10172.13000,10188.13000,4.92000
2019-09-10 16:01:00,10187.74000,10210.36000,10187.74000,10197.26000,7.75000
2019-09-10 16:02:00,10200.66000,10200.66000,10193.10000,10194.65000,5.32000
2019-09-10 16:03:00,10193.12000,10193.51000,10189.25000,10192.92000,5.01000
2019-09-10 16:04:00,10191.38000,10191.77000,10189.82000,10190.12000,5.37000
2019-09-10 16:05:00,10190.13000,10194.14000,10190.12000,10194.14000,5.74000
2019-09-10 16:06:00,10194.78000,10199.68000,10194.78000,10198.46000,4.10000
2019-09-10 16:07:00,10197.38000,10197.38000,10194.13000,10195.08000,2.69000
2019-09-10 16:08:00,10194.15000,10198.04000,10194.15000,10194.41000,5.41000
2019-09-10 16:09:00,10194.78000,10195.22000,10193.07000,10193.07000,8.67000
2019-09-10 16:10:00,10189.91000,10189.91000,10184.77000,10184.77000,3.83000
2019-09-10 16:11:00,10183.86000,10188.41000,10183.51000,10188.41000,6.01000
2019-09-10 16:12:00,10188.93000,10189.75000,10188.46000,10189.75000,3.34000
2019-09-10 16:13:00,10190.54000,10197.25000,10189.52000,10196.82000,2.82000
2019-09-10 16:14:00,10197.18000,10197.18000,10188.13000,10191.11000,5.79000
2019-09-10 16:15:00,10196.85000,10197.42000,10194.10000,10195.88000,6.51000
2019-09-10 16:16:00,10196.61000,10198.72000,10196.61000,10198.44000,4.03000
2019-09-10 16:17:00,10205.78000,10207.05000,10205.14000,10205.74000,4.95000
2019-09-10 16:18:00,10205.20000,10205.85000,10200.13000,10205.61000,6.24000
2019-09-10 16:19:00,10207.09000,10208.31000,10206.18000,10208.31000,3.30000
2019-09-10 16:20:00,10208.07000,10214.35000,10208.07000,10214.35000,3.50000
2019-09-10 16:21:00,10215.37000,10216.67000,10206.54000,10210.81000,6.62000
2019-09-10 16:22:00,10211.65000,10211.65000,10207.48000,10207.95000,6.28000
2019-09-10 16:23:00,10201.79000,10202.60000,10199.51000,10202.36000,2.36000
2019-09-10 16:24:00,10202.23000,10206.94000,10199.14000,10203.40000,5.88000
2019-09-10 16:25:00,10201.87000,10201.87000,10194.76000,10199.74000,5.91000
2019-09-10 16:26:00,10201.38000,10202.27000,10199.86000,10201.10000,4.99000
2019-09-10 16:27:00,10194.74000,10197.59000,10192.92000,10196.94000,7.74000
2019-09-10 16:28:00,10201.21000,10204.15000,10201.21000,10203.37000,5.02000
2019-09-10 16:29:00,10202.12000,10208.03000,10201.28000,10208.03000,6.18000
2019-09-10 16:30:00,10210.83000,10212.14000,10210.83000,10211.92000,4.11000
2019-09-10 16:31:00,10213.22000,10219.11000,10211.08000,10211.28000,4.93000
2019-09-10 16:32:00,10213.70000,10213.70000,10205.47000,10205.47000,8.03000
2019-09-10 16:33:00,10204.49000,10209.75000,10202.47000,10208.82000,7.18000
2019-09-10 16:34:00,10213.67000,10214.18000,10211.07000,10213.29000,4.73000
2019-09-10 16:35:00,10213.50000,10213.50000,10208.95000,10210.05000,3.41000
2019-09-10 16:36:00,10209.69000,10211.33000,10209.21000,10211.31000,7.08000
2019-09-10 16:37:00,10210.10000,10213.14000,10209.82000,10213.14000,4.67000
2019-09-10 16:38:00,10213.41000,10225.07000,10212.14000,10216.45000,3.37000
2019-09-10 16:39:00,10221.99000,10221.99000,10215.45000,10217.67000,5.08000
2019-09-10 16:40:00,10222.63000,10225.08000,10221.77000,10225.08000,5.32000
2019-09-10 16:41:00,10222.63000,10225.95000,10219.62000,10220.69000,3.80000
2019-09-10 16:42:00,10224.67000,10224.67000,10215.38000,10219.03000,4.19000
2019-09-10 16:43:00,10219.03000,10220.51000,10219.03000,10220.51000,6.27000
2019-09-10 16:44:00,10227.08000,10227.08000,10217.74000,10223.32000,4.70000
2019-09-10 16:45:00,10221.43000,10222.66000,10216.97000,10222.66000,4.20000
2019-09-10 16:46:00,10220.41000,10220.41000,10212.90000,10213.01000,4.91000
2019-09-10 16:47:00,10213.09000,10218.94000,10213.09000,10218.94000,4.27000
2019-09-10 16:48:00,10218.71000,10220.68000,10214.99000,10214.99000,4.54000
2019-09-10 16:49:00,10217.23000,10217.23000,10214.51000,10214.51000,2.98000
2019-09-10 16:50:00,10215.52000,10217.08000,10212.68000,10216.00000,5.55000
2019-09-10 16:51:00,10222.87000,10222.87000,10218.33000,10218.70000,5.18000
2019-09-10 16:52:00,10218.53000,10228.36000,10218.53000,10228.36000,5.90000
2019-09-10 16:53:00,10226.76000,10234.75000,10226.76000,10234.75000,3.08000
2019-09-10 16:54:00,10236.24000,10237.41000,10227.61000,10227.61000,4.90000
2019-09-10 16:55:00,10226.64000,10235.03000,10226.64000,10231.66000,6.93000
2019-09-10 16:56:00,10234.36000,10235.73000,10231.42000,10231.42000,5.04000
2019-09-10 16:57:00,10229.78000,10236.93000,10229.78000,10230.90000,6.28000
2019-09-10 16:58:00,10230.32000,10231.62000,10226.09000,10226.26000,4.82000
2019-09-10 16:59:00,10226.26000,10226.26000,10223.84000,10225.40000,4.59000
2019-09-10 17:00:00,10222.36000,10222.36000,10213.22000,10213.22000,5.88000
2019-09-10 17:01:00,10215.12000,10219.31000,10215.12000,10219.31000,3.62000
2019-09-10 17:02:00,10215.74000,10219.98000,10215.45000,10215.45000,1.79000
2019-09-10 17:03:00,10216.69000,10218.64000,10213.06000,10217.37000,9.43000
2019-09-10 17:04:00,10216.59000,10218.18000,10216.59000,10216.62000,4.37000
2019-09-10 17:05:00,10216.42000,10219.04000,10216.42000,10219.04000,5.52000
2019-09-10 17:06:00,10218.26000,10218.58000,10216.32000,10216.32000,4.26000
2019-09-10 17:07:00,10215.06000,10220.29000,10213.75000,10220.29000,6.79000
2019-09-10 17:08:00,10220.74000,10231.35000,10220.61000,10228.70000,5.38000
2019-09-10 17:09:00,10229.89000,10229.89000,10225.99000,10225.99000,2.43000
2019-09-10 17:10:00,10226.01000,10226.01000,10220.80000,10221.89000,2.64000
2019-09-10 17:11:00,10221.89000,10227.71000,10218.63000,10225.30000,6.31000
2019-09-10 17:12:00,10221.91000,10226.85000,10219.90000,10224.34000,3.78000
2019-09-10 17:13:00,10231.26000,10231.26000,10228.25000,10228.50000,2.02000
2019-09-10 17:14:00,10230.28000,10232.64000,10228.55000,10229.97000,8.41000
2019-09-10 17:15:00,10225.45000,10228.00000,10224.38000,10224.38000,7.54000
2019-09-10 17:16:00,10224.32000,10225.60000,10223.55000,10223.71000,5.07000
2019-09-10 17:17:00,10223.47000,10223.47000,10212.99000,10217.19000,5.92000
2019-09-10 17:18:00,10221.95000,10222.04000,10220.12000,10220.12000,4.38000
2019-09-10 17:19:00,10217.28000,10217.28000,10213.00000,10213.00000,2.57000
2019-09-10 17:20:00,10212.70000,10215.27000,10207.32000,10212.39000,7.64000
2019-09-10 17:21:00,10208.09000,10210.47000,10205.74000,10205.74000,5.61000
2019-09-10 17:22:00,10205.20000,10210.24000,10205.20000,10206.93000,8.52000
2019-09-10 17:23:00,10211.48000,10211.48000,10209.96000,10209.96000,4.57000
2019-09-10 17:24:00,10211.84000,10213.00000,10205.93000,10205.93000,9.27000
2019-09-10 17:25:00,10209.37000,10209.37000,10206.98000,10209.14000,2.58000
2019-09-10 17:26:00,10208.57000,10215.03000,10207.87000,10209.26000,1.78000
2019-09-10 17:27:00,10205.24000,10208.36000,10203.25000,10208.36000,3.17000
2019-09-10 17:28:00,10209.73000,10209.95000,10207.52000,10209.95000,4.67000
2019-09-10 17:29:00,10208.90000,10212.19000,10208.90000,10209.47000,4.96000
2019-09-10 17:30:00,10210.21000,10217.65000,10210.21000,10213.45000,2.03000
2019-09-10 17:31:00,10215.73000,10217.45000,10211.21000,10211.60000,4.04000
2019-09-10 17:32:00,10214.46000,10216.96000,10212.21000,10216.14000,6.69000
2019-09-10 17:33:00,10216.95000,10221.90000,10216.95000,10220.30000,4.07000
2019-09-10 17:34:00,10217.43000,10219.27000,10216.30000,10216.30000,2.15000
2019-09-10 17:35:00,10215.35000,10215.35000,10206.28000,10206.28000,3.38000
2019-09-10 17:36:00,10207.27000,10212.72000,10207.27000,10212.72000,7.61000
2019-09-10 17:37:00,10206.38000,10207.38000,10202.67000,10204.45000,5.34000
2019-09-10 17:38:00,10205.71000,10206.20000,10202.57000,10202.57000,4.98000
2019-09-10 17:39:00,10200.73000,10201.18000,10196.90000,10196.90000,9.41000
2019-09-10 17:40:00,10201.28000,10201.28000,10198.07000,10198.07000,4.77000
2019-09-10 17:41:00,10195.86000,10199.10000,10195.86000,10196.43000,6.54000
2019-09-10 17:42:00,10195.28000,10197.77000,10195.13000,10197.26000,8.00000
2019-09-10 17:43:00,10201.59000,10206.37000,10199.06000,10199.06000,5.14000
2019-09-10 17:44:00,10203.94000,10204.43000,10197.63000,10204.19000,6.01000
2019-09-10 17:45:00,10205.15000,10205.15000,10201.02000,10201.02000,6.98000
2019-09-10 17:46:00,10200.62000,10204.53000,10200.26000,10202.60000,4.40000
2019-09-10 17:47:00,10202.12000,10204.94000,10200.70000,10202.15000,7.13000
2019-09-10 17:48:00,10201.30000,10202.26000,10199.30000,10199.30000,9.88000
2019-09-10 17:49:00,10199.44000,10202.72000,10199.22000,10202.72000,8.55000
2019-09-10 17:50:00,10202.20000,10202.75000,10201.10000,10202.75000,6.87000
2019-09-10 17:51:00,10202.75000,10203.82000,10202.53000,10202.53000,4.37000
2019-09-10 17:52:00,10203.44000,10204.90000,10202.30000,10204.39000,7.43000
2019-09-10 17:53:00,10204.39000,10206.51000,10202.65000,10204.04000,4.01000
2019-09-10 17:54:00,10206.03000,10206.03000,10200.22000,10200.22000,5.18000
2019-09-10 17:55:00,10203.80000,10214.10000,10203.80000,10213.84000,2.44000
2019-09-10 17:56:00,10209.10000,10211.64000,10206.54000,10211.64000,8.19000
2019-09-10 17:57:00,10209.78000,10217.01000,10209.78000,10217.01000,7.41000
2019-09-10 17:58:00,10218.54000,10218.54000,10212.31000,10217.84000,13.15000
2019-09-10 17:59:00,10213.87000,10215.75000,10213.45000,10213.69000,6.28000
2019-09-10 18:00:00,10213.58000,10218.72000,10213.39000,10215.43000,6.16000
2019-09-10 18:01:00,10213.55000,10213.55000,10207.24000,10207.24000,2.16000
2019-09-10 18:02:00,10205.29000,10206.41000,10204.31000,10204.31000,2.77000
2019-09-10 18:03:00,10206.12000,10207.40000,10205.28000,10207.40000,5.51000
2019-09-10 18:04:00,10208.20000,10208.20000,10206.13000,10206.15000,3.69000
2019-09-10 18:05:00,10206.60000,10207.18000,10197.82000,10197.82000,5.92000
2019-09-10 18:06:00,10197.50000,10201.63000,10195.57000,10195.57000,5.26000
2019-09-10 18:07:00,10197.25000,10199.23000,10193.84000,10199.23000,4.66000
2019-09-10 18:08:00,10199.82000,10199.89000,10193.59000,10199.89000,4.87000
2019-09-10 18:09:00,10200.60000,10210.43000,10200.04000,10210.43000,4.34000
2019-09-10 18:10:00,10208.36000,10208.63000,10201.86000,10203.60000,6.77000
2019-09-10 18:11:00,10204.59000,10207.46000,10204.59000,10207.46000,2.77000
2019-09-10 18:12:00,10206.83000,10207.96000,10206.62000,10206.97000,5.26000
2019-09-10 18:13:00,10211.73000,10211.73000,10198.20000,10200.52000,10.34000
2019-09-10 18:14:00,10199.24000,10200.28000,10198.53000,10198.58000,5.78000
2019-09-10 18:15:00,10193.29000,10195.63000,10193.29000,10193.33000,5.26000
2019-09-10 18:16:00,10195.11000,10196.24000,10194.62000,10195.66000,4.28000
2019-09-10 18:17:00,10194.02000,10205.16000,10193.57000,10205.16000,4.60000
2019-09-10 18:18:00,10201.72000,10209.69000,10201.72000,10209.69000,4.84000
2019-09-10 18:19:00,10208.59000,10208.59000,10203.91000,10204.32000,5.51000
2019-09-10 18:20:00,10204.73000,10207.35000,10204.73000,10207.35000,3.93000
2019-09-10 18:21:00,10206.43000,10209.54000,10206.43000,10206.90000,6.01000
2019-09-10 18:22:00,10206.94000,10207.41000,10198.12000,10198.12000,5.68000
2019-09-10 18:23:00,10200.94000,10203.40000,10200.94000,10203.40000,3.85000
2019-09-10 18:24:00,10202.59000,10206.37000,10202.03000,10203.78000,5.55000
2019-09-10 18:25:00,10204.82000,10204.82000,10198.67000,10198.67000,10.98000
2019-09-10 18:26:00,10196.99000,10200.39000,10196.20000,10200.39000,5.58000
2019-09-10 18:27:00,10200.17000,10206.85000,10198.49000,10204.29000,5.36000
2019-09-10 18:28:00,10206.23000,10206.24000,10204.31000,10204.58000,3.86000
2019-09-10 18:29:00,10204.21000,10206.93000,10204.21000,10206.93000,4.65000
2019-09-10 18:30:00,10206.90000,10210.41000,10206.90000,10210.41000,4.33000
2019-09-10 18:31:00,10210.16000,10215.77000,10210.16000,10211.74000,5.61000
2019-09-10 18:32:00,10211.75000,10211.75000,10209.37000,10209.93000,2.39000
2019-09-10 18:33:00,10205.78000,10208.91000,10204.35000,10206.37000,5.99000
2019-09-10 18:34:00,10208.04000,10208.04000,10201.52000,10202.22000,4.53000
2019-09-10 18:35:00,10208.77000,10210.18000,10206.54000,10209.15000,4.71000
2019-09-10 18:36:00,10209.15000,10209.15000,10201.07000,10202.70000,7.74000
2019-09-10 18:37:00,10204.52000,10208.58000,10203.95000,10208.58000,5.82000
2019-09-10 18:38:00,10208.58000,10208.58000,10204.01000,10204.01000,4.42000
2019-09-10 18:39:00,10204.76000,10209.57000,10202.31000,10208.75000,8.65000
2019-09-10 18:40:00,10206.98000,10208.68000,10206.93000,10206.93000,4.29000
2019-09-10 18:41:00,10202.49000,10206.06000,10202.47000,10204.41000,5.26000
2019-09-10 18:42:00,10206.03000,10206.03000,10204.99000,10205.08000,3.59000
2019-09-10 18:43:00,10207.26000,10207.76000,10205.80000,10205.80000,5.20000
2019-09-10 18:44:00,10206.79000,10207.32000,10206.36000,10206.36000,7.60000
2019-09-10 18:45:00,10203.56000,10205.17000,10202.68000,10202.68000,4.59000
2019-09-10 18:46:00,10205.16000,10207.34000,10203.24000,10207.34000,2.73000
2019-09-10 18:47:00,10202.90000,10207.19000,10202.90000,10203.77000,7.31000
2019-09-10 18:48:00,10204.70000,10207.76000,10201.17000,10201.17000,5.32000
2019-09-10 18:49:00,10204.04000,10206.20000,10204.04000,10204.45000,6.22000
2019-09-10 18:50:00,10199.95000,10199.95000,10197.65000,10199.65000,3.63000
2019-09-10 18:51:00,10203.78000,10203.78000,10197.75000,10201.89000,4.90000
2019-09-10 18:52:00,10201.58000,10204.53000,10201.58000,10203.14000,6.59000
2019-09-10 18:53:00,10200.86000,10202.41000,10200.86000,10201.38000,3.47000
2019-09-10 18:54:00,10200.25000,10203.10000,10200.12000,10200.12000,2.64000
2019-09-10 18:55:00,10201.80000,10203.75000,10200.98000,10200.99000,8.09000
2019-09-10 18:56:00,10198.27000,10198.27000,10196.48000,10196.56000,2.45000
2019-09-10 18:57:00,10198.47000,10199.27000,10196.35000,10198.75000,2.52000
2019-09-10 18:58:00,10199.25000,10199.25000,10192.47000,10192.47000,4.17000
2019-09-10 18:59:00,10196.94000,10198.27000,10195.58000,10198.27000,4.47000
2019-09-10 19:00:00,10194.82000,10198.32000,10194.44000,10196.93000,5.17000
2019-09-10 19:01:00,10193.45000,10193.82000,10185.73000,10185.73000,7.12000
2019-09-10 19:02:00,10187.35000,10191.67000,10187.24000,10191.67000,5.30000
2019-09-10 19:03:00,10189.62000,10192.36000,10188.32000,10188.96000,7.13000
2019-09-10 19:04:00,10187.37000,10192.98000,10187.37000,10192.98000,3.34000
2019-09-10 19:05:00,10198.91000,10198.91000,10194.52000,10198.15000,2.19000
2019-09-10 19:06:00,10199.01000,10202.43000,10193.40000,10195.43000,8.19000
2019-09-10 19:07:00,10198.11000,10198.80000,10192.74000,10196.76000,4.29000
2019-09-10 19:08:00,10193.20000,10196.04000,10193.20000,10196.04000,3.44000
2019-09-10 19:09:00,10191.98000,10192.17000,10184.06000,10184.06000,6.79000
2019-09-10 19:10:00,10189.95000,10189.95000,10186.57000,10189.14000,4.97000
2019-09-10 19:11:00,10184.97000,10187.26000,10182.72000,10182.72000,6.84000
2019-09-10 19:12:00,10183.65000,10185.98000,10183.65000,10185.93000,3.53000
2019-09-10 19:13:00,10185.56000,10186.72000,10183.33000,10184.09000,4.32000
2019-09-10 19:14:00,10189.26000,10190.86000,10188.45000,10188.58000,6.35000
2019-09-10 19:15:00,10185.24000,10186.16000,10184.00000,10184.00000,3.15000
2019-09-10 19:16:00,10184.00000,10184.00000,10177.48000,10180.91000,6.72000
2019-09-10 19:17:00,10186.14000,10189.21000,10182.25000,10187.57000,9.12000
2019-09-10 19:18:00,10180.88000,10181.52000,10180.88000,10181.52000,3.90000
2019-09-10 19:19:00,10179.08000,10187.88000,10179.08000,10187.88000,3.42000
2019-09-10 19:20:00,10187.49000,10187.49000,10186.48000,10186.48000,3.51000
2019-09-10 19:21:00,10185.39000,10186.44000,10182.43000,10186.44000,5.58000
2019-09-10 19:22:00,10184.80000,10184.80000,10179.07000,10180.14000,6.62000
2019-09-10 19:23:00,10179.29000,10180.31000,10177.59000,10180.06000,5.51000
2019-09-10 19:24:00,10180.06000,10182.52000,10179.85000,10182.52000,4.44000
2019-09-10 19:25:00,10178.15000,10182.34000,10178.15000,10178.36000,5.32000
2019-09-10 19:26:00,10181.31000,10181.31000,10177.41000,10177.41000,6.48000
2019-09-10 19:27:00,10179.41000,10180.15000,10174.10000,10180.15000,5.19000
2019-09-10 19:28:00,10179.87000,10179.87000,10171.28000,10171.28000,4.88000
2019-09-10 19:29:00,10172.86000,10180.39000,10172.86000,10180.39000,6.82000
2019-09-10 19:30:00,10176.21000,10176.21000,10172.22000,10174.92000,5.64000
2019-09-10 19:31:00,10170.74000,10173.15000,10170.74000,10173.15000,3.14000
2019-09-10 19:32:00,10174.00000,10174.00000,10170.85000,10171.64000,8.24000
2019-09-10 19:33:00,10173.14000,10173.71000,10170.53000,10170.84000,6.00000
2019-09-10 19:34:00,10167.96000,10168.07000,10165.76000,10165.76000,2.96000
2019-09-10 19:35:00,10165.41000,10166.02000,10131.92000,10131.92000,25.85000
2019-09-10 19:36:00,10123.75000,10123.75000,10013.89000,10019.17000,58.20000
2019-09-10 19:37:00,10034.95000,10040.11000,9971.58000,9975.48000,70.74000
2019-09-10 19:38:00,9974.61000,10030.96000,9940.87000,10006.17000,25.74000
2019-09-10 19:39:00,10027.53000,10030.19000,9996.25000,10030.19000,7.20000
2019-09-10 19:40:00,10003.02000,10005.85000,9956.77000,9964.60000,3.74000
2019-09-10 19:41:00,9983.51000,9995.24000,9951.52000,9951.52000,6.86000
2019-09-10 19:42:00,9972.56000,9990.56000,9957.98000,9975.93000,5.60000
2019-09-10 19:43:00,9978.40000,9994.57000,9967.91000,9994.57000,3.58000
2019-09-10 19:44:00,9988.22000,10008.44000,9988.22000,10006.60000,8.02000
2019-09-10 19:45:00,10004.92000,10004.92000,9971.57000,9974.36000,6.23000
2019-09-10 19:46:00,9989.63000,9992.76000,9970.41000,9986.52000,5.50000
2019-09-10 19:47:00,9987.11000,9987.11000,9966.96000,9982.65000,4.51000
2019-09-10 19:48:00,9979.02000,9979.02000,9959.49000,9971.24000,3.55000
2019-09-10 19:49:00,9975.24000,9975.24000,9961.37000,9961.37000,6.05000
2019-09-10 19:50:00,9957.21000,9984.51000,9957.21000,9980.02000,3.27000
2019-09-10 19:51:00,9985.02000,9986.84000,9985.02000,9986.84000,3.35000
2019-09-10 19:52:00,9986.81000,9986.81000,9966.47000,9966.47000,3.28000
2019-09-10 19:53:00,9983.67000,9992.30000,9983.67000,9992.30000,3.22000
2019-09-10 19:54:00,9993.00000,9994.93000,9985.38000,9985.38000,2.71000
2019-09-10 19:55:00,9985.38000,10000.42000,9985.38000,9998.94000,4.38000
2019-09-10 19:56:00,10010.60000,10038.69000,10007.30000,10038.69000,5.68000
2019-09-10 19:57:00,10057.88000,10059.47000,10032.68000,10042.66000,7.31000
2019-09-10 19:58:00,10037.82000,10037.82000,10020.06000,10020.06000,6.32000
2019-09-10 19:59:00,10019.13000,10031.99000,10018.29000,10026.56000,2.40000
2019-09-10 20:00:00,10021.49000,10021.49000,9998.54000,9998.54000,5.15000
2019-09-10 20:01:00,10000.66000,10000.66000,9991.73000,10000.21000,5.08000
2019-09-10 20:02:00,10006.03000,10006.03000,9993.29000,10004.20000,5.39000
2019-09-10 20:03:00,10004.05000,10019.18000,10004.05000,10013.16000,6.69000
2019-09-10 20:04:00,10022.60000,10042.67000,10021.88000,10042.67000,4.75000
2019-09-10 20:05:00,10034.92000,10034.92000,10015.37000,10015.37000,4.41000
2019-09-10 20:06:00,10024.56000,10024.56000,10014.68000,10014.68000,5.69000
2019-09-10 20:07:00,10029.40000,10029.40000,10013.47000,10013.47000,3.10000
2019-09-10 20:08:00,10014.27000,10014.27000,10001.64000,10007.12000,4.05000
2019-09-10 20:09:00,10006.24000,10017.62000,10006.24000,10016.06000,5.22000
2019-09-10 20:10:00,10012.03000,10020.76000,10011.32000,10012.46000,4.31000
2019-09-10 20:11:00,10013.77000,10026.29000,10013.77000,10026.29000,4.39000
2019-09-10 20:12:00,10019.04000,10035.63000,10018.51000,10030.58000,5.36000
2019-09-10 20:13:00,10028.17000,10031.29000,10027.79000,10031.29000,1.99000
2019-09-10 20:14:00,10024.72000,10029.57000,10023.41000,10023.41000,4.27000
2019-09-10 20:15:00,10019.94000,10029.31000,10011.29000,10029.31000,5.61000
2019-09-10 20:16:00,10025.11000,10036.77000,10025.11000,10032.97000,5.35000
2019-09-10 20:17:00,10025.58000,10026.85000,10020.08000,10026.85000,2.84000
2019-09-10 20:18:00,10022.01000,10026.46000,10014.77000,10024.97000,7.79000
2019-09-10 20:19:00,10022.78000,10022.78000,10012.53000,10012.53000,4.18000
2019-09-10 20:20:00,10017.79000,10017.79000,9999.53000,10002.39000,8.62000
2019-09-10 20:21:00,10006.13000,10010.40000,10003.78000,10004.93000,3.79000
2019-09-10 20:22:00,10001.99000,10014.83000,10001.99000,10014.83000,4.00000
2019-09-10 20:23:00,10007.21000,10015.12000,10007.21000,10015.12000,2.18000
2019-09-10 20:24:00,10007.10000,10007.86000,10001.51000,10006.28000,5.30000
2019-09-10 20:25:00,10004.39000,10025.78000,10004.39000,10025.78000,5.06000
2019-09-10 20:26:00,10020.56000,10021.40000,10016.99000,10021.40000,7.30000
2019-09-10 20:27:00,10018.73000,10018.73000,10006.07000,10006.07000,5.00000
2019-09-10 20:28:00,10023.72000,10023.72000,10011.79000,10011.79000,8.45000
2019-09-10 20:29:00,10011.84000,10025.30000,10011.84000,10020.49000,7.87000
2019-09-10 20:30:00,10017.23000,10023.01000,10014.44000,10023.01000,6.28000
2019-09-10 20:31:00,10018.93000,10041.16000,10018.93000,10041.16000,2.01000
2019-09-10 20:32:00,10036.81000,10038.07000,10036.61000,10036.61000,2.85000
2019-09-10 20:33:00,10036.61000,10039.55000,10032.91000,10034.03000,4.73000
2019-09-10 20:34:00,10036.71000,10051.99000,10036.71000,10044.61000,4.70000
2019-09-10 20:35:00,10045.63000,10050.71000,10034.95000,10034.95000,6.79000
2019-09-10 20:36:00,10035.53000,10039.12000,10034.44000,10038.21000,9.35000
2019-09-10 20:37:00,10037.35000,10038.73000,10035.30000,10038.73000,3.95000
2019-09-10 20:38:00,10041.22000,10041.49000,10038.65000,10039.80000,8.27000
2019-09-10 20:39:00,10038.49000,10038.82000,10033.81000,10033.81000,8.43000
2019-09-10 20:40:00,10038.43000,10039.49000,10037.72000,10037.72000,7.68000
2019-09-10 20:41:00,10041.40000,10046.30000,10039.11000,10046.30000,5.43000
2019-09-10 20:42:00,10043.39000,10049.05000,10043.39000,10048.70000,6.22000
2019-09-10 20:43:00,10044.64000,10048.86000,10044.64000,10045.09000,4.18000
2019-09-10 20:44:00,10045.58000,10047.83000,10044.72000,10046.71000,7.60000
2019-09-10 20:45:00,10046.60000,10046.60000,10040.31000,10040.34000,6.34000
2019-09-10 20:46:00,10045.23000,10045.38000,10043.60000,10044.82000,4.98000
2019-09-10 20:47:00,10044.36000,10069.94000,10044.36000,10064.03000,9.84000
2019-09-10 20:48:00,10061.88000,10074.12000,10060.68000,10073.60000,8.06000
2019-09-10 20:49:00,10078.01000,10080.64000,10070.26000,10070.26000,5.66000
2019-09-10 20:50:00,10069.32000,10069.32000,10062.20000,10062.20000,3.35000
2019-09-10 20:51:00,10062.40000,10063.68000,10059.46000,10059.46000,7.74000
2019-09-10 20:52:00,10058.92000,10063.63000,10058.92000,10063.35000,5.65000
2019-09-10 20:53:00,10062.17000,10068.84000,10062.17000,10068.84000,6.72000
2019-09-10 20:54:00,10066.75000,10067.98000,10064.57000,10067.62000,4.27000
2019-09-10 20:55:00,10066.99000,10066.99000,10060.86000,10060.86000,4.60000
2019-09-10 20:56:00,10060.20000,10062.14000,10058.77000,10059.61000,6.83000
2019-09-10 20:57:00,10057.59000,10058.25000,10055.51000,10057.90000,2.47000
2019-09-10 20:58:00,10059.75000,10061.62000,10058.73000,10058.73000,5.40000
2019-09-10 20:59:00,10059.92000,10062.53000,10058.58000,10062.53000,13.17000
2019-09-10 21:00:00,10060.46000,10061.03000,10055.82000,10060.95000,6.16000
2019-09-10 21:01:00,10061.25000,10061.25000,10056.40000,10056.40000,5.68000
2019-09-10 21:02:00,10056.25000,10056.25000,10051.19000,10051.19000,16.89000
2019-09-10 21:03:00,10050.81000,10053.07000,10050.37000,10050.37000,4.35000
2019-09-10 21:04:00,10047.65000,10052.13000,10040.85000,10040.85000,4.30000
2019-09-10 21:05:00,10042.35000,10052.30000,10041.57000,10052.30000,9.19000
2019-09-10 21:06:00,10059.22000,10059.39000,10052.82000,10056.96000,6.07000
2019-09-10 21:07:00,10056.32000,10056.32000,10050.82000,10050.82000,3.63000
2019-09-10 21:08:00,10052.63000,10056.12000,10050.12000,10050.12000,6.93000
2019-09-10 21:09:00,10050.54000,10053.19000,10049.51000,10052.87000,2.78000
2019-09-10 21:10:00,10050.23000,10054.45000,10050.23000,10052.82000,5.39000
2019-09-10 21:11:00,10052.52000,10052.52000,10049.50000,10050.93000,4.60000
2019-09-10 21:12:00,10050.67000,10051.03000,10044.67000,10044.67000,1.98000
2019-09-10 21:13:00,10046.53000,10047.77000,10044.69000,10044.88000,5.74000
2019-09-10 21:14:00,10047.07000,10049.38000,10044.81000,10047.88000,19.02000
2019-09-10 21:15:00,10048.81000,10057.61000,10045.33000,10057.29000,17.78000
2019-09-10 21:16:00,10058.15000,10065.56000,10058.15000,10065.56000,6.16000
2019-09-10 21:17:00,10068.23000,10078.20000,10068.23000,10077.62000,3.83000
2019-09-10 21:18:00,10078.78000,10079.28000,10078.50000,10078.54000,2.89000
2019-09-10 21:19:00,10077.54000,10077.54000,10073.07000,10073.07000,3.88000
2019-09-10 21:20:00,10075.10000,10079.87000,10075.10000,10079.87000,5.72000
2019-09-10 21:21:00,10079.52000,10080.33000,10078.76000,10080.33000,4.89000
2019-09-10 21:22:00,10080.16000,10080.26000,10079.41000,10079.42000,3.69000
2019-09-10 21:23:00,10079.45000,10079.45000,10078.45000,10078.53000,4.64000
2019-09-10 21:24:00,10078.80000,10079.14000,10075.00000,10075.00000,2.35000
2019-09-10 21:25:00,10073.86000,10076.78000,10073.86000,10076.78000,3.00000
2019-09-10 21:26:00,10076.17000,10083.47000,10076.17000,10083.47000,4.76000
2019-09-10 21:27:00,10083.35000,10094.67000,10083.35000,10094.67000,7.98000
2019-09-10 21:28:00,10095.42000,10127.22000,10095.42000,10108.08000,19.69000
2019-09-10 21:29:00,10109.09000,10121.34000,10109.06000,10118.07000,4.86000
2019-09-10 21:30:00,10119.25000,10119.26000,10116.45000,10116.45000,3.66000
2019-09-10 21:31:00,10117.81000,10117.81000,10108.77000,10108.77000,4.54000
2019-09-10 21:32:00,10108.14000,10108.14000,10099.94000,10099.94000,6.08000
2019-09-10 21:33:00,10097.68000,10097.68000,10089.87000,10090.19000,4.57000
2019-09-10 21:34:00,10093.47000,10093.47000,10091.74000,10092.09000,6.58000
2019-09-10 21:35:00,10091.89000,10095.70000,10091.70000,10095.70000,4.32000
2019-09-10 21:36:00,10096.31000,10096.31000,10082.56000,10082.56000,8.91000
2019-09-10 21:37:00,10079.89000,10083.49000,10072.02000,10072.02000,34.14000
2019-09-10 21:38:00,10070.95000,10072.03000,10068.11000,10068.11000,13.82000
2019-09-10 21:39:00,10072.08000,10083.27000,10072.08000,10082.18000,14.98000
2019-09-10 21:40:00,10081.62000,10083.83000,10081.56000,10081.56000,6.08000
2019-09-10 21:41:00,10079.45000,10087.19000,10079.45000,10086.84000,5.02000
2019-09-10 21:42:00,10084.75000,10086.22000,10082.21000,10083.11000,7.82000
2019-09-10 21:43:00,10083.64000,10083.64000,10077.86000,10081.77000,8.44000
2019-09-10 21:44:00,10083.42000,10083.79000,10081.85000,10083.60000,4.93000
2019-09-10 21:45:00,10082.18000,10085.14000,10080.21000,10080.21000,7.14000
2019-09-10 21:46:00,10081.23000,10082.90000,10081.23000,10082.43000,3.64000
2019-09-10 21:47:00,10082.00000,10083.83000,10081.92000,10082.20000,5.61000
2019-09-10 21:48:00,10082.70000,10083.50000,10081.29000,10082.34000,4.53000
2019-09-10 21:49:00,10082.66000,10082.66000,10081.94000,10081.94000,5.93000
2019-09-10 21:50:00,10081.69000,10084.68000,10080.98000,10084.68000,9.12000
2019-09-10 21:51:00,10084.62000,10084.62000,10083.15000,10083.89000,2.37000
2019-09-10 21:52:00,10081.82000,10084.27000,10081.82000,10084.27000,8.38000
2019-09-10 21:53:00,10083.74000,10088.07000,10083.74000,10088.07000,4.67000
2019-09-10 21:54:00,10089.07000,10096.63000,10087.18000,10096.63000,7.06000
2019-09-10 21:55:00,10097.97000,10101.90000,10097.97000,10101.90000,9.38000
2019-09-10 21:56:00,10104.81000,10109.59000,10103.30000,10109.59000,8.51000
2019-09-10 21:57:00,10109.04000,10110.68000,10108.60000,10108.60000,6.02000
2019-09-10 21:58:00,10110.47000,10111.73000,10107.56000,10107.56000,3.06000
2019-09-10 21:59:00,10106.78000,10108.16000,10106.71000,10108.06000,5.35000
2019-09-10 22:00:00,10108.25000,10110.49000,10108.25000,10110.49000,3.22000
2019-09-10 22:01:00,10109.74000,10116.92000,10109.67000,10116.92000,2.30000
2019-09-10 22:02:00,10120.38000,10121.29000,10119.68000,10121.29000,5.50000
2019-09-10 22:03:00,10121.43000,10122.47000,10120.94000,10121.13000,4.93000
2019-09-10 22:04:00,10121.50000,10121.50000,10117.69000,10119.93000,3.77000
2019-09-10 22:05:00,10119.73000,10119.73000,10118.48000,10119.56000,4.18000
2019-09-10 22:06:00,10121.09000,10124.68000,10121.09000,10123.39000,5.08000
2019-09-10 22:07:00,10123.13000,10123.13000,10119.67000,10119.67000,2.39000
2019-09-10 22:08:00,10119.67000,10120.53000,10118.96000,10118.96000,1.97000
2019-09-10 22:09:00,10118.63000,10118.63000,10110.30000,10110.30000,6.01000
2019-09-10 22:10:00,10111.48000,10112.38000,10108.71000,10108.71000,12.90000
2019-09-10 22:11:00,10108.71000,10109.63000,10105.75000,10105.75000,10.93000
2019-09-10 22:12:00,10101.43000,10101.43000,10089.73000,10092.70000,6.36000
2019-09-10 22:13:00,10095.20000,10098.01000,10093.43000,10097.22000,6.90000
2019-09-10 22:14:00,10096.19000,10097.47000,10089.13000,10089.13000,3.75000
2019-09-10 22:15:00,10089.56000,10097.48000,10089.56000,10097.48000,2.23000
2019-09-10 22:16:00,10097.52000,10097.52000,10091.91000,10091.91000,3.26000
2019-09-10 22:17:00,10089.82000,10092.21000,10086.89000,10086.89000,3.31000
2019-09-10 22:18:00,10088.16000,10092.30000,10086.20000,10087.98000,4.42000
2019-09-10 22:19:00,10090.36000,10090.94000,10084.12000,10084.12000,4.82000
2019-09-10 22:20:00,10085.98000,10097.47000,10085.98000,10097.26000,3.86000
2019-09-10 22:21:00,10096.18000,10098.99000,10095.94000,10098.99000,4.64000
2019-09-10 22:22:00,10097.47000,10101.60000,10096.18000,10100.83000,4.27000
2019-09-10 22:23:00,10103.63000,10104.98000,10097.33000,10097.33000,3.39000
2019-09-10 22:24:00,10095.94000,10096.95000,10089.92000,10096.95000,3.03000
2019-09-10 22:25:00,10095.54000,10098.04000,10095.54000,10098.04000,3.39000
2019-09-10 22:26:00,10094.89000,10094.89000,10091.14000,10091.55000,3.43000
2019-09-10 22:27:00,10105.06000,10105.06000,10095.09000,10095.09000,21.34000
2019-09-10 22:28:00,10094.05000,10106.42000,10092.75000,10106.42000,16.77000
2019-09-10 22:29:00,10101.04000,10101.04000,10088.91000,10095.08000,6.15000
2019-09-10 22:30:00,10090.43000,10093.08000,10082.88000,10082.88000,8.49000
2019-09-10 22:31:00,10082.90000,10093.35000,10077.34000,10093.35000,3.87000
2019-09-10 22:32:00,10097.04000,10097.04000,10083.59000,10084.58000,5.61000
2019-09-10 22:33:00,10086.49000,10092.37000,10086.49000,10090.39000,8.11000
2019-09-10 22:34:00,10093.53000,10096.40000,10085.38000,10086.74000,5.59000
2019-09-10 22:35:00,10085.70000,10088.14000,10081.61000,10081.61000,5.11000
2019-09-10 22:36:00,10082.80000,10082.80000,10079.94000,10079.94000,6.11000
2019-09-10 22:37:00,10078.78000,10080.11000,10077.32000,10077.32000,5.44000
2019-09-10 22:38:00,10084.34000,10089.40000,10084.34000,10087.07000,5.25000
2019-09-10 22:39:00,10086.95000,10086.95000,10081.60000,10083.68000,8.86000
2019-09-10 22:40:00,10081.91000,10087.58000,10081.22000,10081.22000,4.04000
2019-09-10 22:41:00,10081.32000,10083.93000,10081.32000,10081.72000,2.68000
2019-09-10 22:42:00,10084.24000,10084.24000,10070.33000,10070.33000,4.71000
2019-09-10 22:43:00,10065.12000,10082.52000,10065.12000,10082.52000,8.04000
2019-09-10 22:44:00,10085.47000,10086.95000,10079.06000,10079.06000,4.74000
2019-09-10 22:45:00,10075.56000,10076.62000,10074.99000,10076.62000,4.58000
2019-09-10 22:46:00,10074.49000,10074.49000,10066.83000,10066.83000,7.05000
2019-09-10 22:47:00,10065.41000,10068.44000,10059.92000,10059.92000,3.70000
2019-09-10 22:48:00,10070.79000,10070.79000,10065.02000,10065.29000,2.77000
2019-09-10 22:49:00,10066.34000,10066.97000,10063.85000,10064.23000,8.72000
2019-09-10 22:50:00,10066.21000,10075.10000,10066.21000,10075.10000,6.52000
2019-09-10 22:51:00,10070.66000,10076.89000,10069.55000,10076.89000,3.73000
2019-09-10 22:52:00,10081.30000,10081.30000,10072.84000,10072.84000,8.31000
2019-09-10 22:53:00,10073.45000,10073.45000,10071.25000,10071.25000,6.61000
2019-09-10 22:54:00,10077.67000,10079.08000,10076.69000,10078.56000,6.19000
2019-09-10 22:55:00,10074.15000,10081.64000,10074.15000,10077.58000,8.28000
2019-09-10 22:56:00,10081.16000,10083.36000,10078.84000,10080.11000,2.88000
2019-09-10 22:57:00,10078.33000,10089.15000,10078.33000,10087.49000,3.72000
2019-09-10 22:58:00,10095.16000,10095.16000,10088.84000,10088.84000,4.27000
2019-09-10 22:59:00,10086.04000,10095.44000,10086.04000,10089.70000,5.74000
2019-09-10 23:00:00,10089.10000,10092.83000,10088.95000,10092.00000,4.74000
2019-09-10 23:01:00,10092.07000,10093.63000,10091.40000,10093.63000,8.43000
2019-09-10 23:02:00,10093.89000,10097.35000,10093.11000,10095.88000,5.33000
2019-09-10 23:03:00,10096.08000,10098.90000,10096.08000,10098.13000,4.30000
2019-09-10 23:04:00,10099.13000,10101.27000,10097.79000,10099.70000,9.72000
2019-09-10 23:05:00,10100.17000,10100.78000,10098.96000,10100.78000,3.31000
2019-09-10 23:06:00,10098.74000,10098.74000,10088.58000,10088.92000,5.33000
2019-09-10 23:07:00,10088.78000,10091.04000,10088.41000,10089.27000,7.07000
2019-09-10 23:08:00,10087.79000,10088.44000,10085.51000,10086.09000,7.60000
2019-09-10 23:09:00,10087.44000,10087.44000,10085.38000,10085.38000,7.90000
2019-09-10 23:10:00,10083.23000,10083.23000,10081.02000,10082.96000,7.61000
2019-09-10 23:11:00,10081.58000,10081.58000,10065.78000,10065.78000,6.90000
2019-09-10 23:12:00,10055.08000,10062.59000,10046.67000,10052.35000,14.33000
2019-09-10 23:13:00,10054.75000,10059.70000,10052.10000,10059.70000,5.46000
2019-09-10 23:14:00,10055.96000,10065.05000,10055.69000,10058.48000,4.31000
2019-09-10 23:15:00,10056.51000,10056.66000,10051.75000,10052.38000,12.95000
2019-09-10 23:16:00,10054.46000,10055.90000,10048.50000,10048.58000,3.06000
2019-09-10 23:17:00,10048.60000,10052.70000,10047.85000,10052.70000,14.04000
2019-09-10 23:18:00,10052.70000,10061.05000,10052.70000,10060.84000,6.89000
2019-09-10 23:19:00,10060.61000,10066.90000,10060.61000,10066.90000,10.35000
2019-09-10 23:20:00,10058.92000,10064.26000,10058.84000,10063.77000,5.61000
2019-09-10 23:21:00,10064.89000,10068.54000,10064.18000,10068.54000,6.33000
2019-09-10 23:22:00,10072.36000,10072.36000,10062.77000,10066.15000,8.68000
2019-09-10 23:23:00,10064.36000,10065.18000,10062.39000,10064.14000,9.28000
2019-09-10 23:24:00,10062.84000,10072.18000,10062.84000,10072.18000,3.86000
2019-09-10 23:25:00,10072.37000,10078.16000,10072.37000,10078.16000,6.15000
2019-09-10 23:26:00,10080.49000,10081.87000,10076.82000,10078.14000,4.39000
2019-09-10 23:27:00,10093.58000,10099.72000,10093.58000,10095.93000,5.88000
2019-09-10 23:28:00,10092.77000,10094.97000,10091.86000,10093.61000,4.79000
2019-09-10 23:29:00,10092.86000,10093.76000,10081.04000,10093.76000,6.09000
2019-09-10 23:30:00,10088.12000,10095.19000,10088.12000,10095.16000,4.29000
2019-09-10 23:31:00,10086.48000,10093.36000,10086.48000,10091.53000,3.34000
2019-09-10 23:32:00,10083.88000,10090.35000,10083.88000,10087.36000,6.01000
2019-09-10 23:33:00,10086.98000,10088.08000,10086.98000,10088.08000,4.32000
2019-09-10 23:34:00,10086.30000,10087.84000,10084.11000,10084.29000,5.71000
2019-09-10 23:35:00,10083.35000,10083.98000,10081.88000,10082.31000,3.91000
2019-09-10 23:36:00,10082.31000,10082.31000,10079.73000,10079.73000,4.34000
2019-09-10 23:37:00,10077.88000,10078.25000,10077.88000,10078.25000,3.19000
2019-09-10 23:38:00,10079.79000,10083.51000,10079.79000,10080.77000,7.48000
2019-09-10 23:39:00,10089.24000,10094.20000,10087.10000,10094.20000,3.68000
2019-09-10 23:40:00,10099.48000,10101.72000,10095.55000,10097.26000,8.15000
2019-09-10 23:41:00,10098.66000,10101.67000,10097.24000,10097.24000,5.74000
2019-09-10 23:42:00,10097.36000,10097.54000,10095.66000,10095.86000,6.08000
2019-09-10 23:43:00,10097.27000,10099.82000,10092.34000,10099.82000,5.54000
2019-09-10 23:44:00,10097.44000,10097.79000,10088.39000,10088.46000,5.99000
2019-09-10 23:45:00,10093.49000,10100.75000,10093.49000,10100.75000,3.66000
2019-09-10 23:46:00,10102.10000,10102.10000,10098.45000,10099.80000,2.75000
2019-09-10 23:47:00,10095.60000,10101.70000,10095.60000,10101.70000,4.64000
2019-09-10 23:48:00,10100.21000,10106.68000,10100.21000,10106.68000,7.48000
2019-09-10 23:49:00,10108.06000,10108.49000,10105.96000,10106.48000,9.37000
2019-09-10 23:50:00,10113.06000,10124.47000,10110.82000,10124.47000,5.58000
2019-09-10 23:51:00,10122.67000,10122.67000,10107.55000,10117.27000,6.88000
2019-09-10 23:52:00,10121.65000,10123.54000,10112.45000,10112.45000,4.65000
2019-09-10 23:53:00,10114.70000,10120.32000,10114.70000,10119.41000,3.49000
2019-09-10 23:54:00,10116.92000,10117.00000,10114.84000,10114.84000,6.46000
2019-09-10 23:55:00,10115.87000,10121.72000,10115.87000,10118.70000,2.96000
2019-09-10 23:56:00,10117.81000,10117.81000,10114.92000,10114.92000,2.04000
2019-09-10 23:57:00,10117.19000,10117.19000,10102.84000,10102.84000,3.67000
2019-09-10 23:58:00,10103.08000,10116.47000,10103.08000,10113.43000,4.46000
2019-09-10 23:59:00,10101.84000,10104.29000,10101.66000,10102.02000,7.64000
2019-09-11 00:00:00,10102.02000,10102.02000,10102.02000,10102.02000,0.00000
2019-09-11 00:01:00,10102.02000,10102.02000,10102.02000,10102.02000,0.00000
2019-09-11 00:02:00,10094.27000,10094.77000,10092.54000,10094.37000,4.74000
2019-09-11 00:03:00,10093.57000,10095.29000,10093.57000,10094.69000,5.47000
2019-09-11 00:04:00,10093.50000,10095.99000,10092.41000,10094.46000,3.75000
2019-09-11 00:05:00,10095.56000,10098.58000,10093.72000,10098.58000,6.47000
2019-09-11 00:06:00,10096.36000,10097.05000,10090.62000,10097.05000,3.82000
2019-09-11 00:07:00,10093.50000,10097.48000,10092.48000,10097.48000,2.95000
2019-09-11 00:08:00,10100.65000,10100.65000,10097.81000,10099.19000,3.32000
2019-09-11 00:09:00,10109.98000,10118.61000,10109.98000,10118.61000,5.14000
2019-09-11 00:10:00,10115.90000,10117.82000,10115.10000,10116.43000,4.45000
2019-09-11 00:11:00,10115.45000,10118.03000,10111.49000,10111.49000,6.54000
2019-09-11 00:12:00,10113.52000,10114.40000,10110.38000,10110.38000,4.00000
2019-09-11 00:13:00,10115.69000,10115.69000,10111.35000,10113.73000,3.58000
2019-09-11 00:14:00,10115.99000,10181.55000,10115.99000,10181.55000,4.87000
2019-09-11 00:15:00,10183.63000,10293.11000,10179.95000,10227.61000,47.66000
2019-09-11 00:16:00,10199.11000,10230.91000,10191.14000,10223.90000,34.05000
2019-09-11 00:17:00,10221.71000,10236.00000,10206.95000,10225.78000,23.21000
2019-09-11 00:18:00,10195.91000,10206.81000,10185.85000,10197.09000,18.84000
2019-09-11 00:19:00,10188.63000,10211.34000,10188.63000,10211.34000,4.16000
2019-09-11 00:20:00,10212.88000,10212.88000,10190.64000,10190.64000,6.20000
2019-09-11 00:21:00,10197.97000,10197.97000,10184.35000,10187.75000,5.21000
2019-09-11 00:22:00,10192.58000,10196.57000,10185.32000,10190.90000,5.82000
2019-09-11 00:23:00,10185.41000,10190.37000,10176.54000,10190.37000,4.11000
2019-09-11 00:24:00,10183.69000,10187.43000,10172.45000,10176.11000,3.96000
2019-09-11 00:25:00,10173.24000,10173.24000,10159.43000,10168.29000,9.71000
2019-09-11 00:26:00,10175.11000,10179.94000,10173.71000,10179.94000,7.01000
2019-09-11 00:27:00,10183.00000,10183.78000,10178.18000,10183.78000,6.30000
2019-09-11 00:28:00,10183.31000,10188.94000,10180.82000,10188.94000,2.78000
2019-09-11 00:29:00,10190.27000,10192.94000,10180.05000,10180.05000,3.70000
2019-09-11 00:30:00,10186.88000,10189.54000,10183.00000,10183.00000,3.17000
2019-09-11 00:31:00,10183.71000,10192.23000,10183.16000,10183.94000,2.42000
2019-09-11 00:32:00,10184.10000,10192.80000,10184.10000,10192.80000,2.31000
2019-09-11 00:33:00,10193.67000,10199.80000,10188.23000,10199.80000,13.28000
2019-09-11 00:34:00,10189.00000,10197.36000,10189.00000,10195.11000,4.32000
2019-09-11 00:35:00,10192.46000,10192.46000,10185.38000,10185.87000,1.28000
2019-09-11 00:36:00,10191.56000,10197.81000,10186.93000,10187.95000,5.14000
2019-09-11 00:37:00,10186.76000,10196.00000,10183.72000,10183.72000,3.66000
2019-09-11 00:38:00,10182.73000,10182.73000,10177.30000,10178.23000,4.24000
2019-09-11 00:39:00,10175.09000,10175.09000,10168.34000,10168.70000,4.48000
2019-09-11 00:40:00,10168.72000,10175.06000,10161.53000,10161.53000,3.01000
2019-09-11 00:41:00,10171.08000,10171.08000,10167.44000,10168.91000,2.19000
2019-09-11 00:42:00,10171.74000,10171.74000,10168.01000,10170.24000,1.98000
2019-09-11 00:43:00,10172.48000,10173.32000,10164.88000,10167.39000,7.39000
2019-09-11 00:44:00,10169.63000,10170.39000,10147.54000,10157.81000,8.13000
2019-09-11 00:45:00,10162.96000,10162.97000,10151.48000,10151.48000,4.19000
2019-09-11 00:46:00,10147.57000,10166.92000,10147.57000,10160.38000,8.00000
2019-09-11 00:47:00,10154.65000,10156.27000,10150.13000,10153.50000,7.05000
2019-09-11 00:48:00,10153.50000,10160.11000,10153.48000,10156.71000,4.96000
2019-09-11 00:49:00,10157.06000,10157.06000,10151.44000,10156.33000,5.29000
2019-09-11 00:50:00,10150.68000,10150.68000,10147.54000,10147.60000,7.77000
2019-09-11 00:51:00,10146.71000,10153.67000,10146.71000,10152.55000,4.57000
2019-09-11 00:52:00,10155.78000,10157.05000,10147.95000,10150.85000,4.44000
2019-09-11 00:53:00,10151.32000,10151.32000,10139.74000,10139.74000,2.72000
2019-09-11 00:54:00,10148.53000,10150.41000,10147.71000,10147.71000,5.54000
2019-09-11 00:55:00,10148.29000,10151.19000,10144.44000,10144.44000,4.75000
2019-09-11 00:56:00,10141.13000,10144.42000,10140.53000,10144.10000,5.14000
2019-09-11 00:57:00,10149.78000,10149.78000,10145.58000,10145.62000,4.91000
2019-09-11 00:58:00,10148.73000,10151.47000,10141.58000,10141.58000,3.45000
2019-09-11 00:59:00,10146.28000,10147.10000,10142.52000,10142.52000,9.03000
2019-09-11 01:00:00,10137.60000,10142.44000,10137.60000,10137.76000,4.95000
2019-09-11 01:01:00,10132.29000,10142.51000,10128.07000,10128.07000,9.08000
2019-09-11 01:02:00,10130.05000,10137.34000,10130.05000,10135.21000,6.53000
2019-09-11 01:03:00,10134.41000,10141.00000,10127.83000,10127.83000,8.75000
2019-09-11 01:04:00,10127.66000,10137.80000,10127.66000,10137.48000,12.39000
2019-09-11 01:05:00,10130.69000,10137.00000,10128.44000,10137.00000,5.09000
2019-09-11 01:06:00,10136.51000,10140.43000,10134.97000,10140.43000,6.39000
2019-09-11 01:07:00,10141.21000,10145.69000,10138.49000,10139.68000,8.28000
2019-09-11 01:08:00,10143.95000,10146.57000,10143.95000,10144.21000,3.92000
2019-09-11 01:09:00,10145.03000,10149.16000,10145.03000,10149.16000,4.78000
2019-09-11 01:10:00,10155.95000,10158.12000,10153.40000,10154.10000,10.49000
2019-09-11 01:11:00,10153.68000,10157.58000,10152.00000,10157.58000,6.61000
2019-09-11 01:12:00,10156.71000,10156.71000,10151.16000,10151.22000,5.05000
2019-09-11 01:13:00,10147.73000,10148.99000,10144.53000,10144.53000,5.22000
2019-09-11 01:14:00,10144.51000,10152.62000,10143.24000,10144.43000,6.62000
2019-09-11 01:15:00,10143.58000,10143.58000,10140.16000,10140.16000,6.78000
2019-09-11 01:16:00,10134.14000,10140.82000,10134.14000,10138.40000,4.46000
2019-09-11 01:17:00,10142.52000,10142.52000,10135.18000,10135.18000,1.58000
2019-09-11 01:18:00,10139.66000,10139.66000,10125.04000,10126.34000,6.05000
2019-09-11 01:19:00,10130.87000,10130.87000,10121.06000,10124.07000,5.49000
2019-09-11 01:20:00,10121.62000,10128.67000,10121.62000,10124.21000,7.33000
2019-09-11 01:21:00,10126.65000,10133.16000,10126.65000,10127.75000,3.73000
2019-09-11 01:22:00,10126.59000,10129.48000,10125.73000,10127.17000,4.49000
2019-09-11 01:23:00,10126.33000,10126.33000,10120.03000,10120.03000,6.09000
2019-09-11 01:24:00,10122.13000,10127.65000,10120.06000,10120.06000,5.92000
2019-09-11 01:25:00,10120.43000,10128.38000,10120.14000,10128.38000,3.75000
2019-09-11 01:26:00,10126.90000,10130.56000,10126.90000,10128.22000,6.15000
2019-09-11 01:27:00,10130.98000,10130.98000,10128.34000,10130.60000,4.89000
2019-09-11 01:28:00,10133.29000,10133.29000,10127.60000,10131.12000,4.38000
2019-09-11 01:29:00,10129.10000,10131.84000,10122.62000,10122.62000,4.78000
2019-09-11 01:30:00,10125.16000,10131.21000,10124.39000,10131.21000,5.60000
2019-09-11 01:31:00,10128.83000,10128.83000,10124.08000,10124.27000,4.29000
2019-09-11 01:32:00,10126.50000,10127.29000,10124.03000,10124.45000,3.77000
2019-09-11 01:33:00,10128.13000,10128.98000,10123.88000,10124.43000,4.34000
2019-09-11 01:34:00,10123.15000,10123.71000,10116.99000,10116.99000,4.65000
2019-09-11 01:35:00,10116.07000,10119.98000,10116.07000,10116.99000,0.91000
2019-09-11 01:36:00,10118.84000,10118.84000,10114.84000,10114.84000,4.68000
2019-09-11 01:37:00,10116.31000,10118.79000,10115.63000,10115.63000,3.09000
2019-09-11 01:38:00,10117.85000,10118.28000,10115.72000,10115.72000,9.99000
2019-09-11 01:39:00,10117.90000,10124.01000,10117.90000,10121.15000,7.58000
2019-09-11 01:40:00,10123.50000,10123.50000,10120.73000,10123.30000,6.14000
2019-09-11 01:41:00,10124.01000,10124.60000,10120.92000,10120.92000,6.72000
2019-09-11 01:42:00,10124.04000,10125.20000,10117.45000,10121.57000,4.31000
2019-09-11 01:43:00,10119.79000,10119.79000,10112.29000,10112.29000,2.12000
2019-09-11 01:44:00,10116.09000,10116.09000,10108.54000,10108.54000,4.58000
2019-09-11 01:45:00,10117.19000,10118.26000,10111.19000,10115.49000,4.46000
2019-09-11 01:46:00,10115.40000,10118.80000,10112.80000,10113.86000,5.91000
2019-09-11 01:47:00,10111.40000,10111.40000,10104.92000,10105.48000,6.09000
2019-09-11 01:48:00,10102.04000,10102.04000,10098.58000,10098.58000,2.70000
2019-09-11 01:49:00,10099.50000,10106.89000,10099.36000,10106.89000,5.16000
2019-09-11 01:50:00,10106.89000,10113.24000,10106.89000,10113.24000,3.02000
2019-09-11 01:51:00,10109.28000,10110.64000,10105.94000,10108.88000,5.73000
2019-09-11 01:52:00,10099.10000,10102.55000,10099.10000,10101.78000,7.02000
2019-09-11 01:53:00,10098.04000,10101.13000,10092.98000,10095.32000,4.28000
2019-09-11 01:54:00,10090.71000,10096.51000,10090.71000,10092.93000,4.73000
2019-09-11 01:55:00,10088.41000,10088.41000,10082.55000,10082.55000,4.43000
2019-09-11 01:56:00,10086.21000,10086.21000,10079.69000,10079.69000,7.66000
2019-09-11 01:57:00,10075.78000,10078.17000,10074.28000,10074.90000,5.49000
2019-09-11 01:58:00,10075.19000,10078.44000,10074.83000,10077.80000,6.10000
2019-09-11 01:59:00,10073.31000,10075.38000,10069.45000,10069.75000,7.60000
2019-09-11 02:00:00,10066.39000,10083.79000,10066.39000,10083.79000,6.13000
2019-09-11 02:01:00,10086.58000,10086.90000,10079.47000,10083.72000,5.43000
2019-09-11 02:02:00,10089.33000,10089.33000,10084.20000,10085.65000,7.16000
2019-09-11 02:03:00,10089.66000,10090.27000,10085.35000,10090.27000,6.02000
2019-09-11 02:04:00,10089.74000,10089.74000,10086.69000,10087.44000,4.74000
2019-09-11 02:05:00,10091.35000,10099.47000,10091.35000,10096.81000,6.35000
2019-09-11 02:06:00,10095.75000,10096.27000,10092.43000,10092.43000,5.93000
2019-09-11 02:07:00,10095.69000,10096.27000,10089.02000,10092.65000,6.53000
2019-09-11 02:08:00,10092.36000,10094.09000,10089.44000,10090.45000,5.91000
2019-09-11 02:09:00,10093.57000,10093.57000,10084.93000,10084.93000,7.25000
2019-09-11 02:10:00,10085.07000,10094.50000,10085.07000,10090.70000,2.68000
2019-09-11 02:11:00,10086.92000,10086.92000,10084.25000,10084.34000,3.59000
2019-09-11 02:12:00,10079.09000,10083.97000,10076.29000,10081.20000,5.84000
2019-09-11 02:13:00,10079.88000,10079.88000,10075.55000,10078.23000,7.36000
2019-09-11 02:14:00,10077.99000,10080.24000,10077.99000,10080.24000,5.16000
2019-09-11 02:15:00,10080.24000,10080.24000,10075.54000,10076.47000,3.42000
2019-09-11 02:16:00,10078.24000,10078.24000,10076.07000,10076.07000,4.63000
2019-09-11 02:17:00,10075.14000,10081.28000,10075.14000,10081.28000,5.45000
2019-09-11 02:18:00,10083.38000,10085.97000,10083.38000,10085.84000,4.80000
2019-09-11 02:19:00,10086.99000,10090.25000,10080.51000,10080.51000,8.15000
2019-09-11 02:20:00,10085.31000,10085.31000,10080.15000,10083.60000,4.86000
2019-09-11 02:21:00,10078.00000,10078.52000,10077.78000,10078.14000,6.33000
2019-09-11 02:22:00,10075.68000,10075.68000,10074.62000,10074.62000,2.78000
2019-09-11 02:23:00,10071.71000,10075.43000,10071.71000,10075.43000,2.42000
2019-09-11 02:24:00,10076.42000,10078.52000,10076.42000,10078.00000,4.82000
2019-09-11 02:25:00,10076.25000,10080.97000,10076.25000,10077.19000,7.22000
2019-09-11 02:26:00,10077.59000,10081.80000,10077.59000,10079.50000,4.43000
2019-09-11 02:27:00,10080.73000,10087.20000,10080.73000,10086.65000,10.44000
2019-09-11 02:28:00,10081.72000,10082.04000,10080.14000,10080.14000,3.26000
2019-09-11 02:29:00,10080.16000,10082.43000,10079.00000,10080.92000,4.58000
2019-09-11 02:30:00,10081.74000,10085.25000,10080.16000,10083.80000,6.59000
2019-09-11 02:31:00,10082.72000,10082.72000,10070.38000,10070.38000,9.32000
2019-09-11 02:32:00,10070.73000,10070.73000,10067.67000,10068.42000,2.38000
2019-09-11 02:33:00,10068.42000,10068.42000,10060.94000,10060.94000,3.22000
2019-09-11 02:34:00,10068.86000,10069.37000,10057.41000,10061.66000,9.33000
2019-09-11 02:35:00,10059.10000,10059.81000,10054.99000,10054.99000,2.40000
2019-09-11 02:36:00,10059.29000,10060.56000,10058.70000,10060.06000,5.96000
2019-09-11 02:37:00,10059.86000,10059.86000,10054.58000,10059.31000,5.37000
2019-09-11 02:38:00,10069.11000,10073.76000,10062.56000,10062.56000,6.09000
2019-09-11 02:39:00,10064.28000,10069.26000,10062.30000,10069.26000,4.92000
2019-09-11 02:40:00,10070.46000,10072.95000,10070.46000,10072.57000,2.56000
2019-09-11 02:41:00,10068.77000,10070.84000,10067.37000,10070.84000,2.62000
2019-09-11 02:42:00,10067.80000,10072.30000,10066.66000,10066.66000,3.73000
2019-09-11 02:43:00,10067.70000,10073.11000,10064.62000,10073.11000,3.26000
2019-09-11 02:44:00,10070.24000,10073.65000,10067.31000,10073.65000,3.79000
2019-09-11 02:45:00,10071.53000,10076.91000,10071.53000,10076.91000,2.46000
2019-09-11 02:46:00,10074.53000,10074.53000,10070.71000,10071.81000,3.75000
2019-09-11 02:47:00,10074.83000,10074.83000,10068.17000,10068.90000,5.66000
2019-09-11 02:48:00,10071.71000,10071.75000,10068.62000,10068.72000,3.95000
2019-09-11 02:49:00,10065.63000,10065.63000,10060.07000,10060.07000,5.99000
2019-09-11 02:50:00,10059.42000,10060.39000,10057.49000,10057.49000,2.86000
2019-09-11 02:51:00,10060.82000,10061.50000,10058.23000,10058.23000,5.04000
2019-09-11 02:52:00,10059.33000,10059.41000,10054.89000,10054.89000,9.81000
2019-09-11 02:53:00,10052.98000,10057.43000,10052.98000,10057.43000,5.95000
2019-09-11 02:54:00,10064.91000,10064.91000,10051.00000,10052.89000,4.64000
2019-09-11 02:55:00,10053.01000,10056.53000,10051.03000,10056.53000,4.83000
2019-09-11 02:56:00,10055.61000,10059.20000,10055.42000,10059.20000,4.80000
2019-09-11 02:57:00,10064.80000,10067.51000,10064.80000,10065.41000,3.77000
2019-09-11 02:58:00,10064.98000,10070.17000,10063.60000,10070.17000,6.70000
2019-09-11 02:59:00,10066.81000,10073.20000,10066.81000,10073.20000,3.30000
2019-09-11 03:00:00,10068.78000,10068.78000,10067.02000,10067.39000,3.85000
2019-09-11 03:01:00,10068.46000,10073.95000,10068.39000,10073.95000,6.50000
2019-09-11 03:02:00,10073.27000,10074.88000,10073.27000,10074.53000,5.42000
2019-09-11 03:03:00,10075.91000,10079.31000,10071.09000,10079.31000,11.77000
2019-09-11 03:04:00,10077.38000,10082.35000,10076.68000,10082.35000,7.20000
2019-09-11 03:05:00,10080.61000,10084.16000,10080.23000,10081.06000,6.44000
2019-09-11 03:06:00,10083.13000,10083.13000,10082.05000,10083.09000,3.65000
2019-09-11 03:07:00,10086.18000,10087.98000,10086.18000,10087.98000,5.09000
2019-09-11 03:08:00,10087.88000,10089.95000,10086.74000,10089.95000,1.83000
2019-09-11 03:09:00,10093.30000,10094.03000,10090.40000,10090.40000,3.18000
2019-09-11 03:10:00,10088.37000,10088.93000,10084.87000,10088.18000,8.29000
2019-09-11 03:11:00,10086.13000,10086.19000,10082.39000,10084