datetime,Open,High,Low,Close,Volume
2019-09-08,10000.00000,10412.65000,10000.00000,10391.63000,3096.29100
2019-09-09,10316.62000,10475.54000,10077.22000,10307.00000,14824.37300
2019-09-10,10307.00000,10382.97000,9940.87000,10102.02000,9068.95500
2019-09-11,10094.27000,10293.11000,9884.31000,10159.55000,10897.92200
2019-09-12,10163.06000,10450.13000,10042.12000,10415.13000,15609.63400
2019-09-13,10414.96000,10440.55000,10153.51000,10341.34000,19252.72100
2019-09-14,10343.01000,10419.97000,10222.77000,10332.25000,20656.62400
2019-09-15,10333.47000,10359.20000,10024.81000,10302.22000,20536.25500
2019-09-16,10302.00000,10353.81000,10080.70000,10249.27000,20185.63700
2019-09-17,10257.30000,10270.63000,10136.77000,10186.52000,22519.60700
2019-09-18,10183.87000,10256.65000,10097.92000,10155.16000,20832.89500
2019-09-19,10154.70000,10331.62000,9530.02000,10245.30000,26228.75400
2019-09-20,10247.70000,10279.30000,10070.50000,10166.35000,23265.91000
2019-09-21,10166.56000,10175.30000,9912.63000,9983.33000,23642.38700
2019-09-22,9992.70000,10089.52000,9857.00000,10023.04000,23916.35400
2019-09-23,10027.69000,10046.91000,9620.00000,9701.96000,31927.06200
2019-09-24,9701.10000,9792.83000,8645.61000,8645.61000,29758.53500
2019-09-25,8493.32000,8725.24000,8200.00000,8430.07000,48222.10200
2019-09-26,8428.15000,8464.40000,7700.67000,8060.15000,60065.94500
2019-09-27,8061.98000,8260.00000,7851.94000,8176.52000,40034.65300
2019-09-28,8178.26000,8311.00000,8001.14000,8195.38000,33820.91900
2019-09-29,8199.00000,8226.35000,7888.98000,8041.96000,35966.05600
2019-09-30,8042.08000,8331.89000,7709.01000,8285.84000,54412.52000
2019-10-01,8285.31000,8499.00000,8171.00000,8290.00000,39212.80400
2019-10-02,8290.00000,8365.92000,8149.35000,8352.14000,30329.17900
2019-10-03,8353.40000,8386.00000,8020.00000,8220.27000,33430.23000
2019-10-04,8219.95000,8227.42000,7979.95000,8130.56000,28421.11100
2019-10-05,8130.00000,8175.00000,8010.00000,8122.14000,30262.00600
2019-10-06,8122.01000,8148.43000,7760.00000,7852.79000,41909.03900
2019-10-07,7851.01000,8330.00000,7764.42000,8186.88000,62760.29900
2019-10-08,8188.55000,8322.01000,8103.88000,8167.62000,44715.16500
2019-10-09,8168.33000,8700.00000,8113.00000,8559.77000,65453.64300
2019-10-10,8559.77000,8640.89000,8419.34000,8556.02000,44285.66800
2019-10-11,8557.00000,8788.00000,8210.00000,8255.58000,69157.96400
2019-10-12,8255.54000,8397.45000,8248.34000,8300.22000,37761.51400
2019-10-13,8300.31000,8456.00000,8137.30000,8274.66000,43820.91300
2019-10-14,8274.33000,8381.77000,8205.02000,8346.05000,61999.82100
2019-10-15,8346.31000,8408.62000,8080.00000,8160.01000,86246.74900
2019-10-16,8160.55000,8184.00000,7900.24000,7992.21000,70434.45200
2019-10-17,7994.76000,8124.63000,7930.00000,8069.20000,58354.60200
2019-10-18,8069.41000,8117.30000,7812.00000,7943.94000,75251.35200
2019-10-19,7945.57000,8108.54000,7852.12000,7947.13000,78024.39500
2019-10-20,7947.78000,8300.50000,7871.17000,8218.23000,78663.91500
2019-10-21,8218.23000,8334.57000,8150.00000,8201.74000,59928.51600
2019-10-22,8201.00000,8290.00000,8000.00000,8020.89000,69506.88000
2019-10-23,8020.68000,8047.78000,7172.76000,7465.00000,108484.13900
2019-10-24,7465.18000,7495.81000,7337.44000,7411.35000,66719.53400
2019-10-25,7410.07000,8800.00000,7359.00000,8650.00000,165118.92600
2019-10-26,8650.00000,10408.48000,8626.89000,9232.22000,248161.16100
2019-10-27,9234.75000,9803.83000,9066.07000,9533.32000,163544.01900
2019-10-28,9534.37000,9930.13000,9156.03000,9217.36000,155599.97500
2019-10-29,9215.78000,9569.10000,9070.00000,9415.02000,124703.01400
2019-10-30,9415.02000,9418.65000,8975.72000,9165.30000,98464.85800
2019-10-31,9163.40000,9438.64000,8933.00000,9150.00000,98836.04400
2019-11-01,9149.88000,9280.00000,9050.27000,9231.01000,87256.94900
2019-11-02,9231.70000,9375.00000,9194.98000,9287.80000,56602.05500
2019-11-03,9288.96000,9366.69000,9073.00000,9197.88000,75612.72200
2019-11-04,9197.86000,9550.00000,9126.01000,9395.46000,90433.35700
2019-11-05,9395.47000,9457.13000,9164.33000,9313.20000,113738.22600
2019-11-06,9313.10000,9450.00000,9259.48000,9343.60000,73767.91100
2019-11-07,9344.29000,9381.93000,9091.20000,9219.64000,77389.56900
2019-11-08,9221.63000,9259.30000,8669.85000,8775.03000,151851.16000
2019-11-09,8775.60000,8878.00000,8727.00000,8811.15000,66846.39200
2019-11-10,8811.30000,9187.00000,8760.00000,9041.31000,91099.19700
2019-11-11,9041.31000,9072.91000,8611.11000,8728.93000,113373.76200
2019-11-12,8729.89000,8889.06000,8552.12000,8817.00000,107520.54600
2019-11-13,8817.94000,8838.00000,8712.00000,8774.76000,58585.81100
2019-11-14,8774.78000,8798.06000,8581.39000,8642.25000,87099.99500
2019-11-15,8642.47000,8780.00000,8380.00000,8473.27000,145602.49700
2019-11-16,8473.30000,8540.54000,8435.00000,8491.06000,48657.04000
2019-11-17,8491.18000,8631.00000,8355.78000,8504.04000,72152.26600
2019-11-18,8504.13000,8504.71000,8050.00000,8183.26000,123477.14200
2019-11-19,8183.30000,8212.87000,8000.00000,8131.70000,110854.03000
2019-11-20,8131.12000,8230.00000,8037.50000,8094.05000,87352.38000
2019-11-21,8094.57000,8131.51000,7432.00000,7621.90000,180289.18900
2019-11-22,7621.89000,7765.03000,6762.73000,7262.72000,371213.95100
2019-11-23,7261.89000,7345.84000,7073.38000,7305.99000,139643.31100
2019-11-24,7306.19000,7324.92000,6855.91000,6900.86000,183676.07800
2019-11-25,6899.77000,7386.29000,6510.19000,7102.03000,333987.91400
2019-11-26,7103.34000,7340.06000,7011.90000,7150.00000,193962.09400
2019-11-27,7149.97000,7669.20000,6850.00000,7506.77000,297842.99400
2019-11-28,7506.78000,7643.00000,7356.00000,7415.79000,175000.60900
2019-11-29,7417.00000,7850.00000,7394.57000,7736.66000,185819.18600
2019-11-30,7737.23000,7800.00000,7444.18000,7542.93000,141966.39200
2019-12-01,7541.08000,7541.08000,7222.29000,7387.38000,196291.25200
2019-12-02,7388.00000,7416.75000,7137.74000,7291.00000,143966.95300
2019-12-03,7291.74000,7404.42000,7231.35000,7290.86000,84699.47000
2019-12-04,7290.85000,7800.00000,7070.00000,7191.00000,274879.48100
2019-12-05,7189.42000,7480.00000,7142.54000,7384.99000,176315.10800
2019-12-06,7384.66000,7602.44000,7295.73000,7522.10000,136218.70700
2019-12-07,7521.13000,7616.91000,7467.44000,7487.20000,83208.78200
2019-12-08,7487.19000,7559.39000,7376.00000,7508.20000,84380.33800
2019-12-09,7507.87000,7676.48000,7269.05000,7337.49000,136440.17600
2019-12-10,7338.20000,7403.71000,7152.00000,7220.98000,126662.79400
2019-12-11,7220.92000,7267.00000,7117.74000,7205.77000,97320.72700
2019-12-12,7206.78000,7295.12000,7080.00000,7194.77000,140594.10500
2019-12-13,7194.08000,7298.00000,7190.00000,7252.98000,80178.83300
2019-12-14,7252.98000,7266.14000,7007.86000,7061.34000,97837.51200
2019-12-15,7060.79000,7196.00000,7004.77000,7115.00000,87933.23300
2019-12-16,7115.45000,7147.34000,6831.00000,6887.54000,117597.89000
2019-12-17,6887.48000,6940.00000,6550.00000,6618.96000,166411.28900
2019-12-18,6618.96000,7479.99000,6427.00000,7277.44000,328489.59300
2019-12-19,7278.11000,7367.87000,7042.82000,7146.29000,158849.56600
2019-12-20,7146.29000,7217.08000,7078.17000,7184.39000,86449.56600
2019-12-21,7184.39000,7185.00000,7108.00000,7131.01000,44340.86500
2019-12-22,7131.02000,7517.61000,7122.00000,7502.92000,129797.39500
2019-12-23,7502.92000,7691.00000,7262.00000,7314.01000,215298.78700
2019-12-24,7314.03000,7434.55000,7156.08000,7252.04000,149081.00400
2019-12-25,7251.57000,7267.63000,7123.19000,7201.45000,96965.07200
2019-12-26,7201.67000,7438.80000,7151.00000,7197.46000,133973.53300
2019-12-27,7197.84000,7270.00000,7078.89000,7248.40000,112284.61000
2019-12-28,7248.40000,7359.15000,7235.00000,7311.48000,91292.88200
2019-12-29,7310.29000,7527.00000,7283.60000,7383.67000,102543.97400
2019-12-30,7383.68000,7400.00000,7215.58000,7240.43000,94375.36200
2019-12-31,7240.80000,7319.00000,7141.00000,7189.00000,89203.43700
2020-01-01,7189.43000,7260.43000,7170.15000,7197.57000,56801.32900
2020-01-02,7197.57000,7209.59000,6922.00000,6962.04000,115295.67700
2020-01-03,6962.34000,7407.28000,6863.44000,7341.72000,208493.45800
2020-01-04,7341.60000,7400.00000,7269.21000,7350.71000,92586.03300
2020-01-05,7350.54000,7495.00000,7303.00000,7354.36000,117765.97200
2020-01-06,7354.36000,7808.65000,7345.00000,7757.39000,168150.31700
2020-01-07,7757.74000,8215.33000,7733.00000,8152.49000,280809.16200
2020-01-08,8150.90000,8468.42000,7870.11000,8059.84000,321225.11400
2020-01-09,8059.77000,8060.00000,7750.01000,7818.59000,187263.14300
2020-01-10,7817.91000,8210.62000,7670.00000,8207.09000,253783.94800
2020-01-11,8207.20000,8292.19000,8003.87000,8020.56000,164741.71500
2020-01-12,8020.58000,8195.00000,7956.28000,8186.70000,108629.96400
2020-01-13,8186.22000,8200.00000,8053.78000,8113.00000,74581.36400
2020-01-14,8112.99000,8893.00000,8109.02000,8825.00000,290777.98100
2020-01-15,8825.00000,8921.20000,8570.52000,8825.30000,237633.83700
2020-01-16,8825.35000,8868.21000,8596.25000,8725.08000,167958.96300
2020-01-17,8724.99000,9039.00000,8680.00000,8918.72000,205717.68600
2020-01-18,8918.73000,8995.00000,8816.00000,8925.00000,114708.68200
2020-01-19,8925.00000,9205.30000,8440.91000,8705.85000,225314.52500
2020-01-20,8705.98000,8750.37000,8526.06000,8650.00000,125161.67500
2020-01-21,8650.00000,8790.10000,8448.60000,8742.43000,107577.15300
2020-01-22,8742.78000,8820.00000,8585.85000,8684.57000,94305.49600
2020-01-23,8684.47000,8694.00000,8326.00000,8409.60000,163407.06400
2020-01-24,8410.00000,8528.00000,8247.00000,8441.96000,144785.39100
2020-01-25,8442.82000,8455.00000,8272.00000,8344.64000,96961.71400
2020-01-26,8344.37000,8624.45000,8300.00000,8611.21000,117898.91600
2020-01-27,8611.21000,9015.48000,8565.00000,8913.61000,172235.32800
2020-01-28,8913.61000,9436.06000,8905.00000,9398.98000,244467.54600
2020-01-29,9399.72000,9460.52000,9242.00000,9311.00000,169460.64300
2020-01-30,9311.23000,9599.00000,9210.42000,9525.67000,190137.53600
2020-01-31,9525.67000,9550.72000,9220.00000,9364.51000,146644.02600
2020-02-01,9364.50000,9477.76000,9306.00000,9392.74000,109040.28500
2020-02-02,9392.99000,9489.92000,9160.01000,9338.20000,148402.97700
2020-02-03,9340.49000,9647.61000,9250.00000,9300.64000,159049.38500
2020-02-04,9300.63000,9368.00000,9105.00000,9198.35000,147843.90200
2020-02-05,9198.32000,9799.08000,9179.88000,9630.00000,212311.69700
2020-02-06,9630.00000,9884.00000,9550.00000,9778.12000,200556.36700
2020-02-07,9777.97000,9900.00000,9736.66000,9821.52000,129740.76700
2020-02-08,9821.52000,9956.00000,9680.55000,9906.43000,129267.26900
2020-02-09,9906.09000,10184.34000,9892.15000,10167.38000,143407.01300
2020-02-10,10167.37000,10213.56000,9750.00000,9865.56000,184242.73700
2020-02-11,9865.56000,10409.96000,9729.36000,10229.06000,190119.81500
2020-02-12,10230.74000,10479.98000,10229.71000,10339.99000,159674.25800
2020-02-13,10339.64000,10540.00000,10101.00000,10239.63000,213052.71700
2020-02-14,10240.02000,10390.00000,10123.37000,10356.82000,130975.74600
2020-02-15,10356.27000,10389.75000,9752.30000,9914.99000,152146.12700
2020-02-16,9914.31000,10060.45000,9626.64000,9921.86000,141547.95600
2020-02-17,9921.87000,9971.00000,9461.89000,9716.00000,185338.17900
2020-02-18,9716.00000,10270.00000,9598.00000,10174.32000,166119.36900
2020-02-19,10174.53000,10286.00000,9293.07000,9593.65000,187495.92700
2020-02-20,9593.31000,9700.00000,9382.59000,9601.99000,143105.58700
2020-02-21,9601.51000,9759.59000,9547.00000,9681.39000,98954.28800
2020-02-22,9681.39000,9710.70000,9565.00000,9659.20000,58419.54700
2020-02-23,9658.95000,10018.90000,9657.00000,9943.12000,97134.35800
2020-02-24,9943.12000,10000.00000,9487.38000,9662.95000,157965.67100
2020-02-25,9662.88000,9686.78000,9247.00000,9326.00000,168641.72500
2020-02-26,9326.00000,9384.00000,8610.00000,8792.22000,267005.17200
2020-02-27,8793.96000,8978.00000,8533.90000,8828.00000,200638.48800
2020-02-28,8827.12000,8908.86000,8450.00000,8699.57000,196066.11000
2020-02-29,8699.86000,8799.83000,8530.00000,8531.98000,103524.68500
2020-03-01,8532.50000,8762.24000,8409.00000,8537.84000,174332.91600
2020-03-02,8537.84000,8972.00000,8504.95000,8919.70000,160294.48400
2020-03-03,8919.70000,8922.34000,8657.41000,8765.00000,160123.60500
2020-03-04,8765.00000,8853.88000,8669.23000,8756.93000,105462.12000
2020-03-05,8755.98000,9172.30000,8755.98000,9062.81000,161840.62300
2020-03-06,9062.62000,9179.75000,8994.14000,9139.48000,115011.58300
2020-03-07,9139.77000,9204.00000,8850.00000,8897.18000,125804.99900
2020-03-08,8895.62000,8897.71000,7997.70000,8038.46000,237407.02800
2020-03-09,8038.99000,8182.31000,7635.21000,7932.15000,334399.10700
2020-03-10,7932.45000,8156.31000,7733.00000,7897.66000,257068.70200
2020-03-11,7898.21000,7988.00000,7593.29000,7938.39000,220537.38100
2020-03-12,7938.39000,7969.00000,4347.00000,4764.65000,784747.02000
2020-03-13,4762.28000,5971.00000,3621.81000,5570.26000,935489.24200
2020-03-14,5569.84000,5638.42000,5040.00000,5167.01000,316242.58600
2020-03-15,5167.21000,5954.47000,5089.12000,5357.32000,356311.76500
2020-03-16,5354.81000,5361.26000,4413.62000,5026.26000,621555.79200
2020-03-17,5027.11000,5529.98000,4913.49000,5307.38000,429908.09800
2020-03-18,5306.42000,5435.00000,4982.75000,5389.64000,402005.70300
2020-03-19,5389.94000,6400.00000,5246.50000,6159.60000,499391.19000
2020-03-20,6159.41000,6911.00000,5650.00000,6203.77000,571898.01600
2020-03-21,6204.47000,6457.17000,5854.01000,6183.69000,387679.64900
2020-03-22,6183.84000,6408.91000,5730.35000,5810.17000,391002.79500
2020-03-23,5810.30000,6619.90000,5670.00000,6463.84000,489746.08700
2020-03-24,6463.21000,6840.00000,6369.00000,6741.33000,437968.55300
2020-03-25,6740.86000,6960.71000,6436.26000,6673.41000,400684.54200
2020-03-26,6673.57000,6777.50000,6500.00000,6733.76000,281245.62800
2020-03-27,6733.76000,6840.00000,6230.00000,6353.64000,258213.51900
2020-03-28,6353.64000,6354.74000,6004.00000,6230.95000,341944.18500
2020-03-29,6231.81000,6260.00000,5857.60000,5876.27000,251335.91900
2020-03-30,5876.27000,6606.15000,5850.00000,6391.08000,387321.99800
2020-03-31,6389.52000,6516.63000,6320.00000,6407.10000,262522.64400
2020-04-01,6407.10000,6693.00000,6140.00000,6641.51000,390529.60200
2020-04-02,6641.22000,7290.00000,6542.73000,6791.63000,531321.42800
2020-04-03,6791.65000,7049.11000,6600.00000,6729.80000,411944.92700
2020-04-04,6729.80000,7020.00000,6629.99000,6851.10000,319849.75700
2020-04-05,6851.40000,6893.44000,6668.02000,6768.90000,239224.50800
2020-04-06,6768.90000,7370.00000,6760.00000,7325.73000,461331.01300
2020-04-07,7325.73000,7457.00000,7070.43000,7192.90000,419572.04000
2020-04-08,7192.90000,7417.83000,7145.14000,7357.66000,332599.57500
2020-04-09,7357.15000,7365.69000,7105.98000,7278.65000,293638.58100
2020-04-10,7278.83000,7290.00000,6741.00000,6857.82000,440148.45300
2020-04-11,6858.00000,6944.28000,6757.29000,6874.18000,224157.84400
2020-04-12,6874.17000,7173.98000,6775.66000,6900.52000,321594.82200
2020-04-13,6900.19000,6900.99000,6558.00000,6834.00000,421954.77300
2020-04-14,6834.01000,6975.60000,6751.00000,6864.11000,280445.42700
2020-04-15,6864.11000,6929.00000,6602.59000,6616.89000,281136.68900
2020-04-16,6616.88000,7190.92000,6465.33000,7098.15000,559868.60300
2020-04-17,7098.15000,7140.00000,6981.00000,7022.44000,277339.60100
2020-04-18,7022.00000,7290.00000,7008.11000,7242.42000,225807.17100
2020-04-19,7242.49000,7258.42000,7055.00000,7118.03000,216975.11400
2020-04-20,7118.04000,7208.55000,6735.95000,6825.29000,445104.98100
2020-04-21,6825.28000,6940.00000,6759.16000,6838.00000,288024.52800
2020-04-22,6838.00000,7154.90000,6812.57000,7120.06000,306482.16300
2020-04-23,7120.06000,7802.38000,7020.00000,7483.35000,472510.04700
2020-04-24,7483.36000,7612.91000,7388.00000,7504.11000,278378.36800
2020-04-25,7504.62000,7722.33000,7433.00000,7534.01000,243266.80700
2020-04-26,7534.01000,7709.57000,7476.86000,7694.17000,269921.93600
2020-04-27,7693.63000,7795.60000,7623.98000,7774.00000,290336.16900
2020-04-28,7774.00000,7780.00000,7662.49000,7735.75000,217652.76100
2020-04-29,7735.76000,8988.66000,7710.00000,8784.20000,871197.56900
2020-04-30,8784.05000,9479.77000,8400.00000,8624.76000,944211.71100
2020-05-01,8623.61000,9065.00000,8619.84000,8830.52000,417820.38600
2020-05-02,8830.52000,9020.00000,8755.01000,8975.18000,295769.72800
2020-05-03,8975.18000,9200.00000,8727.24000,8900.00000,451322.71300
2020-05-04,8899.99000,8954.94000,8526.00000,8873.98000,440135.30700
2020-05-05,8873.99000,9118.17000,8766.12000,9022.78000,409920.13000
2020-05-06,9022.76000,9405.00000,8916.01000,9148.27000,507753.80000
2020-05-07,9148.29000,10080.00000,9022.00000,9995.00000,738920.21900
2020-05-08,9994.74000,10045.03000,9726.00000,9807.49000,458034.21100
2020-05-09,9809.63000,9923.98000,9528.23000,9550.67000,411941.95700
2020-05-10,9550.25000,9580.00000,7940.00000,8719.53000,842909.03100
2020-05-11,8723.23000,9164.00000,8151.12000,8561.09000,805164.96400
2020-05-12,8560.73000,8981.00000,8520.43000,8808.71000,369716.04100
2020-05-13,8808.71000,9397.00000,8790.04000,9305.91000,379719.00000
2020-05-14,9305.91000,9950.00000,9250.66000,9786.80000,602528.43800
2020-05-15,9787.62000,9843.50000,9100.00000,9310.73000,504107.09600
2020-05-16,9311.21000,9585.00000,9210.03000,9374.99000,287768.20100
2020-05-17,9374.99000,9880.00000,9317.16000,9678.57000,300859.34000
2020-05-18,9677.31000,9958.67000,9450.00000,9731.10000,363732.37000
2020-05-19,9731.11000,9900.00000,9462.00000,9773.64000,376313.84500
2020-05-20,9772.66000,9838.00000,9281.42000,9508.11000,334423.59000
2020-05-21,9508.00000,9573.00000,8812.20000,9060.00000,461439.19300
2020-05-22,9060.00000,9259.38000,8920.00000,9166.40000,276008.07300
2020-05-23,9166.43000,9300.00000,9076.90000,9176.41000,201589.66000
2020-05-24,9176.32000,9294.44000,8674.00000,8711.37000,339643.37800
2020-05-25,8711.37000,8977.00000,8623.38000,8895.65000,302980.10600
2020-05-26,8895.66000,9011.82000,8693.18000,8837.05000,275619.15800
2020-05-27,8837.88000,9230.00000,8811.00000,9197.32000,272253.99800
2020-05-28,9197.32000,9621.65000,9110.97000,9569.59000,327412.37400
2020-05-29,9569.58000,9598.00000,9317.42000,9422.26000,238691.29900
2020-05-30,9422.11000,9753.00000,9326.01000,9695.00000,255234.05800
2020-05-31,9694.38000,9698.00000,9371.76000,9446.43000,219829.35600
2020-06-01,9446.49000,10497.25000,9420.85000,10232.48000,333740.45700
2020-06-02,10232.41000,10262.30000,9264.15000,9514.90000,354168.51700
2020-06-03,9514.90000,9694.75000,9382.33000,9663.59000,185389.41200
2020-06-04,9663.58000,9884.00000,9440.00000,9788.33000,264515.31900
2020-06-05,9788.32000,9855.00000,9580.52000,9617.29000,237103.04200
2020-06-06,9616.64000,9738.77000,9528.00000,9664.00000,152526.70300
2020-06-07,9664.01000,9823.13000,9373.00000,9743.92000,253986.31300
2020-06-08,9743.92000,9816.00000,9631.00000,9778.87000,162086.41900
2020-06-09,9778.87000,9890.00000,9550.03000,9771.66000,204422.81900
2020-06-10,9771.66000,10015.99000,9681.21000,9884.99000,193628.14900
2020-06-11,9884.99000,9970.10000,9055.07000,9278.03000,404046.61300
2020-06-12,9277.72000,9550.00000,9238.00000,9458.91000,211611.34000
2020-06-13,9458.77000,9497.85000,9340.00000,9468.54000,113449.07500
2020-06-14,9468.55000,9477.00000,9240.97000,9339.61000,143978.52300
2020-06-15,9339.70000,9490.83000,8888.43000,9422.01000,413865.72700
2020-06-16,9422.01000,9595.00000,9370.00000,9519.12000,225713.24700
2020-06-17,9519.13000,9569.00000,9231.03000,9458.45000,227477.39000
2020-06-18,9458.45000,9483.85000,9272.41000,9381.59000,158349.24700
2020-06-19,9381.99000,9453.00000,9239.00000,9307.00000,219510.05900
2020-06-20,9307.00000,9394.29000,9165.00000,9354.04000,154462.29000
2020-06-21,9353.84000,9420.47000,9279.00000,9293.51000,110599.55800
2020-06-22,9293.39000,9795.00000,9273.00000,9686.99000,260561.64700
2020-06-23,9686.99000,9723.23000,9585.00000,9631.66000,164673.49900
2020-06-24,9631.65000,9678.00000,9210.00000,9298.40000,300450.25100
2020-06-25,9298.78000,9350.90000,9005.00000,9246.75000,272566.50200
2020-06-26,9246.75000,9297.16000,9038.52000,9159.99000,249348.67000
2020-06-27,9159.99000,9195.75000,8816.40000,9008.00000,237840.16500
2020-06-28,9008.00000,9188.00000,8932.68000,9114.00000,153842.89100
2020-06-29,9114.01000,9233.00000,9022.00000,9189.48000,176660.52500
2020-06-30,9189.99000,9205.00000,9063.97000,9138.87000,143469.83200
2020-07-01,9138.88000,9293.00000,9090.00000,9233.29000,161642.18500
2020-07-02,9233.29000,9262.99000,8936.00000,9087.72000,230747.51900
2020-07-03,9087.72000,9124.52000,9036.06000,9057.52000,96947.33800
2020-07-04,9058.07000,9194.00000,9042.84000,9137.18000,100215.43800
2020-07-05,9137.18000,9146.35000,8900.00000,9071.86000,139545.56600
2020-07-06,9071.87000,9379.00000,9058.10000,9339.60000,199643.82800
2020-07-07,9339.59000,9380.00000,9201.23000,9258.51000,127833.97500
2020-07-08,9258.51000,9470.00000,9233.47000,9436.08000,170243.00100
2020-07-09,9436.08000,9440.81000,9164.33000,9236.28000,188355.85600
2020-07-10,9236.29000,9317.24000,9121.42000,9288.39000,140849.87400
2020-07-11,9288.39000,9301.74000,9178.91000,9233.50000,74976.52100
2020-07-12,9233.50000,9349.00000,9155.00000,9300.69000,127841.88200
2020-07-13,9300.70000,9345.00000,9200.00000,9241.20000,136117.65900
2020-07-14,9241.18000,9279.00000,9116.00000,9254.17000,129704.27800
2020-07-15,9254.17000,9272.56000,9156.00000,9197.30000,104107.70800
2020-07-16,9197.75000,9223.00000,9044.02000,9132.00000,148089.45000
2020-07-17,9132.00000,9187.00000,9087.00000,9151.69000,80940.58400
2020-07-18,9151.70000,9210.00000,9121.98000,9171.80000,63233.59600
2020-07-19,9171.79000,9239.59000,9108.00000,9210.51000,75554.57900
2020-07-20,9210.68000,9221.00000,9131.01000,9161.13000,72429.69100
2020-07-21,9161.28000,9439.60000,9152.62000,9388.01000,179211.34700
2020-07-22,9388.00000,9543.00000,9272.00000,9518.25000,126598.90200
2020-07-23,9518.25000,9678.32000,9439.86000,9604.41000,166990.14700
2020-07-24,9604.41000,9650.00000,9470.00000,9539.70000,133975.06800
2020-07-25,9539.70000,9735.10000,9526.31000,9701.49000,133377.58900
2020-07-26,9701.54000,10300.00000,9655.20000,9939.69000,261998.78600
2020-07-27,9939.68000,11488.00000,9928.61000,11047.58000,744752.40000
2020-07-28,11047.58000,11270.00000,10580.00000,10919.94000,499486.67900
2020-07-29,10919.94000,11364.80000,10844.34000,11113.03000,356188.76100
2020-07-30,11113.01000,11195.52000,10826.55000,11111.96000,230327.98800
2020-07-31,11111.97000,11450.42000,10971.78000,11343.68000,307399.73100
2020-08-01,11343.67000,11887.45000,11201.00000,11811.42000,386322.64200
2020-08-02,11811.43000,12154.25000,10490.00000,11079.72000,492803.35100
2020-08-03,11080.70000,11483.00000,10923.00000,11227.07000,238654.59100
2020-08-04,11227.07000,11427.38000,11025.00000,11200.05000,200044.93400
2020-08-05,11200.06000,11798.56000,11103.00000,11752.50000,263510.01100
2020-08-06,11752.50000,11916.02000,11571.78000,11770.56000,236459.59500
2020-08-07,11769.97000,11920.00000,11318.93000,11596.06000,273935.12700
2020-08-08,11596.26000,11819.00000,11513.69000,11765.72000,154707.30300
2020-08-09,11765.72000,11811.00000,11526.90000,11685.99000,125463.46300
2020-08-10,11685.99000,12100.00000,11384.90000,11896.89000,290418.01400
2020-08-11,11896.86000,11944.00000,11127.00000,11392.64000,336861.63800
2020-08-12,11392.64000,11630.00000,11140.00000,11568.36000,213799.49100
2020-08-13,11568.37000,11798.00000,11272.00000,11790.00000,248214.72500
2020-08-14,11790.00000,11868.42000,11644.60000,11767.89000,159019.95900
2020-08-15,11767.89000,11993.58000,11682.00000,11859.04000,222262.98700
2020-08-16,11858.91000,11945.00000,11688.00000,11921.23000,165733.72100
2020-08-17,11921.32000,12499.42000,11780.00000,12298.06000,331435.11200
2020-08-18,12298.06000,12403.00000,11810.00000,11960.79000,291349.88800
2020-08-19,11962.03000,12037.05000,11574.78000,11763.87000,313267.06600
2020-08-20,11763.88000,11888.00000,11676.03000,11857.92000,130981.04400
2020-08-21,11858.53000,11882.68000,11491.00000,11538.53000,195106.53600
2020-08-22,11538.53000,11689.08000,11385.06000,11670.47000,126696.73000
2020-08-23,11670.48000,11724.00000,11522.15000,11654.00000,95608.03300
2020-08-24,11654.00000,11831.96000,11595.00000,11753.30000,108781.12500
2020-08-25,11753.29000,11770.00000,11130.00000,11327.17000,267234.77100
2020-08-26,11327.18000,11548.68000,11255.95000,11466.22000,170305.02400
2020-08-27,11466.22000,11593.00000,11130.82000,11335.53000,253778.34200
2020-08-28,11335.83000,11544.88000,11283.19000,11526.85000,129477.62700
2020-08-29,11526.85000,11582.00000,11419.34000,11466.66000,83715.22900
2020-08-30,11466.27000,11724.12000,11457.88000,11714.14000,113266.67200
2020-08-31,11714.13000,11784.21000,11575.78000,11658.11000,127272.37800
2020-09-01,11658.11000,12061.07000,11531.34000,11930.18000,211680.82800
2020-09-02,11930.17000,11961.00000,11156.00000,11396.96000,280411.96400
2020-09-03,11396.44000,11475.00000,9901.16000,10141.08000,487812.73700
2020-09-04,10141.40000,10635.77000,9878.65000,10448.00000,432563.84100
2020-09-05,10448.00000,10567.87000,9808.58000,10168.71000,399307.28200
2020-09-06,10168.23000,10348.97000,10003.00000,10258.13000,190207.65400
2020-09-07,10258.13000,10420.55000,9879.68000,10378.76000,258476.94900
2020-09-08,10379.30000,10443.79000,9842.01000,10129.02000,317802.32200
2020-09-09,10130.00000,10346.00000,9981.13000,10219.29000,151222.68900
2020-09-10,10219.29000,10484.60000,10211.67000,10335.91000,187667.87300
2020-09-11,10335.91000,10397.85000,10200.80000,10387.81000,135929.30300
2020-09-12,10387.81000,10477.70000,10271.00000,10438.28000,97429.03700
2020-09-13,10438.29000,10580.00000,10209.01000,10327.72000,159021.84300
2020-09-14,10327.72000,10746.06000,10241.57000,10664.10000,205260.23600
2020-09-15,10664.10000,10923.42000,10592.00000,10776.78000,247657.23000
2020-09-16,10776.88000,11089.08000,10661.90000,10948.17000,252881.01900
2020-09-17,10948.16000,11040.00000,10740.00000,10935.33000,186484.36100
2020-09-18,10935.97000,11035.00000,10810.10000,10926.29000,136028.35100
2020-09-19,10926.30000,11177.00000,10880.00000,11073.74000,126239.23200
2020-09-20,11073.20000,11073.90000,10751.00000,10914.28000,150450.56200
2020-09-21,10915.52000,10980.69000,10281.00000,10414.73000,333047.14500
2020-09-22,10414.73000,10574.08000,10353.10000,10523.32000,179900.68600
2020-09-23,10523.32000,10531.94000,10132.21000,10237.91000,203027.54200
2020-09-24,10237.91000,10837.27000,10191.00000,10724.92000,241646.57300
2020-09-25,10724.91000,10754.29000,10551.56000,10683.51000,170930.77300
2020-09-26,10683.50000,10827.80000,10642.23000,10726.50000,109340.49100
2020-09-27,10726.50000,10793.50000,10584.00000,10768.00000,123440.71600
2020-09-28,10768.00000,11024.00000,10627.19000,10691.45000,187105.37700
2020-09-29,10691.94000,10863.94000,10631.49000,10836.98000,146888.31900
2020-09-30,10836.99000,10845.99000,10660.05000,10773.00000,132834.11600
2020-10-01,10773.00000,10935.14000,10442.00000,10612.63000,253619.62200
2020-10-02,10612.62000,10660.00000,10371.03000,10565.15000,224747.03700
2020-10-03,10565.44000,10596.00000,10491.11000,10537.96000,76315.91100
2020-10-04,10537.96000,10694.00000,10514.00000,10660.16000,90912.10500
2020-10-05,10660.16000,10792.00000,10608.90000,10785.00000,130589.13700
2020-10-06,10784.99000,10792.00000,10510.66000,10593.65000,184895.25000
2020-10-07,10593.65000,10675.00000,10540.29000,10658.75000,106700.52200
2020-10-08,10658.75000,10958.00000,10523.00000,10919.45000,207938.86100
2020-10-09,10919.45000,11110.00000,10818.44000,11050.47000,154336.81800
2020-10-10,11050.46000,11494.00000,11050.46000,11294.79000,199398.01200
2020-10-11,11294.78000,11450.73000,11273.77000,11369.59000,146323.07600
2020-10-12,11369.59000,11732.00000,11157.00000,11530.36000,254217.20300
2020-10-13,11530.37000,11562.00000,11308.00000,11419.36000,199115.11500
2020-10-14,11419.36000,11550.00000,11280.50000,11417.13000,192936.97000
2020-10-15,11417.12000,11649.48000,11250.00000,11502.00000,215260.39900
2020-10-16,11502.00000,11538.92000,11175.00000,11318.92000,212339.08500
2020-10-17,11319.51000,11424.09000,11250.00000,11356.25000,95892.96600
2020-10-18,11356.25000,11529.93000,11342.54000,11501.10000,92472.19100
2020-10-19,11501.50000,11830.00000,11404.01000,11745.00000,230161.64800
2020-10-20,11744.99000,12045.78000,11673.00000,11900.03000,312811.80200
2020-10-21,11900.03000,13240.00000,11876.00000,12796.07000,591963.06900
2020-10-22,12796.06000,13188.27000,12675.50000,12968.87000,343851.66600
2020-10-23,12970.39000,13043.00000,12725.04000,12925.82000,237042.52600
2020-10-24,12925.82000,13177.59000,12871.07000,13110.88000,176146.63100
2020-10-25,13110.88000,13369.00000,12715.00000,13023.81000,206012.65200
2020-10-26,13024.21000,13240.00000,12729.00000,13047.24000,316503.29600
2020-10-27,13047.24000,13787.83000,13041.30000,13629.38000,411509.50600
2020-10-28,13629.89000,13863.00000,12876.00000,13256.17000,476993.78900
2020-10-29,13255.79000,13637.22000,12965.00000,13446.65000,355352.33600
2020-10-30,13446.65000,13665.65000,13100.00000,13549.12000,349890.57300
2020-10-31,13549.12000,14140.00000,13403.36000,13783.73000,357853.23000
2020-11-01,13783.73000,13891.52000,13605.90000,13752.86000,198395.23100
2020-11-02,13752.87000,13823.75000,13195.00000,13540.54000,327991.76800
2020-11-03,13541.55000,14070.00000,13276.33000,14016.55000,348730.51000
2020-11-04,14016.55000,14280.00000,13512.00000,14134.31000,451433.42000
2020-11-05,14134.32000,15777.00000,14088.01000,15598.75000,717489.69700
2020-11-06,15598.74000,15984.20000,15177.00000,15590.96000,559380.06000
2020-11-07,15590.95000,15774.00000,14350.00000,14824.34000,457582.68100
2020-11-08,14824.33000,15678.00000,14710.00000,15473.20000,290616.39300
2020-11-09,15473.20000,15869.00000,14822.00000,15328.72000,474181.98300
2020-11-10,15328.72000,15474.17000,15071.00000,15294.68000,244073.49500
2020-11-11,15294.68000,16000.00000,15274.89000,15690.24000,330772.85200
2020-11-12,15690.24000,16345.00000,15437.70000,16289.02000,471759.12600
2020-11-13,16289.01000,16479.99000,15955.60000,16320.54000,306656.35900
2020-11-14,16320.54000,16326.82000,15700.00000,16064.51000,266206.93700
2020-11-15,16064.51000,16161.23000,15768.00000,15952.27000,210318.45300
2020-11-16,15951.93000,16882.00000,15862.00000,16707.07000,342459.32900
2020-11-17,16707.00000,17890.10000,16550.00000,17670.01000,524094.69700
2020-11-18,17670.01000,18520.00000,17215.03000,17788.32000,732937.09700
2020-11-19,17788.32000,18200.00000,17347.27000,17811.68000,406500.97700
2020-11-20,17811.68000,18831.60000,17748.92000,18664.31000,407926.80200
2020-11-21,18662.85000,18986.00000,18302.08000,18721.99000,342412.49000
2020-11-22,18721.99000,18780.00000,17645.98000,18435.20000,373779.41700
2020-11-23,18434.17000,18812.65000,18013.97000,18382.07000,364221.37800
2020-11-24,18382.07000,19440.00000,18000.00000,19179.64000,477968.28900
2020-11-25,19178.53000,19554.19000,18509.12000,18741.67000,426276.99000
2020-11-26,18741.66000,18940.69000,16181.00000,17155.34000,850692.85600
2020-11-27,17155.37000,17465.00000,16444.83000,17144.10000,398072.93300
2020-11-28,17144.11000,17880.00000,16865.78000,17717.74000,268833.74900
2020-11-29,17717.74000,18343.00000,17523.00000,18181.09000,256024.00600
2020-11-30,18180.43000,19944.00000,18178.82000,19720.00000,500482.57400
2020-12-01,19722.09000,19956.00000,18050.00000,18772.70000,553885.33300
2020-12-02,18770.33000,19365.00000,18329.58000,19207.01000,335717.48200
2020-12-03,19207.01000,19640.00000,18865.00000,19434.30000,245020.57600
2020-12-04,19432.66000,19537.16000,18570.00000,18664.20000,276271.93900
2020-12-05,18662.72000,19203.46000,18510.00000,19147.62000,165912.64700
2020-12-06,19147.63000,19449.10000,18855.35000,19375.02000,176004.60600
2020-12-07,19375.00000,19446.36000,18908.66000,19172.88000,169402.37100
2020-12-08,19172.87000,19319.38000,18133.33000,18319.32000,280714.13200
2020-12-09,18319.33000,18639.70000,17650.00000,18537.98000,353123.68900
2020-12-10,18537.97000,18550.00000,17916.00000,18253.51000,233960.24100
2020-12-11,18254.00000,18290.44000,17555.00000,18031.47000,317866.07000
2020-12-12,18031.71000,18950.00000,18012.21000,18800.00000,196962.28200
2020-12-13,18800.00000,19432.00000,18705.46000,19175.07000,239760.08900
2020-12-14,19175.06000,19355.35000,19004.72000,19270.70000,181555.82300
2020-12-15,19270.71000,19598.00000,19039.64000,19424.91000,248744.05400
2020-12-16,19424.90000,21600.00000,19274.55000,21346.80000,459302.01200
2020-12-17,21346.81000,23888.04000,21231.50000,22816.99000,823435.82100
2020-12-18,22816.99000,23330.00000,22363.94000,23124.35000,305997.22200
2020-12-19,23124.35000,24281.61000,22735.81000,23847.28000,337535.43800
2020-12-20,23847.28000,24376.00000,23076.25000,23472.96000,322289.77400
2020-12-21,23472.96000,24145.00000,21920.00000,22730.10000,476456.58900
2020-12-22,22736.05000,23850.00000,22387.00000,23826.99000,326124.31300
2020-12-23,23826.74000,24235.42000,22572.52000,23238.27000,394754.93900
2020-12-24,23237.73000,23819.81000,22700.00000,23737.44000,237754.25700
2020-12-25,23738.75000,24827.64000,23450.00000,24730.00000,284523.43100
2020-12-26,24729.99000,26926.00000,24507.24000,26508.83000,367265.55500
2020-12-27,26508.84000,28459.84000,25850.00000,26305.64000,540264.14800
2020-12-28,26301.76000,27538.82000,26117.10000,27102.66000,267563.46800
2020-12-29,27101.45000,27441.73000,25913.01000,27402.83000,260759.44900
2020-12-30,27402.83000,29063.72000,27401.00000,28906.99000,374737.65500
2020-12-31,28906.99000,29376.70000,27848.00000,28951.68000,313648.83500
2021-01-01,28948.19000,29668.86000,28627.12000,29337.16000,210716.39800
2021-01-02,29337.15000,33480.00000,28958.24000,32199.91000,545541.08000
2021-01-03,32198.41000,34832.25000,32000.02000,33054.53000,487486.98900
2021-01-04,33053.93000,33653.56000,27800.00000,32031.07000,506128.02300
2021-01-05,32029.55000,34500.00000,29900.00000,33999.52000,433720.83300
2021-01-06,33999.51000,37037.51000,33356.46000,36823.68000,444019.83000
2021-01-07,36825.77000,40565.62000,36337.36000,39498.92000,520147.90800
2021-01-08,39498.32000,42125.51000,36539.77000,40637.23000,518080.82600
2021-01-09,40638.91000,41539.88000,38733.28000,40136.04000,260882.80500
2021-01-10,40136.05000,41412.12000,35268.00000,38221.67000,436759.04800
2021-01-11,38200.01000,38322.18000,30448.00000,35408.46000,906275.65100
2021-01-12,35406.92000,36693.44000,32600.00000,34056.90000,449065.69300
2021-01-13,34065.53000,37880.00000,32420.00000,37421.07000,398188.08800
2021-01-14,37416.34000,40189.39000,36764.33000,39163.31000,353142.38600
2021-01-15,39163.31000,39790.00000,34478.00000,36755.24000,437610.11300
2021-01-16,36755.25000,38000.00000,35366.00000,36025.66000,301102.47700
2021-01-17,36025.65000,36898.00000,33863.50000,35869.83000,287686.12900
2021-01-18,35875.72000,37547.94000,34808.47000,36686.86000,253386.70300
2021-01-19,36690.00000,37961.00000,35850.00000,35891.03000,257889.41900
2021-01-20,35891.74000,36461.44000,33403.00000,35500.00000,329192.41900
2021-01-21,35499.23000,35636.17000,30069.90000,30879.97000,550562.27700
2021-01-22,30875.77000,33831.52000,28880.00000,32986.34000,453568.53800
2021-01-23,32990.08000,33495.00000,31405.00000,32086.48000,256776.41100
2021-01-24,32086.48000,33125.75000,30914.20000,32275.63000,212107.04400
2021-01-25,32274.88000,34880.00000,31921.47000,32253.68000,316687.52400
2021-01-26,32253.68000,32950.00000,30810.00000,32474.14000,346861.70700
2021-01-27,32474.81000,32562.20000,29240.00000,30381.04000,431022.83900
2021-01-28,30382.96000,33778.95000,29843.33000,33399.75000,311528.37300
2021-01-29,33399.99000,38641.10000,31960.00000,34269.35000,713579.78500
2021-01-30,34267.04000,34988.88000,32849.06000,34289.85000,267861.87200
2021-01-31,34284.76000,34393.22000,32193.04000,33126.21000,211293.89100
2021-02-01,33125.11000,34720.00000,32322.47000,33546.09000,240632.32500
2021-02-02,33546.08000,36041.00000,33450.00000,35504.06000,239856.23000
2021-02-03,35504.07000,37700.00000,35410.00000,37652.51000,240308.07800
2021-02-04,37651.92000,38833.00000,36233.00000,36976.93000,306715.02200
2021-02-05,36975.19000,38411.82000,36586.68000,38362.65000,196277.44400
2021-02-06,38357.17000,40992.40000,38269.00000,39249.54000,310826.31500
2021-02-07,39249.53000,39757.87000,37403.27000,38849.25000,296721.92500
2021-02-08,38849.24000,47146.00000,38037.00000,46451.32000,440167.09300
2021-02-09,46451.32000,48266.36000,45057.65000,46492.54000,381477.42600
2021-02-10,46492.53000,47475.00000,43770.00000,44850.00000,334979.01700
2021-02-11,44850.00000,48810.00000,44038.97000,48060.21000,330540.04500
2021-02-12,48060.21000,49278.98000,46121.00000,47361.03000,259186.28800
2021-02-13,47364.00000,48290.00000,46252.10000,47221.62000,199965.39700
2021-02-14,47221.63000,49875.16000,47093.16000,48655.21000,241935.66600
2021-02-15,48655.21000,49100.00000,45349.21000,47981.58000,248960.40400
2021-02-16,47981.60000,50953.44000,47101.02000,49197.94000,343592.01100
2021-02-17,49197.93000,52800.00000,49029.62000,52194.62000,312007.45800
2021-02-18,52194.62000,52640.00000,50948.00000,51619.70000,185489.89000
2021-02-19,51612.46000,56582.00000,50800.00000,56004.10000,257911.87200
2021-02-20,56005.85000,57699.00000,53905.00000,55917.41000,240296.30800
2021-02-21,55908.45000,58472.14000,55564.50000,57487.43000,196820.57300
2021-02-22,57475.50000,57591.87000,47751.42000,54121.10000,480660.18700
2021-02-23,54125.55000,54260.12000,44893.82000,48930.00000,748737.46200
2021-02-24,48930.01000,51435.58000,47000.00000,49702.03000,333415.21900
2021-02-25,49702.05000,52134.96000,46685.43000,47089.37000,349943.01600
2021-02-26,47087.97000,48438.01000,44100.00000,46313.13000,440670.32000
2021-02-27,46313.12000,48476.05000,44926.77000,46102.63000,256027.07400
2021-02-28,46097.09000,46678.00000,43002.05000,45163.36000,370358.82500
2021-03-01,45162.64000,49800.00000,44972.49000,49592.70000,315659.93100
2021-03-02,49594.99000,50221.77000,47058.06000,48450.57000,273100.43500
2021-03-03,48454.21000,52681.51000,48110.66000,50373.75000,350311.23400
2021-03-04,50373.75000,51800.00000,47500.00000,48385.77000,387428.95700
2021-03-05,48385.77000,49470.00000,46320.00000,48770.57000,354602.75600
2021-03-06,48772.68000,49253.63000,47090.00000,48908.21000,215092.91000
2021-03-07,48908.21000,51480.00000,48908.21000,50995.27000,248398.11600
2021-03-08,50991.35000,52450.00000,49310.00000,52429.43000,308339.86600
2021-03-09,52429.43000,54950.00000,51880.00000,54917.78000,285604.79800
2021-03-10,54917.78000,57500.92000,53061.00000,55947.98000,401159.49300
2021-03-11,55949.30000,58283.00000,54356.44000,57844.52000,364681.31800
2021-03-12,57842.64000,58186.33000,55074.30000,57291.03000,335495.04200
2021-03-13,57291.04000,61950.00000,56136.00000,61267.41000,320322.17300
2021-03-14,61267.41000,61798.00000,59005.00000,59037.12000,231991.90100
2021-03-15,59037.11000,60740.00000,54517.28000,55646.61000,448820.83000
2021-03-16,55646.61000,56988.00000,53335.00000,56954.19000,339718.20200
2021-03-17,56953.23000,59078.79000,54154.93000,58959.00000,339397.71200
2021-03-18,58959.01000,60510.00000,57072.00000,57700.01000,305100.02600
2021-03-19,57700.01000,59550.00000,56301.27000,58089.11000,259039.47900
2021-03-20,58089.11000,59948.00000,57881.00000,58145.61000,203680.14900
2021-03-21,58144.44000,58638.70000,55403.55000,57415.18000,237518.69600
2021-03-22,57415.19000,58500.00000,53635.81000,54129.56000,293062.94700
2021-03-23,54129.56000,55890.68000,52981.40000,54400.00000,276199.04100
2021-03-24,54400.00000,57234.79000,51666.00000,52311.54000,394172.52600
2021-03-25,52307.89000,53255.20000,50452.08000,51325.21000,416848.09100
2021-03-26,51325.21000,55123.00000,51260.00000,55030.00000,271957.84200
2021-03-27,55030.00000,56658.76000,54001.00000,55828.00000,234435.34600
2021-03-28,55828.00000,56588.31000,54694.91000,55805.08000,200603.76800
2021-03-29,55804.16000,58490.11000,54931.15000,57677.64000,277215.26800
2021-03-30,57676.14000,59560.00000,57110.00000,58794.16000,232824.06500
2021-03-31,58794.17000,59920.00000,56812.00000,58807.24000,337038.34900
2021-04-01,58810.99000,59592.22000,58002.00000,58794.01000,196332.11400
2021-04-02,58797.56000,60397.85000,58490.03000,59031.36000,189391.95800
2021-04-03,59028.99000,59925.00000,56900.00000,57134.65000,198636.17100
2021-04-04,57134.65000,58553.00000,56517.23000,58234.61000,152454.12200
2021-04-05,58234.61000,59385.00000,56808.94000,59243.39000,174338.64600
2021-04-06,59243.40000,59626.18000,57500.00000,58059.99000,165562.02900
2021-04-07,58060.00000,58720.00000,55536.07000,56018.18000,265271.70700
2021-04-08,56018.17000,58200.00000,55759.13000,58122.26000,161389.85800
2021-04-09,58122.93000,58950.00000,57700.00000,58176.03000,141690.14400
2021-04-10,58176.04000,61800.00000,57943.95000,59832.43000,240907.59200
2021-04-11,59832.43000,60816.88000,59304.02000,60090.20000,148499.82400
2021-04-12,60093.26000,61449.91000,59500.00000,59911.18000,196147.56100
2021-04-13,59911.19000,63850.00000,59873.01000,63649.71000,279389.49200
2021-04-14,63645.05000,64986.11000,61404.00000,63019.10000,323454.88000
2021-04-15,63018.34000,63905.83000,62157.89000,63232.55000,178604.19800
2021-04-16,63232.56000,63600.00000,60100.00000,61424.67000,255765.89300
2021-04-17,61424.67000,62610.00000,59620.00000,60090.14000,194112.29900
2021-04-18,60090.14000,60450.00000,50050.00000,56140.05000,522006.27600
2021-04-19,56140.05000,57532.70000,54200.00000,55634.39000,285041.71600
2021-04-20,55634.38000,57060.00000,53330.82000,56410.56000,324494.08500
2021-04-21,56411.25000,56756.78000,53610.00000,53800.00000,252601.97200
2021-04-22,53794.72000,55470.51000,50534.34000,51714.61000,453489.18500
2021-04-23,51714.62000,52152.00000,47546.16000,51122.62000,554666.02600
2021-04-24,51122.63000,51183.51000,48690.00000,50092.40000,299663.13100
2021-04-25,50094.27000,50577.90000,46930.43000,49063.94000,310306.50100
2021-04-26,49063.94000,54364.89000,48763.00000,53984.33000,390494.14800
2021-04-27,53984.34000,55500.00000,53225.14000,55006.25000,225440.36100
2021-04-28,55006.25000,56574.13000,53852.00000,54861.77000,263170.55900
2021-04-29,54861.76000,55222.02000,52350.00000,53558.80000,257045.19000
2021-04-30,53558.57000,57935.00000,53043.62000,57684.16000,294683.75100
2021-05-01,57688.29000,58488.17000,57051.23000,57836.34000,207854.39800
2021-05-02,57836.35000,57959.97000,56100.00000,56630.33000,203712.51500
2021-05-03,56630.34000,59056.59000,56500.65000,57214.83000,271733.97200
2021-05-04,57214.84000,57253.76000,53094.59000,53263.32000,388988.75400
2021-05-05,53263.32000,57940.00000,52880.38000,57497.77000,317811.70500
2021-05-06,57497.76000,58450.00000,55297.91000,56435.35000,275471.20400
2021-05-07,56435.35000,58800.00000,55300.00000,57350.88000,256159.50400
2021-05-08,57350.89000,59590.96000,56961.25000,58924.98000,264906.72900
2021-05-09,58926.36000,59335.19000,56316.00000,58292.53000,245954.01400
2021-05-10,58292.53000,59654.00000,53250.00000,55869.67000,396237.13300
2021-05-11,55869.41000,56908.66000,54541.33000,56710.43000,267226.10400
2021-05-12,56712.70000,58049.99000,48503.74000,49595.76000,472329.15200
2021-05-13,49596.75000,51358.00000,45596.32000,49707.90000,652476.68900
2021-05-14,49706.27000,51533.00000,48870.41000,49873.27000,319069.00200
2021-05-15,49873.26000,50709.43000,46584.32000,46793.41000,442023.49600
2021-05-16,46794.62000,49829.39000,43866.00000,46429.28000,604537.63000
2021-05-17,46429.28000,46655.00000,42151.00000,43566.18000,809129.36500
2021-05-18,43565.11000,45846.61000,42268.00000,42882.53000,590358.59200
2021-05-19,42882.54000,43615.93000,28688.00000,36689.14000,1373851.84900
2021-05-20,36689.14000,42460.00000,34882.00000,40500.30000,775185.11300
2021-05-21,40500.00000,42270.42000,33400.00000,37211.02000,930671.74700
2021-05-22,37210.01000,38851.34000,35201.11000,37432.58000,588166.78400
2021-05-23,37436.00000,38261.71000,31096.70000,34651.60000,996815.01700
2021-05-24,34656.53000,39917.09000,34366.00000,38779.66000,707903.07100
2021-05-25,38783.58000,39790.05000,36439.32000,38326.84000,598836.41100
2021-05-26,38326.84000,40900.00000,37804.76000,39224.20000,577032.81000
2021-05-27,39224.21000,40438.82000,37133.22000,38527.38000,543338.56600
2021-05-28,38527.38000,38888.35000,34689.57000,35670.99000,832363.42500
2021-05-29,35670.99000,37375.00000,33650.00000,34611.94000,733902.82500
2021-05-30,34611.95000,36501.00000,33356.00000,35651.81000,511834.74600
2021-05-31,35651.80000,37500.00000,34150.00000,37243.38000,635082.12100
2021-06-01,37244.36000,37893.76000,35500.00000,36693.41000,590822.54000
2021-06-02,36694.37000,38232.99000,35905.00000,37569.99000,441719.80600
2021-06-03,37570.00000,39470.00000,37150.15000,39247.40000,507429.00500
2021-06-04,39247.40000,39297.35000,35552.51000,36828.03000,700625.86600
2021-06-05,36828.03000,37900.49000,34800.00000,35498.62000,631028.44800
2021-06-06,35497.93000,36521.16000,35201.86000,35801.71000,443601.06400
2021-06-07,35801.71000,36820.00000,33200.00000,33550.96000,636735.87300
2021-06-08,33550.97000,34061.57000,30969.00000,33372.58000,976693.02600
2021-06-09,33372.58000,37511.31000,32390.00000,37368.45000,1031014.08700
2021-06-10,37369.99000,38489.00000,35750.00000,36669.66000,803185.69900
2021-06-11,36669.65000,37679.54000,35900.00000,37300.42000,586122.89800
2021-06-12,37300.41000,37432.95000,34585.90000,35537.05000,623532.47600
2021-06-13,35535.95000,39374.18000,34739.06000,38993.65000,647035.31400
2021-06-14,38993.66000,41000.00000,38720.00000,40489.10000,704979.88100
2021-06-15,40489.10000,41413.00000,39500.00000,40132.86000,632066.99400
2021-06-16,40132.86000,40495.00000,38105.00000,38344.97000,673235.49600
2021-06-17,38344.97000,39565.00000,37334.76000,38060.71000,603849.86100
2021-06-18,38060.71000,38198.00000,35100.00000,35811.41000,790379.24900
2021-06-19,35811.41000,36471.80000,34704.08000,35483.00000,642185.38200
2021-06-20,35483.01000,36155.00000,33312.00000,35588.64000,829896.44100
2021-06-21,35588.63000,35746.28000,31250.51000,31606.00000,1397330.66200
2021-06-22,31606.00000,33274.00000,28780.01000,32496.00000,1531824.85000
2021-06-23,32496.00000,34867.77000,31711.50000,33649.00000,960700.36900
2021-06-24,33650.00000,35406.74000,32300.00000,34644.64000,774899.16500
2021-06-25,34644.65000,35500.00000,31250.00000,31568.07000,1093051.37500
2021-06-26,31569.18000,32720.52000,30120.00000,32255.56000,1091384.74900
2021-06-27,32250.15000,34762.00000,31960.00000,34687.71000,897147.45300
2021-06-28,34687.71000,35279.38000,33855.00000,34487.22000,706158.54500
2021-06-29,34486.58000,36623.00000,34206.00000,35911.26000,806140.32900
2021-06-30,35910.64000,36089.96000,34042.74000,35031.39000,719742.98300
2021-07-01,35031.39000,35044.98000,32672.04000,33489.96000,758966.49300
2021-07-02,33489.96000,33960.00000,32684.00000,33760.94000,664923.20200
2021-07-03,33760.94000,34948.16000,33296.98000,34652.94000,510614.25800
2021-07-04,34653.32000,35955.55000,34340.75000,35280.16000,451001.55600
2021-07-05,35280.17000,35281.55000,33032.00000,33672.72000,736706.40900
2021-07-06,33672.72000,35120.00000,33500.00000,34206.01000,644229.00700
2021-07-07,34206.00000,35089.56000,33756.48000,33845.64000,456218.90900
2021-07-08,33845.63000,33910.00000,32066.00000,32852.04000,650317.66400
2021-07-09,32855.00000,34100.00000,32250.00000,33805.01000,485662.87900
2021-07-10,33805.01000,34248.58000,33010.00000,33497.98000,410271.97900
2021-07-11,33497.98000,34629.62000,33306.03000,34253.81000,343905.35000
2021-07-12,34253.88000,34662.73000,32650.00000,33070.87000,502747.75800
2021-07-13,33070.86000,33336.00000,32186.99000,32709.09000,466567.71300
2021-07-14,32708.66000,33176.47000,31556.02000,32803.01000,521140.41000
2021-07-15,32803.00000,33170.00000,31140.00000,31866.43000,539111.66700
2021-07-16,31865.53000,32245.00000,31018.59000,31382.95000,516577.74300
2021-07-17,31382.96000,31945.00000,31150.02000,31496.65000,422650.41800
2021-07-18,31496.65000,32435.93000,31075.10000,31767.00000,412189.40100
2021-07-19,31765.23000,31890.00000,30358.77000,30823.62000,486305.62700
2021-07-20,30823.62000,31050.00000,29242.24000,29775.90000,602688.19000
2021-07-21,29775.89000,32883.90000,29472.41000,32120.00000,787077.39000
2021-07-22,32120.00000,32583.48000,31700.00000,32268.11000,397258.93600
2021-07-23,32268.12000,33650.00000,31970.82000,33634.46000,404650.01600
2021-07-24,33631.74000,34471.00000,33379.81000,34230.00000,376046.02800
2021-07-25,34230.00000,35400.00000,33812.00000,35370.66000,404114.84400
2021-07-26,35370.67000,48168.60000,35185.49000,37218.09000,1162332.85700
2021-07-27,37218.09000,39546.34000,36384.31000,39442.33000,675104.15700
2021-07-28,39448.06000,40894.00000,38753.00000,40003.08000,736196.23400
2021-07-29,40003.08000,40665.00000,39203.83000,40012.90000,463917.87200
2021-07-30,40012.89000,42316.60000,38320.00000,42203.25000,561474.30900
2021-07-31,42202.60000,42494.00000,41030.19000,41448.11000,381521.89900
2021-08-01,41448.10000,42614.98000,39350.40000,39846.78000,487529.04400
2021-08-02,39846.78000,40450.00000,38658.00000,39147.48000,451872.12800
2021-08-03,39147.47000,39774.93000,37600.00000,38203.26000,517219.51700
2021-08-04,38201.33000,39975.32000,37500.00000,39731.31000,479560.47300
2021-08-05,39731.31000,41350.00000,37291.00000,40882.40000,746249.71200
2021-08-06,40882.39000,43400.00000,39849.82000,42825.43000,653451.15400
2021-08-07,42825.43000,44753.01000,42395.20000,44601.11000,583750.89100
2021-08-08,44601.11000,45350.00000,43265.00000,43787.71000,553684.69800
2021-08-09,43787.71000,46483.00000,42785.00000,46259.70000,626220.50300
2021-08-10,46259.70000,46800.00000,44670.05000,45589.99000,460478.86100
2021-08-11,45589.99000,46754.27000,45354.00000,45522.12000,390660.57100
2021-08-12,45522.13000,46226.67000,43800.00000,44385.09000,468276.05600
2021-08-13,44385.09000,47980.69000,44208.88000,47792.52000,438025.46000
2021-08-14,47792.52000,48300.00000,46000.00000,47083.74000,374368.79600
2021-08-15,47083.75000,47388.75000,45480.00000,47006.02000,370950.80700
2021-08-16,47006.02000,48074.23000,45682.03000,45926.23000,412537.60500
2021-08-17,45926.23000,47194.00000,44412.01000,44704.84000,474316.40000
2021-08-18,44704.85000,46050.00000,44227.32000,44714.09000,395836.15800
2021-08-19,44714.09000,47100.00000,43938.38000,46772.00000,439402.16200
2021-08-20,46772.00000,49500.00000,46650.00000,49332.74000,401499.08100
2021-08-21,49332.99000,49833.00000,48250.00000,48848.29000,347594.45100
2021-08-22,48846.11000,49556.20000,48075.81000,49273.28000,294672.22300
2021-08-23,49273.28000,50600.00000,49075.01000,49523.91000,355733.49600
2021-08-24,49523.23000,49888.88000,47600.00000,47719.36000,398682.00200
2021-08-25,47719.37000,49297.80000,47130.57000,48992.65000,389100.38400
2021-08-26,48992.65000,49380.00000,46280.00000,46853.06000,475183.12300
2021-08-27,46854.22000,49220.00000,46359.97000,49083.98000,403667.01200
2021-08-28,49082.13000,49333.00000,48395.65000,48931.99000,222793.02400
2021-08-29,48931.99000,49769.20000,47741.31000,48795.41000,315105.49900
2021-08-30,48795.42000,48916.25000,46876.49000,47024.70000,351830.75400
2021-08-31,47024.69000,48298.00000,46731.03000,47150.32000,365548.20900
2021-09-01,47150.32000,49160.79000,46550.99000,48842.94000,350108.37400
2021-09-02,48842.93000,50420.00000,48631.20000,49299.14000,361863.05500
2021-09-03,49299.14000,51111.00000,48333.00000,50027.08000,430326.38600
2021-09-04,50027.09000,50582.08000,49360.00000,49940.74000,274956.84200
2021-09-05,49942.20000,51950.00000,49462.59000,51799.57000,288984.12400
2021-09-06,51799.56000,52830.00000,51040.00000,52683.97000,297734.28400
2021-09-07,52683.98000,52950.00000,42088.00000,46864.39000,764140.13900
2021-09-08,46864.38000,47347.00000,44431.00000,46062.29000,435803.01100
2021-09-09,46060.02000,47400.00000,45500.00000,46413.88000,309015.75000
2021-09-10,46413.88000,47037.50000,44120.00000,44860.83000,343533.06900
2021-09-11,44860.83000,45999.00000,44737.40000,45193.78000,194144.11500
2021-09-12,45194.19000,46512.20000,44746.51000,46046.73000,223534.63000
2021-09-13,46048.02000,46933.89000,43323.93000,44975.96000,448942.06800
2021-09-14,44975.96000,47272.98000,44692.90000,47087.18000,277925.72100
2021-09-15,47087.18000,48440.93000,46675.00000,48106.12000,244226.37000
2021-09-16,48106.13000,48488.00000,47038.21000,47745.55000,260044.72700
2021-09-17,47745.55000,48150.00000,46750.00000,47303.11000,226193.34000
2021-09-18,47303.11000,48850.00000,47044.32000,48285.15000,207900.41300
2021-09-19,48284.61000,48364.64000,46840.00000,47256.91000,212631.93300
2021-09-20,47256.92000,47345.00000,42467.86000,43026.60000,600764.62900
2021-09-21,43026.61000,43629.60000,39503.58000,40726.10000,683242.00200
2021-09-22,40727.83000,43989.98000,40551.49000,43520.00000,400849.75200
2021-09-23,43520.00000,44976.48000,43056.00000,44828.29000,330253.52500
2021-09-24,44828.29000,45134.33000,40650.00000,42798.49000,608595.52000
2021-09-25,42798.49000,42950.00000,41630.26000,42651.58000,277084.79500
2021-09-26,42646.84000,43940.00000,40725.01000,43150.00000,354393.91600
2021-09-27,43150.01000,44350.00000,42059.13000,42122.69000,285311.60600
2021-09-28,42122.69000,42749.00000,40854.00000,41006.32000,359745.53800
2021-09-29,41002.96000,42576.80000,40708.73000,41499.71000,293307.58900
2021-09-30,41499.70000,44100.00000,41387.78000,43796.57000,389185.64600
2021-10-01,43799.49000,48450.00000,43260.01000,48123.94000,449491.76800
2021-10-02,48123.93000,48338.68000,47410.00000,47626.61000,182565.98800
2021-10-03,47626.62000,49304.12000,47071.26000,48187.30000,212410.37500
2021-10-04,48187.99000,49544.48000,46885.29000,49198.22000,324424.83700
2021-10-05,49199.78000,51888.00000,49009.21000,51455.12000,314043.81300
2021-10-06,51460.22000,56416.02000,50410.00000,55321.60000,418731.74800
2021-10-07,55327.45000,55337.80000,53374.34000,53814.99000,262974.54500
2021-10-08,53814.99000,56208.73000,53647.30000,53975.00000,255210.03500
2021-10-09,53974.99000,55589.00000,53656.66000,54960.77000,167495.39300
2021-10-10,54960.79000,56789.00000,54101.00000,54700.00000,289072.81800
2021-10-11,54700.00000,57880.00000,54458.00000,57500.01000,314868.05000
2021-10-12,57500.01000,57756.52000,53750.00000,56011.84000,349147.77500
2021-10-13,56011.83000,57822.38000,54271.24000,57393.65000,327714.31800
2021-10-14,57393.65000,58586.67000,56800.00000,57378.19000,254719.75100
2021-10-15,57377.12000,63997.61000,56900.00000,61702.33000,493366.51300
2021-10-16,61702.33000,62444.23000,60220.00000,60925.56000,213251.89900
2021-10-17,60925.56000,61796.47000,58850.00000,61571.45000,240132.51400
2021-10-18,61571.45000,62800.00000,59897.61000,62037.92000,333278.48100
2021-10-19,62037.92000,64500.00000,61300.00000,64316.70000,379243.71800
2021-10-20,64314.75000,67150.00000,63518.81000,66064.24000,324737.86800
2021-10-21,66064.25000,66750.00000,62000.00000,62260.33000,478610.45800
2021-10-22,62260.33000,63796.20000,60011.90000,60734.27000,350359.52700
2021-10-23,60734.28000,61780.00000,59622.00000,61325.11000,222553.47800
2021-10-24,61325.09000,61550.00000,59504.46000,60902.82000,245816.82100
2021-10-25,60902.82000,63795.98000,60701.00000,63127.04000,234201.10000
2021-10-26,63129.25000,63362.06000,59838.05000,60358.75000,252256.92400
2021-10-27,60358.74000,61550.00000,57865.00000,58449.36000,329112.39600
2021-10-28,58449.36000,62641.26000,57550.00000,60622.03000,333323.11600
2021-10-29,60622.02000,63069.71000,60222.00000,62308.22000,218355.77300
2021-10-30,62308.21000,62415.85000,60631.23000,61895.19000,156041.52300
2021-10-31,61895.19000,62462.99000,60008.00000,61348.61000,183599.52400
2021-11-01,61347.14000,62543.58000,59400.00000,60942.87000,246158.36100
2021-11-02,60942.87000,64349.55000,60659.58000,63266.69000,217592.06200
2021-11-03,63266.69000,63613.00000,60300.00000,62946.45000,211190.18300
2021-11-04,62946.45000,63149.00000,60703.00000,61431.86000,184677.07900
2021-11-05,61433.90000,62671.48000,60762.00000,61006.00000,157569.63700
2021-11-06,61006.00000,61645.75000,60100.00000,61511.30000,154919.11800
2021-11-07,61511.30000,63377.58000,61368.26000,63316.40000,142878.20800
2021-11-08,63316.40000,67932.89000,63308.70000,67606.96000,274932.14600
2021-11-09,67606.96000,68675.16000,66300.00000,67009.98000,231843.83400
2021-11-10,67010.65000,69198.70000,62400.51000,64920.13000,347835.57300
2021-11-11,64920.13000,65646.98000,64147.12000,64831.30000,178279.27500
2021-11-12,64831.20000,65500.00000,62313.00000,64156.08000,264576.32500
2021-11-13,64156.08000,65073.24000,63430.01000,64427.00000,124466.49300
2021-11-14,64426.99000,65569.99000,63640.00000,65568.39000,146424.70100
2021-11-15,65568.38000,66395.05000,63351.58000,63654.49000,210026.60200
2021-11-16,63654.49000,63655.77000,58397.14000,60106.03000,475025.70600
2021-11-17,60106.03000,60848.85000,58336.68000,60366.96000,287388.87300
2021-11-18,60366.97000,60999.00000,56505.48000,56921.05000,412021.67200
2021-11-19,56921.04000,58333.00000,55604.00000,58069.51000,245356.12100
2021-11-20,58069.52000,59873.84000,57372.00000,59716.29000,173697.34200
2021-11-21,59716.28000,60052.82000,58518.88000,58661.39000,143887.27100
2021-11-22,58648.87000,59624.56000,55600.00000,56268.31000,326184.88100
2021-11-23,56268.31000,57888.00000,55250.00000,57574.23000,267790.32500
2021-11-24,57574.24000,57775.27000,55900.00000,57165.08000,194683.75700
2021-11-25,57165.09000,59449.62000,57029.00000,58988.21000,191912.65300
2021-11-26,58988.36000,59186.41000,53500.00000,53755.65000,378650.91900
2021-11-27,53755.66000,55300.00000,53640.69000,54738.77000,155119.11700
2021-11-28,54738.77000,57474.76000,53245.00000,57315.73000,213600.61500
2021-11-29,57315.72000,58924.21000,56715.00000,57827.98000,215111.46600
2021-11-30,57827.97000,59224.99000,55900.00000,56975.00000,337624.14800
2021-12-01,56978.06000,59100.00000,56500.00000,57209.29000,273959.10400
2021-12-02,57209.28000,57428.49000,55800.00000,56513.57000,249985.25500
2021-12-03,56513.56000,57670.00000,50604.00000,53612.00000,374132.01600
2021-12-04,53611.86000,53889.69000,40888.89000,49135.66000,598774.98900
2021-12-05,49135.66000,49699.49000,47755.00000,49376.60000,286434.38200
2021-12-06,49373.83000,50888.00000,47000.00000,50424.72000,357711.02900
2021-12-07,50424.72000,51929.00000,50012.00000,50577.20000,224670.61800
2021-12-08,50577.20000,51210.60000,48533.33000,50455.61000,238229.88400
2021-12-09,50459.61000,50773.03000,47312.89000,47539.76000,273086.08600
2021-12-10,47539.34000,50188.42000,46828.23000,47136.35000,302974.42900
2021-12-11,47132.31000,49499.05000,46724.35000,49381.15000,210959.99200
2021-12-12,49379.51000,50768.00000,48616.16000,50057.01000,183434.28500
2021-12-13,50057.02000,50180.00000,45600.00000,46679.93000,348551.32200
2021-12-14,46679.93000,48657.92000,46255.60000,48324.04000,266213.62700
2021-12-15,48324.00000,49479.75000,46518.73000,48870.48000,345239.89100
2021-12-16,48870.48000,49439.79000,47500.00000,47624.50000,215874.18700
2021-12-17,47629.10000,47988.27000,45373.11000,46125.33000,326458.13500
2021-12-18,46125.33000,47336.99000,45438.43000,46815.99000,191006.41500
2021-12-19,46815.99000,48461.17000,46399.37000,46668.63000,241698.54100
2021-12-20,46668.65000,47533.42000,45530.67000,46898.14000,273804.25900
2021-12-21,46896.82000,49298.78000,46650.00000,48875.15000,260008.35800
2021-12-22,48875.88000,49599.00000,48420.02000,48569.69000,208463.68900
2021-12-23,48569.69000,51377.74000,48020.00000,50817.92000,255885.48000
2021-12-24,50817.94000,51805.00000,50379.25000,50808.55000,220208.72500
2021-12-25,50809.37000,51190.00000,50105.00000,50403.64000,147662.43800
2021-12-26,50403.64000,51300.00000,49350.00000,50765.73000,184800.61600
2021-12-27,50765.73000,52134.00000,50450.00000,50707.72000,216225.26300
2021-12-28,50707.72000,50713.56000,47290.00000,47522.03000,336083.34000
2021-12-29,47522.02000,48125.97000,46000.00000,46436.54000,274795.37800
2021-12-30,46436.53000,47911.68000,45880.00000,47095.02000,229931.28800
2021-12-31,47095.02000,48575.00000,45650.00000,46210.56000,287186.00300
2022-01-01,46210.57000,47943.77000,46210.55000,47704.35000,179433.58400
2022-01-02,47704.35000,48000.00000,46605.68000,47280.00000,184795.09300
2022-01-03,47280.01000,47575.22000,45665.40000,46445.81000,244781.79300
2022-01-04,46445.80000,47524.36000,45445.57000,45833.42000,292149.75000
2022-01-05,45833.41000,47075.29000,42270.00000,43421.69000,485477.56900
2022-01-06,43421.70000,43766.00000,42385.83000,43080.01000,299509.85100
2022-01-07,43080.01000,43135.00000,40456.56000,41553.86000,473214.84900
2022-01-08,41553.87000,42335.00000,40500.00000,41688.05000,283737.22400
2022-01-09,41688.05000,42773.85000,41170.00000,41851.22000,223134.95200
2022-01-10,41851.22000,42219.84000,39610.00000,41801.55000,453644.11600
2022-01-11,41801.55000,43118.00000,41255.00000,42700.68000,323760.69100
2022-01-12,42700.69000,44300.00000,42415.00000,43880.72000,281339.29400
2022-01-13,43880.72000,44396.68000,42301.16000,42534.32000,289289.18000
2022-01-14,42538.72000,43450.00000,41666.00000,43042.40000,272517.07700
2022-01-15,43042.40000,43800.00000,42530.64000,43070.51000,184649.15700
2022-01-16,43070.51000,43464.71000,42531.69000,43060.66000,177450.47500
2022-01-17,43060.66000,43159.32000,41523.68000,42176.34000,232748.34500
2022-01-18,42176.34000,42680.00000,41260.00000,42337.58000,267472.46500
2022-01-19,42337.58000,42545.00000,41115.64000,41657.89000,333952.09500
2022-01-20,41656.90000,43495.00000,40550.00000,40661.69000,399818.05200
2022-01-21,40662.06000,41095.76000,35380.92000,36425.98000,790320.90900
2022-01-22,36426.46000,36817.74000,33950.00000,35043.73000,676272.90400
2022-01-23,35043.73000,36496.92000,34588.80000,36230.01000,369372.90300
2022-01-24,36230.00000,37528.00000,32853.83000,36648.31000,823000.70200
2022-01-25,36648.30000,37561.03000,35693.00000,36934.26000,409535.51700
2022-01-26,36934.26000,38886.58000,36232.42000,36787.43000,554457.38400
2022-01-27,36787.42000,37200.00000,35471.53000,37131.00000,422006.92200
2022-01-28,37131.00000,38000.00000,36149.02000,37696.21000,367509.14300
2022-01-29,37696.22000,38750.94000,37252.00000,38150.01000,238657.76400
2022-01-30,38150.00000,38420.30000,37334.83000,37870.01000,195029.12500
2022-01-31,37870.00000,38741.73000,36620.00000,38439.04000,318440.39200
2022-02-01,38439.04000,39260.26000,37969.00000,38680.51000,353354.12100
2022-02-02,38680.51000,38834.18000,36529.81000,36892.03000,337570.93400
2022-02-03,36892.05000,37395.00000,36204.30000,37289.86000,318656.22800
2022-02-04,37287.33000,41741.76000,37011.00000,41550.00000,520105.77000
2022-02-05,41550.00000,41922.00000,40920.00000,41374.69000,242184.07000
2022-02-06,41374.68000,42656.80000,41100.00000,42361.35000,215323.95000
2022-02-07,42361.34000,44541.16000,41609.76000,43829.99000,418053.77400
2022-02-08,43829.99000,45600.00000,42641.00000,44021.57000,468015.42100
2022-02-09,44021.58000,44826.00000,43089.08000,44358.08000,300270.06200
2022-02-10,44358.09000,45847.50000,43136.96000,43471.29000,563922.07500
2022-02-11,43471.30000,43900.00000,41914.23000,42366.00000,414646.19300
2022-02-12,42365.99000,42980.00000,41540.00000,42199.87000,256269.32500
2022-02-13,42199.88000,42755.97000,41850.00000,42041.13000,192068.01200
2022-02-14,42041.12000,42888.00000,41526.00000,42525.14000,303990.93300
2022-02-15,42525.14000,44777.00000,42406.23000,44529.60000,276735.42100
2022-02-16,44529.70000,44536.80000,43277.80000,43860.70000,255790.28700
2022-02-17,43860.80000,44150.00000,40020.10000,40491.70000,433958.98400
2022-02-18,40491.80000,40944.10000,39422.00000,39966.80000,377679.78200
2022-02-19,39966.80000,40438.70000,39610.30000,40052.60000,185624.67500
2022-02-20,40052.60000,40100.10000,37905.00000,38368.10000,329740.44400
2022-02-21,38367.90000,39510.00000,36762.00000,36986.40000,646391.81500
2022-02-22,36986.40000,38450.00000,36310.10000,38212.00000,465313.49700
2022-02-23,38212.10000,39250.00000,36963.20000,37227.80000,408056.25500
2022-02-24,37227.90000,40376.10000,34303.70000,38315.10000,919820.90700
2022-02-25,38316.20000,39750.00000,37999.20000,39205.40000,416316.36600
2022-02-26,39205.40000,40441.10000,38561.70000,39099.30000,251892.20100
2022-02-27,39099.30000,39868.60000,36934.60000,37672.00000,423197.24700
2022-02-28,37672.10000,44341.00000,37414.40000,43155.00000,615391.16100
2022-03-01,43155.00000,44935.00000,42765.40000,44394.10000,448483.64600
2022-03-02,44393.60000,45350.00000,43321.00000,43885.70000,407603.72100
2022-03-03,43885.80000,44080.00000,41831.00000,42449.50000,365565.83200
2022-03-04,42449.60000,42525.30000,38521.00000,39127.70000,469138.37400
2022-03-05,39127.70000,39580.00000,38547.60000,39375.10000,198747.89300
2022-03-06,39375.00000,39690.00000,38056.00000,38401.10000,311705.26000
2022-03-07,38401.10000,39550.00000,37134.00000,37963.80000,490254.51600
2022-03-08,37963.70000,39340.50000,37853.00000,38709.90000,421462.36700
2022-03-09,38709.90000,42647.50000,38638.70000,41937.50000,462059.81100
2022-03-10,41939.50000,42034.30000,38512.00000,39407.20000,520645.18600
2022-03-11,39407.10000,40242.00000,38200.10000,38713.00000,467078.89200
2022-03-12,38713.10000,39578.40000,38630.00000,38792.60000,172494.82500
2022-03-13,38792.70000,39300.00000,37500.00000,37743.70000,236623.69400
2022-03-14,37743.00000,39989.00000,37522.10000,39653.80000,360058.35800
2022-03-15,39651.60000,39901.80000,38073.80000,39271.00000,345019.24300
2022-03-16,39270.90000,41804.00000,38700.00000,41105.80000,650589.66100
2022-03-17,41105.90000,41498.40000,40442.80000,40898.10000,243988.79400
2022-03-18,40898.00000,42322.80000,40084.20000,41751.50000,299134.44300
2022-03-19,41751.60000,42446.60000,41500.00000,42188.20000,186459.95400
2022-03-20,42188.20000,42269.30000,40900.00000,41261.00000,235774.12900
2022-03-21,41261.00000,41544.40000,40430.00000,40982.00000,308396.46000
2022-03-22,40982.00000,43517.70000,40852.00000,42349.80000,374297.67400
2022-03-23,42349.90000,43051.00000,41731.30000,42867.90000,282631.74000
2022-03-24,42867.80000,44200.00000,42525.00000,43973.40000,331440.05700
2022-03-25,43973.20000,45142.00000,43575.10000,44290.60000,348620.12200
2022-03-26,44290.60000,44785.00000,44041.00000,44489.20000,140712.58700
2022-03-27,44489.30000,47047.00000,44416.00000,46820.80000,269280.22800
2022-03-28,46820.90000,48200.00000,46651.20000,47121.90000,317565.78200
2022-03-29,47121.80000,48100.00000,46911.00000,47418.50000,259040.83500
2022-03-30,47418.50000,47688.60000,46535.00000,47053.20000,235009.89200
2022-03-31,47053.10000,47619.40000,45185.00000,45506.00000,299837.61000
2022-04-01,45505.90000,46700.00000,44206.20000,46266.20000,360734.55300
2022-04-02,46266.20000,47236.80000,45600.00000,45794.60000,226413.35700
2022-04-03,45792.30000,47448.00000,45501.00000,46392.40000,212589.01300
2022-04-04,46392.30000,46895.50000,45094.00000,46580.90000,272796.54100
2022-04-05,46580.90000,47188.00000,45300.00000,45477.40000,257524.63900
2022-04-06,45477.50000,45494.20000,43100.00000,43159.70000,384359.37500
2022-04-07,43159.80000,43888.00000,42685.00000,43417.10000,229567.98000
2022-04-08,43417.10000,43968.10000,42074.00000,42229.20000,310095.82900
2022-04-09,42229.10000,42796.70000,42100.30000,42727.70000,119722.65400
2022-04-10,42727.80000,43399.40000,41838.00000,42140.40000,181904.47000
2022-04-11,42140.30000,42399.90000,39136.70000,39505.60000,439530.02000
2022-04-12,39505.60000,40700.00000,39224.00000,40060.70000,349883.63100
2022-04-13,40060.70000,41580.00000,39569.80000,41129.80000,324910.93100
2022-04-14,41129.80000,41474.80000,39522.00000,39915.90000,261966.39100
2022-04-15,39915.90000,40888.00000,39734.20000,40529.50000,194680.67100
2022-04-16,40529.60000,40700.00000,39944.90000,40361.00000,127705.05700
2022-04-17,40360.90000,40574.10000,39510.00000,39649.10000,170331.82400
2022-04-18,39649.10000,41310.00000,38465.70000,40785.60000,362435.31900
2022-04-19,40785.70000,41788.00000,40543.70000,41472.90000,214404.27100
2022-04-20,41472.90000,42166.80000,40800.00000,41327.70000,257382.42700
2022-04-21,41326.00000,42966.00000,39630.00000,40449.80000,393149.95600
2022-04-22,40449.70000,40786.10000,39133.00000,39674.20000,314935.75300
2022-04-23,39674.30000,40000.00000,39259.00000,39415.10000,125046.81700
2022-04-24,39413.80000,39930.60000,38884.10000,39433.40000,180371.76200
2022-04-25,39433.40000,40650.00000,38111.00000,40411.00000,448877.89300
2022-04-26,40411.00000,40800.00000,37671.80000,38093.70000,453132.19800
2022-04-27,38093.70000,39470.00000,37844.50000,39209.00000,385645.36500
2022-04-28,39209.00000,40376.60000,38861.80000,39732.50000,413543.40800
2022-04-29,39732.50000,39924.80000,38160.00000,38572.20000,308116.37500
2022-04-30,38572.20000,38782.60000,37550.00000,37614.50000,181810.38200
2022-05-01,37614.40000,38680.60000,37350.00000,38440.50000,236549.46200
2022-05-02,38440.20000,39222.00000,38032.20000,38525.60000,336845.36500
2022-05-03,38525.50000,38674.70000,37500.10000,37712.90000,248986.22200
2022-05-04,37713.00000,40071.70000,37655.20000,39684.00000,424498.81800
2022-05-05,39684.10000,39845.00000,35388.00000,36534.70000,547209.00000
2022-05-06,36533.70000,36679.30000,35200.00000,35995.30000,431979.24000
2022-05-07,35995.20000,36138.00000,34700.00000,35466.70000,200264.83300
2022-05-08,35466.70000,35504.00000,33665.00000,34032.00000,426872.58400
2022-05-09,34032.10000,34243.30000,30003.60000,30056.60000,1078779.71200
2022-05-10,30056.00000,32650.00000,29701.40000,31002.10000,863178.96100
2022-05-11,31002.10000,32197.60000,27651.00000,29074.70000,1101875.97200
2022-05-12,29077.90000,30257.00000,26631.00000,29020.70000,964475.58900
2022-05-13,29020.80000,31072.60000,28730.40000,29274.30000,507620.10500
2022-05-14,29274.20000,30352.20000,28602.30000,30079.80000,315756.89500
2022-05-15,30079.50000,31462.00000,29448.00000,31324.40000,336773.13900
2022-05-16,31324.30000,31327.40000,29052.30000,29866.70000,507243.16600
2022-05-17,29866.40000,30794.00000,29420.00000,30437.00000,398624.51900
2022-05-18,30437.00000,30700.00000,28629.60000,28700.60000,426700.45700
2022-05-19,28700.60000,30550.00000,28670.50000,30319.90000,448856.72400
2022-05-20,30319.90000,30784.40000,28702.00000,29188.90000,485439.17100
2022-05-21,29188.90000,29650.00000,28927.00000,29427.40000,202804.08900
2022-05-22,29427.40000,30500.00000,29223.60000,30284.00000,297116.44000
2022-05-23,30284.00000,30658.00000,28840.70000,29097.70000,475720.75000
2022-05-24,29097.80000,29887.30000,28637.60000,29643.10000,382124.44900
2022-05-25,29643.00000,30246.70000,29330.00000,29536.70000,413459.48400
2022-05-26,29536.70000,29877.00000,27952.10000,29194.00000,602137.08600
2022-05-27,29194.00000,29387.00000,28259.60000,28623.20000,506638.88400
2022-05-28,28623.30000,29265.70000,28520.00000,29018.80000,193644.28300
2022-05-29,29018.80000,29595.20000,28825.00000,29452.80000,215139.93400
2022-05-30,29452.60000,32307.60000,29301.10000,31726.50000,502712.17600
2022-05-31,31726.50000,32427.50000,31222.00000,31797.80000,383688.26500
2022-06-01,31797.90000,31986.10000,29300.00000,29796.90000,556992.75600
2022-06-02,29796.90000,30750.00000,29566.10000,30437.10000,370924.68700
2022-06-03,30437.10000,30693.20000,29220.00000,29682.80000,357110.37700
2022-06-04,29682.80000,29988.00000,29456.00000,29848.40000,187520.53400
2022-06-05,29848.50000,30250.00000,29524.00000,29909.90000,205385.83100
2022-06-06,29910.00000,31780.00000,29876.20000,31361.20000,436522.87400
2022-06-07,31361.20000,31599.00000,29190.00000,31118.10000,691714.98500
2022-06-08,31118.00000,31325.00000,29825.00000,30192.50000,455686.63700
2022-06-09,30192.60000,30691.90000,29914.50000,30093.30000,307312.17500
2022-06-10,30093.40000,30374.10000,28805.00000,29077.70000,445928.65900
2022-06-11,29077.70000,29427.90000,28080.00000,28416.70000,391367.81400
2022-06-12,28416.60000,28530.30000,26538.70000,26564.70000,560834.13100
2022-06-13,26564.70000,26877.00000,21900.00000,22471.50000,1622521.56000
2022-06-14,22471.40000,23424.20000,20823.00000,22122.70000,1247609.79600
2022-06-15,22122.70000,22800.00000,20100.20000,22567.50000,1509301.16900
2022-06-16,22567.50000,23000.00000,20222.00000,20387.40000,882634.22000
2022-06-17,20387.40000,21388.00000,20228.00000,20457.30000,776153.25700
2022-06-18,20457.30000,20768.40000,17593.20000,18959.70000,1268591.38800
2022-06-19,18959.70000,20821.00000,17935.90000,20564.20000,1089275.67400
2022-06-20,20564.30000,21099.90000,19630.00000,20570.10000,935816.13000
2022-06-21,20570.00000,21740.00000,20337.80000,20713.10000,787173.93600
2022-06-22,20713.10000,20888.00000,19745.70000,19977.40000,812184.19300
2022-06-23,19977.50000,21250.00000,19874.00000,21096.60000,698753.04000
2022-06-24,21096.60000,21563.50000,20732.50000,21231.20000,645450.77800
2022-06-25,21231.20000,21627.60000,20894.00000,21481.90000,434117.44700
2022-06-26,21481.90000,21888.00000,20952.00000,21029.10000,442787.73600
2022-06-27,21029.10000,21560.00000,20500.00000,20730.00000,539335.00900
2022-06-28,20730.00000,21198.00000,20188.00000,20268.60000,582916.10800
2022-06-29,20268.70000,20430.00000,19817.20000,20109.90000,608905.99000
2022-06-30,20109.90000,20165.00000,18563.00000,19923.50000,859981.41500
2022-07-01,19923.30000,20926.40000,18948.80000,19272.00000,915399.36300
2022-07-02,19272.00000,19456.00000,18959.00000,19240.90000,382851.52500
2022-07-03,19241.00000,19645.40000,18780.10000,19305.90000,449508.33100
2022-07-04,19306.00000,20350.00000,19046.30000,20226.60000,633310.18700
2022-07-05,20226.30000,20749.20000,19291.60000,20170.00000,854238.86700
2022-07-06,20170.10000,20667.60000,19753.00000,20554.10000,682076.45800
2022-07-07,20554.20000,21830.00000,20244.90000,21613.40000,699841.61600
2022-07-08,21614.50000,22579.90000,21175.20000,21587.90000,848144.49500
2022-07-09,21587.80000,22000.00000,21309.60000,21580.00000,393372.36600
2022-07-10,21580.00000,21594.20000,20600.00000,20853.80000,468176.53900
2022-07-11,20853.80000,20853.90000,19870.00000,19954.30000,561245.98700
2022-07-12,19954.30000,20048.90000,19228.30000,19322.90000,640560.72300
2022-07-13,19322.90000,20401.60000,18901.00000,20220.10000,975938.16500
2022-07-14,20220.10000,20900.00000,19600.00000,20578.60000,765989.53000
2022-07-15,20578.60000,21200.00000,20364.30000,20823.10000,626763.69200
2022-07-16,20823.10000,21580.00000,20471.00000,21183.50000,539206.87000
2022-07-17,21183.60000,21674.10000,20742.00000,20794.40000,485537.72800
2022-07-18,20794.40000,22800.00000,20764.40000,22423.90000,982867.73400
2022-07-19,22423.50000,23817.90000,21575.00000,23385.90000,1124029.08200
2022-07-20,23385.90000,24277.00000,22912.40000,23221.50000,946647.81500
2022-07-21,23221.50000,23441.10000,22340.20000,23144.50000,723543.46600
2022-07-22,23144.50000,23750.00000,22500.00000,22675.10000,633907.93400
2022-07-23,22675.00000,22990.00000,21933.50000,22440.20000,505887.67300
2022-07-24,22440.10000,22999.00000,22256.40000,22570.60000,462958.95300
2022-07-25,22570.60000,22656.80000,21232.00000,21300.00000,695770.65500
2022-07-26,21300.00000,21334.40000,20689.60000,21241.00000,552498.90300
2022-07-27,21241.00000,23100.00000,21031.00000,22941.10000,753370.30300
2022-07-28,22941.10000,24194.60000,22583.10000,23836.20000,756741.83600
2022-07-29,23836.20000,24500.00000,23426.30000,23771.10000,642337.05100
2022-07-30,23771.00000,24700.00000,23505.00000,23629.90000,493824.81600
2022-07-31,23630.00000,24187.30000,23222.00000,23290.10000,385969.85000
2022-08-01,23290.10000,23497.00000,22836.20000,23257.60000,498378.29200
2022-08-02,23257.60000,23448.70000,22603.00000,22975.10000,625227.91200
2022-08-03,22975.10000,23650.00000,22665.30000,22801.50000,569261.76800
2022-08-04,22801.50000,23211.30000,22370.00000,22608.90000,548268.81600
2022-08-05,22608.90000,23450.00000,22580.60000,23298.10000,593992.13000
2022-08-06,23298.00000,23341.80000,22883.60000,22943.30000,227659.39400
2022-08-07,22943.20000,23400.00000,22830.90000,23167.80000,271512.06200
2022-08-08,23167.90000,24243.00000,23153.10000,23804.40000,565084.21900
2022-08-09,23804.30000,23913.40000,22850.00000,23140.20000,498286.94300
2022-08-10,23140.10000,24235.20000,22608.00000,23940.90000,760738.20400
2022-08-11,23941.00000,24972.00000,23840.60000,23917.20000,760455.24500
2022-08-12,23917.30000,24438.80000,23560.00000,24387.50000,477734.04500
2022-08-13,24387.50000,24879.00000,24267.50000,24429.00000,431093.65900
2022-08-14,24429.00000,25065.00000,24138.00000,24294.10000,437314.32000
2022-08-15,24294.10000,25200.00000,23762.00000,24085.20000,739390.72100
2022-08-16,24085.20000,24234.00000,23650.00000,23843.00000,460919.99400
2022-08-17,23843.00000,24437.00000,23170.00000,23333.10000,640600.90300
2022-08-18,23333.10000,23595.00000,23101.00000,23185.10000,347699.00600
2022-08-19,23185.00000,23200.00000,20760.00000,20824.90000,906609.82500
2022-08-20,20825.00000,21368.90000,20742.90000,21127.80000,490507.04200
2022-08-21,21127.70000,21804.60000,21055.00000,21505.60000,424282.42400
2022-08-22,21505.60000,21550.00000,20858.60000,21387.00000,588764.59700
2022-08-23,21387.00000,21667.20000,20874.80000,21518.20000,609745.27000
2022-08-24,21518.20000,21925.60000,21132.30000,21354.90000,502728.19800
2022-08-25,21355.00000,21810.90000,21295.30000,21548.30000,415757.99200
2022-08-26,21548.30000,21867.60000,20100.00000,20228.70000,896474.35600
2022-08-27,20228.70000,20367.70000,19744.00000,20023.90000,469598.02400
2022-08-28,20024.00000,20155.00000,19508.00000,19547.50000,386405.19500
2022-08-29,19547.50000,20440.00000,19539.40000,20275.50000,598076.66900
2022-08-30,20275.50000,20574.00000,19524.40000,19803.10000,767714.99300
2022-08-31,19803.20000,20496.00000,19787.90000,20041.50000,711639.33900
2022-09-01,20041.40000,20198.30000,19555.00000,20122.50000,691594.72100
2022-09-02,20122.60000,20434.30000,19736.00000,19941.00000,669047.81600
2022-09-03,19941.00000,20050.00000,19628.70000,19820.70000,285240.98900
2022-09-04,19820.70000,20022.40000,19570.00000,19992.70000,396798.18400
2022-09-05,19992.70000,20046.70000,19620.20000,19784.90000,446706.41000
2022-09-06,19784.90000,20174.70000,18600.00000,18781.50000,945489.14200
2022-09-07,18781.40000,19455.00000,18500.00000,19287.00000,595636.69300
2022-09-08,19287.00000,19450.00000,19003.80000,19309.30000,537268.64400
2022-09-09,19309.30000,21666.00000,19283.00000,21352.00000,992497.10000
2022-09-10,21352.00000,21825.00000,21112.20000,21639.50000,491543.20600
2022-09-11,21639.50000,21883.40000,21336.00000,21820.30000,420979.32600
2022-09-12,21820.30000,22474.00000,21540.00000,22386.00000,818601.93200
2022-09-13,22386.00000,22850.00000,19840.00000,20162.50000,1218769.92700
2022-09-14,20162.60000,20528.50000,19600.00000,20217.00000,661802.59700
2022-09-15,20217.00000,20315.00000,19453.00000,19690.80000,665862.06700
2022-09-16,19690.80000,19878.00000,19300.00000,19792.50000,544608.80400
2022-09-17,19792.40000,20182.60000,19739.40000,20102.00000,334678.55800
2022-09-18,20102.00000,20105.30000,19325.80000,19404.50000,499916.47400
2022-09-19,19404.50000,19686.30000,18215.00000,19528.60000,993776.35200
2022-09-20,19528.60000,19625.00000,18690.10000,18866.80000,794623.93200
2022-09-21,18866.70000,20154.10000,18084.30000,18447.50000,1168068.97900
2022-09-22,18447.50000,19504.80000,18345.20000,19392.50000,852898.39100
2022-09-23,19392.50000,19492.00000,18518.50000,19280.70000,838493.74600
2022-09-24,19280.70000,19304.50000,18798.00000,18911.00000,377158.21500
2022-09-25,18910.90000,19196.00000,18621.00000,18799.70000,410461.60300
2022-09-26,18799.70000,19311.50000,18671.00000,19216.30000,777807.51800
2022-09-27,19216.30000,20375.00000,18801.50000,19070.10000,1300566.15800
2022-09-28,19070.10000,19787.60000,18460.00000,19407.30000,1141222.77200
2022-09-29,19407.40000,19648.80000,18827.20000,19582.50000,991678.22400
2022-09-30,19582.50000,20172.70000,19066.00000,19411.70000,1071462.93400
2022-10-01,19411.60000,19474.00000,19140.00000,19304.00000,294457.00900
2022-10-02,19304.00000,19389.00000,18896.00000,19049.40000,414970.45100
2022-10-03,19049.30000,19723.70000,18950.80000,19622.00000,621816.32900
2022-10-04,19621.90000,20500.00000,19480.10000,20333.00000,796678.76200
2022-10-05,20332.90000,20356.10000,19707.00000,20150.00000,719577.14900
2022-10-06,20149.90000,20443.90000,19843.30000,19954.00000,782034.66900
2022-10-07,19954.00000,20067.00000,19304.40000,19520.90000,673407.10200
2022-10-08,19520.90000,19619.60000,19200.00000,19406.20000,253257.20100
2022-10-09,19406.30000,19550.00000,19310.00000,19430.00000,267178.79500
2022-10-10,19430.00000,19513.00000,19000.00000,19124.00000,560920.90400
2022-10-11,19124.10000,19260.00000,18850.00000,19055.00000,603358.32400
2022-10-12,19055.00000,19240.00000,18924.30000,19148.00000,406770.28800
2022-10-13,19148.10000,19498.60000,17917.80000,19365.50000,1104615.00100
2022-10-14,19365.40000,19947.90000,19059.60000,19164.60000,861453.21000
2022-10-15,19164.60000,19218.80000,18966.00000,19060.40000,241520.18500
2022-10-16,19060.40000,19415.90000,19058.00000,19251.90000,267921.19200
2022-10-17,19251.80000,19666.00000,19148.00000,19540.60000,502319.75900
2022-10-18,19540.70000,19706.40000,19081.00000,19320.90000,634343.15400
2022-10-19,19320.90000,19349.80000,19050.00000,19116.70000,404370.45800
2022-10-20,19116.60000,19350.00000,18882.40000,19034.70000,537627.04800
2022-10-21,19034.80000,19240.00000,18600.00000,19150.90000,581878.90500
2022-10-22,19151.00000,19250.00000,19103.50000,19195.10000,174055.04200
2022-10-23,19195.10000,19690.00000,19050.00000,19560.70000,358611.54200
2022-10-24,19560.60000,19593.30000,19146.00000,19318.10000,476676.53600
2022-10-25,19318.10000,20415.00000,19228.00000,20068.30000,777306.53400
2022-10-26,20068.30000,21030.00000,20041.10000,20758.30000,841864.98200
2022-10-27,20758.40000,20863.70000,20170.00000,20285.50000,614910.04500
2022-10-28,20285.60000,20740.00000,19951.00000,20582.80000,595538.88200
2022-10-29,20582.70000,21088.00000,20547.80000,20796.70000,482217.17000
2022-10-30,20796.70000,20925.20000,20503.00000,20615.60000,295389.69000
2022-10-31,20615.50000,20838.70000,20225.40000,20482.00000,478797.26600
2022-11-01,20482.10000,20687.00000,20320.00000,20472.10000,314676.18700
2022-11-02,20472.10000,20796.00000,20050.00000,20140.10000,651535.76100
2022-11-03,20140.20000,20400.00000,20026.00000,20199.70000,372121.06100
2022-11-04,20199.80000,21297.00000,20171.60000,21137.60000,824515.21500
2022-11-05,21137.60000,21473.70000,21071.10000,21289.90000,303983.37200
2022-11-06,21289.80000,21355.80000,20863.30000,20900.00000,277148.64600
2022-11-07,20900.00000,21062.60000,20374.00000,20578.60000,554408.31600
2022-11-08,20578.50000,20685.00000,16830.00000,18534.00000,2046476.31300
2022-11-09,18533.90000,18574.90000,15462.60000,15905.00000,2065606.41200
2022-11-10,15905.00000,18230.00000,15730.00000,17588.00000,1497093.60200
2022-11-11,17588.00000,17678.00000,16343.00000,17058.30000,955344.60200
2022-11-12,17058.40000,17110.80000,16623.80000,16806.90000,304455.71700
2022-11-13,16806.90000,16950.00000,16210.30000,16321.20000,349742.83600
2022-11-14,16321.30000,17188.00000,15805.50000,16605.20000,934392.48400
2022-11-15,16605.30000,17127.20000,16516.70000,16888.30000,649349.45800
2022-11-16,16888.30000,17007.40000,16358.00000,16650.60000,537241.64500
2022-11-17,16650.70000,16741.70000,16403.30000,16682.10000,408989.28500
2022-11-18,16682.10000,16984.40000,16541.10000,16689.70000,388612.84200
2022-11-19,16689.70000,16814.50000,16543.80000,16692.90000,171822.91500
2022-11-20,16693.00000,16743.90000,16167.10000,16272.60000,327599.21400
2022-11-21,16272.70000,16304.30000,15443.20000,15773.00000,790219.36500
2022-11-22,15772.90000,16309.00000,15610.30000,16220.60000,579333.64400
2022-11-23,16220.50000,16703.40000,16155.50000,16595.80000,546714.91000
2022-11-24,16595.80000,16800.00000,16450.00000,16592.40000,351024.41800
2022-11-25,16592.50000,16639.90000,16331.70000,16516.10000,306560.11600
2022-11-26,16516.20000,16699.10000,16369.10000,16449.20000,253401.65900
2022-11-27,16449.20000,16594.20000,16396.00000,16422.60000,189370.34500
2022-11-28,16422.50000,16475.00000,15984.10000,16204.50000,497137.86900
2022-11-29,16204.60000,16543.00000,16088.00000,16433.20000,391410.85400
2022-11-30,16433.30000,17248.30000,16421.50000,17153.30000,620324.95000
2022-12-01,17153.40000,17348.50000,16851.20000,16970.50000,411051.30900
2022-12-02,16970.50000,17096.30000,16760.00000,17083.00000,335039.21500
2022-12-03,17083.00000,17160.00000,16850.10000,16879.50000,185257.24200
2022-12-04,16879.50000,17206.20000,16874.10000,17099.50000,292090.86800
2022-12-05,17099.50000,17430.00000,16860.60000,16958.30000,519961.39000
2022-12-06,16958.20000,17100.00000,16899.90000,17078.60000,321330.61300
2022-12-07,17078.70000,17130.00000,16655.00000,16828.00000,337778.92500
2022-12-08,16828.00000,17294.90000,16710.40000,17216.00000,402157.33500
2022-12-09,17216.00000,17365.40000,17052.00000,17122.00000,290231.18300
2022-12-10,17122.00000,17228.60000,17081.00000,17120.00000,141895.20700
2022-12-11,17120.10000,17265.00000,17060.00000,17077.30000,171004.11100
2022-12-12,17077.30000,17237.90000,16865.00000,17200.00000,335856.25800
2022-12-13,17200.00000,18100.00000,17076.00000,17777.10000,596851.29100
2022-12-14,17777.10000,18400.00000,17659.40000,17803.90000,627511.69900
2022-12-15,17804.00000,17849.50000,17258.00000,17351.80000,437284.03700
2022-12-16,17351.90000,17528.00000,16521.10000,16624.10000,622150.24500
2022-12-17,16624.10000,16790.00000,16571.80000,16768.00000,248465.27300
2022-12-18,16768.10000,16872.00000,16656.00000,16730.30000,185898.21300
2022-12-19,16730.40000,16809.60000,16210.00000,16429.20000,344728.55200
2022-12-20,16429.20000,17049.60000,16390.30000,16887.20000,476171.09800
2022-12-21,16887.30000,16924.20000,16694.20000,16819.60000,227752.33500
2022-12-22,16819.70000,16861.90000,16556.10000,16815.50000,306610.96100
2022-12-23,16815.50000,16960.00000,16690.00000,16776.40000,264553.42000
2022-12-24,16776.30000,16859.90000,16774.40000,16828.90000,82410.79000
2022-12-25,16829.00000,16850.00000,16700.00000,16824.40000,144075.84300
2022-12-26,16824.50000,16936.80000,16781.10000,16912.90000,148128.69900
2022-12-27,16912.80000,16968.00000,16580.00000,16698.20000,262828.56400
2022-12-28,16698.20000,16778.30000,16455.60000,16539.00000,344649.85800
2022-12-29,16538.90000,16659.00000,16485.10000,16630.30000,208591.53100
2022-12-30,16630.30000,16666.60000,16320.00000,16601.20000,295630.49000
2022-12-31,16601.20000,16640.00000,16461.80000,16537.60000,134462.15600
2023-01-01,16537.50000,16618.80000,16488.00000,16610.30000,105502.96500
2023-01-02,16610.40000,16799.00000,16541.20000,16666.00000,215161.17600
2023-01-03,16665.90000,16774.00000,16600.30000,16667.20000,203070.20500
2023-01-04,16667.30000,16984.60000,16645.70000,16842.10000,349747.83800
2023-01-05,16842.20000,16872.80000,16740.40000,16823.80000,176369.34700
2023-01-06,16823.80000,17030.00000,16664.80000,16943.80000,316973.62900
2023-01-07,16943.90000,16973.60000,16900.10000,16936.50000,77973.10500
2023-01-08,16936.50000,17181.10000,16905.00000,17124.70000,157717.31800
2023-01-09,17124.60000,17387.80000,17098.20000,17169.70000,400277.80900
2023-01-10,17169.60000,17485.40000,17140.40000,17428.80000,297320.37100
2023-01-11,17428.80000,18013.20000,17306.40000,17935.70000,386277.10600
2023-01-12,17935.60000,19120.00000,17902.40000,18838.00000,1040334.76000
2023-01-13,18838.10000,19997.80000,18711.00000,19924.20000,806807.83200
2023-01-14,19924.30000,21544.00000,19882.60000,20962.80000,1010666.68300
2023-01-15,20962.80000,21073.80000,20556.00000,20882.70000,428486.55900
2023-01-16,20882.70000,21498.00000,20606.60000,21188.30000,666148.20100
2023-01-17,21188.20000,21640.00000,20827.80000,21130.90000,547390.59300
2023-01-18,21130.80000,21672.00000,20386.00000,20680.00000,813785.51700
2023-01-19,20680.10000,21183.90000,20659.90000,21068.30000,374733.61700
2023-01-20,21068.30000,22750.00000,20856.40000,22661.10000,723645.20000
2023-01-21,22661.00000,23390.00000,22422.00000,22781.90000,764681.10000
2023-01-22,22781.80000,23080.20000,22287.00000,22704.60000,482529.81100
2023-01-23,22704.70000,23193.10000,22500.00000,22913.10000,525802.84000
2023-01-24,22913.30000,23158.70000,22450.00000,22627.40000,505615.81600
2023-01-25,22627.50000,23837.40000,22310.50000,23060.60000,692786.60700
2023-01-26,23060.60000,23278.70000,22843.80000,23001.90000,427760.78600
2023-01-27,23001.90000,23500.00000,22516.60000,23068.00000,509920.30700
2023-01-28,23068.10000,23185.00000,22870.80000,23015.90000,186400.94300
2023-01-29,23016.00000,23962.70000,22961.50000,23740.30000,562028.23100
2023-01-30,23740.20000,23804.60000,22484.20000,22819.90000,572537.40700
2023-01-31,22819.90000,23330.00000,22715.30000,23119.40000,403726.96600
2023-02-01,23119.50000,23852.40000,22747.00000,23730.00000,571429.71100
2023-02-02,23730.10000,24281.40000,23365.00000,23493.10000,615740.33800
2023-02-03,23493.00000,23719.90000,23201.00000,23424.70000,470831.43800
2023-02-04,23424.70000,23591.40000,23250.00000,23322.60000,197118.39300
2023-02-05,23322.60000,23436.00000,22741.00000,22929.20000,356665.03400
2023-02-06,22929.30000,23159.40000,22600.00000,22757.70000,417160.14300
2023-02-07,22757.80000,23368.60000,22742.40000,23234.10000,447273.49400
2023-02-08,23234.10000,23450.00000,22662.90000,22955.90000,383465.48100
2023-02-09,22955.90000,23007.80000,21684.70000,21793.40000,732295.35000
2023-02-10,21793.30000,21933.80000,21405.00000,21618.60000,439986.49700
2023-02-11,21618.60000,21891.90000,21594.40000,21851.30000,189249.66700
2023-02-12,21851.20000,22080.90000,21618.00000,21771.10000,276787.09300
2023-02-13,21771.00000,21888.00000,21338.00000,21766.20000,511595.69300
2023-02-14,21766.10000,22320.00000,21485.20000,22187.40000,598791.50900
2023-02-15,22187.40000,24420.00000,22038.50000,24332.60000,824676.47100
2023-02-16,24332.70000,25290.00000,23518.00000,23526.60000,959463.15900
2023-02-17,23526.60000,25043.20000,23350.00000,24581.50000,922717.14800
2023-02-18,24581.30000,24887.50000,24430.60000,24636.90000,261555.55600
2023-02-19,24636.80000,25200.00000,24179.40000,24265.90000,543506.62800
2023-02-20,24265.90000,25140.00000,23827.00000,24849.90000,646401.07200
2023-02-21,24849.90000,25347.60000,24150.00000,24443.40000,729290.57500
2023-02-22,24443.30000,24468.50000,23572.00000,24171.30000,730414.10100
2023-02-23,24171.30000,24588.00000,23590.00000,23928.80000,751339.41400
2023-02-24,23928.70000,24138.60000,22800.00000,23175.60000,731577.94200
2023-02-25,23175.50000,23210.50000,22700.00000,23146.20000,310795.64800
2023-02-26,23146.20000,23675.00000,23050.00000,23545.30000,371395.05600
2023-02-27,23545.20000,23888.00000,23088.00000,23480.00000,576754.96600
2023-02-28,23480.00000,23592.80000,23010.00000,23129.60000,456919.83800
2023-03-01,23129.70000,24022.70000,23008.40000,23619.80000,617250.31100
2023-03-02,23619.80000,23790.50000,23183.00000,23457.10000,419256.60100
2023-03-03,23457.10000,23468.50000,21883.20000,22342.80000,608518.13700
2023-03-04,22342.80000,22400.00000,22147.50000,22335.70000,175309.21100
2023-03-05,22335.80000,22650.00000,22174.90000,22419.40000,282261.74500
2023-03-06,22419.30000,22594.50000,22240.10000,22397.10000,298976.39700
2023-03-07,22397.10000,22550.00000,21908.00000,22187.10000,548494.09900
2023-03-08,22187.10000,22276.40000,21540.50000,21695.40000,547867.96700
2023-03-09,21695.30000,21823.00000,20003.50000,20348.30000,951903.36000
2023-03-10,20348.40000,20351.80000,19521.60000,20140.30000,1238135.26500
2023-03-11,20140.30000,20674.50000,19752.50000,20447.30000,753479.55800
2023-03-12,20447.30000,22184.00000,20262.20000,21986.20000,881522.40200
2023-03-13,21986.20000,24517.20000,21804.00000,24119.50000,1534982.17600
2023-03-14,24119.50000,26489.90000,23951.00000,24682.50000,1572562.63500
2023-03-15,24682.50000,25200.00000,23888.00000,24288.00000,1102056.42900
2023-03-16,24287.90000,25167.90000,24120.50000,24990.40000,735446.94600
2023-03-17,24990.50000,27763.40000,24875.30000,27384.00000,1341159.06400
2023-03-18,27383.90000,27726.40000,26555.50000,26907.00000,740232.31600
2023-03-19,26907.00000,28397.00000,26815.90000,27955.70000,759367.07800
2023-03-20,27955.80000,28483.20000,27120.60000,27704.10000,937223.44800
2023-03-21,27704.10000,28460.00000,27288.00000,28091.10000,685487.71400
2023-03-22,28091.10000,28881.00000,26590.00000,27233.80000,1080393.27000
2023-03-23,27233.80000,28777.00000,27101.00000,28284.10000,808174.04700
2023-03-24,28284.00000,28369.10000,26960.00000,27438.90000,696075.37000
2023-03-25,27439.00000,27788.00000,27131.80000,27447.30000,335674.05500
2023-03-26,27447.20000,28186.90000,27400.00000,27954.30000,399756.98500
2023-03-27,27954.30000,28019.40000,26480.00000,27112.00000,642434.82200
2023-03-28,27112.00000,27500.00000,26610.00000,27249.70000,585080.77200
2023-03-29,27249.70000,28649.90000,27223.60000,28338.50000,655852.97100
2023-03-30,28338.60000,29184.80000,27654.10000,28015.00000,770966.10000
2023-03-31,28015.00000,28675.30000,27500.00000,28454.90000,611557.29000
2023-04-01,28454.80000,28845.30000,28180.00000,28443.80000,256487.22200
2023-04-02,28443.70000,28516.50000,27820.00000,28161.20000,316658.67000
2023-04-03,28161.30000,28540.00000,27166.00000,27786.10000,741665.56300
2023-04-04,27786.10000,28450.00000,27650.20000,28155.20000,432370.61200
2023-04-05,28155.10000,28800.00000,27775.00000,28154.00000,543712.83800
2023-04-06,28154.00000,28175.00000,27684.20000,28022.80000,355916.78200
2023-04-07,28022.90000,28096.00000,27755.00000,27890.70000,219250.17800
2023-04-08,27890.70000,28153.60000,27850.10000,27924.90000,159129.56000
2023-04-09,27924.90000,28539.10000,27762.80000,28309.40000,305861.88000
2023-04-10,28309.40000,29840.00000,28153.60000,29623.10000,580061.92500
2023-04-11,29623.10000,30564.00000,29573.90000,30185.10000,628978.49100
2023-04-12,30185.10000,30480.00000,29620.00000,29875.00000,563668.43000
2023-04-13,29874.90000,30648.90000,29836.70000,30362.70000,436182.49400
2023-04-14,30362.70000,31059.00000,29925.00000,30453.10000,615391.61500
2023-04-15,30453.00000,30599.90000,30186.00000,30280.40000,180234.08200
2023-04-16,30280.40000,30560.00000,30102.00000,30286.60000,210226.01900
2023-04-17,30286.60000,30307.40000,29219.90000,29420.00000,455518.54800
2023-04-18,29420.10000,30480.00000,29078.10000,30365.80000,533189.27000
2023-04-19,30365.80000,30410.00000,28557.30000,28795.10000,643866.11000
2023-04-20,28795.00000,29078.00000,27983.00000,28229.90000,639179.28600
2023-04-21,28229.90000,28368.90000,27100.00000,27252.50000,687832.83300
2023-04-22,27252.60000,27888.00000,27126.00000,27807.20000,345549.02100
2023-04-23,27807.20000,27807.30000,27279.70000,27576.00000,332082.35500
2023-04-24,27575.90000,28000.00000,26919.30000,27497.50000,581268.26800
2023-04-25,27497.40000,28379.90000,27176.60000,28286.70000,508254.51500
2023-04-26,28286.70000,30048.20000,27200.00000,28395.90000,1284924.66800
2023-04-27,28396.00000,29898.00000,28365.30000,29459.00000,952584.73900
2023-04-28,29459.00000,29591.10000,28870.00000,29300.00000,508350.15500
2023-04-29,29300.00000,29443.90000,29000.40000,29212.70000,218013.24400
2023-04-30,29212.70000,29950.00000,29067.40000,29223.00000,417798.84600
2023-05-01,29223.00000,29325.50000,27650.00000,28054.40000,624974.48800
2023-05-02,28054.50000,28888.00000,27854.00000,28656.50000,513546.26900
2023-05-03,28656.40000,29258.40000,28080.00000,29018.40000,676466.23000
2023-05-04,29018.40000,29380.00000,28660.00000,28826.00000,426425.58400
2023-05-05,28826.00000,29693.00000,28618.30000,29491.50000,578485.17700
2023-05-06,29491.50000,29840.00000,28333.00000,28837.80000,475628.90100
2023-05-07,28837.90000,29137.00000,28370.00000,28419.40000,308410.64300
2023-05-08,28419.50000,28624.60000,27250.00000,27659.80000,658188.77700
2023-05-09,27659.80000,27815.60000,27316.80000,27610.20000,367664.68600
2023-05-10,27610.20000,28297.00000,26666.60000,27582.90000,722502.67600
2023-05-11,27583.00000,27630.00000,26688.80000,26956.40000,538822.36300
2023-05-12,26956.40000,27090.00000,25751.00000,26785.10000,615645.50800
2023-05-13,26785.20000,27051.50000,26674.90000,26762.70000,242694.92900
2023-05-14,26762.80000,27200.00000,26557.00000,26901.90000,247579.42700
2023-05-15,26901.90000,27650.00000,26694.40000,27152.50000,450263.07600
2023-05-16,27152.50000,27284.70000,26832.00000,27024.80000,373172.95100
2023-05-17,27024.70000,27500.00000,26527.50000,27395.80000,490065.21800
2023-05-18,27395.70000,27482.70000,26335.30000,26809.30000,544971.97900
2023-05-19,26809.40000,27180.00000,26611.20000,26870.10000,324097.95600
2023-05-20,26870.10000,27144.40000,26813.50000,27089.50000,137515.35400
2023-05-21,27089.60000,27288.00000,26642.00000,26732.80000,238776.42500
2023-05-22,26732.80000,27097.80000,26500.00000,26840.20000,328030.52000
2023-05-23,26840.20000,27527.50000,26782.60000,27209.90000,369176.61800
2023-05-24,27209.90000,27212.90000,26060.00000,26313.80000,535191.67700
2023-05-25,26313.90000,26644.00000,25850.00000,26461.80000,394535.22500
2023-05-26,26461.70000,26925.00000,26313.90000,26689.90000,324475.54600
2023-05-27,26689.80000,26890.00000,26528.60000,26841.60000,163681.93500
2023-05-28,26841.60000,28252.80000,26746.00000,28055.70000,440115.39400
2023-05-29,28055.80000,28442.00000,27513.50000,27722.00000,411290.54900
2023-05-30,27722.10000,28038.60000,27530.00000,27680.10000,334379.31300
2023-05-31,27680.00000,27825.00000,26826.00000,27201.10000,471381.89000
2023-06-01,27201.10000,27347.90000,26600.00000,26805.30000,404787.57200
2023-06-02,26805.30000,27290.00000,26477.60000,27227.80000,391110.09300
2023-06-03,27227.80000,27340.20000,26900.00000,27054.90000,182464.10000
2023-06-04,27054.90000,27460.00000,26935.30000,27102.40000,218271.54400
2023-06-05,27102.40000,27125.00000,25360.10000,25714.70000,700502.54800
2023-06-06,25714.60000,27358.10000,25321.60000,27221.50000,731445.64900
2023-06-07,27221.50000,27394.40000,26111.00000,26325.90000,660044.53700
2023-06-08,26325.90000,26800.00000,26195.40000,26485.90000,333104.83900
2023-06-09,26486.00000,26775.00000,26236.00000,26468.10000,283719.19800
2023-06-10,26468.20000,26525.00000,25300.00000,25826.60000,608917.56900
2023-06-11,25826.60000,26199.00000,25621.30000,25909.90000,279365.56300
2023-06-12,25910.00000,26097.70000,25600.00000,25894.80000,298900.46800
2023-06-13,25894.80000,26430.50000,25708.00000,25918.00000,434536.75400
2023-06-14,25918.00000,26099.30000,24796.80000,25115.90000,464681.60200
2023-06-15,25115.90000,25750.00000,24777.00000,25586.10000,473971.37500
2023-06-16,25586.00000,26526.90000,25142.10000,26336.00000,533144.95600
2023-06-17,26335.90000,26900.00000,26170.80000,26508.90000,305738.39600
2023-06-18,26508.80000,26709.40000,26230.90000,26329.70000,241977.48400
2023-06-19,26329.60000,27077.00000,26241.20000,26828.50000,400533.75800
2023-06-20,26828.60000,28397.80000,26633.90000,28290.60000,758176.29700
2023-06-21,28290.70000,30822.00000,28236.40000,29988.50000,1123474.42700
2023-06-22,29988.50000,30488.00000,29500.10000,29875.00000,561051.74200
2023-06-23,29875.00000,31500.00000,29792.00000,30673.40000,699073.07100
2023-06-24,30673.50000,30796.50000,30222.00000,30524.20000,279539.28800
2023-06-25,30524.20000,31053.20000,30252.60000,30458.00000,301533.15400
2023-06-26,30458.00000,30667.30000,29890.10000,30260.10000,415099.35600
2023-06-27,30260.10000,30998.50000,30213.00000,30683.20000,406073.34800
2023-06-28,30683.20000,30701.80000,29804.60000,30066.30000,416656.43400
2023-06-29,30066.30000,30837.00000,30036.10000,30439.90000,382072.84600
2023-06-30,30439.90000,31300.00000,29500.00000,30460.20000,809331.30500
2023-07-01,30460.20000,30668.20000,30311.30000,30573.60000,135520.24600
2023-07-02,30573.60000,30800.00000,30149.90000,30612.70000,231866.18800
2023-07-03,30612.70000,31395.20000,30559.40000,31149.00000,370293.23600
2023-07-04,31149.00000,31319.40000,30600.00000,30756.10000,300832.26000
2023-07-05,30756.10000,30875.20000,30175.80000,30488.40000,294896.57800
2023-07-06,30488.40000,31568.00000,29818.00000,29874.40000,721267.21900
2023-07-07,29874.30000,30443.60000,29680.00000,30327.90000,337801.65400
2023-07-08,30328.00000,30380.00000,30026.80000,30269.30000,138734.49300
2023-07-09,30269.20000,30443.40000,30042.00000,30147.80000,162296.26300
2023-07-10,30147.80000,31040.00000,29928.80000,30396.90000,429115.53700
2023-07-11,30396.90000,30804.90000,30261.40000,30608.40000,298904.74700
2023-07-12,30608.30000,30980.50000,30186.00000,30368.90000,425058.25700
2023-07-13,30368.90000,31850.00000,30233.00000,31441.70000,696023.51000
2023-07-14,31441.60000,31640.00000,29876.60000,30293.30000,538692.24600
2023-07-15,30293.30000,30380.00000,30220.20000,30276.40000,111622.47400
2023-07-16,30276.50000,30441.60000,30050.00000,30216.80000,173805.94000
2023-07-17,30216.90000,30329.70000,29630.00000,30126.10000,344113.42700
2023-07-18,30126.00000,30227.50000,29400.00000,29845.60000,337396.41700
2023-07-19,29845.70000,30178.50000,29745.00000,29895.50000,298418.85400
2023-07-20,29895.50000,30420.00000,29468.80000,29791.00000,410263.76400
2023-07-21,29791.00000,30056.20000,29705.90000,29891.40000,221145.07400
2023-07-22,29891.50000,29986.00000,29602.20000,29783.50000,143375.95600
2023-07-23,29783.50000,30368.20000,29718.90000,30070.80000,224713.84600
2023-07-24,30070.90000,30091.70000,28830.00000,29163.80000,434182.41700
2023-07-25,29163.80000,29379.50000,29033.00000,29216.30000,196438.61800
2023-07-26,29216.20000,29670.50000,29083.00000,29336.00000,318527.58200
2023-07-27,29336.00000,29558.40000,29065.50000,29209.70000,223376.53400
2023-07-28,29209.80000,29535.70000,29112.80000,29299.90000,221299.86700
2023-07-29,29300.00000,29397.90000,29237.50000,29339.10000,87100.71900
2023-07-30,29339.10000,29442.50000,29006.00000,29271.10000,169901.25300
2023-07-31,29271.20000,29525.80000,29100.00000,29220.80000,230381.72200
2023-08-01,29220.80000,29735.00000,28550.00000,29701.20000,442328.64300
2023-08-02,29701.20000,30059.90000,28906.30000,29170.10000,491725.49200
2023-08-03,29170.20000,29440.00000,28955.40000,29180.20000,251967.94200
2023-08-04,29180.10000,29323.80000,28780.00000,29101.10000,229395.67300
2023-08-05,29101.10000,29145.00000,28960.00000,29057.70000,82508.62400
2023-08-06,29057.70000,29199.00000,28978.50000,29075.90000,103094.44000
2023-08-07,29075.90000,29274.50000,28682.30000,29202.70000,297752.43900
2023-08-08,29202.70000,30250.00000,29132.40000,29759.00000,459269.80100
2023-08-09,29758.90000,30149.70000,29362.00000,29572.80000,362009.70100
2023-08-10,29572.90000,29729.80000,29303.70000,29443.70000,234546.03800
2023-08-11,29443.70000,29565.10000,29220.00000,29415.50000,179044.00800
2023-08-12,29415.50000,29470.00000,29360.00000,29420.70000,56238.03500
2023-08-13,29420.80000,29463.00000,29256.60000,29293.30000,84190.50500
2023-08-14,29293.30000,29686.70000,29070.00000,29419.50000,295035.38300
2023-08-15,29419.50000,29492.10000,29050.00000,29188.80000,191289.95900
2023-08-16,29188.90000,29257.40000,28705.10000,28714.40000,272023.13800
2023-08-17,28714.40000,28775.90000,24581.00000,26609.70000,868508.22000
2023-08-18,26609.70000,26818.00000,25600.00000,26042.10000,522375.31600
2023-08-19,26042.00000,26269.40000,25783.40000,26088.30000,202219.15300
2023-08-20,26088.40000,26285.00000,25948.50000,26175.90000,141089.85000
2023-08-21,26175.90000,26280.00000,25800.00000,26115.40000,232505.26500
2023-08-22,26115.40000,26128.20000,25280.00000,26044.40000,313113.57600
2023-08-23,26044.50000,26806.00000,25800.00000,26419.20000,412969.02800
2023-08-24,26419.20000,26568.30000,25835.00000,26164.60000,286753.33700
2023-08-25,26164.60000,26300.00000,25754.40000,26051.70000,274830.49400
2023-08-26,26051.70000,26129.40000,25969.00000,26004.30000,63925.86200
2023-08-27,26004.30000,26173.60000,25955.60000,26087.70000,86505.39800
2023-08-28,26087.60000,26244.60000,25850.40000,26106.50000,219992.05100
2023-08-29,26106.50000,28168.00000,25905.20000,27700.10000,700233.94600
2023-08-30,27700.10000,27758.20000,26950.00000,27290.40000,315313.91600
2023-08-31,27290.40000,27674.30000,25617.80000,25928.00000,502906.27700
2023-09-01,25928.00000,26151.60000,25312.00000,25795.60000,361184.92400
2023-09-02,25795.60000,25975.00000,25740.60000,25855.80000,107642.86400
2023-09-03,25855.80000,26135.20000,25777.00000,25962.10000,133016.83200
2023-09-04,25962.10000,26099.30000,25610.00000,25814.00000,173147.87300
2023-09-05,25814.00000,25900.00000,25531.20000,25779.70000,186639.94500
2023-09-06,25779.70000,26052.00000,25326.00000,25747.40000,251122.66000
2023-09-07,25747.40000,26451.00000,25602.30000,26240.70000,257349.90200
2023-09-08,26240.70000,26437.50000,25630.00000,25899.80000,249269.76100
2023-09-09,25899.90000,25940.60000,25781.50000,25892.60000,67909.81000
2023-09-10,25892.60000,26037.30000,25508.70000,25828.40000,162972.41300
2023-09-11,25828.40000,25895.00000,24888.00000,25150.40000,427216.37400
2023-09-12,25150.40000,26580.00000,25116.40000,25825.80000,592049.67800
2023-09-13,25825.80000,26400.00000,25750.00000,26209.90000,335252.71800
2023-09-14,26209.90000,26880.00000,26106.60000,26510.30000,380666.47100
2023-09-15,26510.30000,26890.00000,26206.60000,26591.10000,251656.77000
2023-09-16,26591.10000,26763.50000,26430.00000,26546.90000,140482.46500
2023-09-17,26547.00000,26614.30000,26377.40000,26514.20000,114239.39400
2023-09-18,26514.20000,27397.00000,26358.60000,26749.90000,472539.03200
2023-09-19,26749.90000,27480.00000,26653.20000,27196.00000,433511.74700
2023-09-20,27195.90000,27381.00000,26740.00000,27107.70000,348921.44700
2023-09-21,27107.70000,27149.00000,26360.10000,26552.60000,317992.86900
2023-09-22,26552.60000,26737.70000,26452.90000,26566.70000,173534.64800
2023-09-23,26566.70000,26620.60000,26492.20000,26563.10000,57836.48400
2023-09-24,26563.00000,26739.90000,26081.00000,26232.40000,146632.77300
2023-09-25,26232.40000,26440.00000,25965.00000,26290.50000,268385.83600
2023-09-26,26290.50000,26388.00000,26073.80000,26208.80000,180491.16900
2023-09-27,26208.70000,26849.90000,26050.00000,26359.60000,353002.84000
2023-09-28,26359.60000,27308.70000,26325.20000,27011.80000,429587.85800
2023-09-29,27011.70000,27231.50000,26625.00000,26890.90000,277397.64300
2023-09-30,26890.90000,27085.00000,26870.40000,26950.90000,92317.15400
2023-10-01,26951.00000,28365.20000,26939.00000,27981.40000,240382.94600
2023-10-02,27981.40000,28613.00000,27255.00000,27477.60000,593277.72000
2023-10-03,27477.70000,27665.00000,27123.00000,27412.00000,283077.89900
2023-10-04,27412.00000,27830.00000,27163.90000,27759.80000,280784.32200
2023-10-05,27759.70000,28110.00000,27333.50000,27398.40000,370190.08700
2023-10-06,27398.30000,28450.00000,27156.00000,27916.30000,438445.90400
2023-10-07,27916.30000,28018.70000,27822.10000,27943.00000,117049.14500
2023-10-08,27943.00000,28082.00000,27671.00000,27901.20000,178380.30700
2023-10-09,27901.20000,27977.00000,27250.00000,27578.30000,314316.58100
2023-10-10,27578.40000,27727.30000,27281.00000,27381.20000,239779.49600
2023-10-11,27381.30000,27467.60000,26525.00000,26864.50000,388186.57100
2023-10-12,26864.50000,26939.00000,26534.80000,26744.00000,220279.04000
2023-10-13,26744.00000,27120.80000,26670.10000,26849.80000,243222.15400
2023-10-14,26849.70000,26986.40000,26773.10000,26836.30000,82164.78100
2023-10-15,26836.40000,27456.10000,26790.40000,27139.80000,160000.46200
2023-10-16,27139.80000,30720.00000,27095.40000,28486.30000,823003.78200
2023-10-17,28486.30000,28605.00000,28055.00000,28381.90000,314189.75800
2023-10-18,28382.00000,29100.00000,28126.60000,28307.10000,297176.62800
2023-10-19,28307.20000,28933.40000,28076.00000,28696.90000,333673.20700
2023-10-20,28697.00000,30243.00000,28560.00000,29653.00000,551005.32700
2023-10-21,29653.00000,30374.60000,29443.50000,29895.40000,258195.95600
2023-10-22,29895.40000,30229.70000,29606.60000,29981.50000,198602.75800
2023-10-23,29981.40000,35981.90000,29869.40000,33074.00000,987741.53600
2023-10-24,33074.00000,35300.00000,32833.50000,33917.00000,921993.06300
2023-10-25,33917.00000,35154.30000,33660.60000,34487.70000,465367.14400
2023-10-26,34487.80000,34828.70000,33750.00000,34154.00000,339552.96400
2023-10-27,34154.00000,34253.30000,33350.00000,33893.10000,278052.97800
2023-10-28,33893.20000,34535.80000,33867.40000,34086.60000,138314.93200
2023-10-29,34086.70000,34773.80000,33933.00000,34528.60000,175897.55000
2023-10-30,34528.60000,34888.20000,34050.00000,34483.80000,281841.34800
2023-10-31,34483.80000,34744.70000,34016.80000,34651.40000,272450.56700
2023-11-01,34651.40000,35734.00000,34076.00000,35437.40000,469214.78700
2023-11-02,35437.50000,35999.90000,34300.00000,34940.10000,410221.72700
2023-11-03,34940.10000,34944.90000,34123.00000,34700.40000,306048.19900
2023-11-04,34700.50000,35270.00000,34571.60000,35069.70000,140746.87400
2023-11-05,35069.70000,35455.20000,34356.00000,35025.50000,231363.33900
2023-11-06,35025.50000,35299.90000,34743.20000,35057.40000,202227.21500
2023-11-07,35057.50000,35921.70000,34520.30000,35406.50000,343525.95000
2023-11-08,35406.50000,36150.00000,35073.00000,35626.70000,334779.44900
2023-11-09,35626.70000,38499.90000,35304.00000,36719.50000,778877.93700
2023-11-10,36719.60000,37570.00000,36350.00000,37330.40000,299373.89200
2023-11-11,37330.30000,37422.20000,36588.00000,37162.10000,159239.28400
2023-11-12,37162.10000,37258.40000,36753.60000,37085.50000,118890.04500
2023-11-13,37085.60000,37464.80000,36350.00000,36486.20000,257075.64800
2023-11-14,36486.20000,36779.90000,34446.30000,35559.00000,397265.80000
2023-11-15,35559.10000,38000.00000,35388.00000,37885.60000,423818.57000
2023-11-16,37885.50000,37956.50000,35486.10000,36176.00000,434444.36600
2023-11-17,36176.00000,37020.50000,35868.30000,36621.90000,319943.05100
2023-11-18,36621.90000,36900.00000,36196.00000,36580.90000,121720.92200
2023-11-19,36580.90000,37528.20000,36380.00000,37375.90000,154713.00700
2023-11-20,37375.80000,37784.70000,36600.00000,37462.50000,310504.03700
2023-11-21,37462.60000,37675.00000,35720.00000,35737.00000,450731.16000
2023-11-22,35737.00000,37880.00000,35610.70000,37413.40000,338189.61800
2023-11-23,37413.50000,37650.00000,36856.30000,37294.30000,185369.93100
2023-11-24,37294.40000,38425.00000,37257.30000,37706.30000,351031.72300
2023-11-25,37706.30000,37886.50000,37570.90000,37766.60000,82589.32900
2023-11-26,37766.70000,37807.60000,37126.00000,37437.90000,173758.64400
2023-11-27,37437.90000,37560.00000,36700.00000,37234.30000,266112.69900
2023-11-28,37234.40000,38395.00000,36856.00000,37812.10000,318426.32700
2023-11-29,37812.00000,38500.00000,37551.80000,37837.10000,261631.88100
2023-11-30,37837.20000,38132.00000,37442.90000,37716.80000,191188.87100
2023-12-01,37716.90000,38989.00000,37600.00000,38660.00000,342361.99400
2023-12-02,38659.90000,39900.00000,38613.50000,39435.00000,213210.31100
2023-12-03,39435.10000,40410.10000,39255.20000,39979.70000,221917.90500
2023-12-04,39979.80000,42440.00000,39970.40000,41993.10000,602492.85900
2023-12-05,41993.10000,44528.10000,41393.50000,44081.70000,575038.04100
2023-12-06,44081.70000,44349.80000,43377.00000,43774.80000,383957.73800
2023-12-07,43775.10000,44066.70000,42815.00000,43296.00000,346421.95800
2023-12-08,43296.00000,44779.30000,43100.00000,44209.50000,281880.59300
2023-12-09,44209.60000,44389.20000,43555.00000,43734.30000,189339.65600
2023-12-10,43734.20000,44099.20000,43552.50000,43810.00000,144548.25900
2023-12-11,43810.10000,43833.40000,40228.30000,41271.00000,620753.43900
2023-12-12,41271.10000,42125.00000,40711.00000,41515.00000,356541.11800
2023-12-13,41514.90000,43517.60000,40556.00000,42875.00000,396710.29600
2023-12-14,42875.00000,43450.10000,41140.00000,43032.40000,361628.32500
2023-12-15,43032.30000,43098.00000,41668.00000,41968.00000,257177.01300
2023-12-16,41968.00000,42756.70000,41638.10000,42287.40000,160549.45900
2023-12-17,42287.40000,42476.00000,41248.30000,41396.50000,224722.85100
2023-12-18,41396.60000,42795.30000,40553.80000,42671.70000,375385.67500
2023-12-19,42671.80000,43550.00000,41835.40000,42298.30000,315311.84400
2023-12-20,42298.20000,44384.60000,42218.30000,43708.90000,377008.92300
2023-12-21,43708.90000,44287.20000,43317.20000,43896.30000,276922.15500
2023-12-22,43896.40000,44484.00000,43430.40000,43999.20000,238341.93300
2023-12-23,43999.20000,44023.00000,43304.20000,43725.20000,120792.19900
2023-12-24,43725.20000,43994.80000,42550.00000,43008.40000,179967.25100
2023-12-25,43008.40000,43850.00000,42755.40000,43611.90000,184210.27400
2023-12-26,43611.90000,43635.10000,41597.00000,42538.50000,295583.67800
2023-12-27,42538.60000,43700.00000,42145.70000,43453.80000,251351.53800
2023-12-28,43453.80000,43850.00000,42320.50000,42600.10000,257515.18200
2023-12-29,42600.10000,43171.90000,41283.20000,42095.10000,337421.86500
2023-12-30,42095.10000,42654.60000,41550.00000,42174.20000,183890.67000
2023-12-31,42174.30000,42951.00000,42001.00000,42314.00000,173508.28900
2024-01-01,42314.00000,44266.00000,42207.90000,44230.20000,206424.14400
2024-01-02,44230.30000,45950.00000,44200.90000,44979.80000,459798.52300
2024-01-03,44979.70000,45582.30000,40333.00000,42849.50000,595855.22500
2024-01-04,42849.50000,44840.80000,42625.00000,44143.80000,333923.09800
2024-01-05,44143.80000,44500.00000,42300.00000,44145.40000,374967.79100
2024-01-06,44145.30000,44214.60000,43391.30000,43956.70000,138542.79700
2024-01-07,43956.60000,44486.90000,43557.50000,43916.90000,180710.71400
2024-01-08,43916.90000,47312.00000,43158.10000,46972.70000,495087.98300
2024-01-09,46972.60000,48100.00000,44417.20000,46114.00000,513362.77300
2024-01-10,46113.90000,47699.30000,44291.50000,46662.90000,668657.47400
2024-01-11,46663.00000,49027.50000,45600.00000,46337.80000,596698.37900
2024-01-12,46337.90000,46536.20000,41370.00000,42788.90000,575943.25800
2024-01-13,42789.00000,43273.40000,42445.70000,42846.40000,207737.32600
2024-01-14,42846.40000,43096.10000,41713.50000,41734.90000,181096.96800
2024-01-15,41734.90000,43376.00000,41720.00000,42515.00000,240059.14100
2024-01-16,42515.00000,43589.00000,42050.00000,43133.00000,287207.23300
2024-01-17,43133.00000,43198.00000,42200.00000,42783.40000,209396.08100
2024-01-18,42783.30000,42932.30000,40673.60000,41323.10000,335080.75600
2024-01-19,41323.20000,42197.00000,40300.00000,41662.20000,345941.73000
2024-01-20,41662.10000,41883.50000,41453.60000,41691.80000,95866.06200
2024-01-21,41691.80000,41880.90000,41500.00000,41580.00000,67035.55200
2024-01-22,41579.90000,41692.30000,39402.00000,39567.00000,459024.10600
2024-01-23,39567.10000,40172.70000,38545.00000,39890.00000,414373.38600
2024-01-24,39889.90000,40560.60000,39493.30000,40078.70000,272754.17100
2024-01-25,40078.80000,40300.00000,39535.30000,39953.30000,203728.67900
2024-01-26,39953.30000,42239.30000,39813.10000,41806.40000,355418.47800
2024-01-27,41806.40000,42187.10000,41360.10000,42102.20000,118437.11400
2024-01-28,42102.20000,42836.00000,41600.00000,42021.20000,205736.45300
2024-01-29,42021.20000,43340.80000,41768.30000,43287.70000,249502.11000
2024-01-30,43287.60000,43888.00000,42665.60000,42918.30000,257582.78400
2024-01-31,42918.30000,43748.60000,42257.60000,42560.50000,313069.11000
2024-02-01,42560.50000,43288.00000,41866.80000,43072.60000,274321.10700
2024-02-02,43072.60000,43480.00000,42512.70000,43182.00000,205767.57400
2024-02-03,43182.00000,43372.20000,42858.30000,42992.40000,89735.22000
2024-02-04,42992.40000,43112.10000,42176.70000,42570.30000,127421.54800
2024-02-05,42570.30000,43580.00000,42235.10000,42692.90000,240655.54900
2024-02-06,42692.90000,43378.80000,42559.80000,43079.10000,196157.64300
2024-02-07,43079.10000,44388.00000,42763.40000,44326.20000,252057.70800
2024-02-08,44326.30000,45600.00000,44306.80000,45269.10000,299738.28800
2024-02-09,45269.20000,48230.30000,45218.10000,47116.10000,519919.41900
2024-02-10,47116.10000,48189.60000,46836.40000,47732.60000,179626.60400
2024-02-11,47732.60000,48600.00000,47539.40000,48303.40000,209951.62600
2024-02-12,48303.40000,50413.20000,47702.00000,49943.60000,450895.20200
2024-02-13,49943.60000,50428.80000,48301.00000,49696.40000,382348.08500
2024-02-14,49696.40000,52100.00000,49215.70000,51823.20000,395191.79100
2024-02-15,51823.10000,52859.00000,51334.90000,51898.50000,392724.60300
2024-02-16,51898.40000,52623.00000,51611.70000,52148.60000,259819.79300
2024-02-17,52148.70000,52192.80000,50647.50000,51679.40000,222342.00500
2024-02-18,51679.50000,52450.00000,51178.00000,52175.90000,166636.42600
2024-02-19,52175.90000,52532.90000,51688.80000,51813.80000,196387.97800
2024-02-20,51813.70000,53090.90000,50788.00000,52297.40000,388913.06400
2024-02-21,52297.30000,52402.30000,50528.40000,51877.80000,308127.30100
2024-02-22,51877.90000,52130.80000,50967.50000,51316.90000,244144.64700
2024-02-23,51316.90000,51576.30000,50512.70000,50771.90000,215474.56200
2024-02-24,50771.90000,51736.60000,50611.40000,51602.10000,104944.45700
2024-02-25,51602.10000,52050.00000,51300.40000,51764.90000,122177.26000
2024-02-26,51764.90000,54991.80000,50922.50000,54511.60000,393466.23100
2024-02-27,54511.70000,57780.00000,54495.00000,57074.50000,511475.53500
2024-02-28,57074.50000,64300.00000,56730.10000,62487.90000,1010118.44200
2024-02-29,62487.90000,63762.80000,60452.00000,61203.30000,584713.88300
2024-03-01,61203.30000,63199.00000,60844.80000,62430.60000,299231.82700
2024-03-02,62430.60000,62513.10000,61605.00000,62039.90000,159283.62900
2024-03-03,62039.90000,63330.90000,61339.50000,63178.50000,200312.50300
2024-03-04,63178.50000,68600.00000,62299.00000,68296.40000,632882.14400
2024-03-05,68296.50000,69350.00000,59112.00000,63747.40000,1053025.13200
2024-03-06,63747.50000,67729.50000,62829.30000,66128.10000,534011.81300
2024-03-07,66128.00000,68101.30000,65609.30000,66870.00000,296092.78800
2024-03-08,66870.00000,70330.80000,66120.00000,68180.20000,459387.20700
2024-03-09,68180.20000,68608.70000,67908.70000,68360.10000,94899.00500
2024-03-10,68360.20000,69999.80000,68155.00000,69001.80000,233596.52300
2024-03-11,69001.80000,72890.00000,67000.00000,72153.80000,474396.89700
2024-03-12,72153.90000,73370.00000,68600.00000,71503.20000,472072.33100
2024-03-13,71503.30000,73755.00000,71388.10000,73127.60000,288446.33800
2024-03-14,73127.60000,73881.40000,68600.00000,71455.50000,513901.23700
2024-03-15,71455.60000,72500.00000,65580.00000,69552.20000,705810.68500
2024-03-16,69552.10000,70097.60000,64750.00000,65351.00000,333426.12900
2024-03-17,65351.00000,68972.40000,64559.80000,68447.90000,314890.30900
2024-03-18,68447.90000,69044.40000,66601.60000,67660.00000,317885.91600
2024-03-19,67660.00000,68178.60000,61582.80000,61974.10000,700466.79500
2024-03-20,61974.10000,68140.00000,60800.00000,67876.40000,637362.46500
2024-03-21,67876.40000,68293.90000,64550.10000,65539.90000,347218.38500
2024-03-22,65539.90000,66691.90000,62294.00000,63826.00000,401149.33300
2024-03-23,63826.10000,66050.00000,63020.20000,64020.30000,239124.00000
2024-03-24,64020.40000,67700.00000,63822.00000,67260.90000,244179.43500
2024-03-25,67260.90000,71228.30000,66427.60000,69920.50000,395156.19100
2024-03-26,69920.60000,71649.00000,69320.00000,70044.10000,307861.11600
2024-03-27,70044.20000,71888.00000,68364.80000,69532.60000,407286.57400
2024-03-28,69532.60000,71636.20000,68941.00000,70838.70000,241970.82200
2024-03-29,70838.80000,70976.90000,69000.00000,69903.60000,187970.84100
2024-03-30,69903.60000,70388.00000,69577.20000,69642.10000,91126.75000
2024-03-31,69642.00000,71495.50000,69608.00000,71363.00000,132458.79000
2024-04-01,71363.00000,71388.00000,68103.30000,69700.00000,282812.12600
2024-04-02,69700.00000,69731.60000,64603.20000,65505.30000,499041.57200
2024-04-03,65502.40000,66940.00000,64500.00000,65971.90000,275041.23000
2024-04-04,65971.80000,69329.70000,65100.00000,68489.90000,326385.33800
2024-04-05,68489.80000,68787.10000,65966.00000,67825.70000,313547.29300
2024-04-06,67825.80000,69708.00000,67450.00000,68901.60000,127343.72600
2024-04-07,68901.50000,70395.00000,68820.60000,69362.70000,171783.43600
2024-04-08,69362.70000,72890.40000,69040.40000,71678.40000,297237.44900
2024-04-09,71678.30000,71820.60000,68216.00000,69189.30000,334059.40300
2024-04-10,69189.20000,71412.20000,67546.20000,70681.70000,337774.75600
2024-04-11,70681.80000,71387.40000,69592.60000,70055.70000,256194.15300
2024-04-12,70055.60000,71297.00000,65102.00000,67136.40000,415528.14900
2024-04-13,67136.40000,67975.40000,59652.50000,63939.70000,515005.20300
2024-04-14,63939.70000,65822.10000,62139.30000,65615.90000,395770.13300
2024-04-15,65615.90000,66874.90000,62242.50000,63392.70000,381532.22500
2024-04-16,63392.80000,64356.30000,61521.00000,63765.00000,405931.43900
2024-04-17,63764.90000,64483.30000,59625.00000,61254.50000,444032.99200
2024-04-18,61254.50000,64100.00000,60763.80000,63445.00000,363302.39400
2024-04-19,63445.00000,65480.00000,59541.00000,63787.40000,574264.05800
2024-04-20,63787.40000,65400.00000,63045.10000,64897.20000,197142.26200
2024-04-21,64897.20000,65678.70000,64214.20000,64912.60000,160533.94800
2024-04-22,64912.70000,67222.00000,64470.50000,66778.00000,246268.41100
2024-04-23,66777.90000,67158.90000,65750.00000,66386.30000,178665.56400
2024-04-24,66386.20000,67068.20000,63575.00000,64250.00000,280545.06100
2024-04-25,64250.00000,65270.60000,62721.30000,64478.80000,275211.06200
2024-04-26,64478.80000,64783.10000,63291.50000,63748.80000,202149.81300
2024-04-27,63748.70000,63901.40000,62332.80000,63421.00000,167349.10900
2024-04-28,63420.90000,64350.00000,62700.00000,63088.30000,126056.15100
2024-04-29,63088.40000,64200.00000,61726.20000,63842.40000,228411.16300
2024-04-30,63842.40000,64700.00000,59150.00000,60651.20000,408747.70300
2024-05-01,60651.20000,60816.70000,56537.70000,58307.60000,564108.40000
2024-05-02,58307.70000,59637.30000,56951.60000,59036.70000,299229.30200
2024-05-03,59036.70000,63333.00000,58781.30000,62853.70000,353606.45900
2024-05-04,62853.70000,64547.90000,62520.00000,63864.20000,205205.19900
2024-05-05,63864.30000,64644.30000,62833.00000,63988.00000,185495.65300
2024-05-06,63987.90000,65500.00000,62655.30000,63142.80000,305110.06700
2024-05-07,63142.70000,64392.20000,62203.60000,62296.00000,238974.64600
2024-05-08,62296.00000,62994.90000,60843.60000,61157.90000,241651.57900
2024-05-09,61157.90000,63447.20000,60550.00000,63050.10000,242451.30200
2024-05-10,63050.00000,63446.50000,60117.40000,60778.10000,307214.96000
2024-05-11,60778.00000,61491.40000,60432.60000,60809.20000,113294.78700
2024-05-12,60809.20000,61849.40000,60557.30000,61455.80000,104043.89700
2024-05-13,61455.70000,63440.00000,60750.00000,62912.10000,261927.07300
2024-05-14,62912.20000,63099.60000,60950.00000,61550.50000,244345.27400
2024-05-15,61550.50000,66440.00000,61316.10000,66175.40000,365031.68000
2024-05-16,66175.40000,66800.00000,64567.00000,65217.70000,242455.32400
2024-05-17,65217.70000,67400.60000,65061.20000,66980.00000,227063.91900
2024-05-18,66980.00000,67340.50000,66503.20000,66884.90000,96931.54800
2024-05-19,66884.90000,67750.00000,65835.80000,66239.40000,148170.35000
2024-05-20,66239.40000,71674.60000,66010.00000,71466.50000,366028.07800
2024-05-21,71466.50000,72132.80000,69165.60000,70168.80000,263674.32700
2024-05-22,70168.70000,70715.40000,68736.80000,69219.10000,194160.49400
2024-05-23,69219.20000,70133.30000,66156.60000,67999.90000,300093.62200
2024-05-24,67999.90000,69273.50000,66639.00000,68584.10000,186681.08200
2024-05-25,68584.00000,69622.80000,68523.70000,69314.40000,85113.60500
2024-05-26,69314.50000,69590.30000,68155.00000,68524.30000,84069.82400
2024-05-27,68524.40000,70750.00000,68268.70000,69461.60000,170291.35600
2024-05-28,69461.50000,69628.00000,67273.00000,68440.50000,227838.44000
2024-05-29,68440.40000,68983.00000,67129.00000,67686.70000,158236.59900
2024-05-30,67686.80000,69568.90000,67167.00000,68402.50000,194573.89900
2024-05-31,68402.60000,69080.00000,66700.50000,67577.90000,195751.75200
2024-06-01,67577.90000,67936.00000,67480.00000,67799.20000,50943.05800
2024-06-02,67799.20000,68545.90000,67296.30000,67805.90000,102194.71800
2024-06-03,67805.90000,70372.90000,67642.60000,68851.40000,227676.93000
2024-06-04,68851.30000,71146.40000,68595.50000,70580.00000,216100.01600
2024-06-05,70580.00000,71824.40000,70423.60000,71133.30000,203992.03400
2024-06-06,71133.30000,71714.80000,70101.90000,70830.00000,158483.56400
2024-06-07,70830.00000,72144.00000,68405.00000,69377.00000,299412.37000
2024-06-08,69377.00000,69613.60000,69192.30000,69346.50000,65739.85700
2024-06-09,69346.60000,69879.00000,69160.00000,69667.10000,68024.10000
2024-06-10,69667.10000,70222.70000,69201.20000,69558.70000,127381.60400
2024-06-11,69558.80000,69600.00000,66000.00000,67320.70000,311984.94200
2024-06-12,67320.60000,70028.00000,66920.00000,68270.30000,329918.46000
2024-06-13,68270.30000,68607.70000,66251.10000,66786.90000,248355.46100
2024-06-14,66786.80000,67366.50000,65052.40000,66039.70000,239411.23100
2024-06-15,66039.70000,66482.60000,65801.00000,66213.70000,72423.75500
2024-06-16,66213.70000,66960.30000,66012.10000,66653.60000,80361.55100
2024-06-17,66653.50000,67280.60000,65094.90000,66472.10000,248420.78700
2024-06-18,66472.10000,66558.90000,64009.80000,65150.00000,335559.39400
2024-06-19,65149.90000,65711.90000,64600.00000,64933.60000,150032.66900
2024-06-20,64933.60000,66467.00000,64526.00000,64854.00000,220954.67600
2024-06-21,64854.00000,65055.50000,63361.20000,64124.00000,210109.60100
2024-06-22,64124.10000,64520.00000,63915.80000,64240.00000,53855.86200
2024-06-23,64240.10000,64500.00000,63137.90000,63194.90000,72052.29300
2024-06-24,63194.90000,63357.00000,58218.00000,60273.60000,445903.18400
2024-06-25,60273.50000,62448.10000,60230.50000,61777.80000,264647.31700
2024-06-26,61777.90000,62465.10000,60696.00000,60860.10000,170601.18000
2024-06-27,60860.10000,62379.70000,60605.00000,61682.00000,160172.48200
2024-06-28,61682.10000,62204.00000,60038.00000,60429.80000,195508.12500
2024-06-29,60429.80000,61232.00000,60400.10000,60982.40000,79680.28900
2024-06-30,60982.50000,63058.40000,60705.00000,62766.00000,147777.91500
2024-07-01,62766.10000,63849.00000,62502.20000,62883.60000,193937.93800
2024-07-02,62883.70000,63284.00000,61800.00000,62123.60000,163101.24300
2024-07-03,62123.50000,62278.20000,59299.30000,60208.00000,295303.26500
2024-07-04,60208.00000,60500.00000,56560.00000,57045.90000,445656.27700
2024-07-05,57045.90000,57533.40000,53329.50000,56604.90000,577193.59500
2024-07-06,56604.90000,58472.00000,56000.00000,58216.00000,178580.02200
2024-07-07,58216.00000,58443.00000,55688.00000,55830.90000,210361.98100
2024-07-08,55831.00000,58200.00000,54243.10000,56686.40000,464106.95700
2024-07-09,56686.40000,58290.60000,56256.20000,58023.20000,257237.04800
2024-07-10,58023.10000,59449.60000,57125.00000,57707.00000,254248.93700
2024-07-11,57707.00000,59780.00000,57030.00000,57315.50000,293106.95900
2024-07-12,57315.70000,58500.00000,56500.10000,57870.00000,238100.61600
2024-07-13,57870.00000,59850.00000,57728.60000,59174.00000,157884.32200
2024-07-14,59173.90000,61412.40000,59164.00000,60766.00000,208060.88300
2024-07-15,60766.00000,64870.70000,60622.60000,64680.60000,352222.18100
2024-07-16,64680.60000,65388.00000,62350.00000,65010.00000,375258.61600
2024-07-17,65010.00000,66100.00000,63823.00000,64055.70000,276656.39300
2024-07-18,64055.80000,65173.80000,63206.40000,63959.90000,215648.15700
2024-07-19,63960.00000,67362.80000,63266.20000,66627.90000,311859.80500
2024-07-20,66627.90000,67648.70000,66159.10000,67095.60000,123564.40600
2024-07-21,67095.60000,68351.20000,65750.00000,68138.00000,207228.37200
2024-07-22,68138.00000,68459.70000,66538.60000,67499.20000,192991.39100
2024-07-23,67499.20000,67729.30000,65416.50000,65916.40000,270430.68000
2024-07-24,65916.30000,67087.30000,65040.50000,65350.80000,215079.42100
2024-07-25,65350.70000,66144.00000,63456.70000,65773.00000,319685.44100
2024-07-26,65773.00000,68200.00000,65688.20000,67882.50000,235384.52600
2024-07-27,67882.50000,69381.70000,66624.50000,67873.80000,330982.64700
2024-07-28,67873.70000,68300.00000,67037.00000,68215.50000,116913.93500
2024-07-29,68215.50000,70081.00000,66365.80000,66750.00000,372537.81800
2024-07-30,66750.10000,66966.60000,65254.50000,66159.30000,246551.04400
2024-07-31,66159.30000,66826.30000,64500.40000,64601.80000,246389.44600
2024-08-01,64601.80000,65650.00000,62271.20000,65328.90000,372654.59000
2024-08-02,65329.00000,65577.00000,61200.20000,61483.70000,421628.42000
2024-08-03,61483.70000,62166.00000,59800.00000,60684.60000,290469.95600
2024-08-04,60684.50000,61089.50000,57040.00000,58144.50000,339512.41500
2024-08-05,58144.50000,58286.90000,48888.00000,54003.10000,1281982.02500
2024-08-06,54003.50000,56999.90000,53925.30000,55991.20000,435953.43900
2024-08-07,55991.30000,57699.00000,54519.80000,55102.90000,377442.54000
2024-08-08,55102.90000,62737.20000,54672.40000,61659.80000,470117.50800
2024-08-09,61659.80000,61726.00000,59500.00000,60808.60000,308674.33900
2024-08-10,60808.60000,61450.00000,60208.50000,60889.90000,115593.35400
2024-08-11,60889.80000,62000.00000,58255.40000,58693.10000,202539.07600
2024-08-12,58693.10000,60666.00000,57615.00000,59323.60000,367126.29000
2024-08-13,59323.70000,61545.00000,58360.00000,60550.50000,255934.72100
2024-08-14,60550.40000,61839.70000,58367.20000,58648.10000,295662.80800
2024-08-15,58648.10000,59820.00000,55969.00000,57511.00000,360815.94600
2024-08-16,57511.10000,59780.20000,57062.10000,58854.90000,268756.52900
2024-08-17,58854.90000,59690.20000,58769.40000,59468.50000,77085.53200
2024-08-18,59468.50000,60250.00000,58352.00000,58390.00000,149660.26400
2024-08-19,58390.10000,59585.40000,57750.00000,59398.50000,214043.13900
2024-08-20,59398.40000,61386.00000,58501.10000,58982.90000,287049.13000
2024-08-21,58982.70000,61793.90000,58728.90000,61120.00000,270583.67900
2024-08-22,61120.00000,61392.00000,59677.60000,60349.90000,211098.95900
2024-08-23,60349.90000,65000.00000,60301.50000,64019.90000,382490.70900
2024-08-24,64020.00000,64472.50000,63522.70000,64116.50000,132741.90200
2024-08-25,64116.60000,65175.40000,63731.30000,64190.20000,115546.88800
2024-08-26,64190.10000,64455.80000,62750.20000,62807.60000,195977.22200
2024-08-27,62807.70000,63196.00000,57928.20000,59384.50000,339269.80500
2024-08-28,59384.40000,60197.80000,57820.00000,59010.00000,313788.56700
2024-08-29,59010.00000,61144.90000,58655.00000,59323.20000,233896.68500
2024-08-30,59323.30000,59914.90000,57525.00000,59096.30000,268276.46900
2024-08-31,59096.40000,59436.00000,58700.00000,58941.90000,68866.67400
2024-09-01,58941.90000,59052.70000,57123.00000,57268.10000,222909.91400
2024-09-02,57268.10000,59412.30000,57093.00000,59112.10000,201218.38400
2024-09-03,59112.20000,59790.00000,57320.00000,57451.90000,230196.49700
2024-09-04,57452.00000,58500.00000,55555.00000,57944.80000,326983.31100
2024-09-05,57944.80000,58318.90000,55600.00000,56145.70000,294703.59200
2024-09-06,56145.70000,57000.00000,52510.80000,53927.70000,479063.11300
2024-09-07,53927.70000,54820.20000,53725.00000,54134.90000,127686.59400
2024-09-08,54134.90000,55300.00000,53596.50000,54839.60000,162078.53600
2024-09-09,54839.60000,58153.20000,54557.00000,57010.00000,313094.36100
2024-09-10,57010.10000,58033.20000,56361.00000,57609.10000,228317.67600
2024-09-11,57609.20000,57954.40000,55515.20000,57306.00000,338231.44500
2024-09-12,57305.60000,58606.60000,57283.10000,58097.00000,261449.68800
2024-09-13,58097.10000,60597.00000,57594.00000,60456.20000,277429.49200
2024-09-14,60456.20000,60572.90000,59360.10000,59964.00000,102580.57700
2024-09-15,59963.90000,60369.40000,58654.00000,59100.50000,130524.20600
2024-09-16,59100.50000,59182.20000,57446.30000,58187.00000,250699.43200
2024-09-17,58187.00000,61345.00000,57588.80000,60281.00000,318442.06600
2024-09-18,60281.00000,61765.00000,59138.00000,61735.30000,355729.31200
2024-09-19,61735.30000,63830.10000,61534.00000,62926.90000,302382.41200
2024-09-20,62926.90000,64126.70000,62320.00000,63175.70000,257172.83500
2024-09-21,63175.80000,63546.90000,62714.20000,63320.60000,78248.36200
2024-09-22,63320.60000,64000.00000,62339.00000,63558.40000,149129.88400
2024-09-23,63558.50000,64724.80000,62534.40000,63302.00000,234343.56400
2024-09-24,63302.10000,64666.00000,62688.20000,64243.10000,236987.62800
2024-09-25,64243.20000,64800.00000,62910.00000,63118.40000,184950.77200
2024-09-26,63118.30000,65800.00000,62634.40000,65139.20000,321186.35600
2024-09-27,65139.10000,66450.00000,64788.00000,65749.60000,226404.02100
2024-09-28,65749.50000,66237.00000,65368.10000,65822.60000,92773.55300
2024-09-29,65822.70000,66059.30000,65400.00000,65568.10000,88131.79900
2024-09-30,65568.20000,65588.80000,62825.00000,63309.10000,296848.37300
2024-10-01,63309.00000,64092.60000,60128.20000,60776.80000,429817.83500
2024-10-02,60776.70000,62355.00000,59934.90000,60622.60000,327001.80500
2024-10-03,60622.70000,61452.60000,59815.00000,60727.20000,286137.21200
2024-10-04,60727.10000,62457.10000,60434.10000,62054.40000,234795.83600
2024-10-05,62054.30000,62344.00000,61648.00000,62023.10000,74330.78100
2024-10-06,62023.10000,62961.50000,61778.90000,62789.30000,96413.45300
2024-10-07,62789.20000,64448.20000,62091.80000,62190.70000,298949.37500
2024-10-08,62190.60000,63178.70000,61836.00000,62131.70000,226276.35900
2024-10-09,62131.80000,62520.90000,60251.90000,60606.40000,217302.17300
2024-10-10,60606.30000,61297.00000,58900.00000,60293.20000,262947.65300
2024-10-11,60293.30000,63400.00000,60057.80000,62509.00000,263691.14200
2024-10-12,62509.00000,63462.60000,62458.00000,63176.00000,102784.40600
2024-10-13,63176.00000,63260.00000,62020.00000,62839.80000,129696.15600
2024-10-14,62839.70000,66533.00000,62420.00000,66064.90000,338251.60100
2024-10-15,66064.90000,67953.70000,64771.70000,67044.10000,422005.51100
2024-10-16,67044.00000,68400.00000,66724.20000,67592.00000,254153.50100
2024-10-17,67592.00000,67925.90000,66600.00000,67401.50000,220272.83700
2024-10-18,67401.50000,69000.00000,67165.00000,68407.80000,245301.76100
2024-10-19,68407.80000,68684.90000,68000.00000,68357.10000,68632.10800
2024-10-20,68357.10000,69425.80000,68069.80000,69020.10000,105939.49200
2024-10-21,69020.20000,69566.00000,66865.90000,67368.80000,253437.33300
2024-10-22,67368.70000,67825.00000,66536.50000,67406.40000,218518.97700
2024-10-23,67406.50000,67449.00000,65222.30000,66647.20000,248215.05800
2024-10-24,66647.30000,68842.50000,66482.00000,68173.80000,212340.72200
2024-10-25,68173.80000,68748.00000,65557.20000,66662.80000,348511.87100
2024-10-26,66662.70000,67450.00000,66414.10000,67071.80000,94169.99200
2024-10-27,67071.90000,68306.10000,66909.40000,67992.60000,88468.80800
2024-10-28,67992.70000,70331.00000,67584.20000,69940.00000,256128.62200
2024-10-29,69939.90000,73660.00000,69733.00000,72739.50000,382502.06000
2024-10-30,72739.50000,72984.90000,71444.20000,72349.00000,227108.80800
2024-10-31,72349.00000,72720.30000,69705.00000,70321.90000,256485.32800
2024-11-01,70321.90000,71650.00000,68822.50000,69495.50000,352591.08800
2024-11-02,69495.40000,69913.10000,69022.80000,69366.60000,79314.10500
2024-11-03,69366.60000,69393.70000,67446.60000,68762.50000,226477.37600
2024-11-04,68762.50000,69495.30000,66810.00000,67834.30000,244912.16600
2024-11-05,67834.40000,70537.40000,67454.20000,69353.10000,273070.87000
2024-11-06,69353.10000,76420.00000,69272.70000,75579.90000,677440.28600
2024-11-07,75579.90000,76900.00000,74450.00000,75859.40000,280675.03300
2024-11-08,75859.40000,77182.90000,75576.30000,76482.20000,230370.32400
2024-11-09,76482.20000,76920.00000,75683.20000,76675.10000,117754.03400
2024-11-10,76675.10000,81699.80000,76501.10000,80410.00000,417426.89900
2024-11-11,80409.90000,89800.00000,80261.20000,88728.90000,614141.66200
2024-11-12,88729.00000,90070.10000,85159.90000,87972.00000,639481.58400
2024-11-13,87972.00000,93421.10000,86180.00000,90413.30000,555288.29700
2024-11-14,90413.30000,91846.10000,86714.00000,87382.70000,364621.68000
2024-11-15,87382.60000,91921.50000,87111.00000,91074.60000,314431.90800
2024-11-16,91074.60000,91849.80000,90120.00000,90643.30000,129023.44700
2024-11-17,90643.20000,91539.60000,88736.10000,89899.90000,167504.79200
2024-11-18,89900.00000,92700.00000,89422.10000,90507.40000,333557.11000
2024-11-19,90507.40000,93985.90000,90405.60000,92335.90000,303532.03100
2024-11-20,92335.90000,94849.00000,91500.00000,94288.00000,290044.22700
2024-11-21,94288.00000,99100.00000,94008.70000,98366.80000,418383.13600
2024-11-22,98366.80000,99660.00000,97199.90000,98921.40000,265774.06700
2024-11-23,98921.50000,98937.30000,97173.50000,97725.50000,120358.42200
2024-11-24,97725.60000,98666.00000,95822.10000,97960.40000,173118.84000
2024-11-25,97960.50000,98999.00000,92666.00000,93064.00000,329375.02100
2024-11-26,93064.00000,95064.00000,90866.40000,92021.40000,344929.23300
2024-11-27,92021.50000,97250.00000,91864.00000,95905.20000,237005.98700
2024-11-28,95905.20000,96627.60000,94700.10000,95694.40000,154007.02600
2024-11-29,95694.40000,98713.30000,95404.50000,97516.30000,190520.94900
2024-11-30,97516.20000,97522.10000,96150.00000,96475.10000,93074.21800
2024-12-01,96475.20000,97933.00000,95736.50000,97265.10000,113222.99000
2024-12-02,97265.00000,98266.00000,94400.00000,95890.50000,257613.91100
2024-12-03,95890.60000,96375.00000,93605.00000,95913.30000,206601.98000
2024-12-04,95913.30000,99099.90000,94650.80000,98669.80000,275949.20500
2024-12-05,98669.80000,104630.40000,90200.00000,97001.50000,580277.39100
2024-12-06,97001.60000,101988.80000,96429.50000,99802.50000,282369.60800
2024-12-07,99802.50000,100499.00000,98876.90000,99899.20000,95858.65800
2024-12-08,99899.20000,101457.90000,98709.40000,101200.00000,109755.67600
2024-12-09,101200.10000,101300.00000,94039.70000,97349.10000,326973.59000
2024-12-10,97349.10000,98320.60000,94265.50000,96602.40000,291490.74400
2024-12-11,96602.30000,101880.00000,95650.00000,101115.30000,221807.70500
2024-12-12,101115.30000,102538.40000,99280.20000,99982.40000,215219.07500
2024-12-13,99982.30000,101869.50000,99149.60000,101371.90000,152437.31800
2024-12-14,101371.90000,102638.00000,100559.80000,101381.00000,107680.54900
2024-12-15,101381.00000,105374.60000,101200.10000,104460.40000,157733.91600
2024-12-16,104460.50000,107777.00000,103264.60000,106023.20000,274395.75600
2024-12-17,106023.20000,108366.80000,105252.00000,106074.60000,197773.91200
2024-12-18,106074.60000,106484.60000,99951.10000,100181.10000,328581.93500
2024-12-19,100181.20000,102756.70000,95681.20000,97434.40000,372968.46300
2024-12-20,97434.30000,98243.00000,92272.60000,97764.40000,396188.79500
2024-12-21,97764.50000,99485.00000,96375.00000,97261.80000,161258.48000
2024-12-22,97261.70000,97437.90000,94200.00000,95153.50000,148114.73500
2024-12-23,95153.40000,96499.00000,92464.40000,94861.10000,247211.85500
2024-12-24,94861.00000,99450.00000,93525.60000,98627.20000,211610.63200
2024-12-25,98626.90000,99580.70000,97570.00000,99379.70000,124696.89200
2024-12-26,99379.60000,99950.00000,95153.00000,95751.00000,194857.65100
2024-12-27,95750.90000,97564.50000,93440.00000,94258.90000,206008.24300
2024-12-28,94258.90000,95700.00000,94100.00000,95259.10000,67991.34900
2024-12-29,95259.10000,95300.00000,92961.80000,93700.00000,95047.93400
2024-12-30,93699.90000,95031.60000,91510.00000,92759.30000,222343.59300
2024-12-31,92759.30000,96254.30000,92000.00000,93548.90000,178648.11600
2025-01-01,93548.80000,95161.20000,92796.50000,94580.90000,91236.66000
2025-01-02,94580.90000,97822.40000,94357.40000,96967.50000,181645.49500
2025-01-03,96967.60000,98949.00000,96061.50000,98145.70000,125220.67400
2025-01-04,98145.70000,98760.90000,97438.20000,98173.20000,71914.63400
2025-01-05,98173.20000,98852.60000,97227.00000,98340.20000,74949.28900
2025-01-06,98340.20000,102444.00000,97872.60000,102180.40000,207493.32900
2025-01-07,102180.50000,102762.10000,96153.00000,96920.30000,258711.30900
2025-01-08,96920.20000,97242.20000,92500.00000,95014.10000,262012.11300
2025-01-09,95014.00000,95358.70000,91055.80000,92505.90000,257760.90200
2025-01-10,92506.00000,95882.50000,92173.60000,94675.50000,261942.95400
2025-01-11,94675.60000,94988.00000,93802.10000,94562.50000,64661.76300
2025-01-12,94562.40000,95444.00000,93661.10000,94499.90000,77298.13300
2025-01-13,94499.90000,95934.50000,88909.00000,94485.30000,361150.49000
2025-01-14,94485.40000,97353.90000,94305.40000,96514.90000,212859.66100
2025-01-15,96514.90000,100658.90000,96450.20000,100460.00000,222417.56600
2025-01-16,100460.00000,100850.00000,97293.60000,99937.40000,216802.52000
2025-01-17,99937.40000,105784.00000,99902.00000,104042.50000,249449.96900
2025-01-18,104042.60000,104962.10000,102242.80000,104524.30000,167940.09200
2025-01-19,104524.30000,106450.00000,99600.00000,101311.50000,280949.17800
2025-01-20,101311.50000,110000.00000,99501.00000,102247.60000,530508.18000
2025-01-21,102247.70000,107241.60000,100097.20000,106114.50000,273296.82800
2025-01-22,106115.40000,106390.00000,103211.60000,103664.90000,151243.52800
2025-01-23,103664.90000,106840.20000,101211.00000,103864.10000,418154.01900
2025-01-24,103864.00000,107076.50000,102680.00000,104808.10000,165746.95000
2025-01-25,104808.00000,105274.70000,104040.60000,104702.00000,65630.16300
2025-01-26,104702.00000,105496.90000,102450.30000,102560.10000,75787.08700
2025-01-27,102560.00000,103216.50000,97680.00000,102021.30000,325689.87400
2025-01-28,102021.30000,103797.00000,100235.00000,101279.60000,169917.26100
2025-01-29,101279.70000,104755.00000,101269.70000,103698.20000,169989.95200
2025-01-30,103698.10000,106450.00000,103224.50000,104676.90000,136967.40000
2025-01-31,104676.90000,106000.00000,101509.00000,102379.70000,172237.81700
2025-02-01,102379.80000,102734.90000,100215.00000,100603.60000,90863.09100
2025-02-02,100603.60000,101426.00000,96029.60000,97664.50000,232934.69300
2025-02-03,97664.50000,102456.00000,91130.30000,101293.70000,455088.03400
2025-02-04,101293.60000,101729.30000,96100.00000,97709.90000,262746.20300
2025-02-05,97710.00000,99124.20000,96106.10000,96553.20000,151379.66600
2025-02-06,96553.20000,99093.00000,95613.50000,96515.10000,161521.01300
2025-02-07,96515.00000,100112.40000,95555.00000,96454.50000,223373.62900
2025-02-08,96454.50000,96850.00000,95600.00000,96411.90000,69050.43200
2025-02-09,96412.00000,97301.70000,94650.10000,96423.60000,101177.28600
2025-02-10,96423.60000,98328.00000,95200.10000,97379.20000,132932.54500
2025-02-11,97379.20000,98482.20000,94814.30000,95731.40000,154832.90400
2025-02-12,95731.40000,98090.90000,94003.90000,97816.30000,202448.07900
2025-02-13,97816.30000,98053.80000,95160.10000,96560.60000,142240.52600
2025-02-14,96560.60000,98792.80000,96225.70000,97445.10000,144452.95700
2025-02-15,97445.20000,97941.20000,97170.00000,97538.00000,47418.59300
2025-02-16,97538.00000,97665.80000,96002.00000,96067.00000,56684.87300
2025-02-17,96067.00000,97000.00000,95150.60000,95743.20000,105576.98600
2025-02-18,95743.10000,96737.30000,93321.60000,95622.00000,179173.36200
2025-02-19,95622.00000,96878.70000,95012.50000,96598.00000,124996.87300
2025-02-20,96597.90000,98662.10000,96366.00000,98252.90000,129180.17200
2025-02-21,98252.80000,99431.50000,94830.40000,96127.90000,250618.27300
2025-02-22,96128.00000,96988.00000,95701.90000,96503.30000,65792.15000
2025-02-23,96503.30000,96602.90000,95180.20000,96218.40000,69298.69100
2025-02-24,96218.40000,96470.00000,91300.00000,91514.50000,217488.75000
2025-02-25,91514.50000,92500.00000,86020.40000,88639.10000,472296.50200
2025-02-26,88639.10000,89367.10000,82222.00000,84208.50000,401141.82100
2025-02-27,84208.60000,87066.00000,82667.00000,84668.10000,269408.53000
2025-02-28,84668.20000,85084.50000,78200.20000,84299.60000,536343.23100
2025-03-01,84299.60000,86516.50000,83779.00000,86007.70000,146996.67100
2025-03-02,86007.70000,94971.00000,85015.00000,94222.80000,364711.53800
2025-03-03,94222.00000,94373.40000,85029.00000,86192.70000,436032.40200
2025-03-04,86193.30000,88931.00000,81200.00000,87245.90000,432434.79800
2025-03-05,87245.90000,91000.00000,86328.00000,90566.10000,279001.09000
2025-03-06,90566.10000,92780.30000,87790.50000,89887.80000,303058.63200
2025-03-07,89887.90000,91257.70000,84600.00000,86753.80000,452474.19500
2025-03-08,86753.80000,86876.50000,85108.00000,86184.70000,96106.18700
2025-03-09,86184.70000,86470.60000,79933.40000,80688.80000,221609.34800
2025-03-10,80690.70000,84031.50000,77410.10000,78567.80000,416386.79700
2025-03-11,78567.80000,83600.00000,76560.00000,82896.00000,390779.16900
2025-03-12,82896.00000,84487.00000,80578.50000,83640.70000,306171.12400
2025-03-13,83640.70000,84307.10000,79903.40000,81085.40000,247960.05200
2025-03-14,81085.50000,85270.20000,80772.00000,83939.80000,233544.70800
2025-03-15,83939.90000,84625.00000,83564.50000,84302.90000,76674.97000
2025-03-16,84303.00000,85136.00000,81925.60000,82541.60000,174630.70000
2025-03-17,82541.60000,84727.10000,82384.00000,83962.90000,182662.08200
2025-03-18,83963.00000,83979.80000,81113.50000,82666.10000,188897.74900
2025-03-19,82666.20000,86990.00000,82501.80000,86809.80000,251961.74100
2025-03-20,86809.80000,87500.00000,83613.60000,84183.60000,242943.49200
2025-03-21,84183.60000,84813.60000,83122.00000,84050.30000,144422.27100
2025-03-22,84050.30000,84509.00000,83589.50000,83804.90000,52218.65200
2025-03-23,83804.90000,86110.90000,83761.20000,86044.20000,90899.87300
2025-03-24,86044.10000,88752.00000,85478.30000,87463.40000,210907.48400
2025-03-25,87463.40000,88500.00000,86260.00000,87369.80000,173505.28900
2025-03-26,87369.90000,88270.20000,85816.30000,86873.80000,187956.69500
2025-03-27,86873.90000,87722.40000,85724.50000,87191.20000,163451.68900
2025-03-28,87191.20000,87470.00000,83531.70000,84380.80000,222284.56000
2025-03-29,84380.80000,84589.70000,81601.00000,82604.70000,135513.70500
2025-03-30,82604.80000,83490.00000,81501.40000,82352.80000,109565.92500
2025-03-31,82353.10000,83895.80000,81222.00000,82517.50000,212064.57600
2025-04-01,82517.50000,85595.50000,82383.30000,85120.90000,197263.17600
2025-04-02,85121.00000,88500.00000,82300.00000,82485.10000,348964.37800
2025-04-03,82485.10000,83889.20000,81172.20000,83181.50000,239163.51900
2025-04-04,83181.70000,84686.20000,81624.60000,83861.30000,353109.20600
2025-04-05,83861.40000,84244.50000,82333.80000,83506.10000,99574.20400
2025-04-06,83506.10000,83790.50000,77111.00000,78390.00000,281191.75300
2025-04-07,78390.10000,81200.00000,74457.00000,79140.00000,693843.50300
2025-04-08,79140.10000,80832.10000,76200.10000,76297.90000,328409.53400
2025-04-09,76298.00000,83554.90000,74578.50000,82588.00000,560649.86200
2025-04-10,82587.90000,82706.90000,78416.00000,79560.20000,293662.10000
2025-04-11,79560.30000,84300.00000,78935.50000,83378.30000,295777.87100
2025-04-12,83378.30000,85884.20000,82756.00000,85237.80000,158002.83700
2025-04-13,85237.90000,86100.00000,82991.50000,83713.70000,207038.38000
2025-04-14,83713.80000,85755.00000,83630.90000,84553.90000,209349.35600
2025-04-15,84553.90000,86443.00000,83560.00000,83608.70000,184522.18200
2025-04-16,83608.60000,85493.50000,83063.90000,83990.00000,209441.41800
2025-04-17,83990.10000,85441.50000,83700.00000,84915.00000,141033.19500
2025-04-18,84914.90000,85100.00000,84260.00000,84421.00000,55218.84200
2025-04-19,84421.00000,85600.00000,84317.20000,85046.90000,73380.56600
2025-04-20,85046.90000,85283.60000,83900.00000,85138.80000,90651.81800
2025-04-21,85138.90000,88418.20000,85100.00000,87466.00000,274069.87100
2025-04-22,87466.00000,94142.50000,87017.50000,93404.90000,334005.08100
2025-04-23,93404.90000,94904.30000,91898.00000,93632.10000,232748.42800
2025-04-24,93632.20000,93980.60000,91619.00000,93931.60000,157092.72800
2025-04-25,93931.50000,95769.60000,92788.00000,94591.80000,191830.47700
2025-04-26,94591.80000,95157.10000,93833.00000,94575.70000,72538.20900
2025-04-27,94575.70000,95280.50000,93547.30000,93697.10000,83816.18300
2025-04-28,93697.00000,95578.80000,92700.00000,94969.00000,194420.71600
2025-04-29,94969.00000,95426.40000,93678.70000,94200.10000,147831.79400
2025-04-30,94200.10000,95186.50000,92848.10000,94125.10000,170929.31000
2025-05-01,94125.20000,97388.00000,94086.70000,96423.30000,184526.75500
2025-05-02,96423.20000,97865.40000,96283.10000,96831.20000,139197.52600
2025-05-03,96831.20000,96868.40000,95700.00000,95803.30000,71420.62900
2025-05-04,95803.30000,96266.60000,94116.40000,94230.20000,94260.87700
2025-05-05,94230.20000,95165.10000,93445.10000,94696.70000,154902.37500
2025-05-06,94696.70000,96879.50000,93327.00000,96798.90000,173683.06600
2025-05-07,96798.90000,97700.00000,95718.50000,96988.40000,185267.14200
2025-05-08,96988.40000,104305.30000,96831.50000,103228.10000,317422.46900
2025-05-09,103228.00000,104373.00000,102240.00000,102941.90000,172883.92200
2025-05-10,102941.90000,105000.10000,102784.00000,104788.80000,104384.53700
2025-05-11,104788.80000,104950.00000,103283.30000,104072.70000,139136.42100
2025-05-12,104072.70000,105863.10000,100678.00000,102739.30000,256542.69900
2025-05-13,102739.30000,104949.20000,101400.00000,104082.00000,162368.32800
2025-05-14,104082.00000,104319.00000,102536.00000,103458.10000,126264.09700
2025-05-15,103458.10000,104162.80000,101270.80000,103714.50000,176344.10600
2025-05-16,103714.20000,104524.20000,103062.30000,103412.20000,115513.04900
2025-05-17,103412.20000,103658.00000,102541.60000,103079.60000,90372.66900
2025-05-18,103079.50000,106629.80000,103052.20000,106407.60000,173224.28400
2025-05-19,106407.50000,107114.30000,102038.80000,105531.60000,257825.60400
2025-05-20,105531.50000,107292.50000,104115.20000,106800.10000,226187.24600
2025-05-21,106800.00000,110830.00000,106037.90000,109609.50000,413589.85400
2025-05-22,109609.60000,111959.50000,109153.40000,111662.70000,246067.03300
2025-05-23,111662.60000,111770.40000,106721.90000,107271.50000,279480.34700
2025-05-24,107271.60000,109440.20000,106836.00000,107698.90000,165158.75800
2025-05-25,107699.00000,109285.10000,106497.00000,108955.90000,159465.80300
2025-05-26,108956.00000,110400.00000,108616.60000,109386.80000,146992.22000
2025-05-27,109386.80000,110700.00000,107438.00000,108889.30000,223599.90500
2025-05-28,108889.20000,109252.60000,106723.90000,107723.10000,158417.75900
2025-05-29,107723.10000,108860.00000,105054.20000,105539.90000,213101.25500
2025-05-30,105539.90000,106266.00000,103555.00000,103950.00000,219701.30200
2025-05-31,103949.90000,104859.30000,103032.10000,104544.70000,103607.84000
2025-06-01,104544.60000,105823.60000,103704.10000,105583.30000,97420.24000
2025-06-02,105583.30000,105900.00000,103600.60000,105814.30000,158252.91800
2025-06-03,105814.40000,106775.00000,104822.40000,105330.10000,139216.00700
2025-06-04,105330.10000,105967.20000,104111.70000,104641.80000,118534.12500
2025-06-05,104641.80000,105878.30000,100305.10000,101458.60000,246238.67400
2025-06-06,101458.70000,105283.00000,101003.40000,104240.00000,174300.90600
2025-06-07,104240.10000,105878.30000,103800.10000,105507.50000,79833.17300
2025-06-08,105507.50000,106482.60000,104927.40000,105676.50000,75105.10400
2025-06-09,105676.50000,110653.60000,105253.20000,110227.90000,192956.40900
2025-06-10,110228.00000,110367.20000,108282.00000,110235.40000,152216.97400
2025-06-11,110235.40000,110350.00000,108001.20000,108600.00000,134422.32100
2025-06-12,108600.10000,108782.10000,105602.00000,105609.50000,185790.19000
2025-06-13,105609.40000,106141.10000,102614.00000,106027.30000,245935.41300
2025-06-14,106027.30000,106173.60000,104225.40000,105359.90000,79911.57000
2025-06-15,105359.80000,106099.40000,104399.90000,105534.60000,78819.39900
2025-06-16,105534.70000,108900.00000,104920.00000,106750.10000,166813.21900
2025-06-17,106750.10000,107727.40000,103300.00000,104508.00000,226051.86300
2025-06-18,104508.00000,105500.00000,103426.10000,104832.80000,172706.39900
2025-06-19,104832.80000,105185.70000,103870.30000,104607.10000,87710.60500
2025-06-20,104607.10000,106486.20000,102255.30000,103246.10000,199102.13500
2025-06-21,103246.10000,103940.60000,100789.90000,102079.80000,120771.35000
2025-06-22,102079.80000,103362.60000,98115.40000,100904.70000,293562.63600
2025-06-23,100904.70000,106050.00000,99547.60000,105290.90000,297222.04100
2025-06-24,105291.00000,106239.00000,104570.80000,106034.90000,144449.88700
2025-06-25,106034.90000,108095.70000,105755.60000,107280.00000,159277.82300
2025-06-26,107280.10000,108249.90000,106500.00000,106913.70000,114433.38600
2025-06-27,106913.80000,107686.00000,106313.10000,107010.70000,118637.45000
2025-06-28,107010.60000,107538.00000,106767.00000,107241.00000,35670.41900
2025-06-29,107240.90000,108499.00000,107112.60000,108309.80000,79448.32500
2025-06-30,108309.80000,108783.90000,106686.40000,107087.40000,114681.38600
2025-07-01,107087.30000,107499.90000,105182.60000,105637.90000,120434.40100
2025-07-02,105637.90000,109690.40000,105010.00000,108800.00000,177567.26100
2025-07-03,108800.00000,110484.00000,108480.60000,109545.20000,141487.99700
2025-07-04,109545.10000,109732.30000,107200.00000,107935.40000,132305.84700
2025-07-05,107935.30000,108368.10000,107688.30000,108153.40000,36660.94800
2025-07-06,108153.40000,109684.70000,107743.40000,109145.80000,72388.60300
2025-07-07,109145.80000,109667.30000,107456.00000,108203.90000,106397.57800
2025-07-08,108203.90000,109180.00000,107400.00000,108873.10000,95156.02700
2025-07-09,108873.20000,112036.80000,108273.50000,111199.90000,167834.73100
2025-07-10,111199.80000,117500.00000,110432.20000,115979.20000,225570.21300
2025-07-11,115979.20000,118882.80000,115186.70000,117500.00000,199819.35700
2025-07-12,117500.00000,118176.90000,116862.40000,117389.30000,63722.47200
2025-07-13,117389.40000,119655.00000,117164.30000,119038.30000,90052.38100
2025-07-14,119038.30000,123300.00000,118862.60000,119816.50000,221556.12000
2025-07-15,119816.50000,119919.40000,115678.10000,117738.50000,269977.44600
2025-07-16,117738.60000,120100.00000,117017.10000,118590.70000,159165.94800
2025-07-17,118590.70000,120951.50000,117412.80000,119176.60000,164274.40100
2025-07-18,119176.50000,120846.10000,116788.90000,117896.40000,162246.90600
2025-07-19,117896.50000,118456.00000,117245.90000,117814.40000,52531.19300
2025-07-20,117814.30000,118856.60000,116370.10000,117216.00000,82380.58200
2025-07-21,117216.10000,119720.60000,116454.10000,117330.20000,141885.84800
2025-07-22,117330.20000,120300.10000,115865.00000,119993.70000,186832.45000
2025-07-23,119993.70000,120146.50000,117250.00000,118713.50000,136986.89700
2025-07-24,118713.40000,119469.90000,117050.20000,118294.30000,137377.61300
2025-07-25,118294.40000,118410.80000,114667.30000,117583.50000,260386.75400
2025-07-26,117583.40000,118300.00000,117114.20000,117889.20000,57218.60400
2025-07-27,117889.30000,119766.00000,117800.80000,119423.40000,75978.95900
2025-07-28,119423.50000,119812.00000,117388.00000,118041.40000,106712.32900
2025-07-29,118041.50000,119258.70000,116923.00000,117897.00000,115263.46300
2025-07-30,117897.10000,118763.50000,115700.00000,117771.00000,124917.85700
2025-07-31,117771.10000,118910.00000,115373.90000,115697.30000,135037.46700
2025-08-01,115697.30000,116000.00000,112660.00000,113244.80000,221282.09900
2025-08-02,113244.80000,114000.00000,111910.00000,112508.80000,102459.44800
2025-08-03,112508.80000,114730.00000,111850.00000,114150.80000,63183.86900
2025-08-04,114150.90000,115686.00000,114053.80000,115002.10000,83328.59100
2025-08-05,115002.10000,115073.30000,112582.40000,114069.60000,119316.42800
2025-08-06,114069.60000,115674.20000,113304.50000,114941.00000,98598.67000
2025-08-07,114941.00000,117580.00000,114211.40000,117419.90000,134409.05500
2025-08-08,117419.90000,117591.80000,115850.00000,116628.20000,89828.61100
2025-08-09,116628.20000,117906.70000,116304.00000,116422.10000,77924.53400
2025-08-10,116422.10000,119291.90000,116413.20000,119255.30000,130331.77900
2025-08-11,119255.30000,122450.00000,118050.00000,118641.90000,217088.25400
2025-08-12,118641.80000,120270.00000,118154.30000,120081.00000,125708.55500
2025-08-13,120080.90000,123715.90000,118829.00000,123323.90000,188073.87300
2025-08-14,123323.90000,124545.60000,117004.00000,118242.20000,259801.57000
2025-08-15,118242.20000,119184.00000,116736.30000,117279.20000,120542.35700
2025-08-16,117279.10000,117857.10000,117089.70000,117329.70000,46674.42000
2025-08-17,117329.80000,118558.00000,117121.60000,117353.80000,54386.80400
2025-08-18,117353.90000,117499.40000,114605.00000,116183.60000,147219.77900
2025-08-19,116183.60000,116687.70000,112666.60000,112824.20000,141024.28700
2025-08-20,112824.10000,114569.00000,112301.80000,114220.50000,130522.37000
2025-08-21,114220.50000,114777.00000,111944.00000,112462.20000,96406.35600
2025-08-22,112462.20000,117397.40000,111625.90000,116897.50000,199447.97700
2025-08-23,116897.50000,116988.00000,114510.00000,115377.10000,78419.41500
2025-08-24,115377.10000,115640.00000,110484.00000,113446.30000,133388.00200
2025-08-25,113446.20000,113621.30000,109219.80000,110064.00000,204839.78500
2025-08-26,110064.10000,112330.00000,108559.70000,111709.90000,145041.43800
2025-08-27,111710.00000,112568.50000,110306.90000,111194.90000,114205.12200
2025-08-28,111194.90000,113429.00000,110811.00000,112507.30000,97630.27700
2025-08-29,112507.30000,112585.70000,107411.40000,108332.40000,179725.17200
2025-08-30,108332.40000,108879.60000,107281.00000,108757.90000,60656.88300
2025-08-31,108758.00000,109439.90000,108021.00000,108208.40000,70149.54600
2025-09-01,108208.40000,109874.80000,107211.50000,109187.90000,150280.62600
2025-09-02,109187.90000,111742.10000,108333.00000,111188.00000,175961.35600
2025-09-03,111187.90000,112541.20000,110486.90000,111659.80000,105504.42100
2025-09-04,111659.70000,112136.80000,109269.10000,110679.40000,122300.36900
2025-09-05,110679.50000,113344.30000,110153.30000,110614.90000,193375.40400
2025-09-06,110614.80000,111256.20000,109850.00000,110135.30000,46282.51600
2025-09-07,110135.20000,111559.50000,110120.50000,111076.00000,53840.58400
2025-09-08,111075.50000,112867.60000,110566.50000,112012.60000,99117.85900
2025-09-09,112012.70000,113238.00000,110714.90000,111499.90000,137275.13300
2025-09-10,111499.90000,114287.90000,110855.80000,113896.80000,151901.53900
2025-09-11,113896.80000,115439.00000,113340.70000,115427.00000,113066.07800
2025-09-12,115427.00000,116605.70000,114681.50000,115978.40000,119013.71800
2025-09-13,115978.40000,116245.40000,115032.00000,115862.70000,52529.59000
2025-09-14,115862.70000,116118.60000,115057.00000,115210.00000,55087.99000
2025-09-15,115210.00000,116759.90000,114338.50000,115300.60000,117911.27900
2025-09-16,115300.50000,116910.80000,114600.00000,116747.30000,99446.18400
2025-09-17,116747.30000,117266.40000,114623.30000,116402.50000,158125.07000
2025-09-18,116402.60000,117875.20000,116033.50000,117017.10000,107215.71700
2025-09-19,117017.10000,117406.80000,115049.90000,115569.50000,88151.64900
2025-09-20,115569.60000,116059.20000,115343.00000,115624.90000,32355.67800
2025-09-21,115625.00000,115778.00000,115137.60000,115183.90000,32793.43100
2025-09-22,115183.90000,115344.60000,111469.20000,112604.70000,159461.56800
2025-09-23,112604.70000,113254.80000,111405.10000,111947.00000,102258.26400
2025-09-24,111947.00000,113895.80000,110935.00000,113254.00000,105314.09600
2025-09-25,113253.90000,113462.10000,108574.10000,108934.50000,178663.74100
2025-09-26,108934.60000,110250.00000,108566.00000,109588.50000,112277.65900
2025-09-27,109588.50000,109700.00000,109021.90000,109577.30000,35871.92400
2025-09-28,109577.20000,112300.00000,109136.50000,112119.60000,77247.96300
2025-09-29,112119.70000,114377.20000,111501.00000,114257.10000,125405.70900
2025-09-30,114257.10000,114800.00000,112615.30000,113988.80000,119320.01500
2025-10-01,113988.70000,118631.80000,113899.40000,118552.40000,172989.42900
2025-10-02,118552.00000,120999.00000,118226.40000,120481.30000,145456.93800
2025-10-03,120481.30000,123900.00000,119200.00000,122182.70000,167880.26200
2025-10-04,122182.60000,122781.10000,121432.00000,122343.20000,70479.21000
2025-10-05,122343.20000,125877.30000,122088.10000,123426.70000,162571.00000
2025-10-06,123426.70000,126208.50000,123018.50000,124628.50000,140201.32900
2025-10-07,124628.60000,125098.00000,120516.00000,121286.50000,181899.34700
2025-10-08,121286.60000,124170.60000,121005.30000,123237.50000,127099.78600
2025-10-09,123237.40000,123740.10000,119572.80000,121579.30000,163596.38000
2025-10-10,121579.40000,122497.00000,101516.50000,112714.90000,391963.63200
2025-10-11,112715.00000,113300.10000,109501.00000,110579.10000,163671.59000
2025-10-12,110579.10000,115730.30000,109509.30000,114894.40000,217928.03700
2025-10-13,114894.50000,115912.00000,113600.50000,115111.90000,195996.78300
2025-10-14,115112.00000,115360.20000,109802.00000,112983.80000,259244.49600
2025-10-15,112983.90000,113576.10000,110096.90000,110699.00000,131777.09000
2025-10-16,110699.10000,111960.00000,107350.00000,108129.40000,193544.78500
2025-10-17,108129.40000,109199.80000,103470.00000,106378.60000,242789.69200
2025-10-18,106378.50000,107452.60000,106270.00000,107117.50000,68509.90300
2025-10-19,107117.50000,109399.90000,106055.80000,108586.20000,113473.72000
2025-10-20,108586.20000,111650.00000,107377.20000,110469.90000,139646.94900
2025-10-21,110469.90000,113940.00000,107400.00000,108253.70000,241127.42600
2025-10-22,108253.80000,109160.00000,106360.30000,107532.00000,180893.98300
2025-10-23,107532.10000,111240.00000,107462.90000,110025.90000,129640.71700
2025-10-24,110026.00000,112086.00000,109650.00000,110965.40000,110759.53200
2025-10-25,110965.40000,111903.90000,110600.50000,111589.40000,45269.48300
2025-10-26,111589.40000,115521.70000,111200.00000,114497.80000,97335.38700
2025-10-27,114497.90000,116380.20000,113792.40000,114064.10000,118611.61200
2025-10-28,114064.20000,116074.30000,112121.40000,112833.50000,131088.84000
2025-10-29,112833.50000,113593.00000,109026.40000,109985.60000,163920.86600
2025-10-30,109985.60000,111565.10000,106200.00000,108263.50000,205753.64400
2025-10-31,108263.60000,111233.00000,108226.60000,109557.30000,152063.77600
2025-11-01,109557.20000,110557.00000,109351.50000,110047.20000,41614.22100
2025-11-02,110047.30000,111216.00000,109368.90000,110494.90000,61109.17300
2025-11-03,110494.90000,110711.00000,105300.00000,106544.00000,174258.04700
2025-11-04,106544.00000,107271.90000,98888.80000,101450.30000,281742.16000
2025-11-05,101450.20000,104497.60000,98909.70000,103837.00000,167770.09400
2025-11-06,103837.00000,104210.20000,100238.40000,101305.60000,145029.82100
2025-11-07,101305.60000,104070.70000,99200.00000,103305.20000,163967.45800
2025-11-08,103305.30000,103373.80000,101400.10000,102269.30000,70691.94900
2025-11-09,102269.30000,105440.00000,101300.00000,104670.60000,92367.67000
2025-11-10,104670.70000,106666.00000,104205.90000,105966.30000,120403.53800
2025-11-11,105966.30000,107473.70000,102400.00000,103005.80000,132603.77400
2025-11-12,103005.80000,105297.00000,100711.00000,101605.80000,140876.27600
2025-11-13,101605.80000,104024.60000,97959.00000,99654.30000,236046.79900
2025-11-14,99654.30000,99862.80000,93955.00000,94544.90000,287072.78300
2025-11-15,94544.90000,96800.00000,94523.90000,95560.30000,90220.31900
2025-11-16,95560.40000,96600.00000,92922.80000,94221.70000,135749.50900
2025-11-17,94221.70000,96012.20000,91250.00000,92169.70000,205161.28500
2025-11-18,92169.80000,93799.10000,89012.00000,92916.90000,232691.15600
2025-11-19,92916.80000,92944.80000,88564.40000,91508.90000,226438.45000
2025-11-20,91509.00000,93150.00000,86066.60000,86601.30000,276513.02700
2025-11-21,86601.40000,87465.40000,80600.00000,85093.50000,449804.32400
2025-11-22,85093.60000,85599.90000,83456.00000,84689.40000,94197.05500
2025-11-23,84689.40000,88100.00000,84622.00000,86807.70000,138930.07300
2025-11-24,86807.60000,89177.30000,85226.40000,88247.10000,211113.33200
2025-11-25,88247.10000,88477.60000,86061.10000,87324.10000,149637.65500
2025-11-26,87324.10000,90655.40000,86260.90000,90438.10000,159146.53300
2025-11-27,90438.00000,91931.90000,90024.40000,91292.20000,113685.23200
2025-11-28,91292.20000,93080.00000,90155.00000,90847.80000,146920.34700
2025-11-29,90847.80000,91130.00000,90092.70000,90765.00000,54196.67900
2025-11-30,90764.90000,91934.40000,90300.00000,90320.60000,66139.71800
2025-12-01,90320.50000,90396.90000,83786.00000,86241.60000,296847.16600
2025-12-02,86241.50000,92273.20000,86140.10000,91249.10000,228101.16500
2025-12-03,91249.10000,94185.00000,90954.80000,93376.70000,201298.31700
2025-12-04,93376.80000,94040.00000,90822.50000,92034.70000,146772.42700
2025-12-05,92034.70000,92665.50000,87976.30000,89288.50000,179125.05700
2025-12-06,89288.60000,90257.30000,88870.10000,89197.10000,56826.86700
2025-12-07,89197.10000,91722.00000,87688.00000,90345.40000,129592.00500
2025-12-08,90345.40000,92262.60000,89553.80000,90610.80000,152474.73900
2025-12-09,90610.80000,94555.00000,89368.90000,92638.40000,181930.26300
2025-12-10,92638.30000,94443.70000,91520.00000,91977.50000,160488.78000
2025-12-11,91977.50000,93547.30000,89200.00000,92477.50000,191148.06800
2025-12-12,92477.60000,92719.00000,89429.00000,90229.60000,144844.11000
2025-12-13,90229.70000,90599.00000,89711.90000,90191.30000,36237.73300
2025-12-14,90191.30000,90440.00000,87504.30000,88118.80000,92086.65400
2025-12-15,88118.80000,89972.40000,85073.00000,86389.90000,194216.04500
2025-12-16,86390.00000,88143.90000,85226.00000,87826.30000,142225.04800
2025-12-17,87826.30000,90363.20000,85261.30000,86201.60000,208646.74800
2025-12-18,86201.60000,89447.90000,84408.60000,85469.70000,229573.67900
2025-12-19,85469.80000,89374.60000,85062.70000,88100.00000,178284.49400
2025-12-20,88100.00000,88551.80000,87698.50000,88320.80000,35973.84800
2025-12-21,88320.70000,89050.00000,87548.50000,88621.30000,67624.38800
2025-12-22,88621.30000,90599.00000,87845.00000,88581.50000,154693.46900
2025-12-23,88581.50000,88904.90000,86536.00000,87463.00000,133657.94800
2025-12-24,87463.10000,88033.30000,86355.00000,87627.30000,81543.50800
2025-12-25,87627.40000,88594.00000,86902.10000,87182.80000,57796.25200
2025-12-26,87182.80000,89557.60000,86619.90000,87318.20000,149971.73700
2025-12-27,87318.30000,87956.90000,87203.00000,87829.40000,27294.10900
2025-12-28,87829.50000,88078.30000,87402.60000,87920.50000,37359.96400
2025-12-29,87920.40000,90373.40000,86760.00000,87203.30000,190004.20900
2025-12-30,87203.20000,89355.00000,86789.00000,88455.30000,126745.26000
2025-12-31,88455.20000,89192.80000,87189.20000,87608.20000,96768.35700
2026-01-01,87608.30000,88881.40000,87508.40000,88800.00000,47941.30300
2026-01-02,88800.00000,90945.10000,88324.40000,89951.40000,176662.44800
2026-01-03,89951.50000,90716.90000,89261.20000,90595.80000,56891.26900
2026-01-04,90595.80000,91779.70000,90595.70000,91497.10000,73773.02900
2026-01-05,91497.20000,94760.30000,91476.50000,93822.40000,189416.31200
2026-01-06,93822.30000,94415.40000,91209.00000,93708.00000,187443.05000
2026-01-07,93708.10000,93708.10000,90634.10000,91328.00000,148986.85000
2026-01-08,91328.10000,91666.00000,89242.00000,91059.80000,168475.94400
2026-01-09,91059.80000,91999.00000,89632.80000,90603.60000,140394.67700
2026-01-10,90603.70000,90800.00000,90351.60000,90469.60000,25270.74100
2026-01-11,90469.70000,91252.50000,90175.30000,90964.40000,43544.38200
2026-01-12,90964.40000,92488.00000,90066.00000,91252.60000,169237.38300
2026-01-13,91252.50000,96863.70000,91011.00000,95375.20000,200545.91800
2026-01-14,95375.20000,97932.10000,94413.40000,96907.90000,182043.49100
2026-01-15,96908.00000,97155.00000,95080.00000,95567.30000,149204.74100
2026-01-16,95567.40000,95825.00000,94234.50000,95503.70000,101218.08900
2026-01-17,95503.80000,95621.90000,94977.50000,95107.90000,38969.23300
2026-01-18,95107.90000,95490.00000,93550.30000,93614.00000,62580.39300
2026-01-19,93614.00000,93614.10000,91800.00000,92589.60000,108237.05600
2026-01-20,92589.60000,92845.00000,87787.20000,88390.60000,188076.20000
2026-01-21,88390.70000,90599.50000,87205.50000,89411.40000,208082.61500
2026-01-22,89411.40000,90327.70000,88465.60000,89518.50000,105914.22100
2026-01-23,89518.40000,91195.00000,88530.00000,89558.70000,124825.85000
2026-01-24,89558.70000,89893.90000,89116.90000,89180.70000,30735.93700
2026-01-25,89180.70000,89281.60000,86021.70000,86628.90000,124879.36300
2026-01-26,86628.90000,88834.10000,86463.20000,88300.60000,134609.49100
2026-01-27,88300.60000,89499.00000,87265.40000,89197.80000,117926.11400
2026-01-28,89197.80000,90592.70000,88786.00000,89261.70000,123884.85900
2026-01-29,89261.70000,89316.80000,83338.30000,84604.70000,226761.59100
2026-01-30,84604.70000,84697.20000,81000.00000,84211.40000,254794.51600
2026-01-31,84211.40000,84239.50000,75500.00000,78706.80000,271548.51100
2026-02-01,78706.70000,79396.80000,75644.00000,76931.50000,186984.08000
2026-02-02,76931.60000,79311.00000,74555.00000,78692.50000,259646.41400
2026-02-03,78692.50000,79163.00000,72889.20000,75732.40000,307725.51600
2026-02-04,75732.40000,76952.50000,71838.00000,73137.40000,293124.63900
2026-02-05,73137.50000,73316.30000,62233.30000,62868.10000,670089.74100
2026-02-06,62868.10000,71714.40000,59800.00000,70544.50000,559182.76900
2026-02-07,70544.50000,71690.00000,67250.00000,69254.20000,266663.65100
2026-02-08,69254.30000,72300.00000,68843.70000,70288.10000,162753.58700
2026-02-09,70288.20000,71434.90000,68271.70000,70110.50000,222442.82800
2026-02-10,70110.60000,70499.90000,67883.00000,68805.30000,183872.60900
2026-02-11,68805.30000,69262.70000,65718.50000,67054.40000,256625.52400
2026-02-12,67054.80000,68385.00000,65081.00000,66243.10000,199993.25900
2026-02-13,66243.20000,69473.70000,65833.90000,68821.50000,183043.28900
2026-02-14,68821.50000,70557.70000,68689.10000,69795.40000,114534.24600
2026-02-15,69795.40000,70938.50000,68029.60000,68796.90000,151250.13000
2026-02-16,68796.90000,70110.90000,67250.00000,68862.50000,149579.74800
2026-02-17,68862.60000,69228.60000,66588.00000,67475.90000,149185.12200
2026-02-18,67475.90000,68438.00000,65826.10000,66422.80000,163973.39100
2026-02-19,66422.80000,67299.40000,65595.70000,66974.00000,147432.60100
2026-02-20,66973.90000,68283.70000,66408.10000,67979.30000,225303.97100
2026-02-21,67979.30000,68687.00000,67488.90000,67933.10000,87495.49300
2026-02-22,67933.20000,68220.00000,67150.00000,67613.50000,84343.42200
2026-02-23,67613.60000,67655.80000,63860.00000,64625.80000,277151.29600
2026-02-24,64625.80000,64980.00000,62401.70000,64031.30000,223150.56900
2026-02-25,64031.40000,69999.00000,63876.00000,67952.50000,299238.81800
2026-02-26,67952.50000,68850.00000,66462.00000,67448.20000,177837.05500
2026-02-27,67448.10000,68188.80000,64875.60000,65836.00000,205957.36400
2026-02-28,65836.00000,67735.00000,62979.50000,66937.10000,257922.78600
2026-03-01,66937.00000,68189.00000,65011.00000,65750.00000,219111.43600
2026-03-02,65749.90000,70100.00000,65234.40000,68801.80000,277378.03200
2026-03-03,68801.80000,69221.60000,66080.00000,68295.30000,257469.90000
2026-03-04,68295.20000,74046.50000,67350.00000,72641.40000,357143.49600
2026-03-05,72641.40000,73539.10000,70612.80000,70854.80000,226168.28000
2026-03-06,70854.80000,71387.50000,67712.30000,68083.00000,213382.70300
2026-03-07,68083.00000,68524.90000,66850.10000,67232.10000,94570.16200
2026-03-08,67232.10000,68171.60000,65569.20000,65934.30000,155747.97300
2026-03-09,65934.30000,69498.00000,65770.50000,68394.10000,237211.54700
2026-03-10,68394.00000,71748.10000,68345.00000,69901.90000,265674.48400
2026-03-11,69901.80000,71286.00000,68932.90000,70150.00000,195627.95600
2026-03-12,70150.00000,70756.50000,69150.00000,70480.10000,186490.59300
2026-03-13,70480.10000,73870.00000,70342.70000,70895.50000,300232.12100
2026-03-14,70895.50000,71272.30000,70256.00000,71174.40000,79283.01400
2026-03-15,71174.40000,73199.90000,70815.70000,72778.90000,126474.24200
2026-03-16,72778.80000,74880.00000,72235.60000,74846.40000,269076.99000
2026-03-17,74846.40000,75998.90000,73330.30000,73872.40000,218278.97300
2026-03-18,73872.30000,74633.00000,70456.00000,71202.90000,226755.46900
2026-03-19,71202.90000,71598.30000,68750.00000,69887.40000,218646.17700
2026-03-20,69887.40000,71342.20000,69350.00000,70472.70000,186241.51700
2026-03-21,70472.60000,71077.70000,68511.30000,68881.50000,74084.88600
2026-03-22,68881.50000,69555.80000,67300.00000,67830.60000,134880.56400
2026-03-23,67830.70000,71789.80000,67400.10000,70865.90000,291099.67800
2026-03-24,70866.00000,71377.50000,68884.50000,70523.90000,196191.95000
2026-03-25,70524.00000,71999.90000,70375.00000,71297.50000,166515.84900
2026-03-26,71297.50000,71408.10000,68115.80000,68788.00000,186473.61400
2026-03-27,68788.10000,69142.70000,65501.00000,66364.20000,212351.04800
2026-03-28,66364.10000,67284.00000,65888.00000,66334.80000,89373.49200
2026-03-29,66334.80000,67100.00000,64918.20000,65977.90000,110278.39600
2026-03-30,65978.00000,68148.40000,65754.20000,66764.40000,187059.06500
2026-03-31,66764.40000,68600.00000,65938.00000,68241.50000,243333.08500
2026-04-01,68241.40000,69288.00000,67534.90000,68086.50000,157276.22000
2026-04-02,68086.40000,68639.10000,65676.10000,66868.50000,188358.92100
2026-04-03,66868.60000,67350.00000,66240.00000,66930.00000,79267.83300
2026-04-04,66930.00000,67554.50000,66745.50000,67271.00000,50770.33700
2026-04-05,67271.10000,69108.00000,66575.50000,68997.90000,104918.16900
2026-04-06,68997.90000,70332.50000,68227.50000,68817.90000,166757.23600
2026-04-07,68817.90000,72743.40000,67711.00000,71890.20000,232828.24700
2026-04-08,71890.20000,72858.50000,70671.60000,71038.10000,183378.49200
2026-04-09,71038.20000,73128.00000,70428.00000,71750.40000,175806.45700
2026-04-10,71750.40000,73450.00000,71382.10000,72917.40000,156569.66600
2026-04-11,72917.40000,73773.40000,72451.90000,73013.40000,80169.67000
2026-04-12,73013.40000,73094.40000,70458.20000,70711.10000,134822.98900
2026-04-13,70711.20000,74870.00000,70517.30000,74385.00000,213029.51900
2026-04-14,74384.90000,76009.00000,73766.80000,74106.90000,183261.49000
2026-04-15,74106.90000,75425.60000,73449.00000,74776.20000,131029.77100
2026-04-16,74776.30000,75500.00000,73256.80000,75106.80000,158397.72500
2026-04-17,75106.80000,78300.00000,74480.00000,77030.60000,239395.91500
2026-04-18,77030.60000,77380.00000,75395.90000,75653.80000,105894.39100
2026-04-19,75653.80000,76200.00000,73700.20000,73758.40000,128978.21100
2026-04-20,73758.40000,76531.00000,73669.00000,75790.10000,166149.66700
2026-04-21,75790.10000,76999.00000,74777.90000,76288.20000,164760.98700
2026-04-22,76288.30000,79444.00000,76078.60000,78139.80000,191087.09600
2026-04-23,78139.70000,78648.00000,76504.60000,78216.80000,172485.01200
2026-04-24,78217.40000,78546.00000,77206.80000,77395.40000,127783.00500
2026-04-25,77395.30000,77847.00000,77100.00000,77585.00000,46592.48600
2026-04-26,77585.00000,78994.80000,77280.00000,78613.50000,79943.30500
2026-04-27,78614.40000,79455.00000,76400.00000,77331.20000,169100.88300
2026-04-28,77331.20000,77450.00000,75635.60000,76298.10000,103918.87700
2026-04-29,76298.20000,77873.20000,74868.00000,75749.90000,186533.50300
2026-04-30,75749.90000,76630.30000,75273.50000,76305.40000,99754.46000
2026-05-01,76305.40000,78879.90000,76265.40000,78192.00000,152998.30600
2026-05-02,78191.90000,79145.00000,77979.30000,78652.90000,51441.10800
2026-05-03,78652.80000,79428.90000,78027.00000,78529.00000,72033.62100
2026-05-04,78529.00000,80771.70000,78128.30000,79826.10000,280916.58200
2026-05-05,79826.10000,81745.40000,79761.20000,80861.90000,170921.52800
2026-05-06,80861.90000,82828.70000,80651.20000,81390.10000,158200.50800
2026-05-07,81390.00000,81680.60000,79461.50000,79969.40000,134727.65200
2026-05-08,79969.50000,80478.00000,79137.40000,80155.20000,106762.91300
2026-05-09,80155.20000,81043.20000,80080.00000,80634.00000,55957.33400
2026-05-10,80634.00000,82460.50000,80225.10000,82177.70000,94950.80300
2026-05-11,82177.70000,82350.00000,80394.00000,81699.10000,121990.42100
2026-05-12,81699.10000,81757.30000,79801.00000,80461.00000,121313.95600
2026-05-13,80461.00000,81270.20000,78713.80000,79288.30000,139700.64500
2026-05-14,79288.20000,81999.00000,78869.40000,81048.90000,175883.62500
2026-05-15,81048.80000,81623.80000,78610.00000,79074.00000,153823.50500
2026-05-16,79074.00000,79199.70000,77601.80000,78104.20000,86150.45100
2026-05-17,78104.30000,78564.30000,76666.00000,77430.40000,86217.66900
2026-05-18,77430.40000,77757.50000,76014.20000,76963.20000,178363.49900
2026-05-19,76963.20000,77384.60000,76107.10000,76799.90000,99046.63900
2026-05-20,76800.00000,77825.80000,76485.00000,77510.30000,107607.40600
2026-05-21,77510.30000,78180.00000,76696.70000,77586.20000,117095.16100
2026-05-22,77586.30000,77862.70000,75322.00000,75513.10000,116206.21300
2026-05-23,75513.10000,77427.00000,74203.60000,76715.20000,153827.75300
2026-05-24,76715.30000,77600.00000,76056.00000,77030.30000,91134.27700
2026-05-25,77030.30000,77887.90000,76871.40000,77281.50000,76708.40800
2026-05-26,77281.50000,78077.10000,75641.20000,75905.50000,164920.08200
2026-05-27,75905.60000,76155.50000,74210.00000,74418.10000,144715.46100
2026-05-28,74418.00000,74565.30000,72556.00000,73591.40000,179445.67700
2026-05-29,73591.40000,74293.10000,72436.00000,73428.20000,146157.18200
2026-05-30,73428.20000,74108.80000,73130.10000,73856.80000,52543.68600
2026-05-31,73856.90000,74250.00000,73340.70000,73653.20000,58241.45900
2026-06-01,73653.20000,74070.50000,70650.90000,71391.50000,213471.12800
2026-06-02,71391.50000,71397.00000,66150.70000,66730.00000,346702.15200
2026-06-03,66730.10000,67493.80000,64050.80000,64117.70000,310901.53800
2026-06-04,64117.70000,64739.80000,61344.80000,63853.40000,431174.61100
2026-06-05,63853.40000,63955.00000,59080.00000,61022.00000,478161.88500
2026-06-06,61022.00000,61500.00000,59451.30000,60849.70000,174760.84300
2026-06-07,60849.70000,64250.00000,60708.00000,63298.50000,217479.03300
2026-06-08,63299.00000,64179.50000,62377.00000,63057.90000,184441.05300
2026-06-09,63057.90000,63499.90000,60755.00000,61695.00000,221399.47400
2026-06-10,61694.90000,62840.20000,60691.90000,61483.70000,193054.26400
2026-06-11,61483.60000,63915.30000,61483.60000,63597.90000,193994.57400
2026-06-12,63598.00000,64362.60000,62800.00000,63547.00000,145723.78200
2026-06-13,63547.00000,64738.00000,63360.00000,64418.20000,76161.38700
2026-06-14,64418.30000,65775.00000,63650.00000,65702.10000,116733.45800
2026-06-15,65702.10000,67255.40000,65314.30000,66285.90000,167952.94100
2026-06-16,66285.90000,66956.70000,65328.80000,65644.80000,129106.42600
2026-06-17,65644.80000,66419.20000,63881.20000,64472.90000,199486.29900
2026-06-18,64472.90000,64780.00000,62232.10000,62924.10000,187698.71600
2026-06-19,62924.00000,63645.00000,62237.20000,63512.60000,112226.88100
2026-06-20,63512.50000,64370.90000,63136.20000,64270.00000,95676.69600
2026-06-21,64270.10000,64568.00000,63220.00000,63287.10000,84982.07600
2026-06-22,63287.20000,65597.20000,63286.20000,63990.20000,161843.00800
2026-06-23,63990.10000,64247.20000,61870.00000,62696.70000,172919.23900
2026-06-24,62696.70000,63209.60000,59060.00000,61051.20000,278097.30400
2026-06-25,61051.20000,61931.10000,58030.00000,59771.90000,301830.17400
2026-06-26,59772.00000,59882.20000,58288.00000,58839.30000,42372.79700
