timestamp,open,high,low,close,volume
2020-01-01 00:00:00,10019.03,10032.82,9979.35,10025.84,178.2181
2020-01-01 01:00:00,10016.85,10025.58,9995.71,10019.91,42.3784
2020-01-01 02:00:00,10047.35,10072.19,10035.56,10053.36,122.2034
2020-01-01 03:00:00,10132.04,10143.78,10127.89,10130.92,5.1928
2020-01-01 04:00:00,10132.19,10162.38,10099.34,10120.07,62.3656
2020-01-01 05:00:00,10101.44,10122.46,10087.42,10109.24,277.7035
2020-01-01 06:00:00,10200.27,10241.05,10166.04,10190.07,32.0328
2020-01-01 07:00:00,10222.2,10262.08,10214.6,10230.19,5.1263
2020-01-01 08:00:00,10198.55,10211.93,10196.99,10207.2,87.4537
2020-01-01 09:00:00,10244.29,10288.69,10230.54,10235.91,43.866
2020-01-01 10:00:00,10222.63,10239.05,10207.72,10213.22,47.7525
2020-01-01 11:00:00,10199.13,10208.27,10155.35,10190.46,87.3368
2020-01-01 12:00:00,10190.38,10215.77,10166.88,10203.8,97.1775
2020-01-01 13:00:00,10102.5,10128.36,10094.36,10107.21,57.5048
2020-01-01 14:00:00,10029.3,10039.79,9959.06,10021.05,70.8361
2020-01-01 15:00:00,9994.29,9995.72,9981.07,9993.88,499.9066
2020-01-01 16:00:00,9933.59,9970.9,9906.32,9944.27,315.0002
2020-01-01 17:00:00,9965.45,9995.69,9947.2,9960.89,122.8665
2020-01-01 18:00:00,9909.57,9935.67,9897.7,9916.66,17.6116
2020-01-01 19:00:00,9865.3,9901.23,9836.92,9847.62,44.6225
2020-01-01 20:00:00,9936.1,9980.08,9900.92,9920.78,214.6336
2020-01-01 21:00:00,9916.56,9920.62,9895.84,9910.57,55.0894
2020-01-01 22:00:00,9928.4,9931.36,9908.78,9914.91,310.9296
2020-01-01 23:00:00,9845.9,9852.53,9836.96,9845.27,67.002
2020-01-02 00:00:00,9826.97,9845.33,9797.9,9819.45,197.883
2020-01-02 01:00:00,9840.4,9867.46,9821.32,9825.88,3.602
2020-01-02 02:00:00,9772.71,9809.33,9749.9,9770.32,56.945
2020-01-02 03:00:00,9787.15,9807.14,9740.38,9789.65,120.4846
2020-01-02 04:00:00,9744.59,9762.84,9742.67,9761.22,199.1904
2020-01-02 05:00:00,9747.15,9756.73,9716.4,9747.96,94.0668
2020-01-02 06:00:00,9727.62,9735.79,9719.11,9719.61,19.0267
2020-01-02 07:00:00,9819.88,9843.17,9796.59,9810.6,216.9753
2020-01-02 08:00:00,9815.87,9841.62,9776.79,9810.92,85.5227
2020-01-02 09:00:00,9754.73,9769.12,9736.43,9760.02,11.431
2020-01-02 10:00:00,9781.76,9815.41,9771.47,9801.13,62.3335
2020-01-02 11:00:00,9737.46,9745.05,9735.6,9742.28,120.0457
2020-01-02 12:00:00,9750.46,9770.85,9731.46,9753.43,59.9686
2020-01-02 13:00:00,9655.82,9661.69,9636.92,9658.84,204.6317
2020-01-02 14:00:00,9601.6,9624.97,9594.32,9595.66,55.1117
2020-01-02 15:00:00,9625.14,9654.44,9603.72,9606.07,87.5755
2020-01-02 16:00:00,9643.69,9650.41,9630.54,9642.5,23.7205
2020-01-02 17:00:00,9649.63,9653.11,9648.25,9651.72,71.8847
2020-01-02 18:00:00,9644.61,9698.66,9628.84,9647.11,25.2131
2020-01-02 19:00:00,9634.75,9655.67,9632.33,9633.55,25.5134
2020-01-02 20:00:00,9555.37,9578.85,9539.01,9563.29,32.8369
2020-01-02 21:00:00,9530.97,9549.05,9527.77,9529.83,4.5206
2020-01-02 22:00:00,9513.12,9526.57,9489.87,9508.83,17.8301
2020-01-02 23:00:00,9562.05,9577.69,9537.58,9560.04,55.2274
2020-01-03 00:00:00,9581.81,9597.47,9548.07,9577.43,14.0482
2020-01-03 01:00:00,9498.07,9528.81,9493.02,9493.96,14.316
2020-01-03 02:00:00,9493.44,9549.69,9478.86,9510.29,343.9891
2020-01-03 03:00:00,9498.98,9505.84,9492.33,9492.93,55.7039
2020-01-03 04:00:00,9455.4,9489.14,9449.34,9461.75,51.7066
2020-01-03 05:00:00,9481.23,9518.39,9440.58,9491.63,31.1614
2020-01-03 06:00:00,9530.97,9552.45,9517.82,9541.51,71.8357
2020-01-03 07:00:00,9591.05,9607.85,9564.47,9586.89,90.6501
2020-01-03 08:00:00,9545.5,9562.69,9545.07,9547.63,54.1604
2020-01-03 09:00:00,9517.78,9554.96,9505.23,9533.82,50.0559
2020-01-03 10:00:00,9555.13,9578.85,9540.02,9550.56,120.5396
2020-01-03 11:00:00,9584.29,9638.96,9551.82,9598.1,299.1276
2020-01-03 12:00:00,9577.41,9586.03,9569.95,9576.07,210.2277
2020-01-03 13:00:00,9570.42,9580.55,9550.82,9568.14,12.6267
2020-01-03 14:00:00,9524.59,9538.83,9513.29,9516.16,105.644
2020-01-03 15:00:00,9477.06,9487.68,9448.47,9460.2,0.7073
2020-01-03 16:00:00,9486.62,9532.45,9478.7,9499.58,100.2644
2020-01-03 17:00:00,9564.45,9598.45,9559.58,9564.95,62.4281
2020-01-03 18:00:00,9559.82,9574.58,9538.65,9562.46,67.5529
2020-01-03 19:00:00,9615.57,9624.95,9608.39,9611.4,88.6794
2020-01-03 20:00:00,9631.81,9634.45,9585.73,9629.74,135.7339
2020-01-03 21:00:00,9596.26,9616.53,9577.82,9599.64,130.7327
2020-01-03 22:00:00,9613.71,9632.25,9591.79,9617.95,4.5499
2020-01-03 23:00:00,9682.05,9706.06,9678.63,9692.87,133.3681
2020-01-04 00:00:00,9701.68,9703.33,9684.41,9692.1,177.0875
2020-01-04 01:00:00,9773.38,9796.4,9768.03,9768.9,7.0608
2020-01-04 02:00:00,9650.76,9658.97,9628.67,9641.91,39.0005
2020-01-04 03:00:00,9679.5,9698.73,9664.07,9682.5,157.0525
2020-01-04 04:00:00,9681.32,9713.4,9655.0,9687.68,67.9455
2020-01-04 05:00:00,9663.74,9680.49,9638.98,9674.17,118.7086
2020-01-04 06:00:00,9683.05,9687.88,9669.96,9679.58,69.779
2020-01-04 07:00:00,9574.38,9587.45,9562.97,9584.35,382.6876
2020-01-04 08:00:00,9592.48,9597.75,9563.31,9574.78,275.1894
2020-01-04 09:00:00,9580.29,9603.98,9564.8,9592.83,33.0096
2020-01-04 10:00:00,9667.32,9723.28,9659.52,9664.68,48.7573
2020-01-04 11:00:00,9655.71,9678.74,9627.81,9640.6,56.4483
2020-01-04 12:00:00,9608.35,9642.83,9594.45,9602.59,11.0043
2020-01-04 13:00:00,9581.15,9592.88,9545.08,9579.46,51.764
2020-01-04 14:00:00,9614.95,9644.8,9598.75,9624.27,149.0979
2020-01-04 15:00:00,9627.73,9643.69,9603.86,9641.05,187.664
2020-01-04 16:00:00,9623.88,9627.49,9611.3,9616.48,217.2722
2020-01-04 17:00:00,9656.64,9675.87,9629.31,9642.12,1.4666
2020-01-04 18:00:00,9643.53,9648.82,9632.84,9647.76,155.4978
2020-01-04 19:00:00,9684.41,9710.82,9660.07,9695.45,69.8416
2020-01-04 20:00:00,9638.64,9687.87,9618.7,9662.39,23.0872
2020-01-04 21:00:00,9638.06,9664.23,9627.87,9647.52,69.064
2020-01-04 22:00:00,9628.48,9641.12,9628.11,9629.57,185.957
2020-01-04 23:00:00,9575.36,9595.67,9559.45,9560.07,56.9602
2020-01-05 00:00:00,9581.63,9600.18,9533.99,9575.18,465.2375
2020-01-05 01:00:00,9591.56,9626.83,9565.29,9588.64,95.8893
2020-01-05 02:00:00,9586.01,9623.29,9582.8,9589.84,67.2881
2020-01-05 03:00:00,9573.97,9593.15,9570.66,9579.55,34.9401
2020-01-05 04:00:00,9526.09,9562.47,9502.97,9512.72,1.1113
2020-01-05 05:00:00,9495.57,9510.58,9484.86,9493.66,94.3016
2020-01-05 06:00:00,9458.41,9507.94,9424.92,9478.34,86.1555
2020-01-05 07:00:00,9434.91,9456.97,9425.12,9441.27,72.7354
2020-01-05 08:00:00,9426.5,9444.91,9423.14,9434.6,77.1551
2020-01-05 09:00:00,9449.44,9464.41,9437.66,9454.6,185.4842
2020-01-05 10:00:00,9550.09,9552.01,9524.35,9544.72,38.107
2020-01-05 11:00:00,9552.97,9563.83,9550.24,9554.0,79.9072
2020-01-05 12:00:00,9566.52,9591.21,9542.69,9567.26,113.9271
2020-01-05 13:00:00,9577.22,9585.96,9547.64,9564.66,23.5493
2020-01-05 14:00:00,9467.25,9504.39,9449.34,9473.85,258.7862
2020-01-05 15:00:00,9491.2,9494.18,9465.42,9473.54,133.6067
2020-01-05 16:00:00,9470.98,9486.01,9463.99,9477.34,5.4768
2020-01-05 17:00:00,9595.87,9620.83,9589.99,9595.01,200.3271
2020-01-05 18:00:00,9584.05,9592.45,9545.85,9586.75,265.7407
2020-01-05 19:00:00,9603.34,9607.44,9594.6,9602.16,157.8279
2020-01-05 20:00:00,9605.72,9611.61,9597.38,9601.45,55.5517
2020-01-05 21:00:00,9550.45,9567.53,9529.71,9546.31,518.0872
2020-01-05 22:00:00,9594.58,9611.16,9561.96,9601.81,13.2887
2020-01-05 23:00:00,9628.05,9664.26,9626.65,9638.87,76.9177
2020-01-06 00:00:00,9702.18,9718.24,9657.31,9677.96,18.6801
2020-01-06 01:00:00,9630.26,9639.6,9624.04,9634.92,57.8656
2020-01-06 02:00:00,9710.25,9744.07,9695.67,9703.46,262.3125
2020-01-06 03:00:00,9620.93,9651.54,9593.48,9636.42,158.1148
2020-01-06 04:00:00,9662.96,9686.48,9635.87,9665.66,152.3636
2020-01-06 05:00:00,9771.24,9800.18,9762.86,9772.49,43.6729
2020-01-06 06:00:00,9729.66,9799.77,9721.75,9725.06,272.2203
2020-01-06 07:00:00,9672.1,9699.31,9642.72,9698.5,45.9279
2020-01-06 08:00:00,9705.91,9733.49,9692.07,9704.3,4.0794
2020-01-06 09:00:00,9669.71,9700.45,9664.28,9680.84,101.5562
2020-01-06 10:00:00,9609.87,9629.01,9590.38,9606.75,45.0433
2020-01-06 11:00:00,9601.05,9645.11,9596.28,9611.01,16.6911
2020-01-06 12:00:00,9552.74,9568.94,9516.22,9560.92,272.8121
2020-01-06 13:00:00,9581.89,9594.07,9552.81,9584.51,101.4013
2020-01-06 14:00:00,9531.37,9547.51,9526.72,9541.41,282.2278
2020-01-06 15:00:00,9611.74,9619.82,9596.75,9616.31,87.4618
2020-01-06 16:00:00,9568.18,9585.71,9554.23,9579.61,6.5994
2020-01-06 17:00:00,9547.61,9595.04,9519.65,9565.14,3.0398
2020-01-06 18:00:00,9614.78,9623.98,9575.0,9605.01,230.8215
2020-01-06 19:00:00,9534.48,9552.67,9517.07,9546.85,3.9498
2020-01-06 20:00:00,9556.96,9562.0,9547.49,9558.67,95.4969
2020-01-06 21:00:00,9629.34,9633.74,9607.55,9622.09,35.3787
2020-01-06 22:00:00,9539.85,9582.26,9535.87,9545.72,116.3657
2020-01-06 23:00:00,9547.6,9566.57,9525.94,9555.49,33.5085
2020-01-07 00:00:00,9571.02,9584.18,9547.97,9568.86,3.7933
2020-01-07 01:00:00,9617.96,9645.61,9576.65,9607.22,131.2444
2020-01-07 02:00:00,9537.6,9570.81,9522.96,9548.76,37.2373
2020-01-07 03:00:00,9485.25,9508.67,9462.38,9486.68,80.0285
2020-01-07 04:00:00,9495.9,9512.96,9454.84,9512.38,148.6627
2020-01-07 05:00:00,9523.71,9567.01,9488.7,9527.46,121.3428
2020-01-07 06:00:00,9540.67,9549.16,9540.11,9540.34,42.8587
2020-01-07 07:00:00,9549.65,9591.01,9544.12,9557.82,137.7639
2020-01-07 08:00:00,9521.93,9552.37,9493.89,9526.28,259.9389
2020-01-07 09:00:00,9524.86,9552.97,9499.7,9538.3,94.1543
2020-01-07 10:00:00,9553.96,9585.55,9549.4,9553.23,121.5729
2020-01-07 11:00:00,9530.11,9551.34,9498.38,9520.06,200.923
2020-01-07 12:00:00,9599.28,9622.25,9575.84,9609.82,185.5598
2020-01-07 13:00:00,9627.55,9654.21,9601.85,9633.55,43.325
2020-01-07 14:00:00,9581.95,9585.66,9564.72,9577.13,479.1572
2020-01-07 15:00:00,9621.18,9623.19,9605.53,9609.53,2.8982
2020-01-07 16:00:00,9549.38,9570.28,9537.7,9563.66,432.0561
2020-01-07 17:00:00,9600.63,9617.17,9583.45,9602.25,28.2359
2020-01-07 18:00:00,9661.57,9676.0,9652.41,9658.84,58.0599
2020-01-07 19:00:00,9619.19,9625.28,9598.62,9620.17,215.1485
2020-01-07 20:00:00,9643.53,9674.05,9622.07,9667.47,28.0149
2020-01-07 21:00:00,9693.25,9707.05,9654.92,9688.39,25.4611
2020-01-07 22:00:00,9743.97,9747.57,9702.9,9729.18,103.0324
2020-01-07 23:00:00,9823.57,9839.62,9803.75,9822.43,122.2308
2020-01-08 00:00:00,9801.24,9812.5,9794.0,9811.36,0.7499
2020-01-08 01:00:00,9770.35,9777.03,9763.51,9775.36,59.8645
2020-01-08 02:00:00,9750.09,9755.19,9730.46,9732.86,67.1599
2020-01-08 03:00:00,9702.96,9737.23,9682.19,9694.14,31.7228
2020-01-08 04:00:00,9697.57,9700.14,9684.17,9691.37,78.99
2020-01-08 05:00:00,9712.33,9731.84,9699.57,9708.87,16.7919
2020-01-08 06:00:00,9716.84,9727.74,9715.54,9723.27,39.0979
2020-01-08 07:00:00,9762.5,9769.11,9754.06,9764.46,124.9107
2020-01-08 08:00:00,9765.31,9768.4,9761.6,9766.07,206.9781
2020-01-08 09:00:00,9843.43,9844.59,9784.77,9838.02,89.0085
2020-01-08 10:00:00,9840.82,9846.32,9812.52,9825.99,7.7793
2020-01-08 11:00:00,9971.75,9990.88,9955.63,9960.61,113.5523
2020-01-08 12:00:00,9978.59,10022.05,9965.25,9992.77,227.8847
2020-01-08 13:00:00,9953.17,9966.2,9939.73,9950.94,70.1813
2020-01-08 14:00:00,9905.95,9923.74,9882.5,9898.65,68.061
2020-01-08 15:00:00,9929.67,9944.47,9909.32,9923.52,475.7573
2020-01-08 16:00:00,9907.19,9916.5,9907.07,9913.43,101.142
2020-01-08 17:00:00,9978.81,9994.12,9929.39,9949.81,164.0046
2020-01-08 18:00:00,9961.61,9988.58,9945.8,9974.35,103.9853
2020-01-08 19:00:00,9960.91,9987.42,9957.68,9971.71,24.9636
2020-01-08 20:00:00,9932.81,9949.89,9900.03,9930.49,33.4184
2020-01-08 21:00:00,9877.13,9898.8,9839.91,9856.27,109.5734
2020-01-08 22:00:00,9827.03,9842.89,9823.69,9835.25,60.8937
2020-01-08 23:00:00,9875.72,9878.69,9875.28,9878.35,51.8098
2020-01-09 00:00:00,9900.56,9905.35,9880.69,9889.91,2.2708
2020-01-09 01:00:00,9829.12,9866.19,9814.48,9829.3,215.7352
2020-01-09 02:00:00,9835.5,9872.67,9828.64,9838.79,215.8466
2020-01-09 03:00:00,9864.31,9869.71,9854.06,9858.73,61.7986
2020-01-09 04:00:00,9818.82,9822.21,9792.09,9816.15,120.644
2020-01-09 05:00:00,9834.8,9859.28,9803.69,9824.67,19.5795
2020-01-09 06:00:00,9841.21,9887.36,9816.63,9828.52,70.0798
2020-01-09 07:00:00,9776.33,9786.34,9768.34,9773.33,57.7795
2020-01-09 08:00:00,9794.65,9802.23,9739.76,9791.79,106.8899
2020-01-09 09:00:00,9822.33,9828.94,9819.48,9820.23,63.421
2020-01-09 10:00:00,9879.22,9882.65,9869.62,9874.39,69.0021
2020-01-09 11:00:00,9927.95,9956.69,9915.12,9927.4,35.0569
2020-01-09 12:00:00,9860.01,9873.29,9845.13,9860.01,4.9635
2020-01-09 13:00:00,9826.51,9845.34,9800.73,9814.76,248.9225
2020-01-09 14:00:00,9855.94,9856.87,9832.42,9841.02,1.2307
2020-01-09 15:00:00,9852.41,9894.9,9831.96,9867.29,33.0345
2020-01-09 16:00:00,9893.78,9934.93,9873.45,9893.68,59.3502
2020-01-09 17:00:00,10078.31,10116.11,10069.17,10085.26,38.4329
2020-01-09 18:00:00,10111.91,10122.33,10110.4,10115.06,80.2779
2020-01-09 19:00:00,10177.59,10178.24,10160.84,10173.5,61.9178
2020-01-09 20:00:00,10229.89,10234.19,10208.18,10223.04,29.5011
2020-01-09 21:00:00,10256.21,10264.92,10245.5,10257.36,9.2137
2020-01-09 22:00:00,10222.62,10283.43,10196.08,10242.22,14.7961
2020-01-09 23:00:00,10272.19,10299.03,10253.06,10282.11,66.6155
2020-01-10 00:00:00,10252.59,10271.62,10199.73,10243.41,187.0449
2020-01-10 01:00:00,10204.26,10232.34,10162.85,10232.3,10.6071
2020-01-10 02:00:00,10220.62,10221.86,10206.56,10208.49,113.0742
2020-01-10 03:00:00,10219.02,10243.07,10190.28,10213.69,157.0655
2020-01-10 04:00:00,10346.52,10376.79,10324.65,10332.92,32.4031
2020-01-10 05:00:00,10235.45,10242.39,10214.71,10237.48,110.3342
2020-01-10 06:00:00,10252.46,10290.06,10248.85,10273.64,116.046
2020-01-10 07:00:00,10196.21,10203.63,10165.62,10191.82,123.0292
2020-01-10 08:00:00,10181.75,10181.9,10096.94,10168.79,221.4657
2020-01-10 09:00:00,10234.63,10238.81,10219.68,10225.17,50.8372
2020-01-10 10:00:00,10222.7,10243.56,10217.0,10229.48,27.9303
2020-01-10 11:00:00,10176.26,10182.49,10148.31,10175.38,78.4922
2020-01-10 12:00:00,10134.6,10151.78,10133.86,10140.01,6.459
2020-01-10 13:00:00,10167.14,10193.82,10146.75,10175.48,40.6347
2020-01-10 14:00:00,10149.02,10150.95,10130.13,10139.34,214.7507
2020-01-10 15:00:00,10139.17,10177.67,10132.33,10151.32,75.941
2020-01-10 16:00:00,10145.57,10169.34,10124.19,10154.65,57.3899
2020-01-10 17:00:00,10111.41,10187.35,10061.56,10122.58,30.8816
2020-01-10 18:00:00,10216.86,10242.23,10216.59,10232.11,28.8183
2020-01-10 19:00:00,10267.06,10267.84,10257.35,10265.56,26.9989
2020-01-10 20:00:00,10174.45,10177.22,10134.99,10162.64,176.7459
2020-01-10 21:00:00,10171.25,10213.42,10160.51,10173.13,420.1064
2020-01-10 22:00:00,10125.22,10152.15,10114.76,10140.49,76.5284
2020-01-10 23:00:00,10193.28,10204.09,10165.95,10184.72,8.3201
2020-01-11 00:00:00,10162.48,10195.88,10115.1,10145.38,139.0459
2020-01-11 01:00:00,10134.02,10147.97,10131.2,10140.58,209.6013
2020-01-11 02:00:00,10162.33,10177.09,10153.56,10167.19,267.6961
2020-01-11 03:00:00,10217.49,10233.55,10192.9,10212.22,99.0948
2020-01-11 04:00:00,10168.42,10184.69,10138.25,10151.96,70.7004
2020-01-11 05:00:00,10130.72,10172.65,10126.0,10135.99,96.8973
2020-01-11 06:00:00,10099.46,10138.74,10078.3,10112.94,1.3035
2020-01-11 07:00:00,10087.28,10104.91,10059.98,10080.91,106.5429
2020-01-11 08:00:00,10179.03,10181.94,10169.53,10170.91,123.6656
2020-01-11 09:00:00,10192.58,10202.9,10159.53,10192.52,128.0243
2020-01-11 10:00:00,10123.63,10129.39,10092.6,10129.28,82.7986
2020-01-11 11:00:00,10186.9,10210.68,10167.87,10176.78,120.4121
2020-01-11 12:00:00,10291.21,10291.3,10259.53,10285.78,101.8413
2020-01-11 13:00:00,10331.96,10351.08,10293.53,10339.91,12.2765
2020-01-11 14:00:00,10262.89,10280.27,10243.16,10262.39,228.6385
2020-01-11 15:00:00,10224.73,10251.24,10224.72,10238.57,97.4788
2020-01-11 16:00:00,10311.52,10318.82,10301.17,10304.45,130.1198
2020-01-11 17:00:00,10266.33,10307.89,10251.35,10269.02,41.99
2020-01-11 18:00:00,10288.35,10322.27,10242.26,10292.84,251.6267
2020-01-11 19:00:00,10333.39,10345.78,10329.45,10333.73,69.8392
2020-01-11 20:00:00,10287.29,10290.4,10271.37,10286.87,113.6333
2020-01-11 21:00:00,10294.04,10322.89,10282.44,10284.84,304.0354
2020-01-11 22:00:00,10125.17,10141.26,10116.71,10119.19,247.7924
2020-01-11 23:00:00,10066.79,10114.56,10061.49,10068.37,103.5071
2020-01-12 00:00:00,10064.34,10085.55,10025.25,10056.66,18.1212
2020-01-12 01:00:00,9998.93,10005.69,9984.01,9994.92,300.7166
2020-01-12 02:00:00,10073.2,10113.52,10063.76,10077.5,414.3684
2020-01-12 03:00:00,10005.2,10024.41,9971.87,10006.45,10.9142
2020-01-12 04:00:00,9983.95,9999.41,9980.06,9985.43,59.8378
2020-01-12 05:00:00,9998.01,10003.13,9984.77,9992.96,79.4639
2020-01-12 06:00:00,10062.28,10071.76,10052.55,10065.97,9.6601
2020-01-12 07:00:00,9990.81,10000.49,9982.49,9994.71,21.0326
2020-01-12 08:00:00,10073.63,10090.26,10050.27,10053.84,77.1553
2020-01-12 09:00:00,10064.81,10070.15,10029.17,10055.36,329.9258
2020-01-12 10:00:00,9999.4,10014.71,9993.17,10007.02,2.8204
2020-01-12 11:00:00,10036.87,10063.95,10027.01,10031.14,243.5466
2020-01-12 12:00:00,10043.31,10063.89,10039.66,10042.13,228.8763
2020-01-12 13:00:00,10016.91,10030.37,10001.64,10012.99,194.6161
2020-01-12 14:00:00,10018.86,10040.65,10004.36,10017.49,47.4093
2020-01-12 15:00:00,10011.09,10015.35,9996.04,9999.19,67.4961
2020-01-12 16:00:00,10009.32,10024.68,10001.25,10005.87,51.6835
2020-01-12 17:00:00,10039.37,10050.55,10004.75,10039.99,294.8585
2020-01-12 18:00:00,10131.16,10136.4,10104.45,10120.61,73.6787
2020-01-12 19:00:00,10061.34,10067.91,10048.02,10058.99,8.4048
2020-01-12 20:00:00,10168.51,10215.52,10163.67,10167.28,32.0288
2020-01-12 21:00:00,10072.22,10073.72,10028.26,10069.06,61.9958
2020-01-12 22:00:00,10061.48,10074.85,10045.23,10062.42,306.9507
2020-01-12 23:00:00,10093.12,10132.32,10079.96,10093.03,84.1534
2020-01-13 00:00:00,10102.29,10125.62,10096.73,10108.22,119.0966
2020-01-13 01:00:00,10070.19,10099.66,10069.51,10077.76,9.2685
2020-01-13 02:00:00,10058.22,10087.49,10045.02,10068.28,209.8209
2020-01-13 03:00:00,10030.48,10052.81,10025.0,10044.46,77.4397
2020-01-13 04:00:00,10007.06,10036.61,9983.86,10015.87,254.1203
2020-01-13 05:00:00,10057.67,10066.35,10051.39,10059.42,58.9646
2020-01-13 06:00:00,10079.42,10083.99,10073.2,10078.38,114.9119
2020-01-13 07:00:00,10041.75,10057.15,10034.84,10044.47,63.6462
2020-01-13 08:00:00,10066.89,10113.13,10061.94,10090.66,15.3802
2020-01-13 09:00:00,10123.08,10165.02,10081.26,10107.17,31.7523
2020-01-13 10:00:00,10160.29,10163.03,10132.94,10149.26,6.9626
2020-01-13 11:00:00,10186.76,10205.9,10155.36,10182.23,58.0294
2020-01-13 12:00:00,10160.38,10167.36,10138.72,10141.04,104.7943
2020-01-13 13:00:00,10103.76,10128.93,10103.48,10113.65,27.9332
2020-01-13 14:00:00,10171.61,10195.3,10108.76,10152.45,67.4106
2020-01-13 15:00:00,10174.62,10194.39,10167.91,10184.45,61.4287
2020-01-13 16:00:00,10186.83,10194.89,10164.39,10184.4,76.2327
2020-01-13 17:00:00,10178.41,10216.11,10169.49,10191.4,20.4058
2020-01-13 18:00:00,10257.67,10274.46,10247.33,10257.52,76.3536
2020-01-13 19:00:00,10232.16,10273.77,10226.7,10228.21,45.288
2020-01-13 20:00:00,10255.62,10267.43,10251.1,10257.21,33.6931
2020-01-13 21:00:00,10255.18,10275.9,10228.42,10247.86,88.1846
2020-01-13 22:00:00,10238.75,10271.18,10220.26,10237.74,16.0212
2020-01-13 23:00:00,10289.63,10319.24,10282.61,10295.0,230.9193
2020-01-14 00:00:00,10332.66,10341.75,10321.87,10338.52,273.1106
2020-01-14 01:00:00,10390.03,10392.44,10358.9,10381.61,108.0604
2020-01-14 02:00:00,10443.58,10462.84,10437.62,10450.41,36.1192
2020-01-14 03:00:00,10462.12,10487.83,10430.29,10452.55,98.3515
2020-01-14 04:00:00,10502.06,10508.89,10469.01,10489.24,92.0107
2020-01-14 05:00:00,10456.54,10499.05,10417.36,10474.02,49.6349
2020-01-14 06:00:00,10503.93,10528.99,10469.31,10492.04,33.8621
2020-01-14 07:00:00,10507.87,10538.91,10468.61,10486.26,18.4467
2020-01-14 08:00:00,10495.04,10517.45,10492.14,10492.4,24.5113
2020-01-14 09:00:00,10530.97,10548.86,10492.92,10524.67,105.8517
2020-01-14 10:00:00,10493.53,10501.36,10459.53,10482.66,217.063
2020-01-14 11:00:00,10590.46,10617.64,10574.51,10593.38,48.6062
2020-01-14 12:00:00,10543.08,10553.55,10531.81,10541.15,12.9994
2020-01-14 13:00:00,10464.44,10489.63,10459.23,10478.21,1.2889
2020-01-14 14:00:00,10541.4,10541.54,10524.64,10539.94,52.0717
2020-01-14 15:00:00,10587.98,10611.67,10579.67,10582.71,26.4704
2020-01-14 16:00:00,10622.27,10652.78,10607.56,10616.79,38.9428
2020-01-14 17:00:00,10662.56,10687.79,10640.66,10651.21,27.6636
2020-01-14 18:00:00,10643.37,10678.39,10601.09,10651.62,109.1084
2020-01-14 19:00:00,10599.25,10632.58,10583.08,10604.9,101.7533
2020-01-14 20:00:00,10630.09,10649.21,10588.62,10609.98,243.3885
2020-01-14 21:00:00,10573.53,10598.47,10534.23,10575.12,120.3123
2020-01-14 22:00:00,10629.86,10641.78,10621.62,10627.74,18.0253
2020-01-14 23:00:00,10620.27,10632.56,10592.46,10620.99,139.2693
2020-01-15 00:00:00,10569.52,10578.44,10531.28,10578.21,19.9998
2020-01-15 01:00:00,10579.42,10609.13,10546.82,10562.27,81.7806
2020-01-15 02:00:00,10579.55,10625.53,10558.63,10585.13,8.0211
2020-01-15 03:00:00,10544.46,10561.83,10516.97,10556.36,4.8482
2020-01-15 04:00:00,10509.27,10569.93,10477.16,10514.01,62.405
2020-01-15 05:00:00,10506.8,10534.13,10492.03,10527.88,11.0913
2020-01-15 06:00:00,10534.96,10561.53,10522.81,10541.82,36.6244
2020-01-15 07:00:00,10505.98,10520.88,10502.86,10516.16,41.3749
2020-01-15 08:00:00,10498.92,10514.17,10486.28,10492.44,146.7187
2020-01-15 09:00:00,10498.59,10513.17,10491.02,10505.66,40.4486
2020-01-15 10:00:00,10439.91,10465.69,10398.3,10430.65,68.1812
2020-01-15 11:00:00,10372.77,10391.16,10304.25,10358.29,148.0983
2020-01-15 12:00:00,10330.18,10336.81,10319.97,10322.11,22.9285
2020-01-15 13:00:00,10309.91,10334.1,10300.56,10312.13,163.423
2020-01-15 14:00:00,10330.65,10346.47,10328.03,10329.19,178.2571
2020-01-15 15:00:00,10390.55,10415.91,10363.87,10406.42,449.6028
2020-01-15 16:00:00,10450.69,10458.44,10433.36,10452.09,58.7073
2020-01-15 17:00:00,10435.79,10477.91,10413.53,10444.78,46.3067
2020-01-15 18:00:00,10452.08,10452.95,10432.03,10444.83,121.0679
2020-01-15 19:00:00,10420.25,10456.82,10372.53,10393.51,5.991
2020-01-15 20:00:00,10398.79,10412.24,10337.57,10393.59,4.0563
2020-01-15 21:00:00,10358.96,10424.01,10345.8,10379.63,40.7954
2020-01-15 22:00:00,10393.66,10412.23,10381.28,10397.42,130.7539
2020-01-15 23:00:00,10356.72,10373.03,10341.46,10355.45,12.3812
2020-01-16 00:00:00,10384.28,10406.75,10366.66,10383.38,100.9357
2020-01-16 01:00:00,10456.34,10483.93,10437.42,10463.99,31.4033
2020-01-16 02:00:00,10461.91,10503.83,10442.65,10459.35,105.4618
2020-01-16 03:00:00,10468.38,10488.26,10459.47,10481.4,61.0602
2020-01-16 04:00:00,10508.68,10532.56,10502.25,10518.62,12.2339
2020-01-16 05:00:00,10505.35,10508.68,10496.24,10498.57,28.4066
2020-01-16 06:00:00,10500.7,10518.04,10481.04,10511.38,24.8094
2020-01-16 07:00:00,10518.75,10551.73,10493.61,10513.09,17.9826
2020-01-16 08:00:00,10504.87,10540.62,10496.22,10519.28,63.1761
2020-01-16 09:00:00,10498.17,10522.96,10475.56,10479.67,309.3688
2020-01-16 10:00:00,10473.89,10484.57,10462.3,10482.01,107.3204
2020-01-16 11:00:00,10506.8,10534.52,10490.18,10509.15,180.7901
2020-01-16 12:00:00,10589.96,10623.48,10554.71,10586.46,396.7546
2020-01-16 13:00:00,10632.28,10640.1,10615.78,10638.29,77.7883
2020-01-16 14:00:00,10755.43,10762.21,10740.33,10753.89,27.1901
2020-01-16 15:00:00,10719.87,10721.29,10697.65,10713.7,262.8468
2020-01-16 16:00:00,10771.84,10773.88,10754.78,10761.5,120.0592
2020-01-16 17:00:00,10780.97,10816.7,10769.82,10772.44,319.2752
2020-01-16 18:00:00,10889.6,10925.29,10883.36,10891.47,105.2775
2020-01-16 19:00:00,10846.95,10853.87,10801.21,10848.54,149.23
2020-01-16 20:00:00,10829.46,10854.65,10801.81,10804.08,221.3075
2020-01-16 21:00:00,10783.01,10827.6,10763.05,10772.78,142.3993
2020-01-16 22:00:00,10649.63,10709.07,10644.0,10659.45,82.7012
2020-01-16 23:00:00,10633.56,10649.95,10622.3,10632.5,63.8509
2020-01-17 00:00:00,10589.65,10606.32,10562.08,10593.2,173.374
2020-01-17 01:00:00,10600.79,10611.87,10577.47,10602.23,147.8347
2020-01-17 02:00:00,10608.35,10631.78,10592.04,10621.41,45.6386
2020-01-17 03:00:00,10717.69,10733.17,10711.23,10722.11,68.9817
2020-01-17 04:00:00,10793.65,10805.45,10754.73,10774.13,100.7833
2020-01-17 05:00:00,10750.35,10752.4,10740.26,10744.13,2.878
2020-01-17 06:00:00,10670.29,10698.74,10659.67,10696.94,28.4446
2020-01-17 07:00:00,10737.37,10771.14,10719.56,10724.32,28.7968
2020-01-17 08:00:00,10666.21,10683.7,10627.67,10654.6,214.7562
2020-01-17 09:00:00,10749.37,10766.19,10744.7,10753.23,40.2701
2020-01-17 10:00:00,10825.48,10840.25,10812.59,10817.72,78.7773
2020-01-17 11:00:00,10784.15,10819.45,10760.54,10793.43,178.1333
2020-01-17 12:00:00,10697.02,10752.28,10693.8,10702.05,30.0691
2020-01-17 13:00:00,10791.72,10805.88,10768.38,10775.57,13.2112
2020-01-17 14:00:00,10767.55,10802.63,10734.02,10770.48,296.3455
2020-01-17 15:00:00,10817.95,10853.84,10794.13,10838.21,121.9706
2020-01-17 16:00:00,10752.21,10764.38,10733.01,10752.89,19.4864
2020-01-17 17:00:00,10720.9,10726.03,10720.28,10721.74,171.3197
2020-01-17 18:00:00,10735.95,10779.18,10694.59,10723.1,154.7058
2020-01-17 19:00:00,10726.84,10738.07,10700.63,10726.69,181.733
2020-01-17 20:00:00,10699.11,10725.87,10687.4,10703.62,32.3258
2020-01-17 21:00:00,10749.25,10773.63,10717.3,10738.03,59.5258
2020-01-17 22:00:00,10683.07,10687.72,10675.58,10681.78,118.3105
2020-01-17 23:00:00,10667.24,10696.67,10635.38,10675.24,49.5391
2020-01-18 00:00:00,10695.07,10730.88,10674.09,10682.73,7.2541
2020-01-18 01:00:00,10713.35,10717.99,10693.3,10711.28,14.6703
2020-01-18 02:00:00,10750.49,10771.38,10739.23,10750.46,90.91
2020-01-18 03:00:00,10692.98,10699.37,10670.3,10691.08,47.0273
2020-01-18 04:00:00,10598.79,10634.34,10582.56,10610.15,0.5395
2020-01-18 05:00:00,10673.35,10706.95,10650.02,10678.99,145.6093
2020-01-18 06:00:00,10697.84,10717.26,10697.3,10697.8,53.906
2020-01-18 07:00:00,10656.76,10666.24,10637.94,10658.83,37.6541
2020-01-18 08:00:00,10756.24,10767.42,10729.97,10742.57,125.0084
2020-01-18 09:00:00,10752.19,10765.16,10744.32,10749.85,60.7169
2020-01-18 10:00:00,10823.56,10855.79,10807.26,10814.32,118.689
2020-01-18 11:00:00,10819.15,10819.16,10818.53,10819.05,1.3286
2020-01-18 12:00:00,10943.15,10965.61,10903.48,10931.61,0.9465
2020-01-18 13:00:00,11033.03,11041.89,11023.68,11028.64,82.0758
2020-01-18 14:00:00,11016.17,11026.72,10984.03,11016.02,402.9233
2020-01-18 15:00:00,11070.49,11096.59,11046.3,11070.63,31.7945
2020-01-18 16:00:00,11096.86,11128.97,11067.36,11107.46,114.8518
2020-01-18 17:00:00,11190.25,11242.6,11156.65,11184.58,18.9053
2020-01-18 18:00:00,11131.29,11150.33,11072.03,11131.74,37.3311
2020-01-18 19:00:00,11165.43,11174.68,11155.05,11171.04,8.1291
2020-01-18 20:00:00,11243.7,11250.82,11225.2,11231.28,212.6895
2020-01-18 21:00:00,11119.71,11138.29,11118.2,11133.63,37.1698
2020-01-18 22:00:00,11064.2,11085.72,11059.16,11068.88,26.1971
2020-01-18 23:00:00,10968.39,10973.92,10943.09,10957.12,131.1574
2020-01-19 00:00:00,10946.91,10971.84,10932.14,10943.46,22.2444
2020-01-19 01:00:00,10983.29,11025.33,10979.83,10983.82,27.4799
2020-01-19 02:00:00,11070.2,11075.06,11051.38,11067.42,10.9387
2020-01-19 03:00:00,11074.62,11075.09,11063.84,11072.63,329.3381
2020-01-19 04:00:00,11146.97,11176.66,11139.1,11163.9,28.4537
2020-01-19 05:00:00,11084.11,11116.43,11062.0,11087.98,544.0642
2020-01-19 06:00:00,11012.43,11018.81,10937.26,10994.66,19.3766
2020-01-19 07:00:00,10985.45,11014.47,10968.91,10992.7,2.0868
2020-01-19 08:00:00,11011.4,11017.97,10983.43,11014.91,226.0423
2020-01-19 09:00:00,11008.25,11053.09,10953.69,11014.21,86.7542
2020-01-19 10:00:00,10900.51,10915.65,10885.52,10901.46,43.2955
2020-01-19 11:00:00,10891.33,10927.53,10876.43,10897.69,72.0189
2020-01-19 12:00:00,10832.97,10860.59,10817.08,10827.7,30.2088
2020-01-19 13:00:00,10867.18,10870.48,10862.63,10865.04,100.7197
2020-01-19 14:00:00,10894.46,10924.43,10872.95,10886.04,95.8334
2020-01-19 15:00:00,10824.58,10879.35,10805.01,10835.97,8.3591
2020-01-19 16:00:00,10805.53,10820.72,10796.83,10809.21,241.5621
2020-01-19 17:00:00,10750.62,10759.95,10728.85,10753.05,61.7159
2020-01-19 18:00:00,10755.65,10765.34,10742.18,10750.75,21.7104
2020-01-19 19:00:00,10794.6,10808.85,10765.87,10803.17,36.7279
2020-01-19 20:00:00,10760.85,10762.26,10734.42,10751.01,201.1572
2020-01-19 21:00:00,10791.96,10806.26,10766.01,10779.18,48.3186
2020-01-19 22:00:00,10741.04,10762.77,10724.64,10751.68,82.5448
2020-01-19 23:00:00,10704.87,10742.9,10681.76,10710.13,295.0563
2020-01-20 00:00:00,10699.77,10716.2,10681.72,10705.47,105.4738
2020-01-20 01:00:00,10679.16,10700.96,10628.35,10651.12,112.6138
2020-01-20 02:00:00,10618.14,10646.82,10598.48,10622.7,28.5776
2020-01-20 03:00:00,10577.86,10596.19,10558.93,10560.14,110.351
2020-01-20 04:00:00,10651.43,10669.26,10607.97,10664.94,50.055
2020-01-20 05:00:00,10657.33,10713.53,10636.44,10667.88,241.9596
2020-01-20 06:00:00,10624.33,10640.97,10622.52,10631.63,13.8732
2020-01-20 07:00:00,10635.06,10657.77,10617.18,10644.07,33.6369
2020-01-20 08:00:00,10636.3,10677.41,10635.11,10639.15,6.828
2020-01-20 09:00:00,10620.93,10649.28,10599.3,10628.46,47.9495
2020-01-20 10:00:00,10653.43,10663.86,10609.83,10662.16,16.0606
2020-01-20 11:00:00,10716.01,10719.09,10700.63,10703.61,186.5258
2020-01-20 12:00:00,10689.36,10700.47,10631.74,10676.29,259.0843
2020-01-20 13:00:00,10656.73,10659.74,10643.18,10646.62,110.6924
2020-01-20 14:00:00,10638.62,10665.53,10628.02,10633.04,10.9073
2020-01-20 15:00:00,10512.7,10519.45,10483.12,10511.72,41.799
2020-01-20 16:00:00,10427.95,10453.65,10413.11,10433.14,333.7994
2020-01-20 17:00:00,10495.47,10527.83,10484.43,10505.49,14.6531
2020-01-20 18:00:00,10596.79,10612.38,10584.34,10592.94,81.3034
2020-01-20 19:00:00,10568.39,10581.44,10560.35,10580.81,43.53
2020-01-20 20:00:00,10601.82,10625.82,10589.68,10612.37,708.5223
2020-01-20 21:00:00,10642.2,10655.25,10629.26,10629.95,33.6017
2020-01-20 22:00:00,10815.17,10858.86,10766.23,10794.65,4.8951
2020-01-20 23:00:00,10860.43,10885.19,10838.16,10856.16,121.1275
2020-01-21 00:00:00,10862.31,10884.48,10840.59,10850.3,39.5623
2020-01-21 01:00:00,10796.89,10817.17,10790.25,10799.55,107.1721
2020-01-21 02:00:00,10699.55,10722.89,10631.97,10713.88,11.0543
2020-01-21 03:00:00,10732.42,10753.87,10712.81,10725.85,74.0371
2020-01-21 04:00:00,10692.45,10718.08,10662.17,10686.36,47.0374
2020-01-21 05:00:00,10612.2,10618.42,10595.14,10611.44,76.9525
2020-01-21 06:00:00,10575.63,10583.51,10557.96,10578.2,192.0541
2020-01-21 07:00:00,10532.17,10547.03,10512.08,10522.05,360.2602
2020-01-21 08:00:00,10601.4,10613.76,10593.66,10611.86,139.8902
2020-01-21 09:00:00,10651.45,10664.02,10620.55,10659.7,145.6109
2020-01-21 10:00:00,10649.6,10677.54,10641.97,10660.34,75.2762
2020-01-21 11:00:00,10741.21,10758.36,10737.97,10740.29,10.2476
2020-01-21 12:00:00,10733.83,10795.0,10722.12,10745.52,109.9792
2020-01-21 13:00:00,10693.0,10703.59,10691.49,10700.32,15.991
2020-01-21 14:00:00,10775.27,10812.73,10758.83,10782.88,28.1913
2020-01-21 15:00:00,10810.2,10822.49,10789.88,10813.02,122.9573
2020-01-21 16:00:00,10742.02,10782.53,10679.45,10758.02,107.0003
2020-01-21 17:00:00,10749.79,10756.38,10739.53,10748.86,37.7353
2020-01-21 18:00:00,10716.22,10719.97,10663.11,10702.87,147.8604
2020-01-21 19:00:00,10631.38,10655.55,10624.86,10629.94,280.2072
2020-01-21 20:00:00,10696.69,10720.21,10673.81,10680.23,78.8029
2020-01-21 21:00:00,10797.65,10813.32,10754.02,10783.26,113.2231
2020-01-21 22:00:00,10717.26,10736.17,10704.5,10708.94,31.7152
2020-01-21 23:00:00,10740.95,10741.52,10729.72,10740.15,353.3828
2020-01-22 00:00:00,10706.53,10732.81,10686.19,10706.28,31.9799
2020-01-22 01:00:00,10689.44,10690.37,10674.48,10681.28,218.3994
2020-01-22 02:00:00,10646.54,10677.49,10635.93,10650.71,262.9273
2020-01-22 03:00:00,10585.8,10642.73,10577.46,10605.76,127.164
2020-01-22 04:00:00,10614.62,10621.34,10575.17,10609.4,166.9121
2020-01-22 05:00:00,10554.43,10601.46,10536.41,10566.38,61.2225
2020-01-22 06:00:00,10571.54,10599.51,10559.56,10581.72,252.0079
2020-01-22 07:00:00,10580.13,10585.97,10521.91,10580.12,135.7304
2020-01-22 08:00:00,10567.54,10588.48,10552.06,10568.54,39.563
2020-01-22 09:00:00,10506.78,10527.56,10490.92,10521.64,3.557
2020-01-22 10:00:00,10494.09,10512.63,10489.3,10492.35,77.8233
2020-01-22 11:00:00,10543.2,10544.43,10501.11,10533.03,183.6654
2020-01-22 12:00:00,10548.55,10588.1,10528.68,10560.46,197.0897
2020-01-22 13:00:00,10523.28,10526.41,10473.02,10509.9,180.253
2020-01-22 14:00:00,10499.77,10537.94,10469.54,10516.17,24.1749
2020-01-22 15:00:00,10579.08,10612.7,10554.17,10556.73,55.5385
2020-01-22 16:00:00,10465.37,10485.84,10461.73,10469.67,95.1467
2020-01-22 17:00:00,10500.69,10509.3,10480.63,10499.16,110.1285
2020-01-22 18:00:00,10445.63,10482.59,10432.65,10465.43,40.7342
2020-01-22 19:00:00,10495.68,10519.86,10478.96,10496.33,117.9743
2020-01-22 20:00:00,10459.71,10492.22,10427.17,10457.32,89.3788
2020-01-22 21:00:00,10363.11,10391.71,10319.28,10364.0,83.6499
2020-01-22 22:00:00,10274.91,10328.63,10271.2,10280.7,108.7746
2020-01-22 23:00:00,10274.46,10319.69,10272.13,10284.2,92.4746
2020-01-23 00:00:00,10310.22,10313.13,10296.37,10298.58,18.2571
2020-01-23 01:00:00,10253.36,10287.15,10246.55,10253.04,207.4783
2020-01-23 02:00:00,10302.66,10303.8,10260.26,10286.81,27.5187
2020-01-23 03:00:00,10197.0,10210.27,10165.55,10202.38,136.4489
2020-01-23 04:00:00,10195.59,10226.02,10171.95,10200.03,19.4139
2020-01-23 05:00:00,10147.55,10153.46,10137.17,10139.28,108.1656
2020-01-23 06:00:00,10090.85,10123.9,10080.99,10107.25,226.0328
2020-01-23 07:00:00,10098.39,10125.11,10086.08,10110.66,0.9758
2020-01-23 08:00:00,10079.22,10083.33,10016.11,10068.17,389.6035
2020-01-23 09:00:00,10038.04,10061.38,10030.94,10049.82,3.0125
2020-01-23 10:00:00,10083.02,10143.37,10067.28,10101.39,1.1433
2020-01-23 11:00:00,10092.09,10102.9,10070.48,10073.26,194.8835
2020-01-23 12:00:00,10102.26,10125.28,10100.52,10116.36,123.3415
2020-01-23 13:00:00,10062.08,10065.01,10057.55,10060.23,11.1838
2020-01-23 14:00:00,10088.58,10095.7,10070.67,10087.89,277.1228
2020-01-23 15:00:00,10133.05,10170.33,10122.92,10161.61,111.4535
2020-01-23 16:00:00,10034.36,10054.74,10031.02,10037.04,11.7707
2020-01-23 17:00:00,10002.54,10007.87,9984.12,9998.05,197.0075
2020-01-23 18:00:00,10031.46,10035.97,10000.25,10027.9,65.5668
2020-01-23 19:00:00,10027.78,10028.95,10014.13,10018.72,32.5915
2020-01-23 20:00:00,10034.43,10041.1,10013.46,10038.32,174.3204
2020-01-23 21:00:00,10016.14,10034.4,10008.29,10009.01,134.1116
2020-01-23 22:00:00,10007.44,10015.56,9967.18,10014.34,97.5626
2020-01-23 23:00:00,9993.43,10012.38,9974.29,10007.55,228.7826
2020-01-24 00:00:00,10053.92,10075.08,10036.11,10066.98,197.5296
2020-01-24 01:00:00,10066.06,10084.43,10039.16,10080.8,25.7207
2020-01-24 02:00:00,10109.02,10113.73,10091.55,10098.82,210.9374
2020-01-24 03:00:00,10063.77,10080.18,10049.66,10079.03,46.8469
2020-01-24 04:00:00,10058.22,10069.36,10043.9,10055.47,56.5237
2020-01-24 05:00:00,10032.06,10041.01,10024.97,10034.72,358.7493
2020-01-24 06:00:00,10054.49,10059.97,10040.52,10055.52,142.6593
2020-01-24 07:00:00,10049.04,10052.67,9993.74,10035.36,38.785
2020-01-24 08:00:00,10046.5,10071.02,10043.14,10050.9,104.3914
2020-01-24 09:00:00,10162.42,10176.83,10131.99,10156.21,77.5061
2020-01-24 10:00:00,10201.84,10214.02,10200.1,10201.46,12.3981
2020-01-24 11:00:00,10184.3,10186.53,10179.38,10185.85,218.7048
2020-01-24 12:00:00,10271.61,10313.14,10222.07,10248.04,172.5306
2020-01-24 13:00:00,10213.42,10232.58,10209.4,10228.16,150.3774
2020-01-24 14:00:00,10138.0,10152.1,10116.67,10124.95,81.9058
2020-01-24 15:00:00,10081.54,10081.85,10047.3,10074.93,24.9536
2020-01-24 16:00:00,9976.91,10009.41,9965.99,9981.7,215.3269
2020-01-24 17:00:00,9981.39,9991.78,9898.42,9965.15,43.5356
2020-01-24 18:00:00,9948.64,9984.62,9944.22,9967.06,2.0323
2020-01-24 19:00:00,10046.36,10060.31,10037.28,10051.61,400.4916
2020-01-24 20:00:00,10056.87,10113.75,10045.86,10069.04,197.4412
2020-01-24 21:00:00,10063.16,10063.8,10033.24,10059.02,97.4663
2020-01-24 22:00:00,10090.5,10123.81,10081.73,10101.74,1.2485
2020-01-24 23:00:00,9995.4,9998.03,9990.51,9991.07,25.8403
2020-01-25 00:00:00,10001.97,10034.87,9954.25,10003.84,60.1571
2020-01-25 01:00:00,10038.58,10058.85,10006.26,10043.4,98.909
2020-01-25 02:00:00,9974.03,10004.68,9961.86,9970.15,123.1531
2020-01-25 03:00:00,10025.47,10039.43,10023.99,10028.16,155.2456
2020-01-25 04:00:00,10035.2,10049.02,10026.73,10046.14,81.1167
2020-01-25 05:00:00,10054.37,10075.37,10018.16,10026.28,106.7647
2020-01-25 06:00:00,10054.11,10072.77,10045.03,10059.01,166.7293
2020-01-25 07:00:00,10151.66,10193.08,10143.51,10174.22,127.2399
2020-01-25 08:00:00,10175.91,10211.11,10154.18,10184.49,309.6931
2020-01-25 09:00:00,10185.22,10226.01,10158.84,10198.15,207.6613
2020-01-25 10:00:00,10184.15,10226.76,10134.93,10175.74,18.556
2020-01-25 11:00:00,10136.78,10164.56,10116.56,10133.52,294.5403
2020-01-25 12:00:00,10180.66,10206.04,10164.94,10176.61,22.8377
2020-01-25 13:00:00,10130.31,10144.19,10123.0,10134.06,474.0278
2020-01-25 14:00:00,10135.87,10161.3,10120.08,10138.7,120.8414
2020-01-25 15:00:00,10111.75,10147.51,10099.25,10115.5,98.7603
2020-01-25 16:00:00,10139.92,10151.86,10130.28,10140.74,39.204
2020-01-25 17:00:00,10167.16,10179.87,10140.37,10158.67,14.284
2020-01-25 18:00:00,10215.82,10215.88,10186.33,10212.39,13.4873
2020-01-25 19:00:00,10192.46,10213.73,10183.44,10187.37,201.4217
2020-01-25 20:00:00,10179.72,10203.1,10165.22,10174.64,56.6412
2020-01-25 21:00:00,10134.82,10168.96,10120.95,10125.86,82.0644
2020-01-25 22:00:00,10107.29,10111.88,10104.03,10104.38,268.584
2020-01-25 23:00:00,10128.09,10130.3,10107.93,10124.46,29.4847
2020-01-26 00:00:00,10175.87,10206.58,10144.62,10163.79,144.3659
2020-01-26 01:00:00,10111.21,10126.33,10097.73,10117.94,63.5756
2020-01-26 02:00:00,10154.25,10173.32,10137.34,10162.95,23.9215
2020-01-26 03:00:00,10220.71,10240.11,10184.39,10232.85,191.713
2020-01-26 04:00:00,10256.9,10267.32,10254.37,10255.03,113.9275
2020-01-26 05:00:00,10333.09,10357.96,10303.02,10352.28,9.9734
2020-01-26 06:00:00,10318.03,10327.26,10255.62,10313.27,78.0356
2020-01-26 07:00:00,10249.0,10255.82,10243.09,10250.12,190.8949
2020-01-26 08:00:00,10171.51,10180.12,10146.26,10159.98,6.928
2020-01-26 09:00:00,10230.12,10277.28,10192.81,10237.0,53.8325
2020-01-26 10:00:00,10269.42,10273.04,10265.04,10271.51,163.5856
2020-01-26 11:00:00,10281.21,10288.41,10246.28,10269.69,195.4447
2020-01-26 12:00:00,10299.31,10311.06,10264.37,10285.09,149.3269
2020-01-26 13:00:00,10221.28,10238.04,10213.05,10228.24,36.4865
2020-01-26 14:00:00,10356.22,10365.55,10331.08,10354.34,70.7103
2020-01-26 15:00:00,10365.12,10375.05,10337.07,10362.06,135.2001
2020-01-26 16:00:00,10372.64,10372.77,10367.54,10368.77,16.5568
2020-01-26 17:00:00,10404.7,10410.12,10358.35,10407.43,90.3863
2020-01-26 18:00:00,10446.87,10490.76,10417.69,10433.5,127.4301
2020-01-26 19:00:00,10426.49,10459.87,10405.41,10446.23,189.7066
2020-01-26 20:00:00,10401.6,10412.02,10385.02,10405.98,11.8414
2020-01-26 21:00:00,10436.23,10476.57,10417.0,10431.55,39.9992
2020-01-26 22:00:00,10535.57,10560.68,10524.21,10530.76,78.0131
2020-01-26 23:00:00,10617.0,10635.41,10579.38,10602.65,120.7502
2020-01-27 00:00:00,10700.98,10705.32,10670.47,10688.17,130.9468
2020-01-27 01:00:00,10658.88,10670.74,10654.73,10661.92,29.2037
2020-01-27 02:00:00,10624.03,10665.48,10599.2,10610.23,1.3974
2020-01-27 03:00:00,10597.05,10622.21,10544.85,10604.62,118.3572
2020-01-27 04:00:00,10618.51,10631.07,10590.83,10608.64,239.8285
2020-01-27 05:00:00,10687.05,10707.32,10661.01,10667.74,159.71
2020-01-27 06:00:00,10591.38,10620.4,10576.96,10578.53,97.4095
2020-01-27 07:00:00,10661.62,10671.3,10638.01,10660.49,379.7376
2020-01-27 08:00:00,10649.6,10672.3,10599.61,10653.13,56.7602
2020-01-27 09:00:00,10615.21,10644.44,10581.16,10631.46,74.4545
2020-01-27 10:00:00,10582.01,10616.03,10576.96,10578.72,1.2363
2020-01-27 11:00:00,10480.55,10500.99,10434.84,10492.25,291.7871
2020-01-27 12:00:00,10528.13,10563.05,10514.81,10536.48,87.5501
2020-01-27 13:00:00,10528.85,10576.75,10519.78,10541.4,49.5609
2020-01-27 14:00:00,10469.64,10493.78,10450.66,10474.46,4.5588
2020-01-27 15:00:00,10407.39,10427.22,10399.1,10407.69,45.0074
2020-01-27 16:00:00,10394.1,10425.77,10373.84,10391.25,0.3605
2020-01-27 17:00:00,10472.72,10487.91,10444.04,10479.01,39.2058
2020-01-27 18:00:00,10477.65,10479.14,10449.49,10466.45,302.5263
2020-01-27 19:00:00,10386.68,10414.66,10355.75,10388.84,16.7552
2020-01-27 20:00:00,10368.94,10401.44,10333.83,10377.11,78.8362
2020-01-27 21:00:00,10366.34,10378.16,10334.67,10364.0,20.6554
2020-01-27 22:00:00,10245.36,10251.48,10179.91,10225.28,152.9607
2020-01-27 23:00:00,10226.96,10237.35,10211.72,10223.53,82.6445
2020-01-28 00:00:00,10209.04,10214.01,10198.69,10212.75,22.5942
2020-01-28 01:00:00,10233.66,10250.57,10214.97,10249.32,201.1718
2020-01-28 02:00:00,10342.83,10374.94,10330.82,10345.1,153.2587
2020-01-28 03:00:00,10406.85,10439.38,10363.03,10404.4,302.2104
2020-01-28 04:00:00,10387.43,10394.4,10380.75,10391.46,0.0628
2020-01-28 05:00:00,10317.79,10339.92,10275.31,10335.0,61.0861
2020-01-28 06:00:00,10460.11,10470.72,10437.5,10469.02,874.8498
2020-01-28 07:00:00,10488.4,10522.2,10465.03,10473.16,166.7003
2020-01-28 08:00:00,10489.96,10497.02,10432.49,10474.94,177.9551
2020-01-28 09:00:00,10465.44,10508.24,10461.46,10474.72,97.0569
2020-01-28 10:00:00,10493.2,10508.93,10444.88,10486.14,124.7923
2020-01-28 11:00:00,10467.27,10523.94,10464.64,10479.62,163.643
2020-01-28 12:00:00,10465.29,10489.82,10429.75,10450.61,9.682
2020-01-28 13:00:00,10425.64,10434.01,10385.86,10423.08,117.9542
2020-01-28 14:00:00,10432.32,10444.02,10385.82,10422.42,168.9608
2020-01-28 15:00:00,10377.31,10414.21,10366.2,10395.14,4.1724
2020-01-28 16:00:00,10366.15,10371.65,10350.14,10359.13,35.2474
2020-01-28 17:00:00,10365.6,10395.56,10358.32,10365.68,39.1579
2020-01-28 18:00:00,10362.32,10375.06,10344.6,10353.5,192.8146
2020-01-28 19:00:00,10441.94,10464.1,10429.47,10432.39,151.5726
2020-01-28 20:00:00,10295.83,10324.19,10269.89,10295.16,106.834
2020-01-28 21:00:00,10346.15,10377.18,10339.61,10352.37,163.3337
2020-01-28 22:00:00,10426.03,10465.68,10388.26,10417.91,60.4092
2020-01-28 23:00:00,10310.33,10311.19,10294.74,10310.95,207.8487
2020-01-29 00:00:00,10285.33,10305.4,10264.53,10294.31,26.6855
2020-01-29 01:00:00,10266.77,10304.23,10259.04,10276.22,121.9347
2020-01-29 02:00:00,10189.86,10230.36,10175.88,10204.93,27.6744
2020-01-29 03:00:00,10161.08,10184.98,10117.38,10166.26,4.0678
2020-01-29 04:00:00,10121.98,10133.51,10109.62,10110.83,33.4286
2020-01-29 05:00:00,10202.24,10208.09,10199.99,10200.42,67.9061
2020-01-29 06:00:00,10243.74,10255.55,10238.32,10249.17,185.4291
2020-01-29 07:00:00,10323.65,10337.99,10306.2,10315.35,71.1019
2020-01-29 08:00:00,10344.99,10364.13,10324.08,10353.61,19.7416
2020-01-29 09:00:00,10297.17,10300.69,10294.46,10296.19,492.8959
2020-01-29 10:00:00,10268.37,10275.71,10261.08,10270.22,31.4811
2020-01-29 11:00:00,10304.4,10330.92,10287.92,10296.38,421.9549
2020-01-29 12:00:00,10218.35,10249.93,10217.03,10234.49,275.4115
2020-01-29 13:00:00,10263.26,10302.95,10244.25,10272.0,78.1851
2020-01-29 14:00:00,10243.87,10265.07,10243.27,10260.68,9.647
2020-01-29 15:00:00,10239.82,10261.5,10231.44,10242.48,118.8804
2020-01-29 16:00:00,10292.37,10304.06,10260.85,10279.91,186.8971
2020-01-29 17:00:00,10298.57,10322.8,10266.66,10303.77,58.933
2020-01-29 18:00:00,10280.96,10288.3,10250.93,10286.21,27.3175
2020-01-29 19:00:00,10355.88,10361.44,10332.4,10346.86,162.3659
2020-01-29 20:00:00,10302.97,10304.39,10272.92,10291.97,78.7629
2020-01-29 21:00:00,10323.78,10329.01,10315.16,10324.69,22.0185
2020-01-29 22:00:00,10363.44,10376.7,10350.58,10356.34,298.6547
2020-01-29 23:00:00,10330.21,10366.56,10296.36,10341.35,295.8402
2020-01-30 00:00:00,10373.52,10416.06,10352.45,10359.25,45.7363
2020-01-30 01:00:00,10317.6,10343.75,10241.26,10295.48,6.6143
2020-01-30 02:00:00,10349.47,10359.74,10342.76,10344.08,99.6386
2020-01-30 03:00:00,10314.01,10343.04,10271.57,10335.55,38.1592
2020-01-30 04:00:00,10303.81,10335.66,10285.39,10309.57,6.8659
2020-01-30 05:00:00,10371.03,10397.07,10357.19,10364.67,222.3833
2020-01-30 06:00:00,10324.86,10365.07,10292.27,10329.21,627.4525
2020-01-30 07:00:00,10270.55,10278.44,10234.48,10257.5,43.1407
2020-01-30 08:00:00,10184.68,10190.65,10165.77,10178.69,136.5497
2020-01-30 09:00:00,10203.34,10245.91,10156.04,10210.55,6.8033
2020-01-30 10:00:00,10146.53,10153.83,10136.09,10146.2,46.1568
2020-01-30 11:00:00,10227.09,10244.43,10206.74,10236.24,11.5132
2020-01-30 12:00:00,10128.86,10147.06,10115.16,10130.71,5.6941
2020-01-30 13:00:00,10211.99,10224.47,10176.2,10217.65,88.8654
2020-01-30 14:00:00,10241.47,10291.48,10199.77,10229.45,161.9645
2020-01-30 15:00:00,10247.17,10259.29,10214.79,10225.53,60.3252
2020-01-30 16:00:00,10184.1,10213.06,10136.14,10198.69,74.2714
2020-01-30 17:00:00,10200.41,10231.45,10196.21,10220.07,31.5711
2020-01-30 18:00:00,10216.66,10222.4,10195.96,10219.17,133.3274
2020-01-30 19:00:00,10260.96,10289.69,10250.82,10276.56,44.7965
2020-01-30 20:00:00,10283.93,10336.37,10261.77,10283.46,6.9885
2020-01-30 21:00:00,10299.92,10317.21,10259.08,10292.21,18.0932
2020-01-30 22:00:00,10289.88,10301.33,10235.83,10274.53,13.7503
2020-01-30 23:00:00,10274.7,10281.05,10258.59,10272.63,57.2484
2020-01-31 00:00:00,10287.48,10306.87,10258.42,10289.47,6.7436
2020-01-31 01:00:00,10182.33,10239.34,10177.82,10202.52,164.2397
2020-01-31 02:00:00,10135.03,10149.85,10111.84,10134.76,238.6023
2020-01-31 03:00:00,10174.16,10187.17,10163.08,10173.44,28.5543
2020-01-31 04:00:00,10189.66,10204.66,10175.18,10183.15,66.4579
2020-01-31 05:00:00,10167.59,10194.97,10163.38,10174.8,73.2019
2020-01-31 06:00:00,10172.33,10200.4,10169.38,10176.75,419.9786
2020-01-31 07:00:00,10180.39,10216.56,10163.85,10195.46,6.7872
2020-01-31 08:00:00,10145.66,10210.42,10112.77,10168.96,110.2266
2020-01-31 09:00:00,10119.18,10156.07,10118.14,10130.41,42.4289
2020-01-31 10:00:00,10125.41,10157.47,10105.89,10141.34,69.6766
2020-01-31 11:00:00,10096.14,10099.0,10074.54,10092.74,24.4667
2020-01-31 12:00:00,10109.11,10121.64,10106.0,10114.35,17.4642
2020-01-31 13:00:00,10023.87,10069.96,9993.68,10029.26,27.9139
2020-01-31 14:00:00,10071.95,10104.15,10070.14,10081.87,7.3929
2020-01-31 15:00:00,10074.04,10110.52,10072.3,10106.71,32.5855
2020-01-31 16:00:00,10135.92,10153.72,10119.54,10120.66,117.2316
2020-01-31 17:00:00,10161.22,10196.46,10147.35,10171.39,105.4065
2020-01-31 18:00:00,10252.88,10262.25,10232.51,10257.11,80.855
2020-01-31 19:00:00,10295.16,10329.5,10274.79,10310.16,0.0387
2020-01-31 20:00:00,10226.22,10260.76,10208.77,10216.29,13.4426
2020-01-31 21:00:00,10153.41,10169.34,10136.56,10151.95,185.0678
2020-01-31 22:00:00,10112.89,10139.64,10096.6,10121.25,31.7095
2020-01-31 23:00:00,10119.61,10132.84,10111.95,10123.58,243.2681
2020-02-01 00:00:00,10167.83,10171.56,10128.6,10150.8,207.5817
2020-02-01 01:00:00,10114.24,10140.6,10108.02,10114.98,16.8332
2020-02-01 02:00:00,10123.6,10148.96,10122.17,10125.44,228.4274
2020-02-01 03:00:00,10078.71,10107.76,10011.4,10088.21,98.8418
2020-02-01 04:00:00,10039.31,10063.07,10022.9,10058.37,99.5028
2020-02-01 05:00:00,9987.03,10010.13,9956.65,9988.63,191.5147
2020-02-01 06:00:00,9946.76,9967.85,9931.05,9943.52,51.9288
2020-02-01 07:00:00,9888.18,9920.78,9875.44,9877.31,132.902
2020-02-01 08:00:00,9808.0,9843.74,9786.98,9830.11,110.1911
2020-02-01 09:00:00,9871.76,9897.11,9865.75,9882.88,147.6283
2020-02-01 10:00:00,9831.24,9886.76,9803.25,9836.95,107.9366
2020-02-01 11:00:00,9967.37,9978.69,9946.57,9967.41,8.3441
2020-02-01 12:00:00,9991.54,9997.91,9977.35,9992.99,34.6316
2020-02-01 13:00:00,10002.01,10005.49,9991.2,10003.22,281.2093
2020-02-01 14:00:00,9965.36,9992.18,9933.41,9961.29,25.2862
2020-02-01 15:00:00,9988.14,9998.94,9976.43,9997.17,63.9152
2020-02-01 16:00:00,9978.71,9987.3,9943.03,9969.4,44.1499
2020-02-01 17:00:00,9980.8,9992.22,9975.53,9976.47,9.0252
2020-02-01 18:00:00,10101.94,10126.58,10097.17,10105.18,19.9902
2020-02-01 19:00:00,10117.5,10123.5,10100.04,10101.33,33.7807
2020-02-01 20:00:00,10176.2,10190.23,10156.38,10160.39,62.235
2020-02-01 21:00:00,10135.13,10138.08,10116.79,10125.68,207.5641
2020-02-01 22:00:00,10094.36,10126.58,10079.41,10124.92,72.4878
2020-02-01 23:00:00,10231.71,10234.02,10197.51,10215.58,105.528
2020-02-02 00:00:00,10192.67,10208.03,10180.72,10184.58,55.5048
2020-02-02 01:00:00,10298.51,10310.21,10243.58,10277.89,204.0701
2020-02-02 02:00:00,10328.06,10356.52,10311.64,10315.29,108.655
2020-02-02 03:00:00,10303.55,10344.93,10281.41,10287.31,9.5004
2020-02-02 04:00:00,10329.94,10362.83,10296.78,10320.87,64.9133
2020-02-02 05:00:00,10386.08,10413.57,10361.69,10372.09,175.5818
2020-02-02 06:00:00,10426.12,10455.73,10404.67,10405.37,132.2964
2020-02-02 07:00:00,10326.96,10351.55,10307.85,10324.72,235.7159
2020-02-02 08:00:00,10272.04,10290.98,10246.59,10288.22,25.8341
2020-02-02 09:00:00,10273.35,10334.24,10224.76,10276.51,377.9775
2020-02-02 10:00:00,10277.72,10289.82,10258.58,10273.72,33.5581
2020-02-02 11:00:00,10307.4,10336.41,10286.05,10306.63,5.1483
2020-02-02 12:00:00,10303.95,10337.09,10301.4,10316.81,68.453
2020-02-02 13:00:00,10232.25,10259.4,10213.36,10248.96,11.6914
2020-02-02 14:00:00,10261.86,10278.37,10248.23,10269.47,114.3539
2020-02-02 15:00:00,10310.17,10321.87,10298.3,10301.85,230.8163
2020-02-02 16:00:00,10348.04,10367.4,10313.34,10331.72,254.2662
2020-02-02 17:00:00,10398.1,10409.19,10368.78,10388.58,93.404
2020-02-02 18:00:00,10443.97,10448.86,10418.77,10432.93,76.6288
2020-02-02 19:00:00,10457.09,10469.77,10450.06,10457.93,511.4567
2020-02-02 20:00:00,10437.09,10483.15,10434.92,10455.31,86.6134
2020-02-02 21:00:00,10364.8,10374.08,10355.25,10369.52,262.3594
2020-02-02 22:00:00,10390.15,10398.99,10361.79,10392.84,248.4048
2020-02-02 23:00:00,10399.5,10430.9,10379.66,10404.67,34.1806
2020-02-03 00:00:00,10420.41,10433.87,10418.08,10419.84,1.3846
2020-02-03 01:00:00,10358.93,10368.94,10323.24,10354.36,57.8335
2020-02-03 02:00:00,10308.21,10322.56,10288.37,10299.43,197.5948
2020-02-03 03:00:00,10351.81,10370.6,10347.18,10354.69,180.8708
2020-02-03 04:00:00,10333.97,10394.75,10291.4,10353.68,92.5506
2020-02-03 05:00:00,10384.98,10399.71,10356.45,10390.0,17.0383
2020-02-03 06:00:00,10392.96,10406.76,10377.94,10392.51,11.3827
2020-02-03 07:00:00,10407.8,10426.34,10390.71,10395.09,309.4051
2020-02-03 08:00:00,10438.97,10471.16,10422.52,10444.9,54.714
2020-02-03 09:00:00,10424.33,10430.07,10403.29,10418.99,104.4582
2020-02-03 10:00:00,10428.07,10460.96,10412.47,10425.04,236.3019
2020-02-03 11:00:00,10402.44,10412.96,10401.27,10401.99,203.9399
2020-02-03 12:00:00,10390.09,10412.74,10344.68,10380.43,83.6794
2020-02-03 13:00:00,10358.57,10378.94,10344.07,10365.42,66.9245
2020-02-03 14:00:00,10372.0,10381.56,10367.39,10377.97,132.9004
2020-02-03 15:00:00,10354.04,10398.05,10342.31,10354.17,43.0238
2020-02-03 16:00:00,10413.54,10434.02,10405.23,10420.21,98.1871
2020-02-03 17:00:00,10379.92,10424.1,10373.46,10374.65,2.3425
2020-02-03 18:00:00,10358.6,10419.9,10315.46,10365.99,173.9049
2020-02-03 19:00:00,10346.58,10372.15,10336.23,10344.23,623.0877
2020-02-03 20:00:00,10419.06,10479.47,10382.39,10420.11,309.4592
2020-02-03 21:00:00,10433.63,10435.2,10428.3,10431.39,44.6123
2020-02-03 22:00:00,10481.43,10507.02,10479.19,10486.25,75.7368
2020-02-03 23:00:00,10405.88,10411.61,10385.1,10409.41,26.9472
2020-02-04 00:00:00,10425.35,10454.38,10416.89,10424.35,36.0952
2020-02-04 01:00:00,10473.88,10491.28,10455.29,10471.76,61.1284
2020-02-04 02:00:00,10477.07,10512.79,10476.58,10477.12,137.4686
2020-02-04 03:00:00,10551.95,10576.43,10510.06,10533.98,1.8044
2020-02-04 04:00:00,10497.38,10516.26,10493.52,10507.79,50.0503
2020-02-04 05:00:00,10582.21,10584.3,10564.48,10582.89,81.3051
2020-02-04 06:00:00,10688.74,10724.19,10668.9,10705.59,24.2305
2020-02-04 07:00:00,10691.21,10696.15,10676.33,10687.24,8.1729
2020-02-04 08:00:00,10652.61,10665.82,10635.04,10664.5,77.5603
2020-02-04 09:00:00,10740.07,10744.89,10737.65,10743.06,101.5586
2020-02-04 10:00:00,10824.96,10858.06,10817.05,10828.99,102.4439
2020-02-04 11:00:00,10804.79,10811.93,10775.68,10801.76,44.0964
2020-02-04 12:00:00,10774.19,10800.24,10762.95,10780.15,27.0972
2020-02-04 13:00:00,10759.63,10784.76,10757.36,10766.04,24.8957
2020-02-04 14:00:00,10710.1,10724.13,10666.11,10694.74,4.1368
2020-02-04 15:00:00,10649.72,10679.6,10592.84,10646.69,20.4179
2020-02-04 16:00:00,10588.35,10598.56,10575.33,10594.3,170.7085
2020-02-04 17:00:00,10552.04,10582.71,10543.94,10554.68,0.3056
2020-02-04 18:00:00,10571.27,10577.46,10543.47,10553.91,4.4881
2020-02-04 19:00:00,10564.84,10568.9,10550.45,10567.32,13.5841
2020-02-04 20:00:00,10642.96,10651.07,10635.22,10650.3,54.5142
2020-02-04 21:00:00,10590.95,10620.03,10577.8,10598.21,40.6072
2020-02-04 22:00:00,10645.58,10669.68,10634.15,10651.43,19.5815
2020-02-04 23:00:00,10634.77,10645.25,10599.49,10641.09,11.7601
2020-02-05 00:00:00,10625.91,10645.3,10612.65,10639.53,279.463
2020-02-05 01:00:00,10664.49,10696.73,10660.26,10676.49,242.1934
2020-02-05 02:00:00,10608.82,10619.59,10605.29,10617.62,147.7965
2020-02-05 03:00:00,10645.28,10674.08,10613.67,10638.99,29.0382
2020-02-05 04:00:00,10644.84,10683.09,10616.4,10648.9,39.1116
2020-02-05 05:00:00,10673.98,10693.17,10649.19,10676.19,109.615
2020-02-05 06:00:00,10706.27,10732.5,10677.68,10692.69,34.4886
2020-02-05 07:00:00,10839.05,10860.53,10811.29,10825.03,75.6349
2020-02-05 08:00:00,10788.55,10816.4,10768.34,10791.6,105.3497
2020-02-05 09:00:00,10757.23,10775.17,10750.77,10764.02,73.2296
2020-02-05 10:00:00,10722.29,10760.35,10706.36,10731.56,53.3216
2020-02-05 11:00:00,10710.25,10716.46,10701.15,10702.83,42.7548
2020-02-05 12:00:00,10667.61,10686.25,10636.1,10669.79,150.3952
2020-02-05 13:00:00,10730.14,10764.63,10729.26,10734.29,134.3231
2020-02-05 14:00:00,10802.81,10817.1,10775.5,10811.61,119.1478
2020-02-05 15:00:00,10773.53,10795.85,10771.17,10781.83,46.9487
2020-02-05 16:00:00,10741.48,10748.36,10721.23,10738.04,149.4934
2020-02-05 17:00:00,10750.26,10787.54,10748.08,10764.42,316.3054
2020-02-05 18:00:00,10746.46,10750.18,10708.76,10735.78,116.7897
2020-02-05 19:00:00,10765.08,10771.0,10746.44,10770.83,52.4078
2020-02-05 20:00:00,10781.22,10783.44,10779.89,10782.83,159.1997
2020-02-05 21:00:00,10687.88,10704.08,10686.96,10702.19,93.9821
2020-02-05 22:00:00,10785.94,10804.07,10746.21,10786.07,210.1091
2020-02-05 23:00:00,10880.43,10899.83,10854.09,10884.0,124.8909
2020-02-06 00:00:00,10851.2,10867.96,10844.05,10851.74,146.9328
2020-02-06 01:00:00,10847.73,10882.88,10823.13,10831.79,110.0924
2020-02-06 02:00:00,10850.28,10857.7,10836.42,10848.35,9.6533
2020-02-06 03:00:00,10858.95,10887.03,10849.03,10867.58,66.3816
2020-02-06 04:00:00,10896.7,10921.82,10872.1,10904.45,5.8148
2020-02-06 05:00:00,11021.7,11027.49,10993.46,11015.14,59.3391
2020-02-06 06:00:00,11020.79,11038.67,11005.34,11006.5,126.0286
2020-02-06 07:00:00,10966.76,10983.08,10949.93,10963.67,54.6894
2020-02-06 08:00:00,10896.65,10910.58,10881.85,10889.15,0.1632
2020-02-06 09:00:00,10857.06,10861.78,10837.64,10850.44,46.0901
2020-02-06 10:00:00,10865.13,10903.03,10815.12,10849.73,7.0164
2020-02-06 11:00:00,10926.83,10948.75,10911.67,10948.17,151.6842
2020-02-06 12:00:00,10928.22,10933.83,10906.06,10920.93,153.1327
2020-02-06 13:00:00,10945.0,10953.75,10921.01,10934.24,164.1851
2020-02-06 14:00:00,10919.8,10968.57,10867.26,10934.44,3.0797
2020-02-06 15:00:00,10990.76,11015.05,10981.11,11000.5,3.2801
2020-02-06 16:00:00,11131.11,11142.94,11115.22,11140.59,233.7688
2020-02-06 17:00:00,11104.04,11123.47,11088.34,11112.13,13.2028
2020-02-06 18:00:00,11080.71,11126.89,11076.39,11086.05,110.8936
2020-02-06 19:00:00,11147.74,11156.45,11126.8,11145.04,158.6964
2020-02-06 20:00:00,11193.83,11246.18,11135.03,11184.15,59.396
2020-02-06 21:00:00,11300.75,11311.62,11266.51,11288.54,79.0698
2020-02-06 22:00:00,11313.14,11326.41,11313.05,11322.63,25.7969
2020-02-06 23:00:00,11293.87,11319.98,11239.63,11303.42,257.1772
2020-02-07 00:00:00,11352.85,11361.87,11319.55,11337.93,35.9251
2020-02-07 01:00:00,11409.29,11427.23,11401.65,11401.92,24.5659
2020-02-07 02:00:00,11450.78,11472.46,11397.59,11449.83,74.529
2020-02-07 03:00:00,11485.45,11492.37,11464.89,11480.02,21.1355
2020-02-07 04:00:00,11542.05,11576.48,11527.85,11542.39,116.0567
2020-02-07 05:00:00,11617.12,11633.89,11602.06,11611.03,72.3844
2020-02-07 06:00:00,11688.5,11693.99,11687.35,11692.43,15.9939
2020-02-07 07:00:00,11734.68,11796.27,11721.89,11731.53,6.9614
2020-02-07 08:00:00,11705.19,11757.64,11671.48,11722.9,14.7287
2020-02-07 09:00:00,11724.6,11736.37,11686.86,11732.67,14.6906
2020-02-07 10:00:00,11796.63,11833.61,11764.4,11804.62,37.5203
2020-02-07 11:00:00,11753.18,11789.61,11732.56,11757.58,179.1383
2020-02-07 12:00:00,11769.52,11782.19,11768.15,11780.43,5.9001
2020-02-07 13:00:00,11752.17,11767.28,11745.23,11758.44,13.7068
2020-02-07 14:00:00,11743.5,11783.73,11731.28,11761.31,36.0825
2020-02-07 15:00:00,11844.16,11873.01,11821.33,11837.66,80.5942
2020-02-07 16:00:00,11849.18,11860.35,11849.06,11850.16,143.9201
2020-02-07 17:00:00,11833.88,11869.59,11818.08,11854.1,254.0734
2020-02-07 18:00:00,11764.85,11779.93,11761.23,11774.68,53.1178
2020-02-07 19:00:00,11823.77,11825.4,11803.34,11819.79,11.1865
2020-02-07 20:00:00,11852.68,11865.09,11839.94,11859.12,24.0182
2020-02-07 21:00:00,11980.23,12000.04,11944.35,11988.58,33.8621
2020-02-07 22:00:00,11970.44,11972.38,11959.66,11971.33,154.2236
2020-02-07 23:00:00,11989.76,11992.95,11973.8,11985.64,116.0413
2020-02-08 00:00:00,11984.55,12010.34,11983.66,12001.79,23.4464
2020-02-08 01:00:00,12104.31,12106.18,12053.73,12097.65,182.4771
2020-02-08 02:00:00,12083.42,12098.47,12020.27,12093.1,196.0101
2020-02-08 03:00:00,12110.96,12135.14,12099.71,12111.18,214.0796
2020-02-08 04:00:00,12148.77,12157.69,12128.52,12149.2,32.1589
2020-02-08 05:00:00,12155.34,12187.42,12127.87,12161.75,14.3559
2020-02-08 06:00:00,12123.4,12136.79,12115.27,12135.82,10.9767
2020-02-08 07:00:00,12145.34,12163.2,12117.75,12148.81,51.0972
2020-02-08 08:00:00,12235.09,12253.96,12205.5,12215.24,56.0935
2020-02-08 09:00:00,12137.22,12170.12,12132.5,12153.77,202.6546
2020-02-08 10:00:00,12183.65,12206.13,12158.47,12163.06,31.1642
2020-02-08 11:00:00,12118.55,12121.76,12108.06,12121.7,98.5888
2020-02-08 12:00:00,12195.77,12211.35,12190.19,12195.34,155.2173
2020-02-08 13:00:00,12090.53,12107.93,12061.04,12103.68,31.3551
2020-02-08 14:00:00,12061.76,12088.65,12030.34,12071.07,31.08
2020-02-08 15:00:00,12088.96,12121.47,12059.6,12095.04,110.6106
2020-02-08 16:00:00,12178.18,12211.76,12132.55,12190.93,129.5125
2020-02-08 17:00:00,12185.59,12210.14,12182.06,12188.14,321.2959
2020-02-08 18:00:00,12150.58,12160.58,12142.53,12155.52,189.6725
2020-02-08 19:00:00,12293.78,12312.62,12233.86,12271.07,172.6261
2020-02-08 20:00:00,12169.25,12255.71,12119.11,12183.46,117.8676
2020-02-08 21:00:00,12051.97,12083.97,12024.28,12050.73,12.6115
2020-02-08 22:00:00,12081.44,12085.23,12077.34,12078.45,165.6746
2020-02-08 23:00:00,12036.44,12052.75,12021.94,12049.33,273.833
2020-02-09 00:00:00,11997.25,12004.94,11964.05,11989.01,49.5474
2020-02-09 01:00:00,12027.88,12066.26,11995.35,12032.67,37.6385
2020-02-09 02:00:00,12018.52,12074.11,11988.9,12048.55,73.9153
2020-02-09 03:00:00,12023.7,12059.15,11999.45,12015.77,313.3974
2020-02-09 04:00:00,11926.71,11949.51,11905.51,11940.05,5.217
2020-02-09 05:00:00,11980.76,12008.27,11953.86,11993.33,123.4022
2020-02-09 06:00:00,12041.8,12049.73,12018.99,12033.52,168.5608
2020-02-09 07:00:00,12024.58,12060.23,12009.67,12028.76,155.4709
2020-02-09 08:00:00,12152.17,12174.78,12107.72,12141.02,83.6497
2020-02-09 09:00:00,12091.89,12099.42,12070.33,12077.28,253.2791
2020-02-09 10:00:00,11978.63,12019.01,11955.62,11986.36,14.4475
2020-02-09 11:00:00,11955.57,11960.21,11927.44,11946.1,28.1237
2020-02-09 12:00:00,11935.54,11954.58,11925.98,11944.57,36.6662
2020-02-09 13:00:00,11987.0,12020.28,11908.3,11960.29,0.8715
2020-02-09 14:00:00,11938.79,11992.75,11917.03,11947.06,46.3098
2020-02-09 15:00:00,11981.57,11981.79,11952.06,11969.29,17.5139
2020-02-09 16:00:00,11905.62,11923.55,11888.15,11895.59,128.9626
2020-02-09 17:00:00,11986.44,12005.87,11971.27,11982.65,53.6063
2020-02-09 18:00:00,11970.89,11985.01,11945.24,11978.92,121.8949
2020-02-09 19:00:00,12045.22,12061.48,12024.9,12047.04,34.7649
2020-02-09 20:00:00,12042.9,12075.15,12015.1,12068.89,14.1469
2020-02-09 21:00:00,12100.38,12138.23,12086.53,12097.66,14.1551
2020-02-09 22:00:00,12137.58,12154.56,12094.63,12133.33,22.7232
2020-02-09 23:00:00,12163.33,12175.02,12143.47,12161.71,12.2411
2020-02-10 00:00:00,12165.73,12213.93,12131.49,12202.01,24.9163
2020-02-10 01:00:00,12268.77,12291.24,12253.67,12284.32,86.5204
2020-02-10 02:00:00,12288.42,12307.75,12264.34,12297.62,29.6166
2020-02-10 03:00:00,12346.04,12364.28,12303.41,12342.44,41.999
2020-02-10 04:00:00,12341.71,12364.38,12332.5,12338.14,5.4175
2020-02-10 05:00:00,12426.1,12442.08,12411.71,12428.22,222.7562
2020-02-10 06:00:00,12395.3,12397.97,12346.65,12387.43,14.8687
2020-02-10 07:00:00,12487.38,12503.72,12485.52,12500.21,42.8732
2020-02-10 08:00:00,12506.58,12529.03,12483.81,12498.95,47.7196
2020-02-10 09:00:00,12416.68,12439.75,12391.55,12410.78,147.8964
2020-02-10 10:00:00,12424.66,12491.52,12390.29,12419.98,66.0763
2020-02-10 11:00:00,12376.67,12385.66,12306.53,12378.92,48.2815
2020-02-10 12:00:00,12454.95,12460.54,12396.86,12432.19,119.0315
2020-02-10 13:00:00,12398.98,12415.58,12376.6,12392.87,90.8855
2020-02-10 14:00:00,12354.49,12368.11,12311.69,12366.46,8.1356
2020-02-10 15:00:00,12253.9,12271.53,12237.8,12250.86,37.4985
2020-02-10 16:00:00,12233.58,12259.97,12212.79,12224.38,384.4744
2020-02-10 17:00:00,12070.35,12083.73,12053.02,12077.45,66.0361
2020-02-10 18:00:00,11996.07,12017.66,11970.69,11983.01,55.1983
2020-02-10 19:00:00,12034.37,12069.85,12028.75,12029.77,16.2425
2020-02-10 20:00:00,12049.95,12138.96,12002.58,12078.24,182.6787
2020-02-10 21:00:00,12108.77,12137.61,12093.35,12105.14,14.3071
2020-02-10 22:00:00,12042.93,12047.86,12042.82,12047.82,11.1025
2020-02-10 23:00:00,12052.63,12072.59,12014.61,12046.16,57.8035
2020-02-11 00:00:00,12058.52,12062.74,12032.29,12047.14,57.3849
2020-02-11 01:00:00,11980.91,11982.92,11959.12,11978.57,398.831
2020-02-11 02:00:00,12089.91,12100.57,12020.07,12069.81,13.6431
2020-02-11 03:00:00,12121.8,12160.36,12093.51,12123.97,66.1313
2020-02-11 04:00:00,12119.35,12130.89,12089.98,12111.79,22.4701
2020-02-11 05:00:00,12124.38,12138.02,12111.47,12114.63,120.987
2020-02-11 06:00:00,12127.28,12159.81,12117.42,12128.46,49.7066
2020-02-11 07:00:00,12015.21,12025.15,12000.81,12005.86,104.5454
2020-02-11 08:00:00,11985.09,12001.25,11982.53,11992.22,41.3111
2020-02-11 09:00:00,11947.47,11969.05,11917.81,11952.53,83.1366
2020-02-11 10:00:00,11878.25,11911.78,11857.12,11893.86,63.3251
2020-02-11 11:00:00,11881.2,11891.68,11854.66,11878.33,46.8988
2020-02-11 12:00:00,11990.19,12025.21,11971.97,11986.29,77.1162
2020-02-11 13:00:00,12040.08,12068.06,12023.41,12025.89,48.4182
2020-02-11 14:00:00,12002.24,12007.24,11956.96,11992.75,163.9994
2020-02-11 15:00:00,12024.86,12082.09,12004.21,12028.29,68.3667
2020-02-11 16:00:00,12099.38,12174.49,12067.45,12113.65,233.4357
2020-02-11 17:00:00,12176.13,12176.62,12148.57,12170.86,25.2063
2020-02-11 18:00:00,12189.23,12196.85,12149.83,12175.71,11.8923
2020-02-11 19:00:00,12146.71,12159.4,12112.91,12137.54,47.9597
2020-02-11 20:00:00,12194.34,12203.52,12180.88,12181.13,20.2924
2020-02-11 21:00:00,12203.73,12215.75,12190.09,12206.31,49.9423
2020-02-11 22:00:00,12256.45,12285.48,12217.22,12262.17,23.245
2020-02-11 23:00:00,12293.27,12325.12,12291.58,12302.34,202.6593
2020-02-12 00:00:00,12367.44,12375.86,12358.49,12368.13,83.9109
2020-02-12 01:00:00,12335.3,12386.36,12312.87,12336.27,68.8337
2020-02-12 02:00:00,12421.32,12426.9,12381.99,12418.76,154.9967
2020-02-12 03:00:00,12430.66,12436.56,12367.83,12432.27,13.9684
2020-02-12 04:00:00,12560.83,12586.17,12531.74,12562.51,194.5014
2020-02-12 05:00:00,12510.76,12533.15,12489.83,12520.48,66.0301
2020-02-12 06:00:00,12642.3,12668.37,12608.57,12630.41,14.6684
2020-02-12 07:00:00,12645.14,12667.25,12643.0,12644.17,171.1534
2020-02-12 08:00:00,12602.05,12610.77,12572.71,12604.25,61.7623
2020-02-12 09:00:00,12565.62,12584.1,12550.35,12575.02,92.7859
2020-02-12 10:00:00,12539.41,12598.11,12529.12,12556.13,224.0633
2020-02-12 11:00:00,12600.48,12627.46,12556.9,12584.02,221.3582
2020-02-12 12:00:00,12625.17,12644.97,12591.64,12618.17,223.3235
2020-02-12 13:00:00,12562.8,12647.31,12519.27,12583.24,53.9427
2020-02-12 14:00:00,12592.57,12600.04,12572.82,12582.96,138.4719
2020-02-12 15:00:00,12730.74,12751.07,12695.21,12719.0,26.5622
2020-02-12 16:00:00,12831.73,12859.69,12829.25,12830.14,177.8904
2020-02-12 17:00:00,12879.96,12880.19,12854.74,12859.41,41.8128
2020-02-12 18:00:00,12865.93,12872.71,12838.92,12863.14,62.3458
2020-02-12 19:00:00,12853.91,12874.83,12814.76,12872.15,222.0007
2020-02-12 20:00:00,12917.64,12931.71,12847.49,12912.92,163.8558
2020-02-12 21:00:00,12851.32,12884.49,12846.93,12848.18,304.7261
2020-02-12 22:00:00,12825.18,12836.72,12778.41,12832.93,45.1728
2020-02-12 23:00:00,12734.45,12756.83,12697.49,12727.15,16.3797
2020-02-13 00:00:00,12732.55,12777.23,12724.38,12753.82,241.2516
2020-02-13 01:00:00,12809.05,12841.43,12791.74,12796.37,67.9549
2020-02-13 02:00:00,12755.52,12799.53,12751.65,12766.73,220.1842
2020-02-13 03:00:00,12855.81,12893.99,12808.39,12868.48,131.7043
2020-02-13 04:00:00,12789.45,12826.46,12768.22,12790.9,207.7866
2020-02-13 05:00:00,12704.03,12708.05,12678.03,12698.53,106.3408
2020-02-13 06:00:00,12716.13,12728.75,12705.11,12714.05,167.3294
2020-02-13 07:00:00,12772.39,12784.03,12751.85,12781.88,12.8215
2020-02-13 08:00:00,12884.26,12892.96,12853.97,12890.78,345.1271
2020-02-13 09:00:00,12847.92,12879.29,12835.22,12862.49,19.9646
2020-02-13 10:00:00,12930.25,12947.47,12895.45,12933.15,2.4808
2020-02-13 11:00:00,12945.86,12955.34,12909.78,12931.96,75.6742
2020-02-13 12:00:00,12922.03,12952.32,12903.44,12922.09,124.449
2020-02-13 13:00:00,12991.63,13009.24,12950.35,12980.47,126.0255
2020-02-13 14:00:00,13043.06,13044.43,13014.88,13024.11,41.4354
2020-02-13 15:00:00,12915.16,12930.73,12889.79,12922.76,140.174
2020-02-13 16:00:00,13017.02,13048.36,12994.05,13019.45,184.8711
2020-02-13 17:00:00,13139.06,13169.55,13095.47,13110.59,94.1639
2020-02-13 18:00:00,13089.78,13140.46,13068.43,13070.9,48.7747
2020-02-13 19:00:00,13076.17,13114.5,13046.76,13098.07,95.0816
2020-02-13 20:00:00,13136.82,13152.86,13100.34,13131.74,198.2173
2020-02-13 21:00:00,13150.17,13154.45,13147.99,13150.17,230.7314
2020-02-13 22:00:00,13126.14,13198.99,13063.51,13115.3,3.2024
2020-02-13 23:00:00,13062.83,13119.43,13021.46,13072.57,13.0563
2020-02-14 00:00:00,13061.23,13090.09,13009.39,13072.2,0.4524
2020-02-14 01:00:00,13141.27,13170.35,13114.2,13150.16,67.8145
2020-02-14 02:00:00,13179.68,13187.97,13120.23,13187.22,57.3394
2020-02-14 03:00:00,13174.83,13205.11,13155.55,13164.1,78.9221
2020-02-14 04:00:00,13200.6,13264.48,13168.62,13216.21,115.0896
2020-02-14 05:00:00,13021.18,13052.95,12999.98,13029.3,45.5365
2020-02-14 06:00:00,13081.99,13119.15,13053.46,13105.44,23.3923
2020-02-14 07:00:00,13005.84,13024.81,12947.15,12992.75,50.223
2020-02-14 08:00:00,12986.99,12989.08,12967.14,12970.5,0.9052
2020-02-14 09:00:00,12894.97,12934.54,12891.78,12899.19,176.8707
2020-02-14 10:00:00,12813.16,12862.84,12811.05,12816.98,48.4064
2020-02-14 11:00:00,12898.49,12908.78,12889.28,12892.65,97.4949
2020-02-14 12:00:00,12882.76,12892.5,12806.36,12863.79,39.2636
2020-02-14 13:00:00,12892.63,12894.74,12866.5,12887.36,95.4025
2020-02-14 14:00:00,12876.64,12910.92,12836.9,12885.63,77.7476
2020-02-14 15:00:00,12896.74,12980.24,12865.87,12917.65,23.39
2020-02-14 16:00:00,12909.49,12959.13,12866.46,12923.9,98.1694
2020-02-14 17:00:00,12843.23,12848.09,12806.16,12842.29,11.611
2020-02-14 18:00:00,12899.09,12948.38,12859.69,12907.55,65.6017
2020-02-14 19:00:00,12879.48,12910.7,12852.46,12876.97,127.253
2020-02-14 20:00:00,12770.97,12780.13,12742.13,12778.04,79.6427
2020-02-14 21:00:00,12738.47,12760.28,12724.56,12751.96,137.1489
2020-02-14 22:00:00,12833.8,12887.79,12824.94,12848.93,31.9052
2020-02-14 23:00:00,12925.0,12949.45,12902.93,12904.83,5.005
2020-02-15 00:00:00,12895.08,12938.25,12882.22,12883.63,5.7598
2020-02-15 01:00:00,12884.68,12890.48,12829.64,12862.42,31.2966
2020-02-15 02:00:00,12849.95,12889.14,12823.2,12843.02,52.3686
2020-02-15 03:00:00,12972.08,12977.8,12942.43,12977.66,77.112
2020-02-15 04:00:00,13020.95,13029.74,12996.58,13003.74,141.7419
2020-02-15 05:00:00,13032.57,13033.9,12987.13,13033.0,183.0144
2020-02-15 06:00:00,13104.34,13118.28,13093.07,13101.45,118.3128
2020-02-15 07:00:00,13117.84,13125.48,13078.28,13118.4,62.2146
2020-02-15 08:00:00,13064.11,13138.86,13026.56,13102.72,30.7187
2020-02-15 09:00:00,13112.17,13172.86,13067.86,13091.17,55.8271
2020-02-15 10:00:00,13094.21,13126.66,13069.4,13087.79,31.9374
2020-02-15 11:00:00,13090.98,13109.97,13062.55,13086.66,97.9397
2020-02-15 12:00:00,13134.77,13163.91,13115.13,13135.58,170.4886
2020-02-15 13:00:00,13142.45,13182.14,13098.27,13140.31,73.0203
2020-02-15 14:00:00,13181.88,13222.93,13143.44,13189.76,4.6923
2020-02-15 15:00:00,13193.88,13209.5,13143.44,13185.75,280.923
2020-02-15 16:00:00,13175.01,13209.08,13160.37,13192.25,34.8542
2020-02-15 17:00:00,13064.2,13099.08,13057.13,13061.77,245.936
2020-02-15 18:00:00,13130.29,13172.0,13112.36,13122.92,167.7012
2020-02-15 19:00:00,13144.36,13203.29,13143.9,13146.97,53.2944
2020-02-15 20:00:00,13218.79,13236.89,13190.73,13213.89,5.8375
2020-02-15 21:00:00,13010.94,13030.68,13001.59,13023.85,295.0834
2020-02-15 22:00:00,13148.44,13172.45,13114.91,13161.15,107.603
2020-02-15 23:00:00,13156.39,13184.63,13110.95,13153.28,28.7221
2020-02-16 00:00:00,13236.45,13287.42,13186.72,13227.48,76.2575
2020-02-16 01:00:00,13135.35,13180.79,13113.53,13160.02,100.8874
2020-02-16 02:00:00,13208.55,13240.66,13192.41,13201.66,25.7036
2020-02-16 03:00:00,13126.31,13165.59,13075.76,13133.44,9.8209
2020-02-16 04:00:00,13091.27,13098.54,13089.67,13093.8,31.1245
2020-02-16 05:00:00,13202.71,13234.19,13197.32,13220.42,4.8773
2020-02-16 06:00:00,13197.88,13216.29,13186.51,13209.13,7.2556
2020-02-16 07:00:00,13237.59,13268.31,13206.68,13224.82,17.0296
2020-02-16 08:00:00,13284.11,13312.68,13248.25,13283.67,17.2458
2020-02-16 09:00:00,13312.82,13321.16,13312.48,13317.92,28.4955
2020-02-16 10:00:00,13327.72,13354.73,13322.09,13329.27,277.1457
2020-02-16 11:00:00,13361.46,13411.04,13353.91,13354.93,85.7597
2020-02-16 12:00:00,13522.7,13539.11,13469.92,13516.75,54.9056
2020-02-16 13:00:00,13513.19,13580.44,13499.07,13514.21,82.9654
2020-02-16 14:00:00,13543.93,13571.43,13528.61,13529.15,0.5728
2020-02-16 15:00:00,13614.77,13619.41,13586.85,13601.57,225.1387
2020-02-16 16:00:00,13683.77,13714.16,13627.6,13678.12,75.9956
2020-02-16 17:00:00,13761.42,13796.36,13738.48,13760.66,60.0843
2020-02-16 18:00:00,13815.06,13828.32,13793.25,13805.99,284.0473
2020-02-16 19:00:00,13732.78,13756.41,13693.56,13728.47,131.0846
2020-02-16 20:00:00,13856.65,13883.93,13833.55,13841.96,41.1615
2020-02-16 21:00:00,13776.39,13812.91,13721.23,13764.01,275.1336
2020-02-16 22:00:00,13772.17,13790.6,13741.34,13786.21,191.0527
2020-02-16 23:00:00,13720.68,13758.72,13708.45,13735.6,309.0785
2020-02-17 00:00:00,13722.94,13744.73,13670.13,13732.57,10.1174
2020-02-17 01:00:00,13769.94,13787.3,13744.22,13756.51,310.7444
2020-02-17 02:00:00,13758.27,13806.93,13697.93,13779.99,78.2816
2020-02-17 03:00:00,13815.89,13818.71,13802.07,13810.44,111.5398
2020-02-17 04:00:00,13928.3,13944.31,13907.6,13923.25,23.856
2020-02-17 05:00:00,13972.44,13986.14,13934.79,13956.22,15.129
2020-02-17 06:00:00,13943.09,13943.32,13930.66,13940.58,8.2716
2020-02-17 07:00:00,13990.35,14010.77,13974.37,14009.17,54.8723
2020-02-17 08:00:00,14080.37,14096.19,14044.56,14093.89,25.0193
2020-02-17 09:00:00,13992.23,14045.13,13991.42,14008.79,8.5147
2020-02-17 10:00:00,14044.47,14056.53,13999.14,14052.03,310.2565
2020-02-17 11:00:00,14100.12,14119.16,14094.12,14102.7,132.1973
2020-02-17 12:00:00,14066.72,14121.08,14063.19,14083.13,72.9509
2020-02-17 13:00:00,14202.27,14212.8,14168.12,14181.41,136.0032
2020-02-17 14:00:00,14153.41,14189.53,14145.83,14172.19,94.5354
2020-02-17 15:00:00,14201.6,14208.06,14181.25,14182.5,19.6055
2020-02-17 16:00:00,14188.45,14212.5,14153.69,14171.65,100.3583
2020-02-17 17:00:00,14186.9,14213.87,14157.87,14174.17,114.2603
2020-02-17 18:00:00,14088.11,14100.49,14077.83,14097.89,27.1115
2020-02-17 19:00:00,14002.59,14053.29,13961.43,13997.8,38.5875
2020-02-17 20:00:00,14092.77,14154.04,14033.04,14110.79,48.3374
2020-02-17 21:00:00,14065.25,14103.48,14008.72,14052.45,92.2678
2020-02-17 22:00:00,13983.16,13998.59,13979.56,13984.2,13.56
2020-02-17 23:00:00,13829.36,13872.06,13799.09,13835.03,136.0541
2020-02-18 00:00:00,13775.33,13798.68,13764.41,13792.21,42.4685
2020-02-18 01:00:00,13668.4,13735.16,13664.62,13702.35,117.6918
2020-02-18 02:00:00,13801.87,13835.92,13797.21,13816.22,270.1383
2020-02-18 03:00:00,13902.81,13922.01,13845.2,13887.36,203.9257
2020-02-18 04:00:00,13835.39,13858.49,13804.71,13840.96,133.7813
2020-02-18 05:00:00,13995.86,14012.92,13986.7,13998.23,21.4837
2020-02-18 06:00:00,14077.56,14089.82,14045.71,14068.34,131.7046
2020-02-18 07:00:00,14072.26,14078.09,14002.94,14046.9,101.0023
2020-02-18 08:00:00,13891.14,13943.73,13842.2,13872.76,148.0811
2020-02-18 09:00:00,14019.41,14038.15,14015.59,14033.05,203.1139
2020-02-18 10:00:00,13909.88,13986.68,13865.64,13936.96,37.3204
2020-02-18 11:00:00,13856.31,13881.14,13814.72,13823.69,103.3679
2020-02-18 12:00:00,13927.28,13943.53,13877.17,13895.75,32.1774
2020-02-18 13:00:00,14069.3,14102.61,14045.0,14066.65,42.5084
2020-02-18 14:00:00,14147.42,14182.76,14146.79,14165.42,73.5313
2020-02-18 15:00:00,14220.46,14254.68,14204.42,14206.78,56.945
2020-02-18 16:00:00,14248.91,14284.09,14209.36,14250.45,91.7868
2020-02-18 17:00:00,14311.06,14348.4,14258.0,14312.68,142.1969
2020-02-18 18:00:00,14381.27,14395.65,14334.65,14368.42,92.892
2020-02-18 19:00:00,14394.87,14436.15,14387.6,14390.06,349.993
2020-02-18 20:00:00,14381.92,14413.67,14348.91,14399.0,133.9869
2020-02-18 21:00:00,14391.25,14409.7,14372.58,14395.93,420.0494
2020-02-18 22:00:00,14352.58,14366.12,14340.95,14343.1,136.0396
2020-02-18 23:00:00,14331.71,14338.02,14264.46,14324.4,70.9112
2020-02-19 00:00:00,14208.31,14243.44,14183.62,14204.58,52.9339
2020-02-19 01:00:00,14212.27,14221.6,14181.87,14199.02,133.0521
2020-02-19 02:00:00,14125.14,14165.53,14101.43,14130.25,116.195
2020-02-19 03:00:00,14056.21,14069.03,14045.62,14053.7,110.4926
2020-02-19 04:00:00,14020.26,14101.77,14004.58,14067.74,127.9357
2020-02-19 05:00:00,14160.69,14176.26,14133.91,14167.06,205.7071
2020-02-19 06:00:00,14244.4,14247.79,14226.56,14233.53,25.846
2020-02-19 07:00:00,14117.67,14138.83,14104.33,14123.18,83.2167
2020-02-19 08:00:00,14048.16,14088.12,14045.2,14054.71,92.4578
2020-02-19 09:00:00,14107.52,14169.18,14085.02,14122.23,34.6522
2020-02-19 10:00:00,14068.37,14103.91,14047.83,14054.27,441.8659
2020-02-19 11:00:00,14047.59,14088.12,14031.13,14039.89,153.9622
2020-02-19 12:00:00,14091.53,14101.63,14079.32,14079.9,38.7526
2020-02-19 13:00:00,13988.95,14027.16,13955.83,14013.14,44.3844
2020-02-19 14:00:00,14019.67,14026.31,13970.68,14021.92,126.6764
2020-02-19 15:00:00,13925.9,13930.87,13900.57,13929.8,1.156
2020-02-19 16:00:00,13885.41,13929.06,13822.21,13889.31,62.3696
2020-02-19 17:00:00,13904.33,13945.35,13896.68,13912.9,42.024
2020-02-19 18:00:00,13798.7,13818.34,13787.47,13803.48,192.4169
2020-02-19 19:00:00,13847.02,13886.65,13813.27,13835.26,156.6833
2020-02-19 20:00:00,13808.82,13881.99,13787.14,13835.29,40.3612
2020-02-19 21:00:00,13899.55,13906.23,13816.54,13874.89,200.0978
2020-02-19 22:00:00,13898.53,13923.0,13881.95,13891.81,244.8768
2020-02-19 23:00:00,13987.36,13990.18,13966.91,13987.95,80.3987
2020-02-20 00:00:00,14010.8,14064.46,13995.27,13998.11,17.3445
2020-02-20 01:00:00,13949.17,13999.7,13939.98,13969.45,147.1103
2020-02-20 02:00:00,13970.1,14013.18,13966.13,13979.39,38.4699
2020-02-20 03:00:00,14017.07,14037.39,13969.16,14018.76,74.9255
2020-02-20 04:00:00,14042.74,14062.47,14022.85,14023.59,4.6661
2020-02-20 05:00:00,14027.19,14042.61,14014.71,14027.84,69.3328
2020-02-20 06:00:00,13986.3,13998.09,13940.86,13980.01,47.8463
2020-02-20 07:00:00,13926.85,13978.21,13884.54,13935.07,115.857
2020-02-20 08:00:00,13845.47,13870.16,13809.15,13838.73,4.1639
2020-02-20 09:00:00,13984.59,14033.82,13940.33,13961.18,98.0684
2020-02-20 10:00:00,13889.56,13919.32,13820.29,13875.74,147.8217
2020-02-20 11:00:00,13827.93,13873.94,13804.98,13829.06,1.286
2020-02-20 12:00:00,13790.08,13795.79,13769.96,13780.77,138.6148
2020-02-20 13:00:00,13851.8,13856.96,13836.68,13843.81,13.9497
2020-02-20 14:00:00,13831.78,13884.8,13783.84,13824.78,119.7514
2020-02-20 15:00:00,13927.88,13953.33,13890.25,13912.41,60.7477
2020-02-20 16:00:00,13882.27,13922.29,13845.27,13866.95,80.2943
2020-02-20 17:00:00,13885.92,13895.7,13851.01,13887.68,41.1504
2020-02-20 18:00:00,13839.94,13866.98,13802.54,13831.06,28.1655
2020-02-20 19:00:00,13975.44,13984.38,13943.52,13980.8,7.3698
2020-02-20 20:00:00,13886.35,13915.64,13867.3,13899.18,200.0187
2020-02-20 21:00:00,13918.35,13941.69,13918.16,13922.1,94.271
2020-02-20 22:00:00,13966.54,13980.8,13945.93,13967.61,406.2797
2020-02-20 23:00:00,13974.64,14011.59,13958.4,13997.9,190.0137
2020-02-21 00:00:00,13998.37,14024.49,13935.34,13986.33,203.7404
2020-02-21 01:00:00,13939.97,14007.82,13935.0,13978.65,91.0929
2020-02-21 02:00:00,14021.08,14052.37,13945.92,13983.11,8.4407
2020-02-21 03:00:00,13995.22,13995.91,13967.48,13974.24,244.6412
2020-02-21 04:00:00,14039.31,14076.06,14026.6,14042.98,12.5434
2020-02-21 05:00:00,14199.73,14211.79,14183.01,14199.6,72.8041
2020-02-21 06:00:00,14165.73,14191.31,14100.32,14161.44,194.3902
2020-02-21 07:00:00,14057.57,14094.81,14039.46,14065.86,63.9432
2020-02-21 08:00:00,14063.77,14077.95,14035.36,14061.06,18.1127
2020-02-21 09:00:00,14241.78,14245.87,14236.35,14243.83,46.7123
2020-02-21 10:00:00,14186.68,14195.02,14145.55,14188.02,445.5661
2020-02-21 11:00:00,14308.31,14322.6,14263.6,14305.72,833.1488
2020-02-21 12:00:00,14408.2,14449.85,14395.17,14427.15,124.0758
2020-02-21 13:00:00,14389.23,14406.22,14378.66,14388.66,218.9188
2020-02-21 14:00:00,14433.39,14466.3,14405.68,14431.03,4.5214
2020-02-21 15:00:00,14551.85,14554.22,14504.26,14549.97,32.2925
2020-02-21 16:00:00,14520.71,14538.74,14501.76,14523.85,46.0385
2020-02-21 17:00:00,14527.03,14546.86,14507.08,14510.51,1.207
2020-02-21 18:00:00,14464.65,14478.65,14464.55,14469.76,47.3147
2020-02-21 19:00:00,14401.07,14411.93,14380.84,14397.79,9.7648
2020-02-21 20:00:00,14371.11,14387.47,14302.37,14352.49,72.8586
2020-02-21 21:00:00,14264.96,14278.89,14256.3,14266.1,0.4429
2020-02-21 22:00:00,14273.01,14292.53,14231.23,14269.95,31.5327
2020-02-21 23:00:00,14215.07,14222.1,14209.75,14216.44,201.2033
2020-02-22 00:00:00,14252.1,14292.36,14210.22,14234.48,23.9601
2020-02-22 01:00:00,14121.53,14133.73,14096.53,14125.17,6.7041
2020-02-22 02:00:00,14168.11,14187.28,14131.11,14149.95,28.7323
2020-02-22 03:00:00,14208.87,14226.85,14194.37,14210.34,175.7698
2020-02-22 04:00:00,14058.01,14124.19,14019.55,14070.1,88.4761
2020-02-22 05:00:00,14107.4,14107.9,14081.2,14097.82,88.2069
2020-02-22 06:00:00,14181.45,14230.07,14147.01,14185.77,0.0574
2020-02-22 07:00:00,14110.14,14118.08,14081.84,14101.39,63.8945
2020-02-22 08:00:00,14181.91,14222.51,14162.25,14220.73,30.8726
2020-02-22 09:00:00,14252.02,14264.81,14238.61,14251.94,40.9788
2020-02-22 10:00:00,14196.6,14210.44,14193.41,14203.13,91.3013
2020-02-22 11:00:00,14185.49,14229.32,14179.85,14200.59,207.4174
2020-02-22 12:00:00,14233.77,14272.84,14216.27,14241.65,20.0474
2020-02-22 13:00:00,14240.31,14267.11,14200.96,14248.49,146.1975
2020-02-22 14:00:00,14287.61,14304.23,14286.49,14288.3,5.0138
2020-02-22 15:00:00,14204.5,14256.24,14202.65,14223.95,39.5608
2020-02-22 16:00:00,14241.92,14262.79,14198.66,14237.42,24.7068
2020-02-22 17:00:00,14157.52,14176.19,14116.09,14138.2,247.1998
2020-02-22 18:00:00,14135.72,14182.33,14101.55,14131.75,19.6012
2020-02-22 19:00:00,14080.68,14101.96,14037.02,14069.3,86.4249
2020-02-22 20:00:00,14034.31,14070.96,13981.26,14018.96,18.0064
2020-02-22 21:00:00,14124.45,14151.97,14098.52,14107.01,64.1473
2020-02-22 22:00:00,14211.92,14235.6,14158.7,14185.4,53.3412
2020-02-22 23:00:00,14222.91,14239.63,14184.27,14230.02,4.2237
2020-02-23 00:00:00,14143.55,14157.71,14088.55,14153.72,174.7939
2020-02-23 01:00:00,14143.82,14155.72,14119.98,14132.75,151.464
2020-02-23 02:00:00,14229.95,14236.19,14154.15,14219.88,32.5534
2020-02-23 03:00:00,14242.42,14244.36,14203.07,14231.38,95.1905
2020-02-23 04:00:00,14425.04,14445.63,14348.64,14397.84,45.0467
2020-02-23 05:00:00,14427.76,14439.97,14390.33,14427.59,146.6321
2020-02-23 06:00:00,14449.05,14453.72,14421.9,14442.89,117.923
2020-02-23 07:00:00,14407.87,14423.61,14403.87,14422.01,9.4824
2020-02-23 08:00:00,14463.9,14476.44,14393.95,14433.08,185.9106
2020-02-23 09:00:00,14418.67,14442.78,14417.57,14423.52,19.7751
2020-02-23 10:00:00,14471.57,14520.01,14431.87,14476.03,19.1293
2020-02-23 11:00:00,14541.68,14578.07,14539.53,14546.73,132.3308
2020-02-23 12:00:00,14481.67,14523.11,14467.94,14491.01,20.2424
2020-02-23 13:00:00,14385.51,14397.76,14378.88,14396.01,13.0561
2020-02-23 14:00:00,14257.81,14277.38,14239.97,14265.28,40.8845
2020-02-23 15:00:00,14283.4,14310.48,14276.52,14302.94,182.4567
2020-02-23 16:00:00,14214.29,14232.96,14201.47,14225.46,19.4567
2020-02-23 17:00:00,14101.18,14116.92,14070.69,14073.75,41.4112
2020-02-23 18:00:00,14112.88,14144.15,14090.23,14102.51,33.7228
2020-02-23 19:00:00,14292.93,14293.63,14266.28,14279.7,44.0151
2020-02-23 20:00:00,14297.51,14304.55,14277.52,14280.7,125.2714
2020-02-23 21:00:00,14368.3,14379.69,14339.89,14342.0,51.9977
2020-02-23 22:00:00,14323.88,14355.7,14312.49,14349.3,142.5354
2020-02-23 23:00:00,14326.0,14358.44,14296.39,14343.64,102.2772
2020-02-24 00:00:00,14399.41,14427.49,14358.23,14410.99,44.8006
2020-02-24 01:00:00,14384.75,14418.62,14377.58,14391.51,56.6058
2020-02-24 02:00:00,14407.86,14483.02,14404.28,14412.19,121.6122
2020-02-24 03:00:00,14430.36,14445.52,14429.08,14436.82,76.5192
2020-02-24 04:00:00,14393.19,14398.5,14371.25,14390.04,202.7534
2020-02-24 05:00:00,14463.36,14482.97,14453.04,14462.85,270.5804
2020-02-24 06:00:00,14441.2,14497.78,14439.76,14451.65,126.4811
2020-02-24 07:00:00,14367.16,14414.16,14325.53,14398.48,452.8869
2020-02-24 08:00:00,14424.21,14467.39,14331.8,14438.55,90.767
2020-02-24 09:00:00,14367.23,14410.84,14331.52,14375.13,4.0646
2020-02-24 10:00:00,14375.04,14424.4,14348.58,14378.59,70.2899
2020-02-24 11:00:00,14363.13,14409.23,14310.39,14379.37,26.1377
2020-02-24 12:00:00,14451.79,14459.68,14424.93,14458.88,40.6035
2020-02-24 13:00:00,14478.25,14522.98,14447.6,14494.65,67.3482
2020-02-24 14:00:00,14492.46,14536.27,14476.18,14494.28,34.963
2020-02-24 15:00:00,14539.38,14563.51,14494.04,14555.0,37.0515
2020-02-24 16:00:00,14645.18,14685.12,14625.19,14657.63,51.4192
2020-02-24 17:00:00,14680.73,14720.31,14651.16,14699.97,33.7513
2020-02-24 18:00:00,14699.95,14761.19,14683.12,14702.2,18.5729
2020-02-24 19:00:00,14594.58,14619.65,14581.71,14607.24,145.0557
2020-02-24 20:00:00,14544.08,14571.18,14520.64,14530.91,50.2877
2020-02-24 21:00:00,14516.07,14540.02,14484.49,14510.18,178.2348
2020-02-24 22:00:00,14466.4,14470.33,14457.33,14467.41,214.3165
2020-02-24 23:00:00,14443.81,14468.05,14427.05,14455.34,139.0156
2020-02-25 00:00:00,14466.38,14473.58,14459.74,14460.88,50.5296
2020-02-25 01:00:00,14510.64,14515.53,14461.71,14500.62,127.7699
2020-02-25 02:00:00,14499.03,14515.52,14492.94,14496.96,16.868
2020-02-25 03:00:00,14556.98,14560.76,14523.15,14533.67,108.2097
2020-02-25 04:00:00,14546.5,14567.05,14514.51,14539.81,52.093
2020-02-25 05:00:00,14410.81,14415.75,14390.48,14397.65,106.608
2020-02-25 06:00:00,14333.39,14343.0,14290.41,14331.47,140.5643
2020-02-25 07:00:00,14332.26,14368.63,14283.84,14322.58,82.7105
2020-02-25 08:00:00,14226.04,14304.33,14185.18,14237.38,102.856
2020-02-25 09:00:00,14274.97,14308.33,14271.75,14281.51,24.0198
2020-02-25 10:00:00,14397.28,14449.22,14370.6,14392.25,89.8204
2020-02-25 11:00:00,14486.34,14495.32,14465.99,14481.39,61.7065
2020-02-25 12:00:00,14474.73,14497.19,14461.5,14467.38,55.8709
2020-02-25 13:00:00,14592.71,14654.71,14568.54,14576.67,52.8168
2020-02-25 14:00:00,14568.17,14618.38,14559.3,14588.96,37.2404
2020-02-25 15:00:00,14551.63,14605.29,14526.65,14565.83,36.4325
2020-02-25 16:00:00,14525.95,14531.82,14492.9,14522.61,120.2995
2020-02-25 17:00:00,14491.6,14572.35,14484.14,14502.1,81.5992
2020-02-25 18:00:00,14524.3,14537.67,14444.94,14475.4,3.041
2020-02-25 19:00:00,14496.66,14545.82,14480.74,14489.19,4.9742
2020-02-25 20:00:00,14501.13,14509.65,14496.44,14502.27,84.4247
2020-02-25 21:00:00,14496.46,14543.53,14475.64,14503.94,187.2645
2020-02-25 22:00:00,14530.1,14597.35,14495.37,14537.08,4.4974
2020-02-25 23:00:00,14625.51,14628.71,14621.13,14625.07,70.7666
2020-02-26 00:00:00,14697.62,14713.47,14689.6,14695.97,190.4718
2020-02-26 01:00:00,14581.67,14626.78,14579.23,14588.33,0.4458
2020-02-26 02:00:00,14399.57,14412.41,14386.78,14403.5,32.2679
2020-02-26 03:00:00,14491.68,14494.06,14470.14,14472.23,252.4732
2020-02-26 04:00:00,14394.67,14453.14,14372.45,14374.77,8.498
2020-02-26 05:00:00,14363.67,14400.87,14329.44,14360.05,93.3937
2020-02-26 06:00:00,14258.32,14279.18,14217.87,14277.47,70.8021
2020-02-26 07:00:00,14157.88,14209.25,14114.84,14150.26,16.4497
2020-02-26 08:00:00,14212.04,14224.17,14167.94,14189.99,4.3416
2020-02-26 09:00:00,14264.78,14273.66,14176.44,14245.27,69.8335
2020-02-26 10:00:00,14216.06,14230.64,14180.73,14205.63,132.8517
2020-02-26 11:00:00,14042.96,14059.5,13970.73,14023.01,19.5094
2020-02-26 12:00:00,13986.86,13997.98,13973.96,13986.11,117.545
2020-02-26 13:00:00,14023.71,14039.99,13997.05,14014.91,79.0503
2020-02-26 14:00:00,13903.21,13913.95,13890.51,13912.68,44.2928
2020-02-26 15:00:00,13930.9,13960.09,13900.26,13926.83,109.1926
2020-02-26 16:00:00,13945.67,13997.31,13890.62,13927.15,21.3164
2020-02-26 17:00:00,13960.65,13984.16,13954.7,13968.88,61.0519
2020-02-26 18:00:00,13966.59,13982.4,13965.84,13978.63,79.6964
2020-02-26 19:00:00,13913.38,13948.27,13893.13,13912.02,61.3773
2020-02-26 20:00:00,13993.47,13999.46,13977.74,13996.65,50.667
2020-02-26 21:00:00,13996.03,14001.53,13963.37,13986.95,135.0594
2020-02-26 22:00:00,13980.1,13997.22,13966.97,13986.44,106.7407
2020-02-26 23:00:00,13946.5,13954.03,13900.34,13922.57,102.0158
2020-02-27 00:00:00,13875.19,13915.63,13865.84,13893.11,222.378
2020-02-27 01:00:00,13850.38,13905.21,13808.87,13833.03,503.6054
2020-02-27 02:00:00,13811.88,13883.02,13800.19,13822.45,83.749
2020-02-27 03:00:00,13917.1,13944.84,13890.6,13942.14,42.8122
2020-02-27 04:00:00,13851.19,13860.52,13839.26,13847.89,150.9029
2020-02-27 05:00:00,13734.06,13780.94,13705.6,13737.56,15.3267
2020-02-27 06:00:00,13824.63,13844.13,13807.74,13839.98,71.9305
2020-02-27 07:00:00,13803.63,13845.66,13801.14,13826.88,74.3406
2020-02-27 08:00:00,13781.89,13813.3,13769.28,13782.01,410.2449
2020-02-27 09:00:00,13868.57,13877.19,13830.57,13855.05,471.1288
2020-02-27 10:00:00,13822.56,13854.52,13783.04,13814.48,160.5516
2020-02-27 11:00:00,13942.78,13962.8,13938.65,13941.99,64.0584
2020-02-27 12:00:00,13997.34,14000.92,13975.87,13990.64,79.2362
2020-02-27 13:00:00,13957.53,14001.85,13927.31,13957.91,38.5283
2020-02-27 14:00:00,14089.69,14166.46,14036.93,14109.86,177.105
2020-02-27 15:00:00,14048.55,14104.08,14042.31,14068.54,137.2574
2020-02-27 16:00:00,14119.28,14127.46,14080.36,14122.15,147.5892
2020-02-27 17:00:00,14142.42,14159.05,14122.28,14144.69,14.9285
2020-02-27 18:00:00,14250.29,14261.57,14237.33,14238.17,50.8551
2020-02-27 19:00:00,14361.63,14401.39,14306.03,14350.76,77.0788
2020-02-27 20:00:00,14363.18,14378.08,14348.09,14354.49,13.3141
2020-02-27 21:00:00,14297.84,14322.8,14277.06,14301.85,45.9852
2020-02-27 22:00:00,14316.38,14367.07,14262.55,14336.17,9.1493
2020-02-27 23:00:00,14294.92,14329.66,14265.98,14289.03,319.0318
2020-02-28 00:00:00,14441.88,14507.14,14396.8,14434.3,139.136
2020-02-28 01:00:00,14411.1,14462.91,14399.33,14445.6,96.9555
2020-02-28 02:00:00,14408.63,14450.05,14360.38,14420.66,22.9233
2020-02-28 03:00:00,14425.44,14439.74,14407.81,14435.42,40.6657
2020-02-28 04:00:00,14341.33,14399.15,14328.45,14339.63,15.6052
2020-02-28 05:00:00,14259.93,14329.79,14233.0,14271.4,76.8129
2020-02-28 06:00:00,14357.94,14420.8,14331.89,14358.49,171.7669
2020-02-28 07:00:00,14309.75,14330.44,14264.5,14312.76,1.922
2020-02-28 08:00:00,14237.01,14242.72,14219.86,14239.27,10.9044
2020-02-28 09:00:00,14268.67,14289.29,14257.92,14278.9,26.0521
2020-02-28 10:00:00,14355.8,14369.19,14329.32,14364.98,125.1997
2020-02-28 11:00:00,14402.48,14446.82,14401.54,14418.06,224.4126
2020-02-28 12:00:00,14496.81,14515.15,14487.47,14491.31,139.8417
2020-02-28 13:00:00,14446.17,14451.56,14387.24,14437.92,74.433
2020-02-28 14:00:00,14325.68,14343.25,14306.94,14336.72,11.1057
2020-02-28 15:00:00,14467.75,14498.04,14404.2,14445.78,140.6148
2020-02-28 16:00:00,14419.38,14460.75,14412.34,14423.92,11.1647
2020-02-28 17:00:00,14429.31,14442.18,14386.66,14407.27,42.7235
2020-02-28 18:00:00,14495.07,14533.9,14491.58,14504.39,36.8157
2020-02-28 19:00:00,14516.7,14549.52,14461.91,14546.18,44.5074
2020-02-28 20:00:00,14586.65,14634.31,14577.04,14580.79,39.9775
2020-02-28 21:00:00,14743.75,14774.46,14709.37,14740.08,146.6116
2020-02-28 22:00:00,14694.64,14726.52,14659.29,14694.13,18.8409
2020-02-28 23:00:00,14754.29,14790.51,14732.24,14763.77,186.9804
2020-02-29 00:00:00,14768.94,14773.39,14718.68,14769.45,195.3763
2020-02-29 01:00:00,14783.2,14836.37,14782.61,14790.77,67.5162
2020-02-29 02:00:00,14900.77,14952.77,14884.55,14905.28,11.2216
2020-02-29 03:00:00,14957.2,15026.3,14935.29,14944.62,85.6625
2020-02-29 04:00:00,14989.1,14996.58,14912.23,14986.34,171.9986
2020-02-29 05:00:00,15077.39,15174.28,15053.34,15068.2,34.1749
2020-02-29 06:00:00,15038.72,15066.13,15021.33,15042.21,181.8601
2020-02-29 07:00:00,14975.47,15014.1,14969.35,14980.6,112.9852
2020-02-29 08:00:00,14886.64,14905.04,14864.17,14903.84,436.1945
2020-02-29 09:00:00,14753.33,14761.27,14710.8,14758.8,174.1321
2020-02-29 10:00:00,14862.48,14914.2,14829.85,14912.01,22.5021
2020-02-29 11:00:00,14822.49,14854.51,14800.02,14831.24,59.6028
2020-02-29 12:00:00,14815.11,14829.11,14806.07,14816.32,10.9266
2020-02-29 13:00:00,14805.63,14812.49,14746.92,14797.29,7.2217
2020-02-29 14:00:00,14817.53,14849.09,14804.46,14821.52,122.436
2020-02-29 15:00:00,14888.63,14892.01,14862.3,14883.45,244.1064
2020-02-29 16:00:00,14916.39,14974.72,14901.15,14948.97,363.3464
2020-02-29 17:00:00,14906.04,14952.68,14892.44,14906.89,31.535
2020-02-29 18:00:00,14870.9,14951.45,14844.77,14895.92,22.536
2020-02-29 19:00:00,14900.43,14957.62,14848.82,14918.46,82.148
2020-02-29 20:00:00,14898.61,14915.04,14882.13,14901.4,22.4219
2020-02-29 21:00:00,15041.82,15052.01,14986.64,15022.65,35.0845
2020-02-29 22:00:00,15066.62,15120.35,15013.14,15061.03,181.5395
2020-02-29 23:00:00,15118.15,15135.17,15106.67,15117.87,166.317
2020-03-01 00:00:00,15169.2,15188.53,15148.96,15169.49,225.4493
2020-03-01 01:00:00,15249.12,15264.05,15232.31,15260.01,65.825
2020-03-01 02:00:00,15267.04,15276.25,15257.01,15275.35,83.031
2020-03-01 03:00:00,15184.32,15241.64,15137.67,15177.83,147.2242
2020-03-01 04:00:00,15188.61,15257.31,15176.93,15209.68,27.3471
2020-03-01 05:00:00,15170.66,15189.5,15124.18,15161.67,173.2134
2020-03-01 06:00:00,15117.24,15166.95,15103.06,15123.11,1.7713
2020-03-01 07:00:00,15181.48,15186.9,15158.08,15168.96,159.7805
2020-03-01 08:00:00,15279.07,15288.21,15248.33,15264.4,149.5698
2020-03-01 09:00:00,15242.0,15276.75,15230.62,15267.55,35.9221
2020-03-01 10:00:00,15283.75,15332.11,15270.3,15292.65,130.1631
2020-03-01 11:00:00,15411.14,15461.47,15386.77,15424.33,24.079
2020-03-01 12:00:00,15416.45,15460.87,15407.36,15444.44,85.8571
2020-03-01 13:00:00,15630.74,15647.46,15606.2,15646.9,120.5931
2020-03-01 14:00:00,15731.01,15731.09,15666.13,15692.7,125.421
2020-03-01 15:00:00,15565.6,15612.49,15516.45,15556.12,407.0734
2020-03-01 16:00:00,15646.21,15676.8,15593.93,15616.27,20.09
2020-03-01 17:00:00,15660.56,15671.09,15636.71,15647.59,65.5463
2020-03-01 18:00:00,15738.38,15766.73,15705.5,15750.06,212.1135
2020-03-01 19:00:00,15798.62,15811.53,15774.92,15804.65,82.4424
2020-03-01 20:00:00,15804.59,15807.89,15743.44,15795.29,209.0616
2020-03-01 21:00:00,15707.05,15728.49,15685.02,15700.18,56.9265
2020-03-01 22:00:00,15676.29,15715.71,15657.46,15685.34,158.6461
2020-03-01 23:00:00,15596.62,15670.58,15532.45,15620.21,204.06
2020-03-02 00:00:00,15627.64,15632.22,15558.3,15576.43,187.366
2020-03-02 01:00:00,15621.62,15643.16,15616.79,15623.83,205.0777
2020-03-02 02:00:00,15750.71,15807.63,15748.9,15755.84,24.7891
2020-03-02 03:00:00,15790.3,15791.06,15782.85,15788.51,57.8006
2020-03-02 04:00:00,15691.87,15704.51,15684.44,15695.68,19.1853
2020-03-02 05:00:00,15734.07,15765.21,15688.85,15732.14,19.9111
2020-03-02 06:00:00,15848.21,15893.29,15776.35,15827.84,66.9093
2020-03-02 07:00:00,15779.2,15793.34,15778.51,15781.17,322.1072
2020-03-02 08:00:00,15753.83,15775.37,15748.05,15772.17,89.6271
2020-03-02 09:00:00,15772.36,15779.99,15706.8,15774.91,192.3088
2020-03-02 10:00:00,15707.28,15770.23,15685.81,15714.58,276.7545
2020-03-02 11:00:00,15789.53,15821.39,15746.41,15767.08,9.0554
2020-03-02 12:00:00,15777.58,15807.73,15734.15,15759.13,17.6814
2020-03-02 13:00:00,15795.46,15802.93,15783.62,15793.76,34.3677
2020-03-02 14:00:00,15705.15,15744.05,15698.82,15725.25,95.9138
2020-03-02 15:00:00,15673.19,15738.28,15648.41,15692.43,6.3717
2020-03-02 16:00:00,15750.92,15784.94,15712.62,15750.68,154.4842
2020-03-02 17:00:00,15728.18,15742.23,15704.67,15722.89,6.5914
2020-03-02 18:00:00,15854.29,15904.08,15809.37,15860.23,17.2488
2020-03-02 19:00:00,15822.52,15844.81,15775.45,15830.12,48.0794
2020-03-02 20:00:00,15840.1,15870.77,15832.18,15849.49,81.5812
2020-03-02 21:00:00,15924.61,15958.46,15924.4,15924.98,213.2882
2020-03-02 22:00:00,15775.96,15825.63,15760.36,15813.64,331.6758
2020-03-02 23:00:00,15658.73,15681.26,15649.16,15675.99,215.9716
2020-03-03 00:00:00,15548.23,15584.68,15510.8,15557.98,11.3219
2020-03-03 01:00:00,15676.66,15729.16,15633.4,15657.75,99.7581
2020-03-03 02:00:00,15603.41,15632.06,15539.42,15616.11,58.2885
2020-03-03 03:00:00,15820.28,15863.13,15795.37,15817.42,13.4437
2020-03-03 04:00:00,15777.95,15779.82,15772.92,15774.38,80.9934
2020-03-03 05:00:00,15811.01,15854.46,15749.46,15790.51,44.1079
2020-03-03 06:00:00,15933.94,15939.64,15896.49,15913.84,42.4324
2020-03-03 07:00:00,16074.14,16099.64,16060.38,16075.06,9.9207
2020-03-03 08:00:00,16234.64,16283.86,16232.01,16242.36,385.6256
2020-03-03 09:00:00,16331.27,16349.06,16300.4,16342.12,129.4481
2020-03-03 10:00:00,16423.47,16459.03,16411.13,16427.43,32.8968
2020-03-03 11:00:00,16470.59,16512.95,16443.24,16477.74,249.4656
2020-03-03 12:00:00,16552.68,16587.06,16525.3,16543.52,295.819
2020-03-03 13:00:00,16506.51,16541.8,16466.12,16499.58,166.2706
2020-03-03 14:00:00,16443.45,16452.98,16421.66,16433.73,107.6797
2020-03-03 15:00:00,16455.79,16482.35,16419.06,16435.09,47.2209
2020-03-03 16:00:00,16453.35,16454.86,16421.76,16422.75,56.9774
2020-03-03 17:00:00,16389.22,16409.26,16376.78,16387.18,60.699
2020-03-03 18:00:00,16463.96,16471.68,16405.03,16445.88,297.1287
2020-03-03 19:00:00,16520.26,16545.94,16494.28,16526.08,142.7677
2020-03-03 20:00:00,16554.63,16588.14,16512.51,16535.03,34.5331
2020-03-03 21:00:00,16676.53,16698.15,16620.69,16658.84,97.9871
2020-03-03 22:00:00,16582.12,16620.42,16508.84,16565.41,90.1157
2020-03-03 23:00:00,16552.59,16553.83,16498.64,16551.03,167.1989
2020-03-04 00:00:00,16482.34,16504.24,16467.42,16493.36,10.0161
2020-03-04 01:00:00,16318.3,16366.77,16297.24,16341.08,120.822
2020-03-04 02:00:00,16335.31,16371.07,16281.77,16335.96,40.2225
2020-03-04 03:00:00,16352.68,16386.06,16321.46,16327.65,13.8839
2020-03-04 04:00:00,16447.74,16497.38,16446.84,16452.84,131.5923
2020-03-04 05:00:00,16519.34,16519.35,16477.49,16506.38,40.2937
2020-03-04 06:00:00,16437.36,16439.36,16419.34,16423.5,130.9792
2020-03-04 07:00:00,16572.69,16602.85,16534.57,16577.4,17.7259
2020-03-04 08:00:00,16702.22,16720.35,16655.23,16680.26,426.3556
2020-03-04 09:00:00,16681.82,16744.14,16656.33,16730.48,162.6625
2020-03-04 10:00:00,16692.77,16761.44,16678.29,16713.21,34.1296
2020-03-04 11:00:00,16619.47,16637.09,16588.98,16634.7,134.9092
2020-03-04 12:00:00,16591.79,16649.32,16586.7,16605.41,14.5951
2020-03-04 13:00:00,16703.08,16711.61,16651.75,16697.46,105.9692
2020-03-04 14:00:00,16861.36,16889.23,16817.08,16856.47,6.1489
2020-03-04 15:00:00,16994.92,16995.78,16943.54,16988.23,40.5546
2020-03-04 16:00:00,16958.5,17008.33,16928.0,16948.4,383.7962
2020-03-04 17:00:00,16839.2,16881.43,16832.48,16855.22,12.888
2020-03-04 18:00:00,16848.23,16904.17,16814.33,16868.78,90.9871
2020-03-04 19:00:00,16727.93,16746.38,16703.7,16721.31,7.3222
2020-03-04 20:00:00,16739.44,16757.58,16708.41,16750.0,110.685
2020-03-04 21:00:00,16713.02,16795.09,16707.58,16739.31,32.6648
2020-03-04 22:00:00,16718.2,16729.45,16694.83,16701.98,37.1028
2020-03-04 23:00:00,16593.59,16652.05,16554.99,16570.47,41.2191
2020-03-05 00:00:00,16640.56,16674.62,16607.49,16614.68,22.961
2020-03-05 01:00:00,16575.19,16605.27,16532.2,16572.09,284.1422
2020-03-05 02:00:00,16487.12,16503.77,16420.07,16476.81,236.2673
2020-03-05 03:00:00,16264.08,16286.06,16172.36,16241.83,204.0338
2020-03-05 04:00:00,16230.8,16246.75,16227.42,16241.22,11.2548
2020-03-05 05:00:00,16404.96,16421.81,16381.05,16386.76,26.5849
2020-03-05 06:00:00,16529.06,16563.14,16498.67,16524.51,94.7332
2020-03-05 07:00:00,16503.46,16514.65,16458.8,16488.4,351.9002
2020-03-05 08:00:00,16443.46,16466.42,16422.86,16440.4,92.8407
2020-03-05 09:00:00,16501.94,16503.39,16388.74,16480.58,39.6161
2020-03-05 10:00:00,16403.62,16451.22,16381.36,16399.96,170.048
2020-03-05 11:00:00,16401.97,16451.5,16392.74,16426.34,14.5524
2020-03-05 12:00:00,16514.85,16536.61,16485.3,16490.91,213.4886
2020-03-05 13:00:00,16578.0,16647.12,16571.4,16593.72,367.6034
2020-03-05 14:00:00,16607.86,16617.33,16565.68,16587.07,343.1223
2020-03-05 15:00:00,16570.34,16607.11,16545.77,16571.84,15.9813
2020-03-05 16:00:00,16520.15,16526.2,16490.91,16500.75,79.7636
2020-03-05 17:00:00,16452.82,16475.64,16380.09,16434.18,87.9282
2020-03-05 18:00:00,16424.27,16436.67,16352.93,16417.21,21.6812
2020-03-05 19:00:00,16457.37,16492.3,16445.78,16449.01,79.1372
2020-03-05 20:00:00,16532.77,16548.49,16522.0,16525.79,103.9978
2020-03-05 21:00:00,16427.93,16494.23,16399.03,16461.08,39.8929
2020-03-05 22:00:00,16587.54,16640.64,16577.1,16585.58,37.9331
2020-03-05 23:00:00,16546.27,16566.67,16506.77,16564.75,6.2129
2020-03-06 00:00:00,16567.48,16599.51,16500.38,16564.64,314.2507
2020-03-06 01:00:00,16485.55,16554.13,16456.2,16504.41,162.7683
2020-03-06 02:00:00,16286.68,16356.49,16272.92,16306.01,142.4824
2020-03-06 03:00:00,16406.0,16417.53,16332.49,16379.71,2.202
2020-03-06 04:00:00,16459.28,16493.33,16439.92,16441.7,97.8989
2020-03-06 05:00:00,16420.15,16426.53,16380.29,16420.21,19.9218
2020-03-06 06:00:00,16430.39,16460.31,16398.45,16427.36,108.3874
2020-03-06 07:00:00,16467.29,16522.44,16439.34,16471.38,97.0629
2020-03-06 08:00:00,16353.65,16384.68,16331.07,16344.34,191.0039
2020-03-06 09:00:00,16291.72,16357.8,16255.19,16302.74,29.4954
2020-03-06 10:00:00,16385.38,16387.29,16329.86,16369.11,2.7846
2020-03-06 11:00:00,16263.97,16297.25,16258.37,16268.09,245.4698
2020-03-06 12:00:00,16286.75,16334.69,16280.79,16293.59,239.2904
2020-03-06 13:00:00,16185.06,16193.4,16158.89,16184.71,60.8548
2020-03-06 14:00:00,16214.48,16251.5,16159.03,16224.07,8.1306
2020-03-06 15:00:00,16228.13,16228.22,16164.78,16222.8,68.9093
2020-03-06 16:00:00,16084.77,16145.26,16010.05,16093.41,74.2367
2020-03-06 17:00:00,16196.33,16208.84,16129.31,16188.75,172.4431
2020-03-06 18:00:00,16150.52,16152.28,16072.95,16130.9,126.2667
2020-03-06 19:00:00,16055.61,16072.2,16055.08,16067.17,7.3436
2020-03-06 20:00:00,16082.79,16102.48,16046.57,16084.89,122.1925
2020-03-06 21:00:00,16186.34,16189.15,16156.78,16178.87,14.5881
2020-03-06 22:00:00,16091.3,16114.73,16066.42,16098.32,9.3731
2020-03-06 23:00:00,16112.37,16189.41,16061.97,16104.89,50.8507
2020-03-07 00:00:00,16150.0,16153.63,16123.83,16141.03,8.052
2020-03-07 01:00:00,16216.13,16265.14,16170.2,16198.58,176.7666
2020-03-07 02:00:00,16204.67,16226.1,16178.19,16214.49,62.1998
2020-03-07 03:00:00,16171.1,16189.58,16161.97,16186.36,88.4317
2020-03-07 04:00:00,16116.04,16125.79,16070.12,16121.0,86.0063
2020-03-07 05:00:00,16113.95,16168.97,16036.84,16129.56,382.1716
2020-03-07 06:00:00,16053.76,16063.58,16033.75,16044.7,247.4353
2020-03-07 07:00:00,15793.58,15874.94,15785.31,15811.95,189.1324
2020-03-07 08:00:00,15885.02,15912.42,15791.24,15848.04,48.3323
2020-03-07 09:00:00,15941.89,15945.39,15904.39,15921.25,15.677
2020-03-07 10:00:00,15734.94,15772.51,15701.87,15734.74,89.6162
2020-03-07 11:00:00,15670.46,15715.29,15634.82,15656.88,58.0383
2020-03-07 12:00:00,15681.2,15714.34,15634.65,15706.91,25.5572
2020-03-07 13:00:00,15910.11,15915.07,15834.17,15870.07,10.2799
2020-03-07 14:00:00,15863.94,15904.55,15849.83,15873.3,57.2866
2020-03-07 15:00:00,15815.21,15859.17,15813.03,15817.11,105.2304
2020-03-07 16:00:00,15774.9,15817.02,15771.79,15804.23,98.1869
2020-03-07 17:00:00,15922.19,15948.56,15881.73,15914.45,148.6873
2020-03-07 18:00:00,15847.09,15870.1,15837.76,15864.65,62.8399
2020-03-07 19:00:00,15804.44,15818.95,15782.43,15802.84,38.8077
2020-03-07 20:00:00,15757.69,15780.0,15735.87,15766.27,77.3708
2020-03-07 21:00:00,15675.79,15709.97,15615.67,15692.7,368.9122
2020-03-07 22:00:00,15691.26,15731.88,15671.74,15703.89,4.6139
2020-03-07 23:00:00,15836.61,15847.64,15798.17,15833.03,75.2188
2020-03-08 00:00:00,15839.87,15865.64,15832.75,15860.19,39.938
2020-03-08 01:00:00,15829.9,15900.51,15801.8,15841.77,11.1323
2020-03-08 02:00:00,15830.73,15878.99,15809.63,15820.24,57.0347
2020-03-08 03:00:00,15739.02,15792.4,15695.32,15698.17,102.489
2020-03-08 04:00:00,15776.59,15785.73,15713.79,15769.05,75.1127
2020-03-08 05:00:00,15750.03,15782.49,15740.85,15764.49,2.9611
2020-03-08 06:00:00,15746.06,15762.1,15735.02,15751.84,86.5401
2020-03-08 07:00:00,16005.41,16027.9,15945.05,16004.91,26.3969
2020-03-08 08:00:00,16024.81,16045.95,16002.7,16030.41,41.7755
2020-03-08 09:00:00,15986.18,16019.5,15949.08,15971.76,37.4264
2020-03-08 10:00:00,15942.77,15957.86,15934.62,15939.31,195.555
2020-03-08 11:00:00,16046.98,16064.38,16022.33,16032.43,4.8742
2020-03-08 12:00:00,16038.07,16158.99,16023.77,16043.11,42.7706
2020-03-08 13:00:00,15950.46,15988.69,15925.59,15929.34,50.2223
2020-03-08 14:00:00,16001.49,16034.03,16000.18,16004.15,96.4521
2020-03-08 15:00:00,15936.79,15963.55,15899.31,15952.29,155.5731
2020-03-08 16:00:00,16138.36,16158.54,16054.34,16103.3,130.0723
2020-03-08 17:00:00,16162.32,16200.93,16141.29,16191.87,139.6838
2020-03-08 18:00:00,16145.34,16192.22,16104.28,16157.27,21.3672
2020-03-08 19:00:00,16252.18,16294.6,16224.42,16262.38,242.7437
2020-03-08 20:00:00,16310.33,16345.18,16253.43,16269.52,53.4689
2020-03-08 21:00:00,16370.05,16387.71,16292.97,16340.52,1.1171
2020-03-08 22:00:00,16406.23,16416.71,16338.89,16381.76,110.291
2020-03-08 23:00:00,16308.68,16339.21,16286.35,16314.07,92.6348
2020-03-09 00:00:00,16302.67,16338.25,16236.51,16263.21,13.4626
2020-03-09 01:00:00,16354.61,16401.64,16338.73,16348.59,321.5571
2020-03-09 02:00:00,16338.81,16350.48,16300.47,16322.86,82.4542
2020-03-09 03:00:00,16294.47,16338.91,16255.21,16291.55,63.3491
2020-03-09 04:00:00,16214.57,16257.33,16198.27,16215.37,50.7701
2020-03-09 05:00:00,16247.25,16263.09,16228.17,16251.34,23.5534
2020-03-09 06:00:00,16417.12,16444.63,16405.72,16420.56,305.3633
2020-03-09 07:00:00,16344.49,16363.94,16328.01,16334.55,121.1194
2020-03-09 08:00:00,16344.16,16381.16,16283.23,16338.16,83.8413
2020-03-09 09:00:00,16454.65,16504.21,16431.2,16455.16,99.7501
2020-03-09 10:00:00,16475.09,16482.46,16447.62,16450.26,183.5213
2020-03-09 11:00:00,16440.19,16536.13,16404.74,16489.11,100.9833
2020-03-09 12:00:00,16411.53,16455.28,16379.48,16403.17,12.1705
2020-03-09 13:00:00,16451.74,16463.55,16404.19,16439.94,119.4997
2020-03-09 14:00:00,16445.04,16522.27,16418.16,16426.2,83.2109
2020-03-09 15:00:00,16507.73,16528.92,16493.69,16508.8,339.1567
2020-03-09 16:00:00,16611.92,16646.56,16585.64,16608.46,132.3204
2020-03-09 17:00:00,16841.76,16843.25,16799.81,16825.17,42.1599
2020-03-09 18:00:00,16900.78,16927.17,16858.47,16875.61,14.5486
2020-03-09 19:00:00,16899.71,16934.38,16895.89,16904.79,65.8322
2020-03-09 20:00:00,16927.43,16933.58,16920.95,16922.91,113.7418
2020-03-09 21:00:00,16923.08,16930.24,16852.77,16894.72,19.5134
2020-03-09 22:00:00,16889.05,16984.87,16883.88,16925.0,104.8236
2020-03-09 23:00:00,16890.03,16936.37,16883.79,16901.7,174.6471
2020-03-10 00:00:00,16942.42,16953.21,16914.18,16917.62,17.0848
2020-03-10 01:00:00,17049.37,17074.17,17017.14,17030.77,122.3447
2020-03-10 02:00:00,16955.61,16956.16,16923.22,16946.76,7.0699
2020-03-10 03:00:00,17037.39,17047.5,16999.98,17045.04,0.7982
2020-03-10 04:00:00,17143.86,17192.86,17136.43,17159.0,3.3179
2020-03-10 05:00:00,17140.44,17151.38,17122.76,17150.58,99.8327
2020-03-10 06:00:00,16996.61,17041.45,16961.23,16970.34,362.5418
2020-03-10 07:00:00,16909.83,16925.73,16877.38,16920.46,147.566
2020-03-10 08:00:00,17033.61,17084.96,17028.81,17031.88,29.3578
2020-03-10 09:00:00,17018.8,17074.27,16952.26,17031.64,7.4388
2020-03-10 10:00:00,16962.53,16982.5,16919.79,16948.25,95.8818
2020-03-10 11:00:00,16898.06,16914.75,16894.1,16907.16,0.3234
2020-03-10 12:00:00,16978.26,16982.45,16918.17,16979.92,157.3037
2020-03-10 13:00:00,16999.37,17048.9,16990.79,17028.03,27.8551
2020-03-10 14:00:00,16981.95,17026.52,16938.87,17009.39,35.5557
2020-03-10 15:00:00,16980.03,16990.25,16954.32,16979.9,42.1562
2020-03-10 16:00:00,16925.88,16954.66,16924.66,16948.33,144.2031
2020-03-10 17:00:00,16907.38,16936.16,16840.69,16871.86,30.8895
2020-03-10 18:00:00,16974.76,17041.18,16947.23,17009.82,33.4733
2020-03-10 19:00:00,16970.52,16991.62,16954.96,16984.11,77.8688
2020-03-10 20:00:00,17089.46,17110.23,17081.11,17089.17,62.1758
2020-03-10 21:00:00,17214.58,17261.98,17171.7,17220.87,311.3833
2020-03-10 22:00:00,17289.44,17368.57,17260.31,17308.55,30.5706
2020-03-10 23:00:00,17256.38,17317.06,17226.79,17272.93,9.6391
2020-03-11 00:00:00,17292.38,17375.64,17266.56,17309.52,77.8665
2020-03-11 01:00:00,17304.2,17336.92,17246.02,17309.16,20.3978
2020-03-11 02:00:00,17266.32,17282.81,17231.05,17232.68,53.3799
2020-03-11 03:00:00,17263.7,17309.26,17253.71,17262.35,20.7268
2020-03-11 04:00:00,17182.61,17187.14,17126.77,17162.31,212.8379
2020-03-11 05:00:00,17274.7,17289.44,17257.91,17265.94,39.6678
2020-03-11 06:00:00,17246.75,17253.12,17209.12,17227.56,149.1066
2020-03-11 07:00:00,17198.32,17265.2,17180.25,17246.61,296.8183
2020-03-11 08:00:00,17267.51,17296.72,17224.99,17272.76,282.2629
2020-03-11 09:00:00,17274.68,17352.22,17240.9,17252.13,74.4022
2020-03-11 10:00:00,17294.57,17338.46,17267.69,17304.47,408.9662
2020-03-11 11:00:00,17295.54,17329.29,17238.35,17265.11,106.6931
2020-03-11 12:00:00,17367.78,17454.75,17327.11,17342.05,13.7527
2020-03-11 13:00:00,17218.99,17303.12,17189.35,17227.07,219.2628
2020-03-11 14:00:00,17231.01,17265.57,17194.59,17239.68,63.2408
2020-03-11 15:00:00,17390.89,17477.08,17386.14,17408.54,16.5694
2020-03-11 16:00:00,17312.3,17384.06,17307.57,17323.21,156.7441
2020-03-11 17:00:00,17244.95,17283.08,17194.14,17266.23,97.9239
2020-03-11 18:00:00,17319.75,17352.73,17308.06,17312.33,213.8096
2020-03-11 19:00:00,17304.37,17356.65,17283.13,17329.6,175.6329
2020-03-11 20:00:00,17372.2,17391.42,17334.62,17361.72,38.5825
2020-03-11 21:00:00,17416.85,17427.32,17404.47,17405.92,29.6137
2020-03-11 22:00:00,17433.89,17470.09,17429.01,17462.9,132.3615
2020-03-11 23:00:00,17588.76,17650.11,17556.6,17561.54,85.1704
2020-03-12 00:00:00,17608.32,17672.24,17598.51,17599.28,7.2436
2020-03-12 01:00:00,17592.99,17614.01,17575.37,17579.81,20.045
2020-03-12 02:00:00,17627.3,17678.02,17610.35,17640.69,16.4112
2020-03-12 03:00:00,17821.11,17833.76,17768.38,17810.03,89.1103
2020-03-12 04:00:00,17820.05,17870.4,17719.34,17800.0,8.9665
2020-03-12 05:00:00,17713.3,17739.71,17673.84,17715.04,23.2816
2020-03-12 06:00:00,17850.54,17933.94,17753.92,17814.88,78.8286
2020-03-12 07:00:00,17806.72,17819.46,17794.94,17805.93,14.2782
2020-03-12 08:00:00,17634.38,17669.64,17531.3,17614.28,28.538
2020-03-12 09:00:00,17695.86,17703.37,17689.17,17690.68,237.2911
2020-03-12 10:00:00,17655.43,17674.49,17638.74,17645.1,119.441
2020-03-12 11:00:00,17609.39,17639.83,17598.47,17638.87,36.6554
2020-03-12 12:00:00,17676.47,17685.88,17646.33,17669.92,209.8462
2020-03-12 13:00:00,17675.51,17741.34,17662.71,17688.51,28.8062
2020-03-12 14:00:00,17738.0,17788.65,17714.02,17753.03,88.9363
2020-03-12 15:00:00,17747.05,17772.17,17712.1,17716.15,45.9648
2020-03-12 16:00:00,17759.57,17776.89,17719.85,17763.37,139.4929
2020-03-12 17:00:00,17724.29,17743.01,17720.08,17742.09,46.4558
2020-03-12 18:00:00,17803.01,17817.78,17788.08,17809.41,28.6165
2020-03-12 19:00:00,17842.75,17877.17,17837.88,17865.99,93.574
2020-03-12 20:00:00,17809.71,17850.55,17758.96,17784.21,136.7828
2020-03-12 21:00:00,17870.11,17921.85,17862.45,17882.56,76.8655
2020-03-12 22:00:00,17845.86,17866.22,17836.11,17836.42,125.9797
2020-03-12 23:00:00,17934.56,17961.64,17907.46,17910.27,54.8209
2020-03-13 00:00:00,17935.98,17980.33,17926.14,17944.95,158.6924
2020-03-13 01:00:00,18121.31,18172.52,18105.37,18111.68,87.9536
2020-03-13 02:00:00,18074.61,18102.47,18046.18,18093.25,21.8467
2020-03-13 03:00:00,18107.64,18169.79,18060.49,18063.46,221.4132
2020-03-13 04:00:00,18080.43,18084.01,18057.05,18063.51,181.2926
2020-03-13 05:00:00,18034.46,18055.38,17997.5,18037.94,332.1801
2020-03-13 06:00:00,18097.89,18140.15,18056.24,18111.89,84.1667
2020-03-13 07:00:00,17965.28,18004.17,17915.98,17967.32,112.6213
2020-03-13 08:00:00,17868.39,17940.02,17846.33,17874.46,199.2011
2020-03-13 09:00:00,17815.54,17833.34,17751.74,17780.82,5.4025
2020-03-13 10:00:00,17845.19,17885.65,17797.15,17867.08,243.2747
2020-03-13 11:00:00,18024.12,18084.03,18000.8,18021.69,31.6306
2020-03-13 12:00:00,18013.75,18042.7,17981.47,18014.08,5.8735
2020-03-13 13:00:00,17998.56,18018.9,17964.37,18000.67,27.1293
2020-03-13 14:00:00,18006.82,18067.28,17998.31,18008.78,88.2759
2020-03-13 15:00:00,18113.1,18126.48,18106.35,18115.2,4.903
2020-03-13 16:00:00,18048.76,18084.41,18012.44,18033.01,0.0765
2020-03-13 17:00:00,18067.31,18091.96,18020.62,18056.31,101.9882
2020-03-13 18:00:00,18153.76,18172.09,18104.17,18146.16,60.4015
2020-03-13 19:00:00,18138.24,18234.15,18064.62,18193.44,186.0019
2020-03-13 20:00:00,18217.96,18264.97,18164.29,18212.5,29.7796
2020-03-13 21:00:00,18275.17,18354.09,18255.06,18305.48,32.9487
2020-03-13 22:00:00,18071.56,18078.64,18037.43,18059.89,8.0718
2020-03-13 23:00:00,18149.63,18163.89,18091.58,18122.91,77.3299
2020-03-14 00:00:00,18048.72,18131.05,18010.9,18065.45,45.5556
2020-03-14 01:00:00,17897.22,17926.82,17893.1,17901.9,41.5073
2020-03-14 02:00:00,17938.69,18008.81,17930.14,17949.45,61.1812
2020-03-14 03:00:00,18096.86,18119.92,18065.99,18074.53,189.5038
2020-03-14 04:00:00,18065.63,18069.85,18033.58,18063.91,11.1142
2020-03-14 05:00:00,18183.16,18198.95,18133.77,18151.78,74.1484
2020-03-14 06:00:00,18307.5,18370.64,18295.29,18299.93,21.8697
2020-03-14 07:00:00,18426.54,18433.9,18395.3,18422.07,23.8754
2020-03-14 08:00:00,18576.24,18583.5,18564.89,18574.97,29.6703
2020-03-14 09:00:00,18661.01,18667.7,18622.85,18645.75,61.5079
2020-03-14 10:00:00,18622.24,18707.82,18584.99,18654.65,68.201
2020-03-14 11:00:00,18508.68,18562.23,18449.26,18507.1,205.1914
2020-03-14 12:00:00,18484.88,18516.05,18473.89,18486.18,222.6663
2020-03-14 13:00:00,18423.44,18460.76,18376.2,18410.08,88.3495
2020-03-14 14:00:00,18608.27,18624.24,18600.37,18611.76,33.0456
2020-03-14 15:00:00,18577.94,18616.95,18543.14,18597.26,170.6153
2020-03-14 16:00:00,18610.71,18631.07,18594.73,18610.57,157.4467
2020-03-14 17:00:00,18643.54,18668.89,18640.35,18663.75,159.9257
2020-03-14 18:00:00,18633.74,18733.24,18567.15,18669.68,1.6503
2020-03-14 19:00:00,18843.47,18849.17,18806.22,18829.78,140.187
2020-03-14 20:00:00,18783.91,18813.45,18769.81,18773.04,191.5416
2020-03-14 21:00:00,18801.97,18802.92,18755.58,18793.19,92.8953
2020-03-14 22:00:00,18749.7,18815.51,18702.52,18725.3,139.1284
2020-03-14 23:00:00,18591.21,18622.29,18586.75,18603.58,149.6869
2020-03-15 00:00:00,18521.99,18592.35,18508.81,18548.54,70.6401
2020-03-15 01:00:00,18545.66,18565.54,18489.17,18546.96,167.9972
2020-03-15 02:00:00,18502.57,18513.77,18422.27,18509.0,157.1617
2020-03-15 03:00:00,18431.23,18472.16,18418.73,18446.77,247.8182
2020-03-15 04:00:00,18317.44,18355.8,18279.26,18318.91,254.3048
2020-03-15 05:00:00,18301.93,18351.43,18276.06,18313.13,75.4415
2020-03-15 06:00:00,18143.8,18211.74,18122.48,18177.18,3.2
2020-03-15 07:00:00,18240.02,18259.87,18225.93,18248.07,1.9292
2020-03-15 08:00:00,18236.67,18282.41,18211.7,18257.42,279.5681
2020-03-15 09:00:00,18130.39,18176.08,18087.22,18126.19,41.1525
2020-03-15 10:00:00,18088.1,18121.96,18032.03,18099.98,47.4065
2020-03-15 11:00:00,18053.77,18075.17,17999.89,18033.72,63.4705
2020-03-15 12:00:00,18093.27,18127.35,18040.4,18064.3,30.8972
2020-03-15 13:00:00,18199.54,18218.76,18176.49,18187.18,89.2609
2020-03-15 14:00:00,17990.53,18051.05,17960.69,18018.48,153.5353
2020-03-15 15:00:00,18057.78,18106.13,17925.44,18030.64,29.7519
2020-03-15 16:00:00,18046.4,18057.43,18002.12,18018.01,135.8918
2020-03-15 17:00:00,18080.63,18123.57,18074.5,18080.29,111.48
2020-03-15 18:00:00,18125.32,18168.13,18033.09,18101.37,74.567
2020-03-15 19:00:00,18025.18,18101.43,18010.53,18035.13,39.3698
2020-03-15 20:00:00,17974.55,18024.68,17953.31,18008.16,206.1794
2020-03-15 21:00:00,17924.65,17952.07,17858.19,17938.28,51.5497
2020-03-15 22:00:00,18067.78,18096.24,17993.78,18036.59,46.9465
2020-03-15 23:00:00,18013.41,18040.92,17939.04,18040.31,102.5466
2020-03-16 00:00:00,18213.6,18231.47,18206.81,18213.61,252.9883
2020-03-16 01:00:00,18210.53,18214.75,18174.37,18209.9,70.9313
2020-03-16 02:00:00,18137.92,18184.93,18097.04,18147.22,128.2622
2020-03-16 03:00:00,18003.7,18048.63,17989.52,18011.69,61.0431
2020-03-16 04:00:00,17852.39,17880.45,17814.79,17851.1,24.6934
2020-03-16 05:00:00,17701.54,17751.88,17626.74,17711.5,13.2335
2020-03-16 06:00:00,17711.7,17765.94,17703.53,17736.92,14.656
2020-03-16 07:00:00,17787.64,17808.06,17674.24,17783.81,2.1556
2020-03-16 08:00:00,17663.93,17724.83,17583.37,17644.99,80.4978
2020-03-16 09:00:00,17741.14,17771.47,17706.37,17725.72,14.0534
2020-03-16 10:00:00,17670.36,17710.91,17646.85,17684.68,200.7667
2020-03-16 11:00:00,17677.28,17712.67,17675.82,17699.43,406.8532
2020-03-16 12:00:00,17838.81,17850.55,17838.07,17843.88,68.4919
2020-03-16 13:00:00,17953.78,17974.85,17920.88,17925.68,59.7244
2020-03-16 14:00:00,17914.96,17930.92,17897.15,17903.4,42.7822
2020-03-16 15:00:00,17837.96,17839.74,17813.55,17825.42,101.6186
2020-03-16 16:00:00,17651.11,17666.1,17601.59,17635.41,93.6563
2020-03-16 17:00:00,17581.16,17595.65,17548.29,17573.76,42.0653
2020-03-16 18:00:00,17559.09,17563.24,17555.67,17556.97,42.0325
2020-03-16 19:00:00,17483.64,17546.77,17471.32,17472.07,103.5085
2020-03-16 20:00:00,17452.81,17482.83,17415.04,17462.35,80.8662
2020-03-16 21:00:00,17446.09,17503.07,17408.35,17470.8,126.782
2020-03-16 22:00:00,17465.53,17482.21,17427.61,17452.91,283.689
2020-03-16 23:00:00,17419.46,17421.14,17368.02,17397.93,151.2273
2020-03-17 00:00:00,17394.87,17459.6,17387.62,17414.34,36.2902
2020-03-17 01:00:00,17468.91,17518.21,17384.41,17454.56,142.3466
2020-03-17 02:00:00,17390.33,17404.1,17355.57,17361.15,59.7882
2020-03-17 03:00:00,17485.32,17518.01,17471.48,17485.36,150.3531
2020-03-17 04:00:00,17464.19,17515.6,17442.92,17478.49,217.6581
2020-03-17 05:00:00,17484.03,17492.86,17470.94,17481.88,28.7601
2020-03-17 06:00:00,17535.88,17626.38,17482.87,17545.54,27.2656
2020-03-17 07:00:00,17556.92,17586.69,17552.94,17567.75,56.6735
2020-03-17 08:00:00,17660.88,17717.18,17650.73,17653.23,5.2909
2020-03-17 09:00:00,17651.98,17706.01,17651.71,17680.34,115.7363
2020-03-17 10:00:00,17602.51,17649.96,17512.9,17627.97,138.5099
2020-03-17 11:00:00,17661.93,17690.97,17660.19,17661.59,42.3777
2020-03-17 12:00:00,17561.97,17575.98,17532.81,17562.36,62.6022
2020-03-17 13:00:00,17579.68,17592.67,17550.61,17573.65,89.2468
2020-03-17 14:00:00,17605.44,17629.45,17545.05,17572.48,7.6447
2020-03-17 15:00:00,17557.79,17596.13,17505.8,17555.96,124.2359
2020-03-17 16:00:00,17556.92,17575.33,17530.62,17546.43,74.8029
2020-03-17 17:00:00,17366.13,17451.02,17340.99,17383.08,97.8864
2020-03-17 18:00:00,17350.44,17387.13,17272.68,17337.13,128.6741
2020-03-17 19:00:00,17337.78,17352.4,17303.8,17346.91,112.5651
2020-03-17 20:00:00,17363.75,17368.87,17361.56,17362.51,10.0176
2020-03-17 21:00:00,17273.15,17304.8,17224.96,17275.03,152.598
2020-03-17 22:00:00,17404.05,17405.55,17354.33,17386.09,94.1728
2020-03-17 23:00:00,17289.85,17314.28,17279.69,17312.53,125.4848
2020-03-18 00:00:00,17358.45,17406.45,17324.7,17398.18,30.3137
2020-03-18 01:00:00,17433.36,17445.97,17420.92,17437.08,25.0293
2020-03-18 02:00:00,17390.63,17393.65,17331.5,17382.48,174.923
2020-03-18 03:00:00,17541.19,17580.68,17537.78,17538.52,49.4935
2020-03-18 04:00:00,17457.08,17460.01,17383.08,17435.6,85.6482
2020-03-18 05:00:00,17525.13,17526.19,17489.74,17517.47,80.2059
2020-03-18 06:00:00,17596.93,17608.04,17568.57,17606.86,87.9879
2020-03-18 07:00:00,17508.77,17595.14,17477.96,17549.58,7.204
2020-03-18 08:00:00,17669.33,17712.69,17664.19,17673.53,36.0215
2020-03-18 09:00:00,17671.34,17734.11,17648.39,17653.2,6.8793
2020-03-18 10:00:00,17673.51,17722.04,17642.69,17680.44,65.4236
2020-03-18 11:00:00,17705.73,17728.89,17661.14,17705.23,232.3795
2020-03-18 12:00:00,17702.56,17728.93,17673.89,17695.11,49.2947
2020-03-18 13:00:00,17750.57,17805.23,17703.82,17768.61,152.5325
2020-03-18 14:00:00,17852.0,17902.11,17813.15,17840.88,33.8619
2020-03-18 15:00:00,17715.65,17754.36,17649.1,17686.69,193.9789
2020-03-18 16:00:00,17800.73,17813.7,17776.89,17803.81,54.3871
2020-03-18 17:00:00,17637.66,17740.39,17594.65,17657.6,43.8842
2020-03-18 18:00:00,17749.34,17794.77,17693.46,17750.52,119.5607
2020-03-18 19:00:00,17812.59,17861.15,17773.41,17852.3,71.8993
2020-03-18 20:00:00,17762.68,17848.62,17705.61,17756.7,41.1463
2020-03-18 21:00:00,17730.02,17732.91,17709.74,17722.0,5.9848
2020-03-18 22:00:00,17655.33,17668.12,17618.9,17625.8,18.2289
2020-03-18 23:00:00,17605.2,17622.1,17594.2,17608.62,147.983
2020-03-19 00:00:00,17590.44,17620.37,17562.03,17583.26,253.4917
2020-03-19 01:00:00,17638.36,17659.18,17545.77,17653.56,18.4931
2020-03-19 02:00:00,17764.65,17804.48,17743.81,17770.99,84.2671
2020-03-19 03:00:00,17869.48,17963.8,17822.4,17896.78,3.4771
2020-03-19 04:00:00,17844.78,17902.4,17818.33,17848.26,34.3679
2020-03-19 05:00:00,17825.93,17854.84,17769.0,17831.37,59.5636
2020-03-19 06:00:00,17688.36,17691.53,17611.9,17683.07,133.1344
2020-03-19 07:00:00,17602.6,17636.84,17589.01,17613.59,4.511
2020-03-19 08:00:00,17701.79,17702.53,17690.17,17700.32,151.9737
2020-03-19 09:00:00,17839.12,17903.58,17804.99,17845.07,22.6459
2020-03-19 10:00:00,17730.84,17767.53,17692.7,17736.72,142.5167
2020-03-19 11:00:00,17687.37,17694.58,17675.41,17685.95,98.2086
2020-03-19 12:00:00,17686.1,17718.78,17633.81,17685.39,41.4873
2020-03-19 13:00:00,17725.41,17744.75,17692.51,17711.93,128.6454
2020-03-19 14:00:00,17639.87,17655.98,17561.98,17642.0,26.961
2020-03-19 15:00:00,17674.98,17715.85,17653.42,17681.17,24.8113
2020-03-19 16:00:00,17637.86,17659.29,17629.77,17641.05,6.3733
2020-03-19 17:00:00,17628.93,17671.83,17620.75,17641.54,49.9354
2020-03-19 18:00:00,17685.12,17697.2,17681.53,17691.49,10.2816
2020-03-19 19:00:00,17729.77,17738.78,17621.5,17693.83,54.3867
2020-03-19 20:00:00,17640.87,17676.35,17619.03,17656.99,0.9852
2020-03-19 21:00:00,17644.16,17672.63,17637.11,17649.08,16.8517
2020-03-19 22:00:00,17636.21,17699.69,17632.82,17643.05,269.3732
2020-03-19 23:00:00,17607.82,17644.29,17585.41,17612.17,158.749
2020-03-20 00:00:00,17585.31,17624.24,17558.69,17591.14,26.9402
2020-03-20 01:00:00,17738.46,17756.46,17724.99,17733.51,126.6884
2020-03-20 02:00:00,17754.6,17840.59,17720.43,17785.02,110.4073
2020-03-20 03:00:00,17778.94,17784.54,17705.52,17760.52,19.4709
2020-03-20 04:00:00,17835.46,17844.09,17775.87,17824.19,46.3717
2020-03-20 05:00:00,17774.1,17805.95,17752.94,17796.22,244.9992
2020-03-20 06:00:00,17861.76,17959.23,17831.4,17902.39,134.2155
2020-03-20 07:00:00,17919.74,17957.91,17892.99,17937.26,142.8572
2020-03-20 08:00:00,17925.08,17937.41,17877.87,17929.43,82.9852
2020-03-20 09:00:00,18017.73,18021.56,17965.12,17971.36,109.5237
2020-03-20 10:00:00,17841.69,17882.25,17823.81,17832.01,71.0779
2020-03-20 11:00:00,17701.27,17781.0,17686.09,17733.33,135.0517
2020-03-20 12:00:00,17617.08,17645.97,17553.52,17629.24,131.9487
2020-03-20 13:00:00,17642.66,17687.11,17580.08,17643.6,3.1577
2020-03-20 14:00:00,17802.72,17809.05,17771.71,17798.21,99.9059
2020-03-20 15:00:00,17974.89,18004.76,17961.35,17998.55,99.3749
2020-03-20 16:00:00,18055.33,18100.34,18041.94,18057.77,6.9693
2020-03-20 17:00:00,18091.8,18122.45,18080.0,18104.8,52.8279
2020-03-20 18:00:00,17923.76,17969.96,17897.21,17943.57,229.0549
2020-03-20 19:00:00,17901.32,17937.03,17875.8,17896.68,306.6988
2020-03-20 20:00:00,17841.77,17849.21,17751.01,17827.97,152.4228
2020-03-20 21:00:00,17789.36,17801.13,17769.88,17774.41,16.4251
2020-03-20 22:00:00,17771.45,17803.19,17760.29,17761.25,46.9556
2020-03-20 23:00:00,17712.28,17724.25,17705.86,17721.1,20.157
2020-03-21 00:00:00,17560.03,17573.69,17528.09,17547.49,105.5944
2020-03-21 01:00:00,17620.31,17643.64,17613.74,17614.87,148.3442
2020-03-21 02:00:00,17524.5,17551.94,17521.69,17522.15,215.2147
2020-03-21 03:00:00,17534.13,17558.37,17533.5,17544.86,197.0756
2020-03-21 04:00:00,17719.75,17776.41,17714.98,17728.56,10.4483
2020-03-21 05:00:00,17650.14,17683.91,17627.35,17648.84,13.4302
2020-03-21 06:00:00,17469.84,17485.56,17412.75,17427.32,240.4306
2020-03-21 07:00:00,17409.38,17438.27,17394.22,17404.14,185.6518
2020-03-21 08:00:00,17490.99,17537.44,17469.52,17501.69,61.6887
2020-03-21 09:00:00,17660.1,17710.58,17656.19,17674.81,56.221
2020-03-21 10:00:00,17559.28,17580.37,17545.7,17567.92,80.4749
2020-03-21 11:00:00,17651.65,17729.66,17558.18,17613.3,90.7916
2020-03-21 12:00:00,17567.07,17612.98,17563.48,17574.09,29.332
2020-03-21 13:00:00,17582.47,17607.32,17544.65,17566.54,51.7081
2020-03-21 14:00:00,17793.86,17823.71,17768.95,17800.55,96.6776
2020-03-21 15:00:00,17673.18,17707.96,17596.99,17668.56,23.1009
2020-03-21 16:00:00,17706.75,17742.01,17672.68,17692.75,675.3523
2020-03-21 17:00:00,17725.75,17742.79,17649.97,17735.89,33.2595
2020-03-21 18:00:00,17822.52,17847.62,17814.07,17833.95,80.3889
2020-03-21 19:00:00,17874.07,17888.38,17792.06,17844.47,80.7794
2020-03-21 20:00:00,17891.34,17907.97,17841.38,17873.74,60.0541
2020-03-21 21:00:00,17854.63,17898.61,17765.38,17840.53,27.647
2020-03-21 22:00:00,17880.38,17895.47,17812.71,17866.32,83.3221
2020-03-21 23:00:00,17845.64,17847.59,17820.49,17837.45,9.5426
2020-03-22 00:00:00,17930.77,17960.2,17894.1,17894.67,48.927
2020-03-22 01:00:00,17864.17,17928.02,17835.22,17863.38,25.3928
2020-03-22 02:00:00,17909.18,17937.09,17880.12,17898.85,13.2592
2020-03-22 03:00:00,17872.06,17898.94,17845.23,17898.02,259.6727
2020-03-22 04:00:00,17985.73,18002.3,17953.34,18000.58,120.3783
2020-03-22 05:00:00,17976.15,18033.28,17913.37,17997.76,18.492
2020-03-22 06:00:00,17862.73,17869.36,17789.54,17840.01,298.3722
2020-03-22 07:00:00,17908.52,17993.73,17866.58,17954.35,24.3336
2020-03-22 08:00:00,17867.65,17874.87,17839.71,17874.84,26.8681
2020-03-22 09:00:00,17764.85,17819.24,17740.96,17818.2,14.3028
2020-03-22 10:00:00,17752.14,17774.28,17707.3,17766.91,130.1413
2020-03-22 11:00:00,17882.0,17935.02,17867.52,17890.78,84.6008
2020-03-22 12:00:00,17726.04,17748.2,17689.16,17701.53,6.0017
2020-03-22 13:00:00,17988.15,18033.3,17947.3,17981.01,2.5625
2020-03-22 14:00:00,18062.7,18111.73,18024.65,18077.76,76.0697
2020-03-22 15:00:00,18119.04,18157.06,18088.21,18099.74,105.4207
2020-03-22 16:00:00,18096.91,18103.25,18067.35,18096.59,173.0892
2020-03-22 17:00:00,18124.91,18137.69,18102.25,18124.23,65.0611
2020-03-22 18:00:00,18151.41,18173.31,18072.05,18173.27,112.865
2020-03-22 19:00:00,18215.66,18266.73,18145.05,18233.72,132.2965
2020-03-22 20:00:00,18271.1,18322.97,18236.69,18286.19,94.9467
2020-03-22 21:00:00,18297.06,18327.58,18278.11,18296.21,43.4198
2020-03-22 22:00:00,18281.41,18287.77,18247.12,18279.99,14.1443
2020-03-22 23:00:00,18296.2,18313.7,18267.59,18267.99,104.2814
2020-03-23 00:00:00,18259.04,18280.2,18251.41,18252.01,146.4024
2020-03-23 01:00:00,18307.6,18368.69,18260.88,18357.31,21.0508
2020-03-23 02:00:00,18418.46,18470.04,18319.69,18413.62,68.2933
2020-03-23 03:00:00,18118.44,18179.57,18099.38,18144.75,50.6245
2020-03-23 04:00:00,18188.48,18237.39,18131.61,18206.07,23.0298
2020-03-23 05:00:00,18210.81,18236.62,18204.57,18225.62,28.1452
2020-03-23 06:00:00,18213.64,18285.31,18207.16,18225.73,27.1381
2020-03-23 07:00:00,18167.13,18203.04,18131.77,18192.15,54.2886
2020-03-23 08:00:00,18299.94,18313.18,18276.66,18296.22,49.5054
2020-03-23 09:00:00,18358.79,18399.73,18294.06,18384.73,80.7837
2020-03-23 10:00:00,18322.06,18333.75,18287.13,18315.52,9.7845
2020-03-23 11:00:00,18395.69,18419.97,18338.03,18354.63,87.0482
2020-03-23 12:00:00,18243.01,18277.2,18159.39,18267.3,2.2088
2020-03-23 13:00:00,18137.95,18144.17,18094.53,18143.11,29.7564
2020-03-23 14:00:00,18042.43,18106.52,18013.1,18088.07,69.7432
2020-03-23 15:00:00,18162.41,18213.34,18158.4,18167.88,116.1349
2020-03-23 16:00:00,18268.01,18337.3,18200.38,18256.28,147.5194
2020-03-23 17:00:00,18318.13,18360.87,18239.39,18304.94,3.6209
2020-03-23 18:00:00,18374.55,18395.06,18366.4,18373.13,77.108
2020-03-23 19:00:00,18438.77,18466.86,18393.28,18422.39,43.7632
2020-03-23 20:00:00,18411.9,18480.26,18348.7,18365.14,118.7145
2020-03-23 21:00:00,18438.16,18466.2,18401.26,18406.64,33.3768
2020-03-23 22:00:00,18472.49,18503.78,18461.23,18482.15,136.1499
2020-03-23 23:00:00,18526.77,18568.25,18482.0,18553.7,92.1899
2020-03-24 00:00:00,18658.27,18689.23,18604.67,18665.85,155.9089
2020-03-24 01:00:00,18716.08,18771.09,18634.22,18733.82,416.0097
2020-03-24 02:00:00,18777.08,18787.78,18717.83,18768.61,239.2356
2020-03-24 03:00:00,18848.63,18912.45,18784.62,18870.92,89.9655
2020-03-24 04:00:00,18868.93,18939.12,18837.05,18870.3,224.2075
2020-03-24 05:00:00,18804.73,18851.75,18759.29,18788.98,16.6161
2020-03-24 06:00:00,18773.65,18782.17,18756.17,18775.54,4.3989
2020-03-24 07:00:00,18689.79,18720.72,18664.91,18707.49,76.1711
2020-03-24 08:00:00,18668.11,18718.8,18618.91,18646.2,366.3983
2020-03-24 09:00:00,18599.58,18639.32,18539.63,18634.6,123.6966
2020-03-24 10:00:00,18556.54,18605.46,18531.44,18562.63,36.4048
2020-03-24 11:00:00,18535.13,18538.45,18484.41,18535.9,110.4946
2020-03-24 12:00:00,18362.55,18397.04,18355.3,18362.25,4.0726
2020-03-24 13:00:00,18386.99,18408.77,18335.02,18383.67,63.6048
2020-03-24 14:00:00,18396.85,18426.65,18312.78,18385.62,27.0832
2020-03-24 15:00:00,18311.7,18343.44,18303.0,18312.35,5.045
2020-03-24 16:00:00,18367.78,18388.11,18286.63,18374.54,28.7563
2020-03-24 17:00:00,18454.99,18506.29,18445.44,18462.52,128.1792
2020-03-24 18:00:00,18304.76,18345.3,18258.72,18315.96,80.1153
2020-03-24 19:00:00,18262.32,18319.46,18217.27,18247.95,2.3714
2020-03-24 20:00:00,18167.84,18213.21,18084.98,18179.59,52.7188
2020-03-24 21:00:00,18111.3,18145.14,18036.26,18095.98,139.5017
2020-03-24 22:00:00,18173.18,18190.56,18119.67,18172.84,309.2347
2020-03-24 23:00:00,18147.58,18157.16,18134.37,18157.04,207.4315
2020-03-25 00:00:00,18146.06,18156.75,18069.86,18134.84,0.1521
2020-03-25 01:00:00,17941.9,18030.4,17911.91,17954.96,24.6799
2020-03-25 02:00:00,18025.29,18078.03,17950.68,18013.8,23.2862
2020-03-25 03:00:00,17907.79,17910.88,17893.33,17903.98,53.2892
2020-03-25 04:00:00,17900.46,17937.08,17874.55,17911.14,103.7765
2020-03-25 05:00:00,17947.25,17983.02,17936.54,17937.77,16.6136
2020-03-25 06:00:00,18071.47,18129.52,18041.35,18061.6,247.3121
2020-03-25 07:00:00,17965.98,17986.29,17941.89,17945.21,150.1108
2020-03-25 08:00:00,17693.15,17741.85,17649.78,17676.07,54.3576
2020-03-25 09:00:00,17702.78,17715.25,17682.37,17694.09,87.7054
2020-03-25 10:00:00,17835.02,17893.16,17827.17,17855.15,78.0454
2020-03-25 11:00:00,18011.54,18080.07,17959.05,17967.54,87.2824
2020-03-25 12:00:00,17962.93,18036.37,17951.21,17988.18,196.6936
2020-03-25 13:00:00,17962.79,17967.18,17919.34,17945.76,22.3293
2020-03-25 14:00:00,18027.75,18090.01,18001.05,18019.97,115.1108
2020-03-25 15:00:00,17913.0,17991.43,17887.95,17934.06,11.3205
2020-03-25 16:00:00,17976.33,17993.0,17948.2,17978.57,61.4639
2020-03-25 17:00:00,18024.38,18030.74,17983.37,18025.8,101.0159
2020-03-25 18:00:00,18146.82,18200.33,18113.7,18123.16,1.258
2020-03-25 19:00:00,18361.94,18380.46,18334.29,18375.04,11.4363
2020-03-25 20:00:00,18408.11,18421.02,18378.66,18412.93,9.5704
2020-03-25 21:00:00,18325.01,18372.76,18307.74,18367.92,46.9512
2020-03-25 22:00:00,18399.27,18420.01,18286.56,18367.41,97.2885
2020-03-25 23:00:00,18187.29,18224.71,18179.36,18206.78,551.2757
2020-03-26 00:00:00,18151.29,18159.07,18102.46,18145.35,29.3135
2020-03-26 01:00:00,18108.2,18139.39,18071.45,18110.04,14.6136
2020-03-26 02:00:00,18062.62,18074.41,18062.2,18064.39,53.5738
2020-03-26 03:00:00,18094.6,18098.73,18057.68,18079.96,15.7795
2020-03-26 04:00:00,18037.51,18088.04,17970.21,18007.42,2.4851
2020-03-26 05:00:00,18114.71,18168.98,18109.42,18110.15,83.0019
2020-03-26 06:00:00,18123.85,18147.83,18073.88,18111.98,211.6707
2020-03-26 07:00:00,18118.91,18154.69,18101.09,18112.95,197.2204
2020-03-26 08:00:00,18103.47,18109.83,18054.26,18085.07,10.6237
2020-03-26 09:00:00,18092.53,18147.74,18027.29,18100.91,15.9555
2020-03-26 10:00:00,18196.94,18242.52,18134.8,18177.4,67.5545
2020-03-26 11:00:00,18120.5,18129.73,18094.76,18100.4,45.8417
2020-03-26 12:00:00,18062.18,18110.42,18017.09,18042.65,121.4274
2020-03-26 13:00:00,18005.16,18023.63,17971.43,18017.06,68.308
2020-03-26 14:00:00,17894.6,17922.82,17868.06,17897.61,2.0323
2020-03-26 15:00:00,17830.36,17893.21,17818.76,17826.09,33.4863
2020-03-26 16:00:00,17761.05,17803.22,17746.63,17785.43,231.7616
2020-03-26 17:00:00,17893.46,17939.01,17784.39,17864.96,71.6434
2020-03-26 18:00:00,17889.98,17903.61,17871.98,17890.2,159.9234
2020-03-26 19:00:00,17914.39,17931.3,17883.5,17909.31,51.466
2020-03-26 20:00:00,17976.92,18009.04,17909.36,17987.29,112.999
2020-03-26 21:00:00,17952.89,18007.8,17885.21,17976.74,18.5129
2020-03-26 22:00:00,18002.75,18044.49,17981.11,18013.63,133.3828
2020-03-26 23:00:00,18010.08,18041.97,17997.95,18006.14,154.4498
2020-03-27 00:00:00,18043.97,18091.24,17986.77,18031.83,9.4465
2020-03-27 01:00:00,17984.0,18020.45,17972.19,17981.09,20.2497
2020-03-27 02:00:00,17769.78,17782.02,17735.25,17763.63,62.1551
2020-03-27 03:00:00,17747.49,17828.94,17741.28,17753.48,101.4556
2020-03-27 04:00:00,17890.42,17911.25,17857.28,17881.54,101.4707
2020-03-27 05:00:00,17992.78,17997.29,17948.16,17966.14,110.3232
2020-03-27 06:00:00,18067.39,18102.74,18009.25,18054.66,125.3216
2020-03-27 07:00:00,18182.77,18202.99,18132.81,18168.06,70.4747
2020-03-27 08:00:00,18183.27,18235.44,18145.4,18177.93,85.5326
2020-03-27 09:00:00,18170.33,18239.07,18158.26,18197.68,0.8442
2020-03-27 10:00:00,18124.35,18160.29,18106.11,18143.3,18.2242
2020-03-27 11:00:00,18124.68,18132.58,18079.19,18116.44,69.0279
2020-03-27 12:00:00,18173.83,18187.02,18159.1,18174.03,136.882
2020-03-27 13:00:00,18293.29,18316.87,18223.67,18285.25,165.5089
2020-03-27 14:00:00,18304.96,18364.72,18269.7,18274.33,130.5429
2020-03-27 15:00:00,18248.26,18259.06,18200.54,18235.02,66.6316
2020-03-27 16:00:00,18259.85,18268.73,18150.56,18236.89,33.028
2020-03-27 17:00:00,18295.27,18318.03,18253.17,18293.53,58.8276
2020-03-27 18:00:00,18148.64,18196.65,18115.83,18163.3,0.9338
2020-03-27 19:00:00,17955.54,17961.17,17930.15,17956.58,91.1202
2020-03-27 20:00:00,17894.54,17919.89,17854.15,17908.95,7.7493
2020-03-27 21:00:00,17829.17,17908.25,17761.24,17801.43,15.711
2020-03-27 22:00:00,17772.02,17799.67,17752.99,17757.98,98.3437
2020-03-27 23:00:00,17755.88,17796.33,17713.6,17746.64,1.3439
2020-03-28 00:00:00,17730.08,17754.36,17686.7,17708.19,85.2273
2020-03-28 01:00:00,17802.53,17847.27,17786.85,17838.57,101.7162
2020-03-28 02:00:00,17880.01,17890.13,17843.05,17869.5,155.2467
2020-03-28 03:00:00,17874.67,17898.45,17845.62,17898.13,7.0455
2020-03-28 04:00:00,17955.47,17986.85,17868.24,17955.6,0.2936
2020-03-28 05:00:00,17849.59,17910.62,17846.48,17855.15,145.6107
2020-03-28 06:00:00,17961.59,18008.22,17947.28,17949.71,34.2566
2020-03-28 07:00:00,17948.8,18006.88,17916.09,17944.7,218.2185
2020-03-28 08:00:00,18030.88,18055.52,17993.68,18006.65,20.4529
2020-03-28 09:00:00,17901.17,17913.01,17851.16,17911.95,88.0696
2020-03-28 10:00:00,17787.19,17844.64,17773.75,17774.59,11.5871
2020-03-28 11:00:00,17851.95,17876.26,17801.57,17849.06,51.5319
2020-03-28 12:00:00,17855.19,17915.6,17775.26,17884.43,213.7617
2020-03-28 13:00:00,17789.2,17826.98,17699.17,17805.56,93.738
2020-03-28 14:00:00,17727.26,17748.46,17685.13,17729.91,116.9948
2020-03-28 15:00:00,17851.29,17878.5,17789.27,17831.46,25.6145
2020-03-28 16:00:00,17735.42,17740.93,17711.44,17727.2,256.072
2020-03-28 17:00:00,17853.7,17931.83,17849.1,17874.57,97.6791
2020-03-28 18:00:00,17793.37,17812.99,17736.9,17795.86,11.1921
2020-03-28 19:00:00,17890.47,17944.76,17832.05,17854.45,1.5674
2020-03-28 20:00:00,17828.88,17862.12,17783.99,17826.9,1.6051
2020-03-28 21:00:00,17876.59,17925.98,17854.72,17882.44,5.257
2020-03-28 22:00:00,17844.35,17886.48,17834.08,17835.58,242.6063
2020-03-28 23:00:00,17836.45,17849.81,17769.77,17822.85,44.3757
2020-03-29 00:00:00,17820.14,17838.11,17819.66,17828.28,35.4153
2020-03-29 01:00:00,17749.64,17768.49,17698.56,17740.72,53.8789
2020-03-29 02:00:00,17802.35,17835.74,17743.58,17808.21,52.6907
2020-03-29 03:00:00,17777.07,17789.95,17730.65,17764.29,27.2456
2020-03-29 04:00:00,17748.78,17802.51,17731.18,17745.77,9.6322
2020-03-29 05:00:00,17667.82,17676.75,17645.04,17659.31,11.4992
2020-03-29 06:00:00,17421.6,17436.54,17418.23,17434.83,91.4265
2020-03-29 07:00:00,17405.62,17452.45,17371.1,17419.93,50.5565
2020-03-29 08:00:00,17648.48,17703.85,17600.58,17631.8,232.7445
2020-03-29 09:00:00,17701.33,17724.23,17694.1,17702.74,62.313
2020-03-29 10:00:00,17707.85,17732.35,17700.45,17702.8,70.0155
2020-03-29 11:00:00,17675.89,17698.54,17671.31,17681.3,263.4497
2020-03-29 12:00:00,17700.95,17701.0,17679.84,17685.06,69.6434
2020-03-29 13:00:00,17724.43,17757.46,17647.35,17735.21,69.7119
2020-03-29 14:00:00,17629.88,17637.66,17589.84,17632.27,45.1242
2020-03-29 15:00:00,17746.21,17803.07,17718.18,17732.27,123.9296
2020-03-29 16:00:00,17818.35,17825.61,17754.18,17797.47,49.7955
2020-03-29 17:00:00,17853.81,17881.19,17802.82,17863.16,88.7514
2020-03-29 18:00:00,17939.2,17961.95,17882.99,17904.11,59.3112
2020-03-29 19:00:00,17913.27,17958.58,17903.8,17907.66,75.2356
2020-03-29 20:00:00,17950.95,18002.91,17914.21,17969.7,175.4621
2020-03-29 21:00:00,18031.32,18078.23,18016.73,18024.67,53.398
2020-03-29 22:00:00,17987.67,18017.54,17939.63,17994.56,26.1466
2020-03-29 23:00:00,17952.54,17975.82,17932.12,17944.75,84.4716
2020-03-30 00:00:00,17954.92,17972.8,17894.19,17955.69,277.273
2020-03-30 01:00:00,18097.89,18130.74,18068.4,18096.55,118.1598
2020-03-30 02:00:00,17969.85,17991.76,17922.49,17986.24,36.8694
2020-03-30 03:00:00,17873.74,17916.63,17775.17,17856.06,329.6671
2020-03-30 04:00:00,17851.9,17904.61,17812.62,17872.56,41.964
2020-03-30 05:00:00,17859.07,17904.95,17848.43,17878.89,408.9597
2020-03-30 06:00:00,17902.75,17970.6,17881.84,17896.18,21.3181
2020-03-30 07:00:00,17948.52,17988.99,17917.12,17919.8,795.6248
2020-03-30 08:00:00,17895.28,17905.53,17893.79,17901.59,7.8941
2020-03-30 09:00:00,18049.38,18090.37,17993.77,18036.73,124.9109
2020-03-30 10:00:00,17913.37,17965.52,17854.23,17894.16,134.8773
2020-03-30 11:00:00,17836.35,17861.36,17813.55,17821.83,113.8106
2020-03-30 12:00:00,17808.86,17823.33,17785.13,17814.41,150.3308
2020-03-30 13:00:00,17650.55,17698.99,17603.21,17669.83,63.8343
2020-03-30 14:00:00,17617.08,17727.33,17610.32,17656.06,5.5633
2020-03-30 15:00:00,17799.82,17853.08,17774.23,17804.5,44.2783
2020-03-30 16:00:00,17829.12,17845.11,17792.36,17808.14,102.8101
2020-03-30 17:00:00,17810.42,17862.49,17789.0,17830.46,103.9156
2020-03-30 18:00:00,17732.3,17744.59,17649.71,17719.9,21.7154
2020-03-30 19:00:00,17650.27,17672.01,17608.44,17667.06,29.1697
2020-03-30 20:00:00,17637.55,17708.46,17601.16,17635.68,66.6891
2020-03-30 21:00:00,17621.89,17666.66,17595.21,17609.43,130.42
2020-03-30 22:00:00,17712.35,17731.97,17707.0,17724.04,191.595
2020-03-30 23:00:00,17778.26,17782.51,17773.42,17775.23,9.0455
2020-03-31 00:00:00,17670.89,17718.27,17636.89,17678.23,259.8567
2020-03-31 01:00:00,17714.27,17758.46,17701.58,17701.78,262.7369
2020-03-31 02:00:00,17751.83,17792.82,17743.13,17747.65,0.7965
2020-03-31 03:00:00,17851.61,17860.43,17814.24,17850.6,70.6049
2020-03-31 04:00:00,18021.49,18057.66,17971.84,17993.45,88.4657
2020-03-31 05:00:00,17915.79,17951.22,17877.59,17903.93,80.6794
2020-03-31 06:00:00,17820.82,17881.82,17779.93,17833.13,95.6518
2020-03-31 07:00:00,17721.26,17791.8,17692.07,17722.78,69.9872
2020-03-31 08:00:00,17702.47,17704.81,17700.73,17703.82,34.7867
2020-03-31 09:00:00,17748.29,17785.95,17702.64,17746.87,10.0599
2020-03-31 10:00:00,17881.28,17925.34,17833.02,17836.25,23.3673
2020-03-31 11:00:00,17837.88,17883.46,17826.66,17831.26,134.8055
2020-03-31 12:00:00,17768.28,17809.53,17677.93,17804.53,27.5837
2020-03-31 13:00:00,17810.15,17820.05,17760.06,17819.82,177.0254
2020-03-31 14:00:00,17712.9,17791.06,17610.67,17747.19,51.6657
2020-03-31 15:00:00,17928.47,17947.17,17916.14,17934.38,53.5248
2020-03-31 16:00:00,17756.66,17840.69,17718.52,17792.02,202.8739
2020-03-31 17:00:00,17794.71,17831.22,17727.42,17810.23,24.1166
2020-03-31 18:00:00,17964.85,17994.18,17917.34,17992.21,21.0251
2020-03-31 19:00:00,18001.54,18015.16,17988.73,17994.63,422.7173
2020-03-31 20:00:00,17979.34,18025.66,17941.08,17979.33,77.7844
2020-03-31 21:00:00,17954.43,17965.21,17910.63,17948.99,21.1364
2020-03-31 22:00:00,17932.72,17949.47,17913.3,17934.6,18.1288
2020-03-31 23:00:00,18034.32,18070.97,18016.47,18059.5,197.8077
2020-04-01 00:00:00,17870.75,17876.72,17808.47,17861.58,91.5906
2020-04-01 01:00:00,18034.91,18063.48,17925.15,18000.31,12.2211
2020-04-01 02:00:00,17881.27,17898.6,17795.01,17873.95,217.9554
2020-04-01 03:00:00,17844.31,17918.33,17804.04,17851.91,58.6816
2020-04-01 04:00:00,17789.94,17850.7,17773.87,17815.38,454.2878
2020-04-01 05:00:00,17853.36,17903.04,17850.23,17869.59,33.0952
2020-04-01 06:00:00,17736.62,17775.89,17711.27,17728.59,75.2509
2020-04-01 07:00:00,17790.4,17791.93,17753.19,17771.33,19.0072
2020-04-01 08:00:00,17957.66,17968.52,17922.31,17952.98,57.9294
2020-04-01 09:00:00,17846.67,17865.62,17813.04,17832.41,19.4237
2020-04-01 10:00:00,17863.74,17882.99,17834.85,17851.11,36.7059
2020-04-01 11:00:00,17802.82,17816.74,17742.07,17793.81,31.4527
2020-04-01 12:00:00,17821.73,17884.0,17795.31,17833.48,33.281
2020-04-01 13:00:00,17840.07,17840.17,17792.95,17836.97,350.0785
2020-04-01 14:00:00,17766.45,17815.96,17755.35,17781.54,3.9205
2020-04-01 15:00:00,17827.0,17861.15,17804.48,17826.69,68.689
2020-04-01 16:00:00,17995.26,18004.29,17919.56,17989.3,99.2216
2020-04-01 17:00:00,18004.11,18012.67,17971.34,17973.93,108.1052
2020-04-01 18:00:00,18016.79,18057.88,18003.13,18040.41,140.4644
2020-04-01 19:00:00,17934.19,17938.65,17914.81,17925.56,143.1147
2020-04-01 20:00:00,17868.06,17898.14,17813.92,17841.63,311.2333
2020-04-01 21:00:00,17899.13,17914.31,17841.08,17885.56,140.9227
2020-04-01 22:00:00,18035.08,18061.55,17997.3,18020.07,173.5507
2020-04-01 23:00:00,18064.52,18105.93,18006.51,18053.91,75.9961
2020-04-02 00:00:00,18050.86,18067.68,17993.08,18027.46,107.199
2020-04-02 01:00:00,18009.59,18050.74,17984.08,18029.2,65.0326
2020-04-02 02:00:00,17893.45,17949.65,17850.39,17918.28,32.354
2020-04-02 03:00:00,17974.12,17981.17,17972.41,17974.23,37.5979
2020-04-02 04:00:00,18016.3,18070.17,17995.8,18055.32,44.712
2020-04-02 05:00:00,18038.49,18086.19,17998.32,18016.32,41.6491
2020-04-02 06:00:00,17997.72,18016.64,17975.38,17975.78,76.1771
2020-04-02 07:00:00,17993.67,18048.95,17957.58,18001.47,28.4529
2020-04-02 08:00:00,17957.3,18056.12,17951.54,17963.96,72.6998
2020-04-02 09:00:00,17958.52,17973.7,17930.13,17959.82,247.9815
2020-04-02 10:00:00,18151.11,18152.96,18133.2,18150.17,52.0815
2020-04-02 11:00:00,18131.87,18165.23,18097.72,18129.57,25.186
2020-04-02 12:00:00,18109.0,18177.05,18067.07,18098.9,42.5957
2020-04-02 13:00:00,18038.99,18048.49,18022.75,18042.11,209.4655
2020-04-02 14:00:00,18128.13,18213.34,18062.62,18111.04,284.2118
2020-04-02 15:00:00,18104.51,18150.53,18077.84,18096.44,217.76
2020-04-02 16:00:00,18028.55,18079.78,17973.98,18039.5,33.8762
2020-04-02 17:00:00,18184.73,18193.66,18159.34,18160.48,49.0771
2020-04-02 18:00:00,18266.36,18304.35,18238.35,18291.2,368.6236
2020-04-02 19:00:00,18236.44,18326.53,18166.56,18238.12,39.1344
2020-04-02 20:00:00,18087.2,18114.78,18036.1,18069.73,14.8337
2020-04-02 21:00:00,18149.43,18183.61,18114.52,18162.56,33.1417
2020-04-02 22:00:00,18107.81,18133.22,18057.69,18102.21,332.3612
2020-04-02 23:00:00,18185.45,18197.21,18151.54,18175.58,53.7641
2020-04-03 00:00:00,17982.87,18011.21,17978.19,17998.36,271.6313
2020-04-03 01:00:00,18079.17,18106.43,18049.09,18080.48,10.9907
2020-04-03 02:00:00,17969.98,17973.3,17959.18,17972.8,145.2672
2020-04-03 03:00:00,18030.31,18060.41,17987.54,18040.26,9.7992
2020-04-03 04:00:00,18084.89,18088.51,17956.83,18043.36,22.0018
2020-04-03 05:00:00,17945.39,18012.52,17925.03,17959.1,95.7379
2020-04-03 06:00:00,17942.36,17950.04,17885.45,17924.34,57.0006
2020-04-03 07:00:00,17980.58,18027.09,17965.17,17987.65,109.8635
2020-04-03 08:00:00,17979.41,18022.06,17962.87,17998.97,362.7081
2020-04-03 09:00:00,18055.22,18060.4,18046.7,18053.36,5.4154
2020-04-03 10:00:00,18245.41,18303.94,18171.82,18233.58,21.2731
2020-04-03 11:00:00,18109.44,18139.23,18078.08,18092.79,102.2273
2020-04-03 12:00:00,18269.4,18290.18,18227.81,18240.9,226.8439
2020-04-03 13:00:00,18306.0,18357.74,18223.51,18252.24,159.7746
2020-04-03 14:00:00,18176.59,18241.22,18158.87,18172.04,62.6578
2020-04-03 15:00:00,18041.02,18096.47,18026.88,18052.99,136.8355
2020-04-03 16:00:00,18045.89,18063.74,18035.1,18037.72,23.3317
2020-04-03 17:00:00,18117.82,18151.18,18079.89,18122.65,1.3826
2020-04-03 18:00:00,18129.67,18137.0,18099.0,18112.9,84.4009
2020-04-03 19:00:00,18227.89,18304.41,18193.05,18251.57,167.7956
2020-04-03 20:00:00,18163.88,18236.61,18103.66,18120.96,56.8179
2020-04-03 21:00:00,18137.19,18153.86,18120.94,18121.68,84.2225
2020-04-03 22:00:00,17979.69,18014.84,17931.56,18010.02,54.8495
2020-04-03 23:00:00,18031.77,18047.97,18014.69,18044.56,72.1625
2020-04-04 00:00:00,18141.18,18163.48,18063.57,18126.38,215.7155
2020-04-04 01:00:00,18111.34,18157.49,18074.12,18090.06,65.0356
2020-04-04 02:00:00,17833.6,17909.71,17806.65,17856.32,0.7504
2020-04-04 03:00:00,17888.61,17929.34,17829.91,17875.87,160.8681
2020-04-04 04:00:00,17881.8,17934.13,17881.13,17916.69,96.1595
2020-04-04 05:00:00,17953.1,17996.41,17918.16,17954.7,131.0791
2020-04-04 06:00:00,18087.53,18130.95,18046.7,18067.44,231.3517
2020-04-04 07:00:00,17962.57,17976.92,17944.73,17972.49,33.7172
2020-04-04 08:00:00,18008.23,18073.41,17983.67,18035.41,69.9306
2020-04-04 09:00:00,18147.4,18152.23,18116.02,18144.75,92.2519
2020-04-04 10:00:00,17974.33,18010.38,17948.0,17985.2,42.3717
2020-04-04 11:00:00,18027.09,18058.16,17975.35,18015.75,187.1239
2020-04-04 12:00:00,17956.22,18047.7,17920.86,17972.13,119.5893
2020-04-04 13:00:00,17952.72,17971.62,17924.32,17966.6,132.2034
2020-04-04 14:00:00,17963.26,18044.53,17939.28,17999.63,165.0298
2020-04-04 15:00:00,17960.64,17966.68,17923.21,17957.58,29.8519
2020-04-04 16:00:00,17895.83,17917.04,17819.5,17898.71,136.9012
2020-04-04 17:00:00,17882.28,17910.95,17843.78,17903.56,148.6366
2020-04-04 18:00:00,17811.47,17816.8,17772.42,17808.02,184.7648
2020-04-04 19:00:00,17731.31,17738.18,17659.28,17713.12,67.0482
2020-04-04 20:00:00,17771.23,17800.93,17767.32,17775.06,70.1562
2020-04-04 21:00:00,17679.48,17723.42,17647.53,17674.74,10.3338
2020-04-04 22:00:00,17740.23,17805.78,17708.86,17735.39,191.1361
2020-04-04 23:00:00,17756.77,17786.24,17747.46,17778.18,76.2472
2020-04-05 00:00:00,17662.8,17692.34,17588.45,17626.55,90.2473
2020-04-05 01:00:00,17560.33,17585.35,17518.19,17568.6,12.9472
2020-04-05 02:00:00,17686.85,17721.33,17610.25,17675.25,92.0857
2020-04-05 03:00:00,17603.84,17632.29,17577.57,17590.31,4.2895
2020-04-05 04:00:00,17548.77,17586.56,17528.36,17551.22,256.6665
2020-04-05 05:00:00,17604.2,17625.3,17524.28,17593.52,199.1705
2020-04-05 06:00:00,17668.54,17694.68,17615.36,17664.2,21.6065
2020-04-05 07:00:00,17618.73,17652.75,17613.98,17643.75,90.0911
2020-04-05 08:00:00,17586.95,17602.1,17546.09,17592.8,92.3061
2020-04-05 09:00:00,17708.82,17803.61,17704.54,17719.68,162.6749
2020-04-05 10:00:00,17867.26,17886.71,17860.27,17875.51,141.4366
2020-04-05 11:00:00,17941.36,17993.93,17913.02,17964.79,499.7208
2020-04-05 12:00:00,17994.49,18047.04,17952.7,17974.25,43.2077
2020-04-05 13:00:00,17932.09,17941.98,17872.92,17903.4,13.3111
2020-04-05 14:00:00,17848.29,17852.55,17786.15,17830.86,85.2077
2020-04-05 15:00:00,17901.94,17981.09,17824.89,17879.22,144.3888
2020-04-05 16:00:00,17912.24,17944.0,17902.44,17918.41,33.6583
2020-04-05 17:00:00,18034.3,18056.51,17941.84,18045.78,26.9458
2020-04-05 18:00:00,18092.17,18125.55,18089.11,18106.27,162.1787
2020-04-05 19:00:00,17983.58,18018.42,17909.73,17972.01,140.1295
2020-04-05 20:00:00,18072.43,18128.76,18058.13,18068.33,22.7393
2020-04-05 21:00:00,17978.58,18004.31,17971.92,17979.97,203.4626
2020-04-05 22:00:00,17970.5,18003.34,17944.81,17947.25,14.4713
2020-04-05 23:00:00,17978.78,18013.17,17955.81,17971.5,11.568
2020-04-06 00:00:00,18137.4,18209.47,18129.99,18152.62,43.2488
2020-04-06 01:00:00,18424.15,18448.3,18413.35,18436.7,217.624
2020-04-06 02:00:00,18507.09,18531.84,18426.75,18494.48,118.8888
2020-04-06 03:00:00,18498.63,18550.66,18464.85,18479.38,50.2062
2020-04-06 04:00:00,18540.84,18556.19,18502.01,18530.62,17.1086
2020-04-06 05:00:00,18650.03,18683.78,18574.77,18614.72,124.9935
2020-04-06 06:00:00,18617.12,18651.4,18561.89,18586.73,91.4161
2020-04-06 07:00:00,18763.7,18782.95,18678.05,18755.43,439.6768
2020-04-06 08:00:00,18763.13,18822.16,18756.9,18778.88,145.0553
2020-04-06 09:00:00,18802.83,18854.76,18802.56,18827.49,10.7723
2020-04-06 10:00:00,18884.74,18906.45,18860.21,18892.06,130.2744
2020-04-06 11:00:00,18948.03,18950.78,18924.07,18933.77,29.7661
2020-04-06 12:00:00,19049.82,19088.17,18987.28,19015.09,326.7428
2020-04-06 13:00:00,18966.22,18992.42,18932.63,18958.3,1.9462
2020-04-06 14:00:00,18929.38,18931.32,18872.78,18907.28,27.2269
2020-04-06 15:00:00,18800.55,18814.97,18797.78,18805.16,69.1146
2020-04-06 16:00:00,18860.11,18927.0,18827.28,18848.37,8.237
2020-04-06 17:00:00,18939.24,18988.18,18917.97,18923.66,42.169
2020-04-06 18:00:00,18931.32,18985.83,18897.4,18968.87,68.7632
2020-04-06 19:00:00,19121.67,19189.07,19094.94,19129.58,59.2277
2020-04-06 20:00:00,19149.13,19156.64,19127.69,19130.96,61.727
2020-04-06 21:00:00,19202.11,19279.89,19086.55,19196.84,211.2155
2020-04-06 22:00:00,19071.13,19117.13,19033.62,19093.97,70.3785
2020-04-06 23:00:00,19012.61,19113.51,18959.33,19058.93,283.1012
2020-04-07 00:00:00,19120.12,19150.62,19063.36,19127.11,15.9854
2020-04-07 01:00:00,19208.86,19216.73,19188.64,19210.23,32.886
2020-04-07 02:00:00,19166.96,19217.44,19136.9,19183.92,106.8614
2020-04-07 03:00:00,19181.71,19196.18,19149.11,19178.97,33.285
2020-04-07 04:00:00,19044.97,19097.03,19025.42,19035.33,42.6601
2020-04-07 05:00:00,19016.0,19016.21,18956.3,19003.25,231.292
2020-04-07 06:00:00,19044.78,19098.82,19028.56,19089.75,77.3401
2020-04-07 07:00:00,19121.4,19185.01,19118.92,19146.56,40.7458
2020-04-07 08:00:00,19190.56,19270.9,19183.39,19196.41,149.9292
2020-04-07 09:00:00,19214.09,19216.53,19158.0,19203.11,7.3286
2020-04-07 10:00:00,19215.1,19246.49,19162.61,19205.7,82.934
2020-04-07 11:00:00,19153.25,19215.67,19119.34,19144.22,10.4994
2020-04-07 12:00:00,19205.66,19215.33,19203.11,19213.02,19.4618
2020-04-07 13:00:00,19249.08,19265.42,19235.34,19255.38,6.448
2020-04-07 14:00:00,19290.62,19334.91,19263.88,19304.68,231.9559
2020-04-07 15:00:00,19270.63,19276.15,19213.4,19255.84,4.9405
2020-04-07 16:00:00,19032.9,19095.92,18998.85,19050.44,72.6531
2020-04-07 17:00:00,19173.13,19237.2,19101.25,19156.85,25.4863
2020-04-07 18:00:00,19116.87,19133.53,19065.68,19112.9,48.3841
2020-04-07 19:00:00,19031.5,19042.03,19004.07,19032.36,68.0539
2020-04-07 20:00:00,19087.71,19106.55,19072.29,19100.26,59.7946
2020-04-07 21:00:00,19038.89,19082.81,19034.11,19064.73,137.8672
2020-04-07 22:00:00,19155.26,19222.45,19044.25,19167.67,242.9094
2020-04-07 23:00:00,19222.38,19234.79,19205.39,19228.72,35.7064
2020-04-08 00:00:00,19250.65,19313.74,19178.96,19296.37,2.4847
2020-04-08 01:00:00,19162.72,19185.95,19117.67,19166.51,224.3802
2020-04-08 02:00:00,19302.39,19330.97,19269.63,19284.57,385.3003
2020-04-08 03:00:00,19322.64,19346.01,19303.93,19311.69,56.8016
2020-04-08 04:00:00,19268.39,19342.07,19242.48,19277.96,60.8418
2020-04-08 05:00:00,19294.61,19342.11,19286.16,19293.71,15.5667
2020-04-08 06:00:00,19113.65,19250.34,19106.67,19124.29,64.5355
2020-04-08 07:00:00,19168.13,19212.47,19140.53,19165.28,36.1471
2020-04-08 08:00:00,19097.92,19100.73,19049.17,19068.55,518.1436
2020-04-08 09:00:00,18959.84,18986.69,18937.65,18941.49,20.4381
2020-04-08 10:00:00,18809.0,18846.89,18711.12,18799.21,47.5759
2020-04-08 11:00:00,18896.36,18941.56,18841.88,18905.67,95.8421
2020-04-08 12:00:00,18862.22,18887.87,18785.13,18848.08,42.3309
2020-04-08 13:00:00,18962.46,19037.32,18950.03,18994.51,64.326
2020-04-08 14:00:00,18940.74,18996.85,18920.85,18945.52,362.9993
2020-04-08 15:00:00,18796.65,18835.76,18721.96,18785.68,70.9422
2020-04-08 16:00:00,18696.52,18708.61,18680.58,18682.69,241.1512
2020-04-08 17:00:00,18812.59,18814.47,18762.95,18799.99,4.4038
2020-04-08 18:00:00,18792.76,18813.65,18688.05,18787.22,12.7627
2020-04-08 19:00:00,18733.93,18740.08,18663.04,18737.6,289.1581
2020-04-08 20:00:00,18764.55,18813.59,18721.19,18754.46,13.7805
2020-04-08 21:00:00,18785.47,18821.98,18766.84,18803.39,133.3896
2020-04-08 22:00:00,18894.35,18948.32,18838.74,18910.32,59.0597
2020-04-08 23:00:00,19050.35,19074.99,19017.11,19049.17,52.2137
2020-04-09 00:00:00,19020.11,19064.46,19008.72,19016.81,107.6519
2020-04-09 01:00:00,18858.14,18918.6,18844.29,18892.63,130.0487
2020-04-09 02:00:00,18864.04,18877.68,18777.98,18855.46,268.7796
2020-04-09 03:00:00,18896.47,18921.96,18832.21,18881.88,29.6905
2020-04-09 04:00:00,18791.33,18799.4,18789.64,18792.78,119.7594
2020-04-09 05:00:00,18749.14,18749.89,18627.53,18704.73,41.8985
2020-04-09 06:00:00,18725.95,18809.42,18713.56,18738.75,126.4465
2020-04-09 07:00:00,18729.3,18804.9,18679.04,18736.06,15.3287
2020-04-09 08:00:00,18733.61,18779.93,18692.29,18741.01,61.1646
2020-04-09 09:00:00,18670.39,18712.18,18659.52,18671.81,20.2887
2020-04-09 10:00:00,18646.03,18718.22,18593.75,18652.17,41.0145
2020-04-09 11:00:00,18541.72,18594.56,18463.74,18567.84,125.7477
2020-04-09 12:00:00,18642.14,18678.0,18605.66,18652.34,26.5725
2020-04-09 13:00:00,18748.92,18772.94,18739.95,18750.75,115.4814
2020-04-09 14:00:00,18602.37,18614.76,18563.88,18579.54,68.506
2020-04-09 15:00:00,18535.78,18599.64,18476.61,18495.05,9.6551
2020-04-09 16:00:00,18383.02,18412.31,18324.51,18358.51,48.8892
2020-04-09 17:00:00,18286.49,18317.57,18244.95,18300.68,203.4133
2020-04-09 18:00:00,18282.14,18318.38,18175.12,18294.87,453.6661
2020-04-09 19:00:00,18161.2,18224.94,18150.94,18164.09,46.0324
2020-04-09 20:00:00,18114.46,18130.94,18035.53,18082.19,5.6438
2020-04-09 21:00:00,17990.25,18032.34,17943.5,17993.23,13.9478
2020-04-09 22:00:00,17989.76,18029.71,17942.99,18013.67,155.1869
2020-04-09 23:00:00,18012.69,18097.97,17993.07,18021.72,106.6495
2020-04-10 00:00:00,17972.08,18018.06,17932.49,17958.49,33.549
2020-04-10 01:00:00,17988.56,18015.0,17953.61,17976.16,49.6427
2020-04-10 02:00:00,17925.23,17960.0,17921.45,17928.82,166.6803
2020-04-10 03:00:00,17918.5,17980.99,17880.61,17906.26,53.2918
2020-04-10 04:00:00,18016.83,18112.5,17977.58,18057.88,140.9658
2020-04-10 05:00:00,18182.6,18210.72,18148.12,18180.72,34.9849
2020-04-10 06:00:00,18079.94,18098.37,18029.87,18064.4,129.03
2020-04-10 07:00:00,18126.04,18166.64,18125.54,18141.15,62.8104
2020-04-10 08:00:00,18201.32,18251.06,18155.02,18216.56,78.8237
2020-04-10 09:00:00,18079.98,18120.31,18061.17,18113.79,91.3129
2020-04-10 10:00:00,18218.68,18236.23,18131.32,18189.76,59.8882
2020-04-10 11:00:00,18318.25,18334.24,18288.28,18331.45,62.7613
2020-04-10 12:00:00,18234.79,18238.26,18202.71,18230.4,30.8849
2020-04-10 13:00:00,18159.55,18193.93,18144.21,18148.59,425.2008
2020-04-10 14:00:00,18270.33,18336.55,18132.96,18242.75,236.2495
2020-04-10 15:00:00,18266.52,18322.81,18262.41,18269.34,74.947
2020-04-10 16:00:00,18311.66,18336.64,18239.38,18321.54,3.5243
2020-04-10 17:00:00,18357.75,18371.58,18344.73,18354.57,18.4437
2020-04-10 18:00:00,18415.88,18458.4,18356.13,18392.26,192.3705
2020-04-10 19:00:00,18269.01,18322.84,18231.85,18272.12,267.0929
2020-04-10 20:00:00,18352.09,18374.68,18325.45,18369.63,17.5893
2020-04-10 21:00:00,18450.42,18498.49,18443.35,18478.89,132.6211
2020-04-10 22:00:00,18437.0,18524.7,18404.26,18459.54,97.5572
2020-04-10 23:00:00,18473.33,18475.74,18451.97,18457.38,36.1522
2020-04-11 00:00:00,18312.05,18356.99,18288.56,18317.92,57.2863
2020-04-11 01:00:00,18355.69,18380.98,18326.77,18366.85,113.0937
2020-04-11 02:00:00,18408.04,18469.29,18387.56,18421.22,10.6801
2020-04-11 03:00:00,18418.9,18432.6,18309.19,18417.34,20.954
2020-04-11 04:00:00,18518.28,18562.15,18501.8,18522.72,3.3883
2020-04-11 05:00:00,18488.58,18498.11,18477.36,18493.63,232.4848
2020-04-11 06:00:00,18572.71,18632.93,18541.95,18547.69,85.3072
2020-04-11 07:00:00,18483.36,18521.13,18450.88,18454.98,74.1135
2020-04-11 08:00:00,18424.94,18520.21,18387.09,18454.65,122.4994
2020-04-11 09:00:00,18446.45,18503.49,18430.22,18440.41,445.2468
2020-04-11 10:00:00,18448.68,18469.61,18375.91,18463.03,18.9029
2020-04-11 11:00:00,18426.19,18440.04,18404.73,18430.76,14.2839
2020-04-11 12:00:00,18426.19,18441.75,18402.59,18420.49,34.9261
2020-04-11 13:00:00,18494.48,18500.86,18467.06,18498.41,234.2826
2020-04-11 14:00:00,18464.12,18529.11,18421.44,18459.86,53.0111
2020-04-11 15:00:00,18325.75,18328.14,18312.38,18313.42,157.7439
2020-04-11 16:00:00,18480.9,18519.15,18475.12,18475.46,22.681
2020-04-11 17:00:00,18592.89,18634.2,18570.63,18604.92,68.0439
2020-04-11 18:00:00,18474.94,18534.37,18472.67,18486.57,13.6359
2020-04-11 19:00:00,18525.46,18558.47,18501.79,18552.17,53.2557
2020-04-11 20:00:00,18491.57,18585.96,18441.21,18507.37,30.4194
2020-04-11 21:00:00,18569.97,18588.7,18507.02,18533.6,79.7245
2020-04-11 22:00:00,18548.02,18587.77,18541.54,18562.72,151.5976
2020-04-11 23:00:00,18520.69,18549.15,18513.67,18542.82,278.6613
2020-04-12 00:00:00,18477.92,18495.23,18468.6,18472.01,33.3856
2020-04-12 01:00:00,18408.05,18439.3,18407.84,18410.08,135.9192
2020-04-12 02:00:00,18324.0,18345.3,18288.93,18327.58,216.7987
2020-04-12 03:00:00,18278.91,18331.26,18183.8,18253.19,13.3362
2020-04-12 04:00:00,18258.9,18263.89,18219.77,18248.88,88.1726
2020-04-12 05:00:00,18175.76,18233.7,18171.09,18185.4,94.6354
2020-04-12 06:00:00,18241.49,18304.41,18214.57,18249.23,31.7983
2020-04-12 07:00:00,18377.52,18467.92,18347.41,18386.77,2.2772
2020-04-12 08:00:00,18351.32,18359.51,18326.87,18335.28,29.666
2020-04-12 09:00:00,18353.4,18375.02,18284.63,18359.06,87.8837
2020-04-12 10:00:00,18373.76,18435.16,18353.12,18406.76,21.8707
2020-04-12 11:00:00,18451.15,18463.89,18445.96,18452.04,33.8758
2020-04-12 12:00:00,18432.52,18514.78,18421.87,18460.9,123.0736
2020-04-12 13:00:00,18571.77,18596.0,18515.0,18531.3,50.8022
2020-04-12 14:00:00,18559.89,18594.87,18520.33,18577.83,6.7664
2020-04-12 15:00:00,18461.74,18516.64,18439.28,18464.73,50.9436
2020-04-12 16:00:00,18551.6,18626.66,18471.49,18546.82,837.2941
2020-04-12 17:00:00,18625.57,18640.96,18606.95,18630.95,30.2527
2020-04-12 18:00:00,18556.33,18577.04,18518.81,18561.71,30.8234
2020-04-12 19:00:00,18574.92,18585.99,18555.59,18567.09,18.6193
2020-04-12 20:00:00,18660.82,18679.85,18606.69,18632.38,31.6956
2020-04-12 21:00:00,18629.03,18646.13,18573.06,18614.75,85.5086
2020-04-12 22:00:00,18744.15,18835.9,18673.2,18716.47,334.1104
2020-04-12 23:00:00,18919.74,18943.27,18906.37,18939.56,93.5716
2020-04-13 00:00:00,18873.01,18878.29,18785.11,18867.02,52.7374
2020-04-13 01:00:00,18741.54,18759.86,18736.06,18738.63,49.3696
2020-04-13 02:00:00,18775.56,18795.2,18704.95,18768.97,2.4524
2020-04-13 03:00:00,18864.49,18893.58,18793.44,18838.56,0.2546
2020-04-13 04:00:00,18814.54,18818.99,18791.55,18818.7,159.5503
2020-04-13 05:00:00,18949.64,19018.46,18900.3,18957.32,67.366
2020-04-13 06:00:00,18842.39,18847.8,18828.06,18832.34,3.3773
2020-04-13 07:00:00,18865.86,18969.84,18843.88,18899.47,33.691
2020-04-13 08:00:00,18839.64,18886.35,18780.12,18844.1,44.1116
2020-04-13 09:00:00,19005.44,19034.0,18996.06,19007.99,152.919
2020-04-13 10:00:00,19181.59,19234.82,19170.06,19199.26,56.9845
2020-04-13 11:00:00,19147.8,19173.12,19074.18,19127.58,155.7321
2020-04-13 12:00:00,19056.67,19081.19,19040.7,19076.94,100.4396
2020-04-13 13:00:00,19158.23,19199.5,19113.24,19160.84,3.3698
2020-04-13 14:00:00,19131.27,19208.67,19108.74,19125.66,346.3776
2020-04-13 15:00:00,19149.12,19161.23,19101.05,19123.23,20.02
2020-04-13 16:00:00,19127.37,19157.96,19098.69,19127.57,32.2439
2020-04-13 17:00:00,18963.63,19005.16,18909.65,18945.89,165.7022
2020-04-13 18:00:00,18959.75,18960.28,18936.06,18946.48,21.0523
2020-04-13 19:00:00,18885.36,18911.79,18827.47,18883.03,51.264
2020-04-13 20:00:00,18817.84,18906.1,18759.68,18838.36,200.2415
2020-04-13 21:00:00,18949.0,18998.1,18914.0,18976.22,101.4103
2020-04-13 22:00:00,18860.91,18998.79,18839.78,18858.9,35.9652
2020-04-13 23:00:00,18927.19,18955.89,18911.07,18937.47,103.2964
2020-04-14 00:00:00,18930.33,18982.74,18898.23,18912.95,167.4641
2020-04-14 01:00:00,18902.47,18932.71,18874.34,18888.38,51.7329
2020-04-14 02:00:00,18961.42,18970.41,18924.62,18964.92,84.7872
2020-04-14 03:00:00,18977.06,19012.51,18912.87,18999.06,441.684
2020-04-14 04:00:00,19064.9,19074.86,19018.72,19055.16,333.9994
2020-04-14 05:00:00,19129.82,19190.6,19111.65,19149.32,71.1387
2020-04-14 06:00:00,19105.01,19143.85,19054.07,19119.51,10.1082
2020-04-14 07:00:00,19044.22,19084.8,19006.96,19062.89,120.6249
2020-04-14 08:00:00,18958.74,18969.01,18933.81,18961.37,31.2823
2020-04-14 09:00:00,18907.11,18955.77,18809.33,18885.01,110.7073
2020-04-14 10:00:00,19165.27,19177.49,19152.29,19165.37,43.3487
2020-04-14 11:00:00,19278.01,19297.75,19226.68,19286.56,126.8541
2020-04-14 12:00:00,19128.97,19231.21,19095.76,19158.2,45.7795
2020-04-14 13:00:00,19043.94,19084.17,18979.72,19033.43,283.3533
2020-04-14 14:00:00,19066.3,19084.13,19056.92,19081.19,14.6962
2020-04-14 15:00:00,19137.56,19249.85,19092.59,19135.32,7.0857
2020-04-14 16:00:00,19182.95,19205.31,19169.59,19189.74,151.9593
2020-04-14 17:00:00,19183.27,19186.66,19149.65,19167.2,51.3038
2020-04-14 18:00:00,19154.08,19178.03,19147.65,19157.09,62.6565
2020-04-14 19:00:00,19189.28,19232.71,19163.08,19190.42,271.5336
2020-04-14 20:00:00,19209.9,19223.68,19182.64,19200.58,89.1405
2020-04-14 21:00:00,19029.45,19030.77,18886.32,18989.44,107.9312
2020-04-14 22:00:00,18986.37,18997.9,18935.13,18969.52,1.9658
2020-04-14 23:00:00,18888.99,18934.96,18858.72,18890.66,111.0223
2020-04-15 00:00:00,18909.16,18943.34,18895.4,18909.1,49.16
2020-04-15 01:00:00,19183.16,19203.79,19107.42,19193.23,61.6583
2020-04-15 02:00:00,19212.15,19286.37,19202.83,19230.42,165.0521
2020-04-15 03:00:00,19191.58,19229.33,19179.04,19202.19,74.1904
2020-04-15 04:00:00,19277.72,19304.07,19260.74,19292.62,433.2917
2020-04-15 05:00:00,19353.75,19444.53,19333.89,19341.11,159.3619
2020-04-15 06:00:00,19362.9,19402.06,19321.4,19383.67,130.413
2020-04-15 07:00:00,19470.34,19490.06,19351.18,19444.42,88.84
2020-04-15 08:00:00,19661.08,19692.64,19640.53,19646.31,53.1703
2020-04-15 09:00:00,19537.58,19559.78,19524.14,19537.18,5.4321
2020-04-15 10:00:00,19585.41,19646.71,19553.14,19585.4,1.8669
2020-04-15 11:00:00,19485.78,19550.16,19466.24,19496.64,4.7887
2020-04-15 12:00:00,19558.03,19601.18,19547.43,19552.75,319.0201
2020-04-15 13:00:00,19486.07,19581.62,19419.04,19464.89,39.0397
2020-04-15 14:00:00,19412.56,19445.23,19380.76,19426.21,120.6006
2020-04-15 15:00:00,19369.75,19482.26,19295.01,19399.5,90.2177
2020-04-15 16:00:00,19509.8,19563.2,19437.98,19496.09,84.7856
2020-04-15 17:00:00,19593.92,19634.11,19535.71,19587.57,86.5696
2020-04-15 18:00:00,19445.72,19486.98,19402.85,19467.52,35.996
2020-04-15 19:00:00,19460.53,19507.45,19404.14,19474.82,217.6239
2020-04-15 20:00:00,19391.0,19445.24,19389.71,19407.67,251.5855
2020-04-15 21:00:00,19273.51,19306.69,19101.38,19287.49,103.4303
2020-04-15 22:00:00,19262.25,19318.93,19233.61,19268.49,199.4727
2020-04-15 23:00:00,19235.57,19242.65,19222.66,19240.69,6.1855
2020-04-16 00:00:00,19463.4,19484.77,19428.39,19476.08,10.5795
2020-04-16 01:00:00,19505.39,19538.61,19498.17,19520.19,81.8861
2020-04-16 02:00:00,19383.25,19398.44,19309.65,19387.68,187.4101
2020-04-16 03:00:00,19338.11,19350.86,19279.72,19334.87,37.8964
2020-04-16 04:00:00,19429.4,19470.92,19397.97,19435.55,79.4197
2020-04-16 05:00:00,19663.2,19678.73,19637.91,19640.44,1.001
2020-04-16 06:00:00,19496.56,19506.98,19467.38,19486.66,431.4743
2020-04-16 07:00:00,19274.73,19332.47,19245.52,19305.44,145.6635
2020-04-16 08:00:00,19498.18,19528.88,19486.98,19487.97,44.8507
2020-04-16 09:00:00,19539.71,19570.07,19525.55,19527.88,407.5297
2020-04-16 10:00:00,19436.6,19462.82,19376.3,19445.06,9.6982
2020-04-16 11:00:00,19469.82,19501.79,19442.0,19498.98,62.3949
2020-04-16 12:00:00,19244.11,19297.01,19215.02,19243.96,6.0654
2020-04-16 13:00:00,19246.06,19253.63,19203.68,19246.21,40.7916
2020-04-16 14:00:00,19258.05,19300.05,19247.82,19279.68,24.7647
2020-04-16 15:00:00,19342.59,19382.23,19326.63,19370.7,38.0603
2020-04-16 16:00:00,19272.75,19277.47,19254.6,19274.44,294.5216
2020-04-16 17:00:00,19280.13,19286.51,19258.53,19284.63,55.7196
2020-04-16 18:00:00,19189.31,19208.58,19165.22,19197.32,39.2836
2020-04-16 19:00:00,19222.15,19235.14,19198.17,19223.76,102.3799
2020-04-16 20:00:00,19118.51,19190.91,19062.39,19139.62,115.0019
2020-04-16 21:00:00,19094.17,19116.74,19060.81,19102.48,412.0824
2020-04-16 22:00:00,19019.41,19084.36,18981.53,19009.28,78.9785
2020-04-16 23:00:00,19066.39,19177.69,19020.6,19073.06,139.6602
2020-04-17 00:00:00,19124.81,19169.38,19085.01,19156.84,48.1534
2020-04-17 01:00:00,19127.24,19186.54,19087.22,19136.28,18.7575
2020-04-17 02:00:00,19121.37,19195.63,19050.77,19141.85,56.183
2020-04-17 03:00:00,19010.2,19046.14,18961.53,19005.12,54.2619
2020-04-17 04:00:00,18984.6,18992.12,18940.58,18978.55,54.5785
2020-04-17 05:00:00,18944.21,18986.56,18917.05,18975.68,118.8824
2020-04-17 06:00:00,19240.83,19289.87,19158.98,19226.24,52.0779
2020-04-17 07:00:00,19100.0,19197.37,19080.45,19121.26,308.2658
2020-04-17 08:00:00,19293.2,19326.06,19243.49,19263.16,405.9925
2020-04-17 09:00:00,19360.16,19370.93,19289.27,19361.1,74.0997
2020-04-17 10:00:00,19366.04,19394.04,19329.11,19390.2,81.745
2020-04-17 11:00:00,19540.3,19566.85,19483.99,19562.64,52.3618
2020-04-17 12:00:00,19607.82,19633.58,19585.49,19601.0,43.9426
2020-04-17 13:00:00,19633.41,19695.87,19617.38,19641.1,422.1715
2020-04-17 14:00:00,19635.94,19675.17,19613.9,19637.84,4.1506
2020-04-17 15:00:00,19791.82,19804.56,19757.39,19759.95,52.7779
2020-04-17 16:00:00,19856.36,19886.13,19825.44,19870.25,16.4097
2020-04-17 17:00:00,19811.27,19853.44,19808.46,19810.08,129.5651
2020-04-17 18:00:00,19709.33,19727.64,19657.55,19681.39,21.6225
2020-04-17 19:00:00,19668.7,19730.48,19645.4,19663.38,215.9747
2020-04-17 20:00:00,19555.22,19591.05,19547.12,19586.69,46.9169
2020-04-17 21:00:00,19592.33,19640.51,19556.21,19582.43,249.0708
2020-04-17 22:00:00,19682.63,19710.03,19680.96,19705.55,430.9708
2020-04-17 23:00:00,19690.12,19692.94,19632.87,19662.46,147.4782
2020-04-18 00:00:00,19644.04,19708.4,19610.03,19660.22,97.5929
2020-04-18 01:00:00,19726.29,19812.85,19636.19,19667.89,16.2403
2020-04-18 02:00:00,19782.27,19844.01,19735.63,19753.29,270.3964
2020-04-18 03:00:00,19517.79,19567.61,19487.71,19533.35,149.9986
2020-04-18 04:00:00,19476.43,19499.39,19451.31,19476.04,33.9742
2020-04-18 05:00:00,19513.26,19533.05,19463.97,19498.57,63.2056
2020-04-18 06:00:00,19632.89,19644.48,19578.23,19617.52,7.0063
2020-04-18 07:00:00,19579.89,19615.64,19559.58,19571.23,107.5874
2020-04-18 08:00:00,19413.83,19428.42,19353.52,19389.55,13.3834
2020-04-18 09:00:00,19449.18,19468.69,19444.31,19451.57,105.4207
2020-04-18 10:00:00,19384.61,19467.77,19372.47,19391.72,111.3382
2020-04-18 11:00:00,19271.63,19279.81,19258.4,19278.31,39.2493
2020-04-18 12:00:00,19236.56,19252.52,19188.8,19220.06,296.9337
2020-04-18 13:00:00,19211.26,19214.48,19141.47,19204.25,150.9423
2020-04-18 14:00:00,19153.68,19167.39,19087.73,19148.1,68.6636
2020-04-18 15:00:00,18953.91,19004.78,18913.41,18938.85,250.8002
2020-04-18 16:00:00,18986.67,19055.22,18973.14,19025.69,193.6854
2020-04-18 17:00:00,19154.81,19194.46,19119.17,19148.87,117.8364
2020-04-18 18:00:00,19217.37,19217.39,19199.17,19213.17,16.6014
2020-04-18 19:00:00,19137.68,19150.69,19052.0,19105.8,68.7312
2020-04-18 20:00:00,19059.28,19109.32,18934.85,19088.46,199.8215
2020-04-18 21:00:00,19119.47,19120.22,19039.67,19089.75,93.877
2020-04-18 22:00:00,19150.25,19238.42,19124.98,19148.81,78.8583
2020-04-18 23:00:00,19224.11,19256.64,19211.81,19214.71,310.6087
2020-04-19 00:00:00,19178.19,19247.53,19122.41,19146.1,1.6687
2020-04-19 01:00:00,19166.61,19207.43,19105.67,19155.86,1.212
2020-04-19 02:00:00,19209.27,19245.39,19197.21,19201.58,223.325
2020-04-19 03:00:00,19347.96,19365.02,19310.01,19343.27,3.9299
2020-04-19 04:00:00,19403.95,19470.57,19372.85,19413.34,40.4281
2020-04-19 05:00:00,19491.32,19491.95,19436.09,19491.87,257.7357
2020-04-19 06:00:00,19488.04,19549.94,19478.31,19501.99,117.4908
2020-04-19 07:00:00,19640.6,19649.67,19625.79,19641.48,104.4576
2020-04-19 08:00:00,19637.7,19724.23,19616.69,19683.68,107.002
2020-04-19 09:00:00,19609.31,19635.54,19582.98,19600.9,38.2202
2020-04-19 10:00:00,19738.0,19752.4,19728.94,19740.4,75.6159
2020-04-19 11:00:00,19804.6,19848.08,19699.26,19811.26,99.4179
2020-04-19 12:00:00,19773.7,19804.46,19736.78,19769.35,36.4873
2020-04-19 13:00:00,19695.66,19726.87,19646.0,19723.93,158.6522
2020-04-19 14:00:00,19793.27,19801.78,19737.03,19755.15,38.8237
2020-04-19 15:00:00,19800.85,19859.28,19798.71,19802.88,7.4125
2020-04-19 16:00:00,19821.5,19840.11,19768.32,19824.4,22.4963
2020-04-19 17:00:00,19838.07,19872.4,19781.66,19857.24,52.4942
2020-04-19 18:00:00,20028.48,20057.34,20009.85,20028.0,238.6574
2020-04-19 19:00:00,20165.24,20196.72,20109.22,20137.31,53.7446
2020-04-19 20:00:00,20179.4,20201.38,20116.34,20158.52,9.4095
2020-04-19 21:00:00,20272.72,20297.62,20216.11,20255.41,21.8724
2020-04-19 22:00:00,20163.88,20197.63,20141.38,20152.87,78.6288
2020-04-19 23:00:00,20187.74,20248.45,20139.46,20194.98,19.5596
2020-04-20 00:00:00,20350.14,20412.27,20305.79,20379.69,6.6091
2020-04-20 01:00:00,20355.42,20373.88,20348.97,20359.51,125.4664
2020-04-20 02:00:00,20270.48,20282.87,20204.17,20275.26,153.4086
2020-04-20 03:00:00,20232.38,20273.53,20165.74,20211.18,190.135
2020-04-20 04:00:00,20109.31,20145.54,20006.99,20103.09,185.7477
2020-04-20 05:00:00,20058.51,20083.15,19991.02,20026.22,47.6842
2020-04-20 06:00:00,20015.06,20083.12,19989.2,19991.12,132.6027
2020-04-20 07:00:00,19843.56,19967.06,19821.05,19852.63,87.5962
2020-04-20 08:00:00,19820.52,19890.91,19805.58,19856.16,2.3642
2020-04-20 09:00:00,19975.37,20030.34,19831.09,19947.73,51.3493
2020-04-20 10:00:00,19886.18,19936.2,19840.81,19859.18,5.4328
2020-04-20 11:00:00,19984.69,20040.79,19950.67,20012.03,8.7036
2020-04-20 12:00:00,20095.42,20110.47,20055.69,20065.14,5.7632
2020-04-20 13:00:00,20178.25,20197.01,20132.76,20170.54,324.2824
2020-04-20 14:00:00,20109.44,20163.07,20084.33,20106.21,185.9189
2020-04-20 15:00:00,20226.74,20265.12,20183.78,20194.13,57.8221
2020-04-20 16:00:00,20112.9,20152.37,20060.64,20085.9,28.5016
2020-04-20 17:00:00,20190.45,20210.8,20148.18,20177.31,7.5209
2020-04-20 18:00:00,20206.22,20217.26,20085.27,20196.67,56.422
2020-04-20 19:00:00,20267.04,20321.16,20226.97,20254.55,91.7173
2020-04-20 20:00:00,20129.47,20141.58,20120.37,20137.52,159.5058
2020-04-20 21:00:00,20048.31,20141.8,20020.35,20049.42,5.2938
2020-04-20 22:00:00,20093.14,20145.19,20089.46,20111.29,54.1062
2020-04-20 23:00:00,20011.27,20028.29,19962.61,20017.94,376.6082
2020-04-21 00:00:00,20058.95,20120.29,19987.44,20066.3,12.8652
2020-04-21 01:00:00,19918.48,19995.58,19901.3,19931.14,51.1325
2020-04-21 02:00:00,20020.4,20092.32,20014.14,20017.66,32.166
2020-04-21 03:00:00,19889.86,19917.4,19848.25,19896.3,14.3916
2020-04-21 04:00:00,19963.26,19985.42,19924.44,19953.24,182.6014
2020-04-21 05:00:00,19985.17,20067.28,19938.97,20017.65,119.4403
2020-04-21 06:00:00,19947.65,19951.42,19942.46,19949.91,53.0274
2020-04-21 07:00:00,20012.59,20078.11,20004.86,20009.96,46.0556
2020-04-21 08:00:00,20031.8,20152.09,20010.54,20038.02,175.8801
2020-04-21 09:00:00,19982.59,20028.72,19923.59,19986.04,9.5172
2020-04-21 10:00:00,19855.73,19911.78,19837.6,19887.25,15.88
2020-04-21 11:00:00,19701.1,19726.49,19572.63,19694.08,237.0329
2020-04-21 12:00:00,19743.26,19745.92,19683.83,19730.48,169.9399
2020-04-21 13:00:00,19587.75,19591.41,19550.08,19578.08,149.1112
2020-04-21 14:00:00,19609.72,19649.51,19551.72,19589.38,97.8102
2020-04-21 15:00:00,19569.47,19590.22,19520.84,19565.53,34.5947
2020-04-21 16:00:00,19643.32,19679.86,19621.18,19633.93,273.009
2020-04-21 17:00:00,19609.3,19657.34,19605.23,19606.24,67.7016
2020-04-21 18:00:00,19589.36,19612.62,19533.69,19575.9,32.9365
2020-04-21 19:00:00,19618.5,19652.42,19558.51,19649.5,45.5036
2020-04-21 20:00:00,19666.79,19706.92,19660.77,19684.38,1.6984
2020-04-21 21:00:00,19748.75,19761.53,19707.19,19717.46,29.4585
2020-04-21 22:00:00,19717.07,19793.17,19660.14,19765.7,20.8201
2020-04-21 23:00:00,19613.17,19635.56,19608.93,19615.92,14.5669
2020-04-22 00:00:00,19715.19,19767.79,19610.39,19692.11,3.2668
2020-04-22 01:00:00,19752.54,19776.64,19701.57,19754.38,25.7315
2020-04-22 02:00:00,19647.97,19666.39,19641.1,19655.93,10.9278
2020-04-22 03:00:00,19636.45,19649.36,19622.0,19633.91,4.6191
2020-04-22 04:00:00,19625.08,19656.59,19598.06,19632.02,14.7714
2020-04-22 05:00:00,19621.38,19639.3,19606.76,19620.78,22.6152
2020-04-22 06:00:00,19642.06,19656.62,19636.26,19655.49,53.779
2020-04-22 07:00:00,19820.08,19914.88,19792.16,19798.13,87.6339
2020-04-22 08:00:00,19935.53,19986.76,19866.95,19907.19,38.9
2020-04-22 09:00:00,19775.93,19801.77,19737.88,19778.57,15.2288
2020-04-22 10:00:00,19814.56,19880.45,19793.93,19842.07,281.8822
2020-04-22 11:00:00,19965.43,19981.59,19925.53,19975.9,72.3305
2020-04-22 12:00:00,20012.84,20046.87,19974.36,20016.53,135.4332
2020-04-22 13:00:00,20137.89,20144.73,20091.97,20127.72,118.5593
2020-04-22 14:00:00,20311.75,20388.12,20302.18,20332.24,33.5328
2020-04-22 15:00:00,20422.63,20479.53,20339.86,20438.35,82.0667
2020-04-22 16:00:00,20476.32,20531.3,20465.61,20465.87,92.1716
2020-04-22 17:00:00,20594.18,20642.41,20516.89,20574.86,43.3542
2020-04-22 18:00:00,20579.02,20641.66,20551.58,20591.82,111.0988
2020-04-22 19:00:00,20568.88,20622.32,20554.45,20596.34,156.3875
2020-04-22 20:00:00,20629.74,20631.52,20533.5,20562.21,45.2888
2020-04-22 21:00:00,20741.24,20766.4,20691.61,20725.0,1.5028
2020-04-22 22:00:00,20636.75,20720.24,20624.12,20642.27,42.9762
2020-04-22 23:00:00,20820.57,20862.66,20792.24,20802.49,12.4221
2020-04-23 00:00:00,20853.96,20886.1,20829.4,20856.56,16.9138
2020-04-23 01:00:00,20730.68,20764.43,20709.56,20712.72,45.5627
2020-04-23 02:00:00,20756.18,20764.92,20740.29,20752.87,23.2716
2020-04-23 03:00:00,20538.91,20572.47,20504.82,20537.04,273.1661
2020-04-23 04:00:00,20600.98,20642.27,20549.84,20603.32,105.7863
2020-04-23 05:00:00,20666.62,20702.98,20610.11,20696.57,73.0567
2020-04-23 06:00:00,20677.34,20707.21,20586.75,20637.35,0.9772
2020-04-23 07:00:00,20632.71,20670.37,20577.08,20652.16,10.9388
2020-04-23 08:00:00,20827.65,20876.32,20820.74,20856.01,155.3426
2020-04-23 09:00:00,20800.93,20833.4,20753.85,20805.36,49.3876
2020-04-23 10:00:00,20677.38,20733.11,20636.72,20697.28,4.6561
2020-04-23 11:00:00,20851.61,20909.49,20837.36,20852.68,174.6169
2020-04-23 12:00:00,21073.88,21095.37,20966.6,21059.4,36.0462
2020-04-23 13:00:00,21082.85,21162.91,21051.98,21061.89,48.8242
2020-04-23 14:00:00,21187.76,21219.42,21123.57,21170.51,366.3955
2020-04-23 15:00:00,21308.11,21323.68,21246.37,21314.63,1.5634
2020-04-23 16:00:00,21238.68,21256.98,21178.34,21237.63,127.7707
2020-04-23 17:00:00,21196.86,21259.42,21148.21,21188.22,297.3661
2020-04-23 18:00:00,21283.26,21380.48,21214.97,21320.74,6.599
2020-04-23 19:00:00,21514.77,21566.16,21454.74,21502.5,201.049
2020-04-23 20:00:00,21533.74,21598.58,21529.48,21565.17,53.8268
2020-04-23 21:00:00,21516.27,21521.35,21422.16,21472.46,210.3706
2020-04-23 22:00:00,21679.17,21696.16,21653.06,21687.94,36.8566
2020-04-23 23:00:00,21628.53,21644.22,21552.35,21632.53,405.4896
2020-04-24 00:00:00,21581.82,21626.01,21542.07,21598.45,104.1427
2020-04-24 01:00:00,21623.94,21693.62,21605.53,21637.58,98.6419
2020-04-24 02:00:00,21857.47,21858.02,21805.8,21807.88,163.9399
2020-04-24 03:00:00,21923.78,21979.43,21893.38,21903.18,57.3741
2020-04-24 04:00:00,21916.8,21967.66,21882.03,21950.8,29.9309
2020-04-24 05:00:00,22036.94,22042.6,21925.85,22003.85,30.5073
2020-04-24 06:00:00,22037.1,22076.67,22002.82,22010.83,40.1379
2020-04-24 07:00:00,22068.25,22101.15,22051.52,22074.46,96.0641
2020-04-24 08:00:00,21804.16,21827.61,21754.25,21797.47,182.2568
2020-04-24 09:00:00,21767.0,21768.35,21743.78,21767.33,69.2303
2020-04-24 10:00:00,21838.76,21876.91,21728.54,21795.77,51.6589
2020-04-24 11:00:00,21655.25,21731.84,21605.04,21672.51,157.914
2020-04-24 12:00:00,21719.71,21741.67,21652.07,21716.54,34.2023
2020-04-24 13:00:00,21687.22,21716.65,21683.55,21696.51,116.8076
2020-04-24 14:00:00,21857.75,21903.32,21794.15,21889.12,11.1832
2020-04-24 15:00:00,22111.82,22200.34,22053.92,22063.47,12.0179
2020-04-24 16:00:00,21988.28,22022.94,21976.45,22014.29,103.298
2020-04-24 17:00:00,22004.73,22037.94,21951.81,21999.89,8.6376
2020-04-24 18:00:00,21955.67,22025.58,21912.32,21993.95,16.8479
2020-04-24 19:00:00,21937.73,21998.28,21896.69,21946.48,97.9148
2020-04-24 20:00:00,21979.35,22060.47,21958.57,21970.08,57.6616
2020-04-24 21:00:00,21870.93,21924.92,21841.93,21888.98,82.3931
2020-04-24 22:00:00,21780.2,21827.4,21702.35,21767.43,376.9782
2020-04-24 23:00:00,21831.5,21910.06,21829.33,21837.38,99.9566
2020-04-25 00:00:00,21933.71,21978.73,21890.62,21908.3,89.3675
2020-04-25 01:00:00,21852.1,21896.65,21768.7,21822.38,47.8259
2020-04-25 02:00:00,21909.4,21956.13,21819.77,21922.26,99.6627
2020-04-25 03:00:00,21856.9,21943.21,21762.78,21855.22,1.3085
2020-04-25 04:00:00,21889.09,21961.75,21868.68,21885.07,81.4909
2020-04-25 05:00:00,21990.64,22045.89,21964.98,21977.03,7.1386
2020-04-25 06:00:00,21975.85,21996.05,21930.3,21975.53,24.8682
2020-04-25 07:00:00,22031.89,22042.47,22022.5,22027.7,82.8099
2020-04-25 08:00:00,21967.67,22012.3,21920.48,21973.02,110.2471
2020-04-25 09:00:00,21956.16,22007.04,21930.51,21953.63,48.5802
2020-04-25 10:00:00,21961.7,22028.02,21902.48,21933.23,54.297
2020-04-25 11:00:00,21867.67,21879.17,21836.51,21853.55,68.92
2020-04-25 12:00:00,21851.73,21877.31,21757.34,21836.42,142.3268
2020-04-25 13:00:00,21685.19,21691.14,21601.47,21669.52,1.7785
2020-04-25 14:00:00,21615.15,21630.99,21568.16,21618.47,59.252
2020-04-25 15:00:00,21596.73,21637.02,21548.35,21589.84,1.4376
2020-04-25 16:00:00,21540.95,21607.32,21487.57,21564.35,38.4401
2020-04-25 17:00:00,21567.8,21579.22,21511.98,21540.47,73.3654
2020-04-25 18:00:00,21476.03,21565.95,21437.51,21535.97,8.3294
2020-04-25 19:00:00,21587.87,21656.45,21550.2,21589.75,66.4003
2020-04-25 20:00:00,21711.05,21795.63,21579.43,21686.31,258.4602
2020-04-25 21:00:00,21588.54,21621.04,21582.93,21618.02,115.627
2020-04-25 22:00:00,21498.72,21547.68,21480.16,21490.13,152.442
2020-04-25 23:00:00,21365.76,21494.49,21269.85,21380.31,86.8487
2020-04-26 00:00:00,21322.5,21396.59,21301.76,21330.37,226.6822
2020-04-26 01:00:00,21315.11,21346.05,21273.82,21294.97,15.8843
2020-04-26 02:00:00,21219.31,21229.54,21164.16,21215.11,59.7448
2020-04-26 03:00:00,21036.86,21098.34,21032.81,21079.75,90.8901
2020-04-26 04:00:00,21013.24,21040.23,20994.38,21033.78,206.7318
2020-04-26 05:00:00,21075.5,21083.78,21033.77,21054.96,36.8184
2020-04-26 06:00:00,21129.19,21196.28,21117.13,21119.71,0.1129
2020-04-26 07:00:00,21099.78,21115.99,20983.03,21062.96,366.5714
2020-04-26 08:00:00,21056.94,21102.72,21005.42,21021.57,2.6321
2020-04-26 09:00:00,20919.11,21002.17,20840.17,20926.27,16.5307
2020-04-26 10:00:00,20977.45,20999.55,20888.52,20925.07,54.8262
2020-04-26 11:00:00,20838.91,20919.02,20825.3,20838.4,68.5913
2020-04-26 12:00:00,20880.08,20936.3,20808.71,20900.2,179.8578
2020-04-26 13:00:00,20702.54,20770.5,20684.83,20715.66,59.3877
2020-04-26 14:00:00,20633.81,20707.18,20592.63,20680.48,79.2811
2020-04-26 15:00:00,20746.97,20787.8,20695.4,20713.69,22.3143
2020-04-26 16:00:00,20767.87,20768.17,20655.7,20734.8,84.2015
2020-04-26 17:00:00,20994.73,21019.25,20987.3,21016.07,42.8299
2020-04-26 18:00:00,21050.13,21123.05,21004.52,21054.93,10.3953
2020-04-26 19:00:00,20953.33,20987.4,20899.85,20951.33,292.738
2020-04-26 20:00:00,20923.31,21035.79,20859.73,20943.43,8.5214
2020-04-26 21:00:00,20723.08,20769.41,20639.47,20759.52,113.2828
2020-04-26 22:00:00,20748.86,20760.52,20736.09,20753.23,238.8068
2020-04-26 23:00:00,20662.22,20743.8,20635.91,20668.86,19.7481
2020-04-27 00:00:00,20757.46,20781.98,20709.64,20765.53,27.0651
2020-04-27 01:00:00,20715.16,20718.95,20688.68,20710.55,55.6358
2020-04-27 02:00:00,20730.12,20771.2,20666.36,20700.53,34.8863
2020-04-27 03:00:00,20630.56,20653.35,20602.77,20636.81,142.3096
2020-04-27 04:00:00,20821.85,20852.94,20764.39,20818.3,41.2721
2020-04-27 05:00:00,20802.05,20895.82,20724.04,20786.94,425.7019
2020-04-27 06:00:00,20991.11,21030.43,20924.65,20979.49,195.7488
2020-04-27 07:00:00,21054.04,21106.85,20999.99,21066.99,225.7078
2020-04-27 08:00:00,21121.91,21128.61,21111.41,21119.87,6.5781
2020-04-27 09:00:00,21172.51,21198.36,21151.14,21160.92,19.3959
2020-04-27 10:00:00,21180.78,21296.22,21120.7,21204.7,18.5569
2020-04-27 11:00:00,21028.98,21073.47,20943.19,21002.45,111.4634
2020-04-27 12:00:00,21005.29,21064.13,20824.14,20975.26,1.1983
2020-04-27 13:00:00,21050.77,21075.25,21043.42,21065.99,164.2096
2020-04-27 14:00:00,21067.03,21101.02,21031.84,21062.95,79.1965
2020-04-27 15:00:00,20930.5,20961.73,20859.03,20917.07,83.5432
2020-04-27 16:00:00,20902.27,21006.46,20894.08,20913.68,77.0755
2020-04-27 17:00:00,21104.13,21104.61,21089.12,21093.97,76.6462
2020-04-27 18:00:00,21231.05,21242.19,21206.24,21227.59,22.0505
2020-04-27 19:00:00,21191.97,21271.22,21154.45,21223.13,33.293
2020-04-27 20:00:00,21336.01,21355.62,21314.62,21326.21,66.8684
2020-04-27 21:00:00,21265.85,21362.35,21260.09,21289.27,113.2721
2020-04-27 22:00:00,21129.85,21242.81,21088.52,21110.02,31.7391
2020-04-27 23:00:00,21000.45,21037.02,20981.51,21014.56,164.0593
2020-04-28 00:00:00,21177.46,21233.65,21153.05,21180.88,166.3858
2020-04-28 01:00:00,21183.01,21186.05,21120.23,21153.98,32.0039
2020-04-28 02:00:00,21140.84,21154.61,21119.91,21130.35,82.1128
2020-04-28 03:00:00,21078.01,21126.35,21040.12,21100.78,42.9127
2020-04-28 04:00:00,21282.17,21333.17,21271.64,21303.79,21.1568
2020-04-28 05:00:00,21466.24,21549.4,21421.18,21479.11,163.9897
2020-04-28 06:00:00,21728.12,21843.77,21718.51,21719.55,476.5482
2020-04-28 07:00:00,21712.23,21744.34,21685.48,21704.45,83.4064
2020-04-28 08:00:00,21720.37,21817.87,21677.4,21738.7,245.2788
2020-04-28 09:00:00,21550.84,21600.16,21518.28,21576.03,102.7694
2020-04-28 10:00:00,21743.64,21813.67,21713.23,21737.52,83.4074
2020-04-28 11:00:00,21608.84,21647.94,21578.79,21612.77,65.4205
2020-04-28 12:00:00,21685.03,21754.7,21610.42,21638.35,26.8814
2020-04-28 13:00:00,21522.59,21532.29,21504.37,21521.8,8.8018
2020-04-28 14:00:00,21499.52,21525.73,21435.07,21460.58,58.3999
2020-04-28 15:00:00,21347.87,21377.82,21303.0,21372.89,82.3962
2020-04-28 16:00:00,21276.54,21324.15,21272.66,21310.07,71.2227
2020-04-28 17:00:00,21230.95,21282.94,21171.27,21254.75,118.9316
2020-04-28 18:00:00,21223.82,21264.98,21170.23,21198.61,21.3315
2020-04-28 19:00:00,21326.44,21371.15,21282.28,21289.06,43.727
2020-04-28 20:00:00,21157.02,21195.2,21154.48,21173.58,53.7114
2020-04-28 21:00:00,21189.28,21209.47,21134.89,21199.05,20.6438
2020-04-28 22:00:00,21305.33,21364.15,21296.98,21330.26,236.9411
2020-04-28 23:00:00,21239.12,21361.2,21188.41,21277.66,114.4169
2020-04-29 00:00:00,21218.65,21227.58,21182.97,21203.41,9.6359
2020-04-29 01:00:00,21185.82,21188.04,21162.88,21181.09,124.757
2020-04-29 02:00:00,21308.38,21317.46,21286.01,21308.15,79.3603
2020-04-29 03:00:00,21301.1,21334.7,21235.61,21330.96,74.2212
2020-04-29 04:00:00,21311.33,21329.74,21232.73,21276.44,458.3974
2020-04-29 05:00:00,21319.31,21354.56,21308.28,21330.04,96.2861
2020-04-29 06:00:00,21225.94,21273.89,21210.93,21214.62,227.0391
2020-04-29 07:00:00,21258.05,21309.18,21226.78,21289.01,244.8177
2020-04-29 08:00:00,21330.57,21341.06,21260.15,21334.63,10.6938
2020-04-29 09:00:00,21310.14,21339.87,21281.28,21303.93,0.8397
2020-04-29 10:00:00,21223.68,21258.29,21200.97,21216.74,57.1402
2020-04-29 11:00:00,21128.06,21136.8,21112.43,21124.8,146.6572
2020-04-29 12:00:00,21193.87,21225.9,21168.36,21183.4,173.8385
2020-04-29 13:00:00,21291.59,21318.1,21261.0,21315.69,154.8785
2020-04-29 14:00:00,21254.09,21280.83,21186.0,21249.9,59.2918
2020-04-29 15:00:00,21303.15,21326.65,21298.66,21300.72,138.6151
2020-04-29 16:00:00,21085.46,21106.0,21046.99,21080.58,126.8606
2020-04-29 17:00:00,21022.59,21026.48,20965.54,21021.07,37.6614
2020-04-29 18:00:00,20993.14,21063.03,20986.84,21019.9,18.4789
2020-04-29 19:00:00,20898.82,20978.2,20875.33,20926.4,97.1324
2020-04-29 20:00:00,20784.38,20861.22,20774.04,20830.5,113.037
2020-04-29 21:00:00,20780.01,20804.42,20754.68,20763.03,83.9262
2020-04-29 22:00:00,20812.66,20856.7,20758.4,20795.44,23.9755
2020-04-29 23:00:00,20795.57,20818.2,20729.08,20778.05,32.3894
2020-04-30 00:00:00,20553.9,20634.21,20546.97,20547.59,123.2668
2020-04-30 01:00:00,20288.4,20343.23,20265.26,20331.77,328.6683
2020-04-30 02:00:00,20251.3,20358.33,20172.49,20272.11,289.7437
2020-04-30 03:00:00,20323.99,20328.88,20300.25,20320.53,73.3257
2020-04-30 04:00:00,20046.13,20056.5,19969.56,20043.41,217.6477
2020-04-30 05:00:00,19990.88,19998.29,19971.72,19995.33,2.9894
2020-04-30 06:00:00,19952.08,19955.75,19883.38,19944.72,197.4376
2020-04-30 07:00:00,20085.4,20116.48,20059.69,20085.16,64.6551
2020-04-30 08:00:00,20050.93,20097.0,20030.15,20048.51,152.1094
2020-04-30 09:00:00,20076.06,20109.05,20037.25,20088.9,0.5599
2020-04-30 10:00:00,20124.84,20167.3,20080.03,20105.1,202.9211
2020-04-30 11:00:00,19884.36,19990.21,19880.61,19892.93,90.3818
2020-04-30 12:00:00,19944.76,19988.66,19894.4,19971.33,27.474
2020-04-30 13:00:00,19979.42,20008.94,19933.2,19994.84,42.6918
2020-04-30 14:00:00,20040.67,20078.57,19940.05,20047.65,22.3977
2020-04-30 15:00:00,20463.54,20509.61,20378.95,20443.22,55.2352
2020-04-30 16:00:00,20231.38,20265.21,20174.58,20232.23,40.0487
2020-04-30 17:00:00,20404.93,20444.52,20385.82,20408.73,76.465
2020-04-30 18:00:00,20355.99,20418.21,20342.41,20381.43,168.6235
2020-04-30 19:00:00,20428.79,20467.7,20401.75,20412.75,403.2794
2020-04-30 20:00:00,20396.84,20425.79,20347.67,20410.15,28.9627
2020-04-30 21:00:00,20366.86,20399.79,20365.35,20368.9,11.2618
2020-04-30 22:00:00,20342.97,20378.88,20247.44,20312.9,50.363
2020-04-30 23:00:00,20358.75,20435.21,20329.02,20348.4,15.4964
2020-05-01 00:00:00,20163.19,20231.41,20073.11,20196.07,179.7216
2020-05-01 01:00:00,20238.01,20301.77,20212.12,20273.89,69.5399
2020-05-01 02:00:00,20232.42,20319.15,20225.59,20233.72,96.7485
2020-05-01 03:00:00,20097.02,20138.7,20092.21,20121.42,16.324
2020-05-01 04:00:00,20091.18,20182.63,20038.54,20078.16,138.4731
2020-05-01 05:00:00,20207.22,20240.76,20189.98,20206.37,363.3703
2020-05-01 06:00:00,20157.64,20213.8,20117.21,20154.31,65.8524
2020-05-01 07:00:00,20178.17,20201.09,20157.74,20192.44,328.2276
2020-05-01 08:00:00,20155.7,20190.53,20103.22,20120.66,3.5333
2020-05-01 09:00:00,20256.34,20354.6,20062.87,20198.92,3.6376
2020-05-01 10:00:00,20264.53,20296.3,20237.48,20270.18,321.9199
2020-05-01 11:00:00,20466.79,20514.79,20409.73,20459.56,120.4859
2020-05-01 12:00:00,20445.64,20461.95,20430.25,20443.65,20.9105
2020-05-01 13:00:00,20508.71,20516.57,20478.15,20514.04,45.236
2020-05-01 14:00:00,20509.07,20533.25,20446.07,20526.15,70.8775
2020-05-01 15:00:00,20638.78,20670.76,20593.81,20661.2,121.2804
2020-05-01 16:00:00,20565.63,20637.43,20560.51,20589.01,184.5328
2020-05-01 17:00:00,20676.14,20704.57,20607.7,20667.76,8.6273
2020-05-01 18:00:00,20638.98,20666.91,20601.71,20649.71,106.8784
2020-05-01 19:00:00,20591.92,20649.83,20517.26,20645.15,64.7622
2020-05-01 20:00:00,20665.87,20688.88,20655.49,20656.68,91.0364
2020-05-01 21:00:00,20684.01,20720.75,20659.72,20684.8,71.0358
2020-05-01 22:00:00,20702.69,20734.15,20647.1,20674.85,59.9098
2020-05-01 23:00:00,20706.83,20722.18,20652.1,20699.11,23.0058
2020-05-02 00:00:00,20833.66,20887.01,20765.96,20864.51,63.9295
2020-05-02 01:00:00,20922.64,20990.63,20909.57,20969.4,21.0295
2020-05-02 02:00:00,21047.47,21081.71,21025.73,21062.62,4.5637
2020-05-02 03:00:00,21003.62,21019.41,20984.05,21016.76,46.8125
2020-05-02 04:00:00,20945.15,20985.99,20859.62,20925.41,2.5272
2020-05-02 05:00:00,21027.27,21052.85,21011.56,21027.46,82.6781
2020-05-02 06:00:00,21145.61,21195.19,21043.73,21121.66,7.5147
2020-05-02 07:00:00,21251.11,21285.48,21200.25,21279.3,57.546
2020-05-02 08:00:00,21237.65,21295.56,21208.89,21217.17,391.919
2020-05-02 09:00:00,21210.22,21221.99,21182.98,21194.94,0.9931
2020-05-02 10:00:00,20980.88,21035.11,20948.7,21023.31,45.7055
2020-05-02 11:00:00,21011.92,21115.45,20931.13,20984.16,111.8599
2020-05-02 12:00:00,21092.79,21115.18,21089.85,21090.82,17.3065
2020-05-02 13:00:00,21051.99,21059.68,20994.22,21043.74,82.2649
2020-05-02 14:00:00,21094.97,21163.14,21071.68,21113.23,29.8663
2020-05-02 15:00:00,21122.13,21131.24,21067.57,21095.23,25.2017
2020-05-02 16:00:00,21106.46,21162.61,21096.62,21131.52,225.3638
2020-05-02 17:00:00,21029.86,21079.91,20986.45,21012.37,22.7253
2020-05-02 18:00:00,21040.68,21046.22,20993.62,21023.43,47.2489
2020-05-02 19:00:00,20690.93,20711.14,20654.25,20711.11,18.5845
2020-05-02 20:00:00,20734.87,20800.12,20687.28,20693.83,33.3918
2020-05-02 21:00:00,20531.94,20582.84,20511.52,20527.19,34.6876
2020-05-02 22:00:00,20666.53,20672.55,20593.52,20653.02,39.5673
2020-05-02 23:00:00,20703.7,20777.07,20688.94,20735.37,102.4619
2020-05-03 00:00:00,20829.84,20860.66,20782.85,20785.82,135.7096
2020-05-03 01:00:00,20920.33,21037.29,20916.87,20945.98,71.4718
2020-05-03 02:00:00,20870.06,20887.98,20843.08,20848.69,94.283
2020-05-03 03:00:00,21012.01,21071.14,20998.88,21032.93,167.8085
2020-05-03 04:00:00,21119.98,21151.57,21062.4,21133.07,773.024
2020-05-03 05:00:00,21126.83,21157.17,21084.35,21110.18,60.9737
2020-05-03 06:00:00,21253.98,21271.67,21202.97,21232.16,275.5684
2020-05-03 07:00:00,21089.99,21201.73,21035.79,21116.84,67.407
2020-05-03 08:00:00,21054.83,21084.96,21008.08,21031.89,152.3259
2020-05-03 09:00:00,20991.91,20997.07,20960.94,20970.0,85.1494
2020-05-03 10:00:00,20897.01,20928.02,20872.28,20916.63,215.4503
2020-05-03 11:00:00,20841.49,20852.69,20738.33,20808.23,59.5482
2020-05-03 12:00:00,20907.05,20938.15,20898.77,20937.56,119.0119
2020-05-03 13:00:00,20899.49,20939.88,20852.87,20912.55,62.795
2020-05-03 14:00:00,20961.54,20963.72,20948.9,20951.5,194.5102
2020-05-03 15:00:00,20876.02,20950.75,20814.15,20893.85,517.9411
2020-05-03 16:00:00,20711.2,20735.04,20701.22,20705.74,27.8808
2020-05-03 17:00:00,20740.77,20761.45,20704.42,20735.77,64.3099
2020-05-03 18:00:00,20535.74,20548.03,20428.15,20539.58,8.4748
2020-05-03 19:00:00,20551.68,20595.88,20531.27,20534.59,15.1981
2020-05-03 20:00:00,20391.5,20397.39,20370.38,20396.15,264.7193
2020-05-03 21:00:00,20605.63,20651.43,20552.33,20600.86,78.4416
2020-05-03 22:00:00,20720.52,20778.84,20624.07,20696.79,50.2719
2020-05-03 23:00:00,20726.18,20750.32,20682.84,20709.81,111.3165
2020-05-04 00:00:00,20859.11,20890.32,20803.82,20842.73,82.1347
2020-05-04 01:00:00,20732.77,20762.05,20679.5,20756.62,34.0686
2020-05-04 02:00:00,20826.02,20877.62,20747.58,20815.1,25.6978
2020-05-04 03:00:00,20819.67,20900.39,20766.9,20837.98,89.2183
2020-05-04 04:00:00,20840.83,20883.93,20825.53,20867.57,20.8582
2020-05-04 05:00:00,21000.9,21016.81,20972.27,21002.41,14.9861
2020-05-04 06:00:00,21062.37,21117.91,21037.89,21081.43,38.3294
2020-05-04 07:00:00,21130.66,21167.55,21051.89,21113.97,197.5738
2020-05-04 08:00:00,20958.43,20974.23,20935.05,20941.38,3.7514
2020-05-04 09:00:00,20803.29,20872.59,20772.24,20842.95,179.1357
2020-05-04 10:00:00,20814.99,20857.47,20794.59,20832.24,97.015
2020-05-04 11:00:00,20813.62,20850.66,20776.29,20844.05,4.121
2020-05-04 12:00:00,20718.76,20765.25,20639.2,20728.35,92.1401
2020-05-04 13:00:00,20989.92,21019.85,20854.61,20980.37,55.516
2020-05-04 14:00:00,21136.42,21159.98,21098.62,21141.54,183.9654
2020-05-04 15:00:00,21194.8,21247.13,21183.15,21207.3,237.7295
2020-05-04 16:00:00,21244.65,21265.33,21216.28,21217.06,33.7563
2020-05-04 17:00:00,21147.82,21219.75,21092.6,21196.67,153.3264
2020-05-04 18:00:00,21124.0,21190.83,21025.75,21097.9,37.0778
2020-05-04 19:00:00,21096.7,21161.33,21069.92,21108.19,35.0459
2020-05-04 20:00:00,21135.85,21152.54,21120.56,21137.5,21.3984
2020-05-04 21:00:00,20997.3,21043.28,20972.7,21008.38,113.4724
2020-05-04 22:00:00,21078.05,21082.06,21007.69,21045.58,30.3385
2020-05-04 23:00:00,21005.46,21083.43,20965.38,21031.35,62.5224
2020-05-05 00:00:00,20833.08,20924.69,20811.19,20832.83,167.1995
2020-05-05 01:00:00,20756.23,20770.49,20716.12,20745.29,156.9798
2020-05-05 02:00:00,20671.11,20714.14,20655.53,20704.47,193.4079
2020-05-05 03:00:00,20882.73,20942.8,20869.05,20901.95,17.5621
2020-05-05 04:00:00,20959.1,20997.51,20932.13,20962.21,88.4048
2020-05-05 05:00:00,20805.87,20929.24,20771.37,20824.33,246.3222
2020-05-05 06:00:00,20859.99,20877.14,20845.22,20877.02,4.296
2020-05-05 07:00:00,20710.35,20733.94,20690.31,20717.59,158.244
2020-05-05 08:00:00,20845.35,20861.89,20822.36,20831.82,28.2678
2020-05-05 09:00:00,20777.71,20792.88,20752.1,20784.83,110.7613
2020-05-05 10:00:00,20799.58,20803.13,20768.81,20777.18,126.3741
2020-05-05 11:00:00,20896.12,20953.1,20829.42,20916.99,259.81
2020-05-05 12:00:00,20758.44,20814.99,20699.44,20784.46,71.0903
2020-05-05 13:00:00,20681.11,20749.57,20563.49,20641.35,188.5396
2020-05-05 14:00:00,20569.64,20618.08,20565.54,20583.18,4.6377
2020-05-05 15:00:00,20664.98,20749.92,20657.53,20692.1,54.5663
2020-05-05 16:00:00,20501.2,20537.8,20462.11,20536.98,57.896
2020-05-05 17:00:00,20269.98,20271.15,20164.5,20248.22,77.2793
2020-05-05 18:00:00,20197.67,20251.88,20141.91,20204.56,65.6508
2020-05-05 19:00:00,20257.18,20312.14,20181.92,20262.32,344.0818
2020-05-05 20:00:00,20382.7,20407.88,20338.35,20385.95,8.1795
2020-05-05 21:00:00,20361.38,20448.84,20255.25,20340.78,30.7907
2020-05-05 22:00:00,20297.32,20356.8,20266.3,20300.97,346.1864
2020-05-05 23:00:00,20467.99,20478.25,20352.9,20420.13,58.9332
2020-05-06 00:00:00,20233.97,20252.73,20168.84,20231.27,84.6665
2020-05-06 01:00:00,20215.43,20268.89,20137.12,20193.99,8.4497
2020-05-06 02:00:00,20231.51,20281.3,20174.14,20215.23,33.4146
2020-05-06 03:00:00,20261.92,20279.45,20189.16,20262.66,4.0459
2020-05-06 04:00:00,20201.17,20257.81,20199.98,20213.04,14.7926
2020-05-06 05:00:00,20225.25,20229.46,20159.8,20218.54,100.3252
2020-05-06 06:00:00,19979.2,20060.83,19935.91,19969.01,144.2325
2020-05-06 07:00:00,19893.89,19919.12,19851.96,19905.28,204.0874
2020-05-06 08:00:00,19955.73,19994.1,19946.86,19952.41,28.9636
2020-05-06 09:00:00,19880.96,19896.15,19809.12,19856.41,40.4761
2020-05-06 10:00:00,19905.37,19954.17,19825.24,19864.25,84.2572
2020-05-06 11:00:00,19927.63,19996.18,19880.01,19910.62,8.7396
2020-05-06 12:00:00,19915.54,19971.45,19862.71,19878.51,164.3606
2020-05-06 13:00:00,19884.92,19903.97,19822.95,19897.44,66.0277
2020-05-06 14:00:00,19817.55,19853.12,19737.95,19803.65,336.7015
2020-05-06 15:00:00,19811.66,19828.53,19749.25,19785.17,12.4788
2020-05-06 16:00:00,19829.73,19859.26,19821.54,19847.52,14.3051
2020-05-06 17:00:00,19855.43,19880.32,19848.26,19865.08,42.8597
2020-05-06 18:00:00,19843.24,19884.5,19788.43,19808.81,23.1632
2020-05-06 19:00:00,19813.66,19874.11,19783.09,19833.0,119.2671
2020-05-06 20:00:00,19879.15,19946.09,19832.43,19905.85,293.3893
2020-05-06 21:00:00,19733.91,19758.29,19633.5,19703.81,9.4206
2020-05-06 22:00:00,19843.69,19863.84,19771.14,19819.97,27.7384
2020-05-06 23:00:00,19797.18,19840.21,19773.92,19788.63,27.1675
2020-05-07 00:00:00,19831.8,19837.32,19809.19,19832.71,71.146
2020-05-07 01:00:00,19944.66,19995.7,19925.31,19953.41,60.1526
2020-05-07 02:00:00,19824.15,19864.73,19772.51,19818.56,129.7794
2020-05-07 03:00:00,19781.44,19825.91,19724.47,19750.24,131.9126
2020-05-07 04:00:00,19728.43,19750.04,19710.78,19723.72,85.0396
2020-05-07 05:00:00,19690.98,19694.15,19639.09,19648.4,89.4095
2020-05-07 06:00:00,19803.01,19843.03,19791.06,19820.81,184.7165
2020-05-07 07:00:00,19737.49,19741.94,19699.58,19737.88,50.5733
2020-05-07 08:00:00,19677.69,19727.55,19635.95,19685.03,1.242
2020-05-07 09:00:00,19685.73,19754.11,19634.85,19707.12,23.9566
2020-05-07 10:00:00,19587.63,19606.78,19557.89,19590.63,3.6002
2020-05-07 11:00:00,19561.99,19591.4,19539.28,19553.83,50.0044
2020-05-07 12:00:00,19597.09,19598.61,19584.5,19586.82,44.2911
2020-05-07 13:00:00,19598.63,19625.47,19494.82,19556.19,10.3839
2020-05-07 14:00:00,19558.09,19627.25,19498.92,19549.01,140.6602
2020-05-07 15:00:00,19521.65,19562.85,19421.47,19499.22,80.5333
2020-05-07 16:00:00,19354.8,19418.2,19323.31,19353.52,25.5798
2020-05-07 17:00:00,19419.11,19428.69,19352.83,19386.57,142.3482
2020-05-07 18:00:00,19605.53,19613.86,19553.37,19558.62,110.2413
2020-05-07 19:00:00,19572.77,19583.83,19546.46,19562.38,21.2692
2020-05-07 20:00:00,19566.93,19588.39,19561.36,19586.37,406.7995
2020-05-07 21:00:00,19645.38,19673.06,19630.07,19656.17,19.5317
2020-05-07 22:00:00,19538.89,19559.48,19483.87,19533.38,147.7096
2020-05-07 23:00:00,19710.61,19714.58,19698.04,19701.61,345.1012
2020-05-08 00:00:00,19737.29,19783.53,19675.58,19723.52,129.2812
2020-05-08 01:00:00,19895.57,19905.67,19842.68,19886.42,109.5947
2020-05-08 02:00:00,19815.66,19913.1,19805.73,19815.52,233.6364
2020-05-08 03:00:00,19984.91,20014.18,19864.89,19997.63,31.3523
2020-05-08 04:00:00,20085.19,20141.8,20037.95,20077.14,32.4562
2020-05-08 05:00:00,20172.01,20175.89,20121.98,20134.66,102.488
2020-05-08 06:00:00,20180.8,20229.01,20063.27,20160.24,213.8239
2020-05-08 07:00:00,20147.97,20148.08,20117.7,20137.2,96.0698
2020-05-08 08:00:00,20280.95,20304.4,20241.63,20260.09,377.4383
2020-05-08 09:00:00,20268.81,20337.28,20192.77,20276.33,25.2189
2020-05-08 10:00:00,20068.73,20140.83,20030.54,20078.94,174.8008
2020-05-08 11:00:00,19953.85,20007.74,19941.51,19968.79,262.0914
2020-05-08 12:00:00,19949.73,19957.46,19930.4,19952.23,55.6874
2020-05-08 13:00:00,19976.71,20003.16,19916.07,19985.15,326.9709
2020-05-08 14:00:00,20005.63,20036.04,19918.78,19981.49,22.5832
2020-05-08 15:00:00,20095.72,20114.76,20072.19,20105.27,305.4081
2020-05-08 16:00:00,19895.16,19939.72,19860.3,19911.15,233.1067
2020-05-08 17:00:00,19966.14,20005.77,19909.72,19927.43,6.8435
2020-05-08 18:00:00,19739.37,19773.29,19702.7,19748.29,73.6747
2020-05-08 19:00:00,19828.32,19865.74,19820.8,19825.28,75.2556
2020-05-08 20:00:00,19826.84,19885.74,19786.52,19817.9,5.8661
2020-05-08 21:00:00,19838.88,19862.85,19822.65,19861.46,4.0334
2020-05-08 22:00:00,19802.09,19912.48,19745.51,19777.65,0.511
2020-05-08 23:00:00,19918.84,19926.77,19905.21,19906.16,74.3407
2020-05-09 00:00:00,20043.02,20044.32,20002.43,20011.83,62.3277
2020-05-09 01:00:00,20058.59,20081.56,20017.83,20072.22,282.111
2020-05-09 02:00:00,20063.22,20076.71,20054.04,20061.23,41.9016
2020-05-09 03:00:00,20122.19,20141.38,20056.68,20121.4,107.361
2020-05-09 04:00:00,20057.58,20091.24,20021.91,20052.29,0.7592
2020-05-09 05:00:00,20110.78,20187.07,20079.37,20140.08,108.9271
2020-05-09 06:00:00,20310.44,20360.69,20271.49,20308.19,244.7149
2020-05-09 07:00:00,20389.81,20482.24,20380.07,20418.94,43.8145
2020-05-09 08:00:00,20353.78,20390.95,20346.39,20346.49,37.6961
2020-05-09 09:00:00,20341.9,20422.54,20287.97,20385.29,98.3579
2020-05-09 10:00:00,20218.02,20272.16,20214.11,20255.52,39.8319
2020-05-09 11:00:00,20332.15,20380.43,20292.55,20315.52,51.4864
2020-05-09 12:00:00,20352.19,20383.39,20292.54,20363.32,31.8989
2020-05-09 13:00:00,20155.05,20219.47,20134.04,20174.98,42.2951
2020-05-09 14:00:00,20085.3,20114.93,20037.04,20059.8,113.7594
2020-05-09 15:00:00,20039.97,20119.34,19989.76,20033.41,255.5868
2020-05-09 16:00:00,20022.72,20029.56,19992.64,20005.28,87.4946
2020-05-09 17:00:00,19882.99,19910.59,19839.72,19886.3,1.0084
2020-05-09 18:00:00,19980.36,19982.41,19855.42,19926.96,30.6379
2020-05-09 19:00:00,19941.95,19960.02,19924.41,19954.01,304.1536
2020-05-09 20:00:00,19971.41,19976.86,19929.88,19936.63,241.1527
2020-05-09 21:00:00,19862.06,19864.23,19842.14,19863.28,12.2899
2020-05-09 22:00:00,19936.38,20006.63,19900.07,19969.42,239.051
2020-05-09 23:00:00,20146.43,20157.8,20091.06,20136.7,333.904
2020-05-10 00:00:00,20096.36,20152.97,20043.57,20090.03,39.2409
2020-05-10 01:00:00,20009.49,20059.27,19973.06,20030.55,120.7334
2020-05-10 02:00:00,20063.23,20086.52,20038.87,20081.75,82.0941
2020-05-10 03:00:00,20047.31,20138.4,20012.85,20047.81,41.1055
2020-05-10 04:00:00,20042.85,20073.67,20029.68,20035.84,16.6451
2020-05-10 05:00:00,20062.25,20194.53,20022.46,20111.94,45.7159
2020-05-10 06:00:00,19942.93,19969.63,19909.62,19921.95,262.8268
2020-05-10 07:00:00,20045.34,20107.11,20034.02,20055.25,166.7323
2020-05-10 08:00:00,20037.83,20080.8,20023.7,20064.55,40.1485
2020-05-10 09:00:00,20044.12,20064.93,20006.54,20025.27,79.3355
2020-05-10 10:00:00,20017.87,20106.35,20013.3,20018.34,52.0811
2020-05-10 11:00:00,20040.93,20045.59,19991.29,20016.58,62.7805
2020-05-10 12:00:00,19854.01,19932.74,19819.14,19845.32,143.2174
2020-05-10 13:00:00,19995.61,20033.78,19969.58,19995.64,78.3085
2020-05-10 14:00:00,19998.72,20011.05,19964.44,20001.77,19.9725
2020-05-10 15:00:00,20057.75,20060.56,20020.04,20048.08,31.3391
2020-05-10 16:00:00,20137.14,20167.94,20106.89,20145.47,83.8853
2020-05-10 17:00:00,20027.53,20133.84,20008.91,20044.62,118.032
2020-05-10 18:00:00,20106.33,20106.6,20046.92,20094.08,70.9521
2020-05-10 19:00:00,20066.3,20085.64,19975.13,20069.2,96.8138
2020-05-10 20:00:00,20156.85,20206.11,20121.76,20156.18,155.7685
2020-05-10 21:00:00,19965.53,19994.57,19865.01,19943.81,78.832
2020-05-10 22:00:00,19933.65,20000.79,19908.86,19935.92,378.062
2020-05-10 23:00:00,19878.12,19928.32,19848.65,19877.82,26.8623
2020-05-11 00:00:00,19910.83,19940.69,19859.6,19922.77,252.1839
2020-05-11 01:00:00,19980.19,20042.02,19934.57,19971.59,28.4567
2020-05-11 02:00:00,19909.89,19912.11,19876.39,19902.92,75.8528
2020-05-11 03:00:00,19851.91,19893.0,19827.3,19834.04,60.8635
2020-05-11 04:00:00,19813.57,19873.19,19781.91,19825.05,46.6623
2020-05-11 05:00:00,19729.12,19792.54,19694.59,19738.15,328.9692
2020-05-11 06:00:00,19838.93,19898.94,19791.87,19823.22,31.7869
2020-05-11 07:00:00,19793.6,19824.93,19774.34,19788.61,112.3527
2020-05-11 08:00:00,19485.29,19539.74,19474.2,19502.96,162.9991
2020-05-11 09:00:00,19493.8,19547.48,19403.58,19468.36,21.9409
2020-05-11 10:00:00,19336.32,19388.24,19291.25,19369.22,361.7598
2020-05-11 11:00:00,19228.24,19272.96,19192.82,19213.17,79.107
2020-05-11 12:00:00,19072.06,19113.22,19023.82,19096.22,245.913
2020-05-11 13:00:00,19144.61,19169.93,19076.55,19108.57,109.029
2020-05-11 14:00:00,19207.71,19263.11,19182.61,19237.43,104.8186
2020-05-11 15:00:00,19291.68,19302.15,19256.54,19269.48,42.4015
2020-05-11 16:00:00,19211.4,19222.75,19170.68,19212.97,147.2245
2020-05-11 17:00:00,19251.63,19283.73,19225.48,19258.69,3.0239
2020-05-11 18:00:00,19219.97,19284.35,19191.56,19216.4,81.1526
2020-05-11 19:00:00,19163.69,19207.54,19150.24,19151.59,3.2667
2020-05-11 20:00:00,19025.74,19084.21,19025.0,19042.96,36.654
2020-05-11 21:00:00,18862.67,18908.05,18855.74,18878.07,10.1253
2020-05-11 22:00:00,18855.39,18874.99,18818.21,18843.15,242.5782
2020-05-11 23:00:00,18827.72,18906.86,18818.58,18859.93,98.9562
2020-05-12 00:00:00,18841.69,18876.58,18813.75,18852.7,110.4159
2020-05-12 01:00:00,18872.59,18876.9,18745.4,18815.37,190.4671
2020-05-12 02:00:00,18710.15,18775.6,18706.31,18728.28,132.0628
2020-05-12 03:00:00,18808.68,18839.05,18781.21,18787.11,13.2612
2020-05-12 04:00:00,18654.33,18685.81,18627.82,18665.27,96.1127
2020-05-12 05:00:00,18749.1,18812.25,18737.21,18739.56,382.4504
2020-05-12 06:00:00,18659.73,18663.05,18615.6,18647.52,24.0946
2020-05-12 07:00:00,18600.21,18620.96,18537.92,18579.23,96.6831
2020-05-12 08:00:00,18441.14,18454.14,18384.52,18444.83,82.9229
2020-05-12 09:00:00,18437.03,18452.36,18387.16,18400.44,49.6998
2020-05-12 10:00:00,18481.11,18502.21,18445.59,18492.01,309.3023
2020-05-12 11:00:00,18545.87,18562.9,18482.35,18541.53,44.0678
2020-05-12 12:00:00,18638.66,18654.77,18603.64,18634.09,9.8363
2020-05-12 13:00:00,18663.64,18689.15,18612.19,18684.6,328.4561
2020-05-12 14:00:00,18578.05,18639.84,18527.89,18583.37,130.6449
2020-05-12 15:00:00,18557.48,18588.38,18511.88,18554.49,41.9234
2020-05-12 16:00:00,18475.97,18508.21,18465.56,18483.96,32.9215
2020-05-12 17:00:00,18654.2,18700.1,18550.62,18608.78,263.146
2020-05-12 18:00:00,18483.77,18545.38,18466.62,18499.29,31.9586
2020-05-12 19:00:00,18605.72,18641.98,18572.28,18583.8,77.0369
2020-05-12 20:00:00,18684.62,18694.65,18663.65,18668.63,24.2014
2020-05-12 21:00:00,18841.02,18954.28,18783.1,18841.28,534.2189
2020-05-12 22:00:00,18788.3,18851.32,18722.07,18804.57,146.7542
2020-05-12 23:00:00,18858.93,18909.26,18839.69,18873.43,83.8485
2020-05-13 00:00:00,19080.74,19119.12,19043.02,19090.63,136.9738
2020-05-13 01:00:00,18999.59,19036.09,18976.5,19033.58,248.1329
2020-05-13 02:00:00,18870.44,18918.74,18823.12,18889.4,330.02
2020-05-13 03:00:00,18685.98,18753.77,18668.04,18713.72,154.1868
2020-05-13 04:00:00,18807.56,18844.99,18745.09,18782.28,189.0912
2020-05-13 05:00:00,18618.82,18641.09,18592.14,18607.31,50.7156
2020-05-13 06:00:00,18589.13,18592.92,18532.51,18574.53,49.7289
2020-05-13 07:00:00,18627.97,18662.28,18603.32,18617.01,165.1806
2020-05-13 08:00:00,18639.22,18667.11,18581.37,18636.1,142.5556
2020-05-13 09:00:00,18704.89,18709.64,18672.01,18677.61,231.2451
2020-05-13 10:00:00,18688.82,18714.76,18680.72,18700.24,14.2727
2020-05-13 11:00:00,18823.69,18921.14,18819.15,18821.68,117.3809
2020-05-13 12:00:00,18747.94,18748.57,18683.64,18733.95,104.3125
2020-05-13 13:00:00,18647.73,18700.27,18632.71,18672.4,160.2064
2020-05-13 14:00:00,18659.74,18712.07,18590.41,18602.13,2.4859
2020-05-13 15:00:00,18681.75,18791.7,18670.6,18681.21,175.0152
2020-05-13 16:00:00,18769.85,18783.33,18757.11,18767.18,39.5158
2020-05-13 17:00:00,18835.04,18899.92,18755.71,18811.4,116.1942
2020-05-13 18:00:00,18941.91,18946.34,18881.24,18924.6,95.8571
2020-05-13 19:00:00,18815.74,18823.47,18772.42,18815.02,58.0173
2020-05-13 20:00:00,18976.21,19051.03,18897.58,18973.75,137.0529
2020-05-13 21:00:00,19091.39,19183.88,19067.86,19120.15,324.9823
2020-05-13 22:00:00,19181.71,19225.61,19167.38,19192.39,39.0786
2020-05-13 23:00:00,19375.31,19398.04,19359.09,19365.29,138.0057
2020-05-14 00:00:00,19215.35,19241.4,19146.97,19206.82,37.7661
2020-05-14 01:00:00,19181.78,19191.94,19153.35,19158.38,186.8553
2020-05-14 02:00:00,19087.56,19099.07,19063.69,19089.86,57.4961
2020-05-14 03:00:00,19134.05,19220.35,19131.81,19160.63,59.6503
2020-05-14 04:00:00,19082.09,19122.61,19057.77,19061.94,147.7886
2020-05-14 05:00:00,19163.53,19167.66,19127.12,19136.05,68.5516
2020-05-14 06:00:00,19286.4,19290.29,19242.08,19269.09,31.0125
2020-05-14 07:00:00,19334.83,19361.21,19306.54,19338.0,541.1919
2020-05-14 08:00:00,19387.6,19418.37,19323.52,19367.37,96.8177
2020-05-14 09:00:00,19339.73,19352.0,19270.77,19273.64,103.6059
2020-05-14 10:00:00,19196.17,19263.33,19186.56,19193.96,104.0104
2020-05-14 11:00:00,19290.47,19346.31,19220.09,19315.81,214.8655
2020-05-14 12:00:00,19381.64,19433.89,19381.23,19393.01,20.3184
2020-05-14 13:00:00,19403.29,19483.18,19343.58,19391.16,6.0973
2020-05-14 14:00:00,19321.53,19423.1,19297.3,19352.58,48.8902
2020-05-14 15:00:00,19161.74,19194.63,19089.38,19158.49,83.2191
2020-05-14 16:00:00,19065.08,19092.62,18984.46,19057.83,33.6466
2020-05-14 17:00:00,19271.41,19315.14,19228.86,19241.87,116.8628
2020-05-14 18:00:00,19145.66,19216.67,19087.53,19120.61,7.679
2020-05-14 19:00:00,19157.18,19215.92,19129.8,19140.63,156.4032
2020-05-14 20:00:00,19197.36,19275.75,19176.0,19238.96,126.6153
2020-05-14 21:00:00,19137.78,19171.57,19086.12,19120.17,24.0728
2020-05-14 22:00:00,19153.24,19189.05,19129.24,19139.74,35.4469
2020-05-14 23:00:00,19236.33,19299.4,19176.08,19231.41,164.5076
2020-05-15 00:00:00,19201.26,19276.09,19154.7,19234.54,148.4295
2020-05-15 01:00:00,19497.17,19567.53,19486.0,19512.32,168.0752
2020-05-15 02:00:00,19328.9,19378.92,19290.73,19351.48,38.8966
2020-05-15 03:00:00,19416.65,19468.94,19373.26,19455.86,349.2365
2020-05-15 04:00:00,19440.94,19490.43,19434.4,19440.99,125.6454
2020-05-15 05:00:00,19502.4,19522.73,19464.67,19517.97,6.7424
2020-05-15 06:00:00,19614.35,19618.71,19488.17,19562.99,64.958
2020-05-15 07:00:00,19489.94,19505.52,19443.54,19493.23,109.2274
2020-05-15 08:00:00,19542.75,19557.8,19481.51,19517.5,18.4705
2020-05-15 09:00:00,19307.8,19377.09,19276.66,19338.15,232.0433
2020-05-15 10:00:00,19388.12,19432.69,19350.8,19398.41,140.2866
2020-05-15 11:00:00,19431.15,19448.17,19411.34,19429.27,8.4939
2020-05-15 12:00:00,19475.55,19545.57,19450.21,19493.25,244.4127
2020-05-15 13:00:00,19590.06,19599.23,19540.65,19598.33,51.8135
2020-05-15 14:00:00,19632.04,19656.1,19617.96,19636.32,60.2337
2020-05-15 15:00:00,19648.22,19682.62,19644.19,19652.82,152.8356
2020-05-15 16:00:00,19604.51,19637.07,19526.34,19568.21,103.2818
2020-05-15 17:00:00,19507.86,19545.06,19488.92,19500.48,57.5415
2020-05-15 18:00:00,19627.55,19658.05,19609.79,19618.14,30.0598
2020-05-15 19:00:00,19771.66,19798.94,19750.02,19760.99,72.7523
2020-05-15 20:00:00,19751.54,19827.72,19729.81,19739.44,86.5549
2020-05-15 21:00:00,19744.32,19766.03,19706.43,19745.96,99.6775
2020-05-15 22:00:00,19652.31,19676.84,19618.3,19658.62,92.903
2020-05-15 23:00:00,19779.16,19793.65,19773.4,19775.86,96.0513
2020-05-16 00:00:00,19866.59,19919.07,19810.01,19843.63,64.5763
2020-05-16 01:00:00,20060.79,20138.55,20022.86,20038.22,82.528
2020-05-16 02:00:00,19947.43,19971.35,19857.81,19952.22,34.0574
2020-05-16 03:00:00,19931.8,19960.63,19903.71,19916.51,17.2421
2020-05-16 04:00:00,19937.67,20011.96,19925.87,19941.55,93.3782
2020-05-16 05:00:00,20008.68,20039.88,19986.56,20008.0,4.8139
2020-05-16 06:00:00,19978.96,20002.67,19955.16,19988.43,6.743
2020-05-16 07:00:00,19899.57,19955.84,19876.3,19903.18,28.411
2020-05-16 08:00:00,20019.7,20057.89,19937.99,19992.89,21.6077
2020-05-16 09:00:00,20068.83,20119.6,20051.48,20066.97,46.8586
2020-05-16 10:00:00,19979.75,20030.97,19924.09,19977.05,46.4083
2020-05-16 11:00:00,20085.32,20116.87,20076.07,20114.43,12.4266
2020-05-16 12:00:00,20227.88,20249.78,20166.69,20234.13,28.303
2020-05-16 13:00:00,20244.86,20263.27,20196.0,20249.74,0.458
2020-05-16 14:00:00,20243.03,20327.74,20205.71,20259.83,43.2267
2020-05-16 15:00:00,20318.42,20323.68,20285.91,20317.98,159.1771
2020-05-16 16:00:00,20223.79,20323.31,20130.7,20232.47,30.9464
2020-05-16 17:00:00,20239.15,20248.94,20193.96,20237.53,103.0995
2020-05-16 18:00:00,20024.19,20071.99,19987.75,20021.76,10.3424
2020-05-16 19:00:00,20092.28,20114.96,20082.4,20111.5,1.2361
2020-05-16 20:00:00,19948.54,20017.54,19937.98,19956.49,68.9945
2020-05-16 21:00:00,20110.06,20128.28,20025.48,20108.51,61.8938
2020-05-16 22:00:00,20101.1,20175.01,20027.07,20077.33,21.2598
2020-05-16 23:00:00,20063.23,20067.63,19976.57,20058.08,33.7692
2020-05-17 00:00:00,19983.9,20009.01,19953.52,19997.13,3.1152
2020-05-17 01:00:00,19978.3,20021.47,19926.33,19970.33,159.8497
2020-05-17 02:00:00,20148.32,20221.65,20059.08,20113.97,35.8509
2020-05-17 03:00:00,19884.0,19920.1,19802.53,19865.79,24.7765
2020-05-17 04:00:00,20005.56,20023.18,19978.74,19994.61,163.3002
2020-05-17 05:00:00,20044.94,20072.05,19969.82,20030.41,4.0066
2020-05-17 06:00:00,19940.2,19946.9,19871.99,19911.52,33.481
2020-05-17 07:00:00,19827.76,19885.77,19805.79,19806.46,30.4832
2020-05-17 08:00:00,19985.78,19987.44,19926.96,19974.46,30.513
2020-05-17 09:00:00,19903.27,19917.81,19848.37,19882.02,1.1562
2020-05-17 10:00:00,19747.97,19816.95,19660.44,19769.36,272.833
2020-05-17 11:00:00,19853.88,19936.51,19853.75,19883.75,199.6169
2020-05-17 12:00:00,19922.53,19962.59,19901.81,19919.4,53.5277
2020-05-17 13:00:00,19829.34,19883.74,19784.58,19827.98,58.9571
2020-05-17 14:00:00,19840.64,19905.67,19826.04,19851.44,74.2662
2020-05-17 15:00:00,19767.92,19780.11,19708.01,19751.61,65.0693
2020-05-17 16:00:00,19825.3,19893.22,19754.07,19862.3,151.0198
2020-05-17 17:00:00,19959.01,20012.8,19880.64,19969.69,67.0251
2020-05-17 18:00:00,20015.1,20026.85,20013.14,20024.81,20.9271
2020-05-17 19:00:00,20030.19,20139.23,19926.38,20063.02,12.4398
2020-05-17 20:00:00,20271.96,20306.54,20207.73,20241.7,250.4352
2020-05-17 21:00:00,20216.18,20313.81,20198.84,20243.7,4.9592
2020-05-17 22:00:00,20114.25,20137.38,20083.06,20126.09,227.8483
2020-05-17 23:00:00,20191.65,20223.52,20147.48,20173.34,117.273
2020-05-18 00:00:00,20398.94,20436.76,20350.15,20385.77,51.8698
2020-05-18 01:00:00,20261.89,20338.33,20238.94,20284.37,20.7244
2020-05-18 02:00:00,20263.56,20272.84,20214.29,20249.74,37.1763
2020-05-18 03:00:00,20299.81,20359.23,20239.45,20293.93,75.4754
2020-05-18 04:00:00,20337.83,20350.3,20245.55,20290.49,106.959
2020-05-18 05:00:00,20201.02,20214.78,20152.13,20192.86,117.5944
2020-05-18 06:00:00,20305.28,20328.23,20284.01,20308.15,59.2929
2020-05-18 07:00:00,20528.16,20602.62,20523.17,20545.76,46.8364
2020-05-18 08:00:00,20552.65,20621.36,20399.42,20567.96,146.2387
2020-05-18 09:00:00,20460.13,20484.54,20428.53,20477.04,259.5795
2020-05-18 10:00:00,20348.36,20379.43,20316.16,20320.5,245.883
2020-05-18 11:00:00,20349.11,20388.17,20321.34,20348.74,80.2116
2020-05-18 12:00:00,20474.66,20522.05,20438.41,20463.09,8.2317
2020-05-18 13:00:00,20544.82,20581.07,20502.99,20513.75,7.6114
2020-05-18 14:00:00,20467.17,20574.03,20428.09,20515.56,51.5429
2020-05-18 15:00:00,20483.33,20539.46,20455.98,20457.16,131.9958
2020-05-18 16:00:00,20348.62,20428.55,20316.71,20347.5,68.7849
2020-05-18 17:00:00,20443.35,20488.81,20431.27,20434.46,98.7149
2020-05-18 18:00:00,20512.85,20615.01,20499.74,20529.86,185.3544
2020-05-18 19:00:00,20357.86,20388.33,20302.61,20373.25,4.1172
2020-05-18 20:00:00,20547.27,20551.48,20513.76,20537.23,257.4611
2020-05-18 21:00:00,20647.36,20669.13,20540.86,20598.24,40.1818
2020-05-18 22:00:00,20765.26,20765.76,20693.13,20744.44,4.7917
2020-05-18 23:00:00,20633.39,20664.18,20560.29,20607.31,180.441
2020-05-19 00:00:00,20464.71,20505.32,20425.69,20468.64,272.0437
2020-05-19 01:00:00,20443.16,20464.19,20382.28,20455.44,146.3703
2020-05-19 02:00:00,20492.9,20552.67,20429.94,20508.91,163.2274
2020-05-19 03:00:00,20685.06,20740.48,20619.69,20695.17,205.0336
2020-05-19 04:00:00,20727.66,20786.65,20680.96,20770.3,73.8905
2020-05-19 05:00:00,20732.13,20751.12,20701.17,20747.17,114.0882
2020-05-19 06:00:00,20631.21,20681.47,20620.54,20642.78,33.7505
2020-05-19 07:00:00,20768.15,20789.45,20741.74,20771.79,28.7283
2020-05-19 08:00:00,20676.4,20700.44,20625.48,20673.68,93.8901
2020-05-19 09:00:00,20851.63,20869.3,20768.52,20844.08,132.6546
2020-05-19 10:00:00,20816.21,20850.33,20782.79,20816.52,50.6071
2020-05-19 11:00:00,20971.96,21011.78,20954.05,20984.16,51.1311
2020-05-19 12:00:00,21016.15,21083.54,20933.89,21057.49,308.4204
2020-05-19 13:00:00,21033.06,21054.0,20989.75,21045.17,73.0767
2020-05-19 14:00:00,20972.21,21067.04,20968.06,20992.62,428.9212
2020-05-19 15:00:00,20968.71,21026.45,20927.54,20958.94,198.6627
2020-05-19 16:00:00,21025.02,21079.5,21005.2,21005.92,102.0701
2020-05-19 17:00:00,21035.85,21066.89,20934.97,21016.12,0.9178
2020-05-19 18:00:00,20971.69,21037.41,20893.04,20955.83,35.0871
2020-05-19 19:00:00,20937.77,21071.94,20936.77,20940.57,54.0673
2020-05-19 20:00:00,20939.95,21010.87,20901.54,20950.89,105.7897
2020-05-19 21:00:00,20714.5,20768.37,20704.88,20729.99,50.3392
2020-05-19 22:00:00,20748.23,20834.1,20740.32,20779.55,175.9237
2020-05-19 23:00:00,20700.35,20749.46,20633.15,20679.84,108.7391
2020-05-20 00:00:00,20559.06,20577.47,20553.65,20562.65,42.6423
2020-05-20 01:00:00,20365.81,20460.48,20358.98,20391.23,153.4488
2020-05-20 02:00:00,20193.67,20235.25,20161.6,20210.37,36.1099
2020-05-20 03:00:00,20058.02,20161.14,20036.58,20075.42,6.4844
2020-05-20 04:00:00,20007.12,20053.23,19965.73,20006.26,18.9414
2020-05-20 05:00:00,20225.21,20238.23,20173.83,20203.65,0.2744
2020-05-20 06:00:00,20145.53,20157.65,20095.12,20152.54,178.5878
2020-05-20 07:00:00,20127.03,20202.66,20054.23,20172.47,98.6468
2020-05-20 08:00:00,20211.06,20291.64,20160.64,20214.88,84.5295
2020-05-20 09:00:00,20226.99,20280.1,20211.0,20230.15,108.4852
2020-05-20 10:00:00,20219.79,20278.37,20206.94,20224.34,106.0156
2020-05-20 11:00:00,20092.88,20119.62,20036.74,20105.49,83.3559
2020-05-20 12:00:00,20257.76,20284.58,20247.9,20253.36,184.7759
2020-05-20 13:00:00,20439.75,20455.72,20438.09,20438.39,58.1511
2020-05-20 14:00:00,20267.98,20280.18,20237.79,20268.48,163.3779
2020-05-20 15:00:00,20175.05,20205.69,20104.95,20166.73,154.4745
2020-05-20 16:00:00,20131.88,20162.89,20101.24,20140.53,22.2525
2020-05-20 17:00:00,20035.66,20099.18,20021.52,20045.42,60.4703
2020-05-20 18:00:00,20125.87,20146.76,20082.96,20098.13,180.1399
2020-05-20 19:00:00,20038.16,20039.29,20002.95,20026.96,177.7
2020-05-20 20:00:00,20262.5,20293.36,20239.86,20245.76,2.4299
2020-05-20 21:00:00,20393.27,20412.79,20336.08,20368.3,25.2379
2020-05-20 22:00:00,20402.71,20435.77,20351.93,20391.99,55.143
2020-05-20 23:00:00,20517.77,20579.4,20450.42,20498.74,4.8302
2020-05-21 00:00:00,20581.58,20659.73,20555.51,20614.14,30.195
2020-05-21 01:00:00,20562.27,20573.83,20500.92,20558.07,29.881
2020-05-21 02:00:00,20472.49,20509.75,20464.24,20476.23,24.1522
2020-05-21 03:00:00,20520.64,20565.74,20450.04,20486.27,50.5273
2020-05-21 04:00:00,20595.67,20623.45,20565.11,20576.58,167.6704
2020-05-21 05:00:00,20579.96,20593.55,20552.68,20592.95,27.9864
2020-05-21 06:00:00,20440.25,20505.2,20418.93,20432.63,87.2435
2020-05-21 07:00:00,20356.07,20407.49,20258.78,20352.65,81.5491
2020-05-21 08:00:00,20356.41,20379.95,20298.66,20347.16,170.3332
2020-05-21 09:00:00,20320.77,20345.25,20291.07,20341.5,50.0874
2020-05-21 10:00:00,20551.55,20582.46,20531.0,20544.16,25.3047
2020-05-21 11:00:00,20399.19,20404.09,20398.67,20403.84,222.1195
2020-05-21 12:00:00,20463.24,20476.31,20420.37,20457.46,178.9445
2020-05-21 13:00:00,20596.89,20631.8,20553.16,20611.82,97.1549
2020-05-21 14:00:00,20835.78,20910.78,20812.12,20847.98,9.7877
2020-05-21 15:00:00,20832.33,20886.64,20768.22,20807.91,1.6249
2020-05-21 16:00:00,20839.18,20875.21,20813.85,20861.12,20.1657
2020-05-21 17:00:00,20902.18,20949.7,20897.92,20922.63,21.8951
2020-05-21 18:00:00,20944.09,20963.19,20943.04,20945.18,14.6469
2020-05-21 19:00:00,20920.76,20954.98,20894.8,20936.92,30.4057
2020-05-21 20:00:00,20966.08,21026.07,20945.31,20984.65,41.2321
2020-05-21 21:00:00,20723.24,20760.59,20713.23,20721.06,140.4207
2020-05-21 22:00:00,20762.5,20815.07,20753.59,20793.8,123.6228
2020-05-21 23:00:00,20788.02,20809.97,20757.06,20808.99,11.0238
2020-05-22 00:00:00,20830.63,20839.78,20759.12,20787.93,377.6923
2020-05-22 01:00:00,21012.41,21040.06,20980.29,21002.76,139.4888
2020-05-22 02:00:00,20918.35,20964.62,20851.05,20933.98,17.8449
2020-05-22 03:00:00,20902.62,20924.76,20884.48,20893.88,13.2956
2020-05-22 04:00:00,21116.0,21151.99,21100.03,21104.03,9.1619
2020-05-22 05:00:00,21039.24,21092.34,20993.39,21018.34,131.598
2020-05-22 06:00:00,20959.96,20964.03,20925.93,20962.63,26.9563
2020-05-22 07:00:00,20969.77,21029.46,20910.79,20949.32,7.5767
2020-05-22 08:00:00,20996.59,21043.66,20922.02,21039.47,54.7883
2020-05-22 09:00:00,21041.19,21114.7,21013.34,21063.44,123.3396
2020-05-22 10:00:00,20932.84,20947.64,20926.61,20929.41,36.3205
2020-05-22 11:00:00,20882.69,20905.09,20853.7,20875.81,65.9027
2020-05-22 12:00:00,20795.53,20897.67,20789.96,20814.51,21.4029
2020-05-22 13:00:00,20813.95,20876.79,20746.79,20808.55,56.0626
2020-05-22 14:00:00,20841.93,20886.83,20784.11,20854.94,44.4636
2020-05-22 15:00:00,20894.84,20906.44,20860.62,20900.63,56.9017
2020-05-22 16:00:00,20738.35,20751.98,20708.05,20717.12,62.682
2020-05-22 17:00:00,20848.34,20856.83,20794.73,20829.4,9.684
2020-05-22 18:00:00,20836.99,20933.49,20819.96,20857.79,9.8019
2020-05-22 19:00:00,20982.06,21007.93,20906.26,21004.27,30.1931
2020-05-22 20:00:00,21044.36,21063.01,21031.82,21053.02,12.3025
2020-05-22 21:00:00,21170.49,21200.21,21153.06,21171.05,29.1401
2020-05-22 22:00:00,21208.6,21273.06,21138.26,21222.56,2.485
2020-05-22 23:00:00,21389.77,21429.85,21320.42,21367.53,43.1921
2020-05-23 00:00:00,21432.91,21455.97,21385.5,21425.46,24.0048
2020-05-23 01:00:00,21425.81,21492.61,21345.67,21417.12,222.698
2020-05-23 02:00:00,21635.17,21683.75,21625.59,21662.6,195.3039
2020-05-23 03:00:00,21786.47,21822.17,21747.75,21761.06,35.7273
2020-05-23 04:00:00,21764.12,21836.6,21742.52,21825.67,64.5281
2020-05-23 05:00:00,21706.66,21742.52,21575.9,21688.57,311.8852
2020-05-23 06:00:00,21571.17,21652.58,21541.15,21551.03,74.254
2020-05-23 07:00:00,21575.39,21635.54,21530.25,21584.73,188.6729
2020-05-23 08:00:00,21630.09,21679.31,21568.28,21602.59,175.0856
2020-05-23 09:00:00,21537.06,21552.65,21442.63,21538.42,283.5128
2020-05-23 10:00:00,21557.1,21597.43,21528.66,21555.75,36.4852
2020-05-23 11:00:00,21736.51,21738.3,21727.35,21729.13,4.4418
2020-05-23 12:00:00,21876.34,21969.41,21773.63,21806.86,10.9763
2020-05-23 13:00:00,21713.78,21719.43,21668.34,21684.63,84.6992
2020-05-23 14:00:00,21689.9,21717.69,21635.5,21674.71,75.5614
2020-05-23 15:00:00,21569.93,21607.77,21568.87,21589.64,35.4467
2020-05-23 16:00:00,21553.04,21567.0,21509.84,21549.94,28.5968
2020-05-23 17:00:00,21490.04,21556.49,21449.62,21507.53,123.5744
2020-05-23 18:00:00,21475.96,21495.2,21447.55,21458.32,41.6278
2020-05-23 19:00:00,21328.79,21434.37,21313.32,21325.8,92.6219
2020-05-23 20:00:00,21290.35,21319.07,21252.35,21314.32,124.5815
2020-05-23 21:00:00,21258.43,21262.66,21148.4,21256.7,56.2936
2020-05-23 22:00:00,20929.69,20972.78,20891.75,20947.48,21.4935
2020-05-23 23:00:00,21167.8,21171.42,21121.93,21164.6,197.1701
2020-05-24 00:00:00,21263.65,21291.76,21237.56,21281.93,9.8198
2020-05-24 01:00:00,21244.6,21256.55,21208.25,21244.02,176.8848
2020-05-24 02:00:00,21264.08,21266.94,21243.35,21248.14,181.2041
2020-05-24 03:00:00,21124.67,21151.55,21087.45,21125.79,84.6297
2020-05-24 04:00:00,21298.69,21344.59,21252.85,21307.02,99.2837
2020-05-24 05:00:00,21515.65,21531.79,21475.26,21511.27,44.3194
2020-05-24 06:00:00,21545.29,21594.48,21491.63,21530.28,184.2532
2020-05-24 07:00:00,21618.65,21701.35,21616.11,21642.62,30.6123
2020-05-24 08:00:00,21669.4,21672.73,21595.93,21663.75,82.0472
2020-05-24 09:00:00,21549.48,21590.06,21452.91,21521.12,0.1796
2020-05-24 10:00:00,21491.28,21494.77,21421.04,21478.96,281.0799
2020-05-24 11:00:00,21496.52,21586.45,21452.45,21495.28,296.223
2020-05-24 12:00:00,21462.29,21505.18,21435.97,21448.57,123.9312
2020-05-24 13:00:00,21436.97,21460.58,21409.58,21427.27,55.0329
2020-05-24 14:00:00,21435.76,21477.03,21411.48,21419.62,19.6759
2020-05-24 15:00:00,21369.76,21479.08,21274.52,21413.1,67.8185
2020-05-24 16:00:00,21387.56,21470.23,21374.69,21420.84,156.7387
2020-05-24 17:00:00,21330.8,21347.52,21239.51,21309.38,92.9562
2020-05-24 18:00:00,21203.15,21257.57,21188.04,21235.12,74.971
2020-05-24 19:00:00,21109.32,21134.11,21093.67,21100.85,189.3422
2020-05-24 20:00:00,21198.66,21212.91,21175.14,21206.12,37.5616
2020-05-24 21:00:00,20964.08,21016.72,20927.09,20984.98,196.5856
2020-05-24 22:00:00,21115.5,21136.91,21106.7,21108.12,57.8843
2020-05-24 23:00:00,21260.82,21319.16,21238.0,21256.55,0.2417
2020-05-25 00:00:00,21271.35,21274.3,21220.43,21226.56,131.6552
2020-05-25 01:00:00,20939.31,20981.51,20864.27,20952.4,210.2451
2020-05-25 02:00:00,20946.77,20996.85,20901.14,20916.64,66.2348
2020-05-25 03:00:00,20919.39,20966.05,20883.29,20912.02,60.6507
2020-05-25 04:00:00,20794.69,20823.46,20758.06,20808.45,163.7058
2020-05-25 05:00:00,20773.51,20807.55,20718.35,20756.92,216.0866
2020-05-25 06:00:00,20929.64,21002.55,20901.4,20917.81,366.5949
2020-05-25 07:00:00,20990.2,21011.76,20982.33,20989.45,42.4113
2020-05-25 08:00:00,20900.08,20930.58,20890.28,20894.51,90.31
2020-05-25 09:00:00,20717.32,20753.87,20616.33,20729.7,173.1144
2020-05-25 10:00:00,20680.78,20699.42,20629.74,20697.88,75.8971
2020-05-25 11:00:00,20693.56,20790.74,20635.61,20677.86,61.9624
2020-05-25 12:00:00,20726.58,20750.38,20704.59,20731.22,84.8473
2020-05-25 13:00:00,20676.15,20682.63,20647.56,20677.81,44.1404
2020-05-25 14:00:00,20738.56,20786.53,20721.92,20732.76,21.3287
2020-05-25 15:00:00,20940.99,20972.41,20911.01,20935.44,6.8955
2020-05-25 16:00:00,20992.85,21086.21,20984.49,21022.9,94.1559
2020-05-25 17:00:00,21046.98,21054.08,21015.96,21019.94,47.6641
2020-05-25 18:00:00,21005.34,21021.31,20986.1,21002.8,214.518
2020-05-25 19:00:00,20963.19,20971.38,20951.73,20967.44,25.2262
2020-05-25 20:00:00,21102.4,21103.28,21071.14,21093.31,37.2096
2020-05-25 21:00:00,21034.24,21079.2,20999.68,21029.26,352.3576
2020-05-25 22:00:00,21052.26,21058.11,20951.31,21036.12,81.2587
2020-05-25 23:00:00,21054.93,21069.6,20986.42,21043.61,42.58
2020-05-26 00:00:00,21007.99,21053.06,20937.85,20992.92,197.2521
2020-05-26 01:00:00,20879.13,20894.97,20806.45,20850.96,136.014
2020-05-26 02:00:00,20905.17,20916.79,20869.63,20886.71,85.1306
2020-05-26 03:00:00,20879.08,20954.43,20856.53,20882.43,219.9124
2020-05-26 04:00:00,20913.24,20948.01,20826.31,20936.75,9.8674
2020-05-26 05:00:00,20917.81,20941.15,20870.61,20882.98,50.1691
2020-05-26 06:00:00,21007.55,21019.56,21005.85,21012.54,166.3631
2020-05-26 07:00:00,20912.63,20990.78,20904.63,20922.53,48.7668
2020-05-26 08:00:00,21067.07,21107.39,21000.06,21103.72,261.3693
2020-05-26 09:00:00,20928.51,20933.38,20819.98,20921.42,16.5489
2020-05-26 10:00:00,20972.12,20977.99,20961.25,20969.0,41.0433
2020-05-26 11:00:00,20989.09,21029.2,20966.31,21020.94,55.4677
2020-05-26 12:00:00,20948.92,20999.18,20936.31,20939.43,116.1431
2020-05-26 13:00:00,20975.5,21021.45,20971.54,20985.95,21.7347
2020-05-26 14:00:00,21179.14,21180.33,21042.93,21122.31,0.9913
2020-05-26 15:00:00,20878.41,20961.38,20839.75,20890.3,375.1151
2020-05-26 16:00:00,20935.79,20981.47,20838.05,20944.9,229.0233
2020-05-26 17:00:00,20667.8,20704.02,20654.67,20685.89,35.6992
2020-05-26 18:00:00,20614.39,20671.3,20538.63,20588.08,66.0643
2020-05-26 19:00:00,20750.11,20775.08,20740.98,20757.85,67.123
2020-05-26 20:00:00,20684.53,20716.65,20663.76,20699.54,203.4281
2020-05-26 21:00:00,20594.67,20619.26,20549.15,20580.12,90.8968
2020-05-26 22:00:00,20533.42,20617.7,20528.87,20561.81,175.118
2020-05-26 23:00:00,20789.45,20834.96,20753.35,20776.46,243.0352
2020-05-27 00:00:00,20624.94,20643.05,20566.04,20588.26,83.4603
2020-05-27 01:00:00,20493.7,20541.97,20401.86,20482.1,33.6148
2020-05-27 02:00:00,20650.66,20705.96,20632.8,20637.5,69.0566
2020-05-27 03:00:00,20849.38,20875.56,20765.73,20831.25,190.2934
2020-05-27 04:00:00,20858.16,20873.46,20820.97,20822.56,87.6155
2020-05-27 05:00:00,20720.68,20752.65,20675.14,20695.64,226.0694
2020-05-27 06:00:00,20923.78,20963.47,20871.33,20914.59,225.7956
2020-05-27 07:00:00,21102.47,21136.63,21073.11,21083.41,46.7382
2020-05-27 08:00:00,21138.35,21232.41,21118.35,21157.09,59.4414
2020-05-27 09:00:00,21089.63,21098.67,21065.2,21073.27,113.2936
2020-05-27 10:00:00,21049.02,21101.06,21004.73,21070.21,11.7731
2020-05-27 11:00:00,21047.7,21125.46,20980.46,21055.42,62.6531
2020-05-27 12:00:00,21027.34,21109.65,20989.68,21092.36,16.1796
2020-05-27 13:00:00,21256.02,21263.31,21192.83,21247.5,188.3587
2020-05-27 14:00:00,21329.3,21370.41,21310.72,21343.05,286.0929
2020-05-27 15:00:00,21253.8,21317.33,21139.1,21230.21,15.2626
2020-05-27 16:00:00,21386.79,21445.3,21316.34,21378.45,110.0639
2020-05-27 17:00:00,21438.13,21464.8,21367.93,21414.06,101.2095
2020-05-27 18:00:00,21466.48,21519.8,21435.95,21489.76,142.7428
2020-05-27 19:00:00,21671.97,21715.28,21645.4,21649.49,119.0003
2020-05-27 20:00:00,21576.67,21592.94,21459.81,21531.33,24.4787
2020-05-27 21:00:00,21546.08,21568.24,21475.43,21529.63,34.42
2020-05-27 22:00:00,21491.54,21511.25,21408.09,21474.57,18.0602
2020-05-27 23:00:00,21311.98,21394.47,21278.73,21308.37,254.0132
2020-05-28 00:00:00,21336.24,21422.02,21331.0,21347.44,73.7775
2020-05-28 01:00:00,21634.11,21636.62,21600.39,21617.65,373.6439
2020-05-28 02:00:00,21388.66,21430.29,21334.38,21420.92,59.6605
2020-05-28 03:00:00,21410.66,21443.2,21389.16,21419.61,80.4578
2020-05-28 04:00:00,21452.29,21520.34,21427.18,21490.35,155.7291
2020-05-28 05:00:00,21490.59,21506.02,21475.56,21505.72,159.5652
2020-05-28 06:00:00,21509.51,21519.21,21469.33,21495.71,26.2859
2020-05-28 07:00:00,21369.02,21385.76,21344.03,21358.22,34.0075
2020-05-28 08:00:00,21386.31,21441.86,21348.12,21385.22,10.2927
2020-05-28 09:00:00,21310.07,21379.03,21268.85,21306.44,163.7141
2020-05-28 10:00:00,21035.53,21087.43,20991.14,21075.27,157.9207
2020-05-28 11:00:00,21195.36,21220.31,21185.16,21203.26,8.4751
2020-05-28 12:00:00,21292.47,21315.38,21257.17,21306.99,29.7642
2020-05-28 13:00:00,21300.57,21319.25,21251.21,21314.62,59.7595
2020-05-28 14:00:00,21353.96,21376.28,21296.36,21341.17,78.0404
2020-05-28 15:00:00,21439.47,21467.05,21369.04,21457.94,73.9284
2020-05-28 16:00:00,21471.16,21520.83,21460.56,21484.15,407.898
2020-05-28 17:00:00,21538.36,21649.19,21477.49,21583.41,144.4455
2020-05-28 18:00:00,21547.12,21587.94,21434.65,21553.46,12.0122
2020-05-28 19:00:00,21673.41,21713.11,21657.52,21697.01,34.7435
2020-05-28 20:00:00,21735.7,21767.16,21726.25,21733.98,42.3773
2020-05-28 21:00:00,21736.55,21789.47,21675.81,21757.24,37.8553
2020-05-28 22:00:00,21623.51,21624.58,21598.91,21621.25,154.1525
2020-05-28 23:00:00,21651.3,21658.86,21632.17,21654.43,44.7164
2020-05-29 00:00:00,21602.58,21622.43,21550.64,21566.52,67.8114
2020-05-29 01:00:00,21510.54,21522.74,21491.31,21499.85,76.2399
2020-05-29 02:00:00,21374.95,21445.18,21357.92,21414.35,31.5291
2020-05-29 03:00:00,21275.38,21319.44,21250.6,21302.33,38.9635
2020-05-29 04:00:00,21531.96,21620.46,21505.13,21530.77,151.4117
2020-05-29 05:00:00,21656.09,21714.17,21629.03,21676.25,201.5025
2020-05-29 06:00:00,21821.58,21903.79,21788.71,21886.55,3.7785
2020-05-29 07:00:00,21784.27,21786.23,21710.65,21754.91,92.9261
2020-05-29 08:00:00,21780.51,21809.64,21748.31,21764.84,100.3581
2020-05-29 09:00:00,21637.51,21667.67,21598.57,21626.25,133.6778
2020-05-29 10:00:00,21540.09,21562.04,21493.92,21553.18,118.367
2020-05-29 11:00:00,21465.57,21467.28,21423.52,21456.4,209.9028
2020-05-29 12:00:00,21576.32,21610.29,21523.13,21591.53,8.1722
2020-05-29 13:00:00,21555.32,21588.3,21550.91,21550.91,49.1631
2020-05-29 14:00:00,21648.24,21672.38,21645.36,21668.19,152.3671
2020-05-29 15:00:00,21768.76,21824.69,21705.7,21735.81,187.4576
2020-05-29 16:00:00,21953.81,22014.45,21906.96,21988.34,30.757
2020-05-29 17:00:00,21854.78,21903.16,21752.0,21827.88,88.0161
2020-05-29 18:00:00,21968.35,21972.68,21960.3,21967.5,19.9384
2020-05-29 19:00:00,22084.8,22135.06,22061.77,22095.62,190.31
2020-05-29 20:00:00,21993.96,22058.61,21975.27,21990.29,131.0928
2020-05-29 21:00:00,22119.43,22127.26,22097.52,22103.22,25.1112
2020-05-29 22:00:00,22172.85,22182.04,22120.43,22142.58,97.7563
2020-05-29 23:00:00,22126.54,22139.9,22098.77,22119.61,71.1964
2020-05-30 00:00:00,22011.08,22066.5,21969.78,22030.7,29.9521
2020-05-30 01:00:00,21954.91,21996.76,21919.19,21953.69,223.6073
2020-05-30 02:00:00,22221.19,22258.66,22068.12,22180.89,15.998
2020-05-30 03:00:00,22213.08,22222.35,22115.17,22183.18,63.0097
2020-05-30 04:00:00,22292.39,22374.72,22234.21,22272.15,87.4185
2020-05-30 05:00:00,22203.96,22247.13,22175.92,22186.3,173.4693
2020-05-30 06:00:00,22117.47,22149.82,22002.69,22102.01,16.2731
2020-05-30 07:00:00,22249.55,22286.94,22198.79,22223.79,93.9494
2020-05-30 08:00:00,22065.97,22089.52,22018.94,22076.05,0.6581
2020-05-30 09:00:00,22002.57,22086.05,21978.4,22032.43,172.9243
2020-05-30 10:00:00,22039.9,22061.34,22027.42,22038.38,26.753
2020-05-30 11:00:00,22034.83,22099.27,22005.51,22052.86,127.624
2020-05-30 12:00:00,22012.07,22070.38,22008.95,22035.31,92.0996
2020-05-30 13:00:00,22065.22,22114.01,22027.4,22081.13,5.1427
2020-05-30 14:00:00,22214.91,22252.24,22055.73,22159.83,20.2398
2020-05-30 15:00:00,22246.47,22271.95,22112.01,22243.44,31.1621
2020-05-30 16:00:00,22144.04,22181.98,22055.44,22136.03,217.7961
2020-05-30 17:00:00,22079.77,22186.2,22038.56,22106.79,65.5473
2020-05-30 18:00:00,22200.06,22300.24,22166.95,22241.07,244.7648
2020-05-30 19:00:00,22324.48,22399.24,22240.88,22342.78,4.8613
2020-05-30 20:00:00,22223.56,22244.8,22130.78,22191.65,0.6586
2020-05-30 21:00:00,22240.3,22255.77,22188.04,22232.87,296.1266
2020-05-30 22:00:00,22028.36,22101.24,21923.48,22015.18,128.7053
2020-05-30 23:00:00,22038.81,22061.91,21972.08,22022.55,152.9319
2020-05-31 00:00:00,22220.57,22322.89,22169.54,22233.72,247.4627
2020-05-31 01:00:00,22161.28,22175.2,22097.34,22130.57,416.9415
2020-05-31 02:00:00,22026.51,22051.8,22026.0,22040.46,10.2822
2020-05-31 03:00:00,22157.98,22166.44,22090.31,22126.86,17.2321
2020-05-31 04:00:00,21968.1,22000.39,21868.95,21958.39,20.8961
2020-05-31 05:00:00,21851.95,21915.17,21831.69,21891.11,170.6046
2020-05-31 06:00:00,21942.16,21975.76,21940.01,21958.58,43.9358
2020-05-31 07:00:00,21852.07,21900.33,21834.19,21891.14,89.9609
2020-05-31 08:00:00,21892.94,21922.36,21859.98,21867.5,193.2553
2020-05-31 09:00:00,21950.51,21955.25,21908.62,21951.06,114.9358
2020-05-31 10:00:00,21950.49,22022.78,21947.18,21999.52,6.7653
2020-05-31 11:00:00,22039.34,22044.89,21986.45,22031.07,59.0002
2020-05-31 12:00:00,21984.1,22005.45,21949.99,21995.91,6.9886
2020-05-31 13:00:00,22006.11,22064.14,21974.48,22038.81,65.1705
2020-05-31 14:00:00,22064.34,22081.9,21966.76,22027.38,24.7568
2020-05-31 15:00:00,22082.37,22136.87,22020.14,22080.01,0.1309
2020-05-31 16:00:00,22020.89,22039.52,21995.62,22027.35,167.7459
2020-05-31 17:00:00,22000.66,22061.8,21961.53,22009.45,348.6195
2020-05-31 18:00:00,21869.56,21915.81,21827.15,21902.71,332.7929
2020-05-31 19:00:00,21872.49,21915.0,21814.4,21901.06,35.5512
2020-05-31 20:00:00,21842.47,21844.32,21758.92,21814.44,176.4769
2020-05-31 21:00:00,21684.83,21727.18,21682.08,21695.11,113.5619
2020-05-31 22:00:00,21725.82,21733.9,21623.59,21725.34,160.982
2020-05-31 23:00:00,21706.16,21770.37,21686.24,21750.62,187.235
2020-06-01 00:00:00,21809.15,21886.21,21760.86,21837.94,392.6058
2020-06-01 01:00:00,21806.34,21829.48,21781.03,21793.05,16.4556
2020-06-01 02:00:00,21847.94,21886.81,21839.45,21839.69,146.8572
2020-06-01 03:00:00,21940.42,21988.95,21898.24,21902.02,132.4837
2020-06-01 04:00:00,21982.4,22007.32,21898.04,21952.92,33.9306
2020-06-01 05:00:00,21859.44,21919.11,21817.63,21864.49,49.8547
2020-06-01 06:00:00,21893.35,21894.54,21824.73,21883.0,19.4505
2020-06-01 07:00:00,21918.09,21933.89,21891.69,21925.03,244.4992
2020-06-01 08:00:00,21973.07,21994.87,21905.78,21928.01,211.4743
2020-06-01 09:00:00,21726.38,21732.58,21596.26,21701.44,95.2009
2020-06-01 10:00:00,21724.71,21758.13,21680.05,21721.03,71.6682
2020-06-01 11:00:00,21967.89,21988.04,21940.41,21963.49,26.5123
2020-06-01 12:00:00,21957.83,21965.36,21872.96,21926.15,155.8762
2020-06-01 13:00:00,21861.19,21871.73,21816.61,21848.52,0.8239
2020-06-01 14:00:00,21925.61,21976.65,21863.75,21891.49,62.136
2020-06-01 15:00:00,21879.77,21939.15,21874.42,21927.87,197.0058
2020-06-01 16:00:00,22071.01,22125.5,22042.29,22060.84,96.3606
2020-06-01 17:00:00,21913.0,21993.29,21820.83,21924.3,100.8195
2020-06-01 18:00:00,22045.32,22061.31,21948.69,22006.66,7.3332
2020-06-01 19:00:00,22107.96,22141.6,21922.14,22073.83,33.786
2020-06-01 20:00:00,22061.07,22090.58,22040.84,22060.35,112.0435
2020-06-01 21:00:00,22133.85,22192.78,22029.38,22099.91,5.0891
2020-06-01 22:00:00,22255.49,22279.48,22193.62,22215.88,40.1875
2020-06-01 23:00:00,22316.66,22376.04,22311.69,22314.99,43.687
2020-06-02 00:00:00,22244.55,22263.88,22136.58,22189.69,69.0587
2020-06-02 01:00:00,22282.21,22311.82,22158.57,22282.91,45.0005
2020-06-02 02:00:00,22273.15,22293.02,22263.93,22277.93,60.5352
2020-06-02 03:00:00,22307.57,22356.02,22195.27,22288.27,79.1857
2020-06-02 04:00:00,22290.77,22331.92,22275.11,22298.66,13.7365
2020-06-02 05:00:00,22286.04,22296.48,22241.38,22284.14,19.9031
2020-06-02 06:00:00,22450.75,22526.53,22351.69,22419.15,178.6838
2020-06-02 07:00:00,22412.44,22423.25,22326.84,22412.01,61.5756
2020-06-02 08:00:00,22251.01,22356.41,22230.66,22288.79,43.8741
2020-06-02 09:00:00,22255.34,22263.35,22190.37,22247.16,56.8952
2020-06-02 10:00:00,22253.76,22335.56,22217.87,22269.27,19.2152
2020-06-02 11:00:00,22427.75,22455.0,22332.08,22408.36,27.4236
2020-06-02 12:00:00,22493.82,22522.2,22468.12,22478.17,72.4686
2020-06-02 13:00:00,22417.77,22513.73,22349.51,22384.83,44.4611
2020-06-02 14:00:00,22685.79,22761.36,22663.23,22665.22,64.5226
2020-06-02 15:00:00,22722.24,22755.46,22642.54,22697.49,16.2172
2020-06-02 16:00:00,22829.22,22860.18,22798.26,22844.5,17.0158
2020-06-02 17:00:00,22847.81,22902.68,22772.27,22829.46,48.4416
2020-06-02 18:00:00,22937.69,22989.68,22878.09,22892.62,47.6195
2020-06-02 19:00:00,22975.17,23040.5,22952.69,22991.0,214.8426
2020-06-02 20:00:00,23174.97,23217.98,23076.21,23133.34,3.4024
2020-06-02 21:00:00,23245.18,23264.99,23212.31,23257.95,494.1404
2020-06-02 22:00:00,23341.8,23414.93,23278.97,23361.71,313.5525
2020-06-02 23:00:00,23334.15,23355.02,23308.36,23327.24,78.1434
2020-06-03 00:00:00,23279.54,23338.44,23179.29,23262.88,126.8539
2020-06-03 01:00:00,23325.14,23370.77,23227.66,23303.9,273.7294
2020-06-03 02:00:00,23392.44,23418.95,23348.23,23414.96,28.9275
2020-06-03 03:00:00,23401.39,23429.55,23373.08,23391.22,37.9257
2020-06-03 04:00:00,23502.02,23603.79,23457.22,23518.14,11.7573
2020-06-03 05:00:00,23656.03,23725.53,23604.95,23691.31,82.976
2020-06-03 06:00:00,23563.23,23591.89,23478.4,23585.13,17.3697
2020-06-03 07:00:00,23471.16,23562.53,23465.65,23488.79,267.1775
2020-06-03 08:00:00,23486.9,23518.31,23472.26,23474.66,56.4872
2020-06-03 09:00:00,23540.2,23573.15,23445.44,23513.11,252.182
2020-06-03 10:00:00,23419.24,23498.59,23397.75,23453.79,22.9539
2020-06-03 11:00:00,23623.02,23647.97,23546.31,23614.71,118.4289
2020-06-03 12:00:00,23639.29,23702.09,23613.76,23667.14,104.2966
2020-06-03 13:00:00,23689.07,23700.31,23670.66,23674.17,51.0285
2020-06-03 14:00:00,23491.93,23510.26,23482.83,23506.57,228.6152
2020-06-03 15:00:00,23329.72,23367.31,23258.63,23354.27,57.0579
2020-06-03 16:00:00,23408.12,23447.49,23328.75,23389.42,22.1184
2020-06-03 17:00:00,23128.78,23145.64,23086.87,23142.36,377.1626
2020-06-03 18:00:00,23254.5,23357.49,23225.31,23261.85,58.2467
2020-06-03 19:00:00,23194.17,23252.52,23155.09,23245.78,23.3286
2020-06-03 20:00:00,23647.41,23703.0,23576.69,23625.04,45.1979
2020-06-03 21:00:00,23919.65,23987.81,23857.82,23900.03,95.0648
2020-06-03 22:00:00,23880.87,23903.96,23862.73,23880.74,71.7496
2020-06-03 23:00:00,23833.96,23899.6,23810.66,23870.43,100.8179
2020-06-04 00:00:00,24020.65,24059.21,23878.55,23991.64,108.4287
2020-06-04 01:00:00,24182.23,24206.03,24159.12,24198.35,13.1683
2020-06-04 02:00:00,23991.7,24022.01,23985.64,24002.58,37.8169
2020-06-04 03:00:00,23845.6,23848.69,23699.71,23790.59,138.1112
2020-06-04 04:00:00,23702.29,23781.99,23669.17,23718.98,105.0872
2020-06-04 05:00:00,23808.12,23824.66,23704.48,23790.46,9.2497
2020-06-04 06:00:00,23865.35,23899.02,23817.04,23851.94,37.8552
2020-06-04 07:00:00,23991.27,23996.0,23915.34,23981.91,267.8329
2020-06-04 08:00:00,23847.17,23864.77,23799.95,23840.45,198.0593
2020-06-04 09:00:00,23575.62,23583.27,23520.12,23566.75,111.0613
2020-06-04 10:00:00,23676.64,23696.52,23645.69,23670.21,7.5655
2020-06-04 11:00:00,23573.33,23606.47,23547.54,23574.55,93.4086
2020-06-04 12:00:00,23374.26,23383.57,23338.56,23338.99,1.2263
2020-06-04 13:00:00,23327.59,23360.86,23318.94,23358.25,108.2128
2020-06-04 14:00:00,23477.18,23527.14,23408.31,23453.22,131.3831
2020-06-04 15:00:00,23460.53,23480.0,23386.14,23441.25,68.765
2020-06-04 16:00:00,23406.27,23499.0,23371.7,23389.93,0.3814
2020-06-04 17:00:00,23399.74,23416.77,23307.83,23373.64,109.8443
2020-06-04 18:00:00,23330.5,23408.56,23321.76,23332.66,171.3356
2020-06-04 19:00:00,23134.41,23197.0,23124.27,23177.73,88.1569
2020-06-04 20:00:00,23095.55,23174.55,23082.41,23097.22,123.5111
2020-06-04 21:00:00,23136.78,23205.52,23098.23,23159.73,9.4664
2020-06-04 22:00:00,23182.32,23216.11,23093.55,23199.3,125.6396
2020-06-04 23:00:00,23192.26,23292.82,23161.14,23221.12,95.2418
2020-06-05 00:00:00,23096.86,23157.48,23052.34,23107.89,40.2001
2020-06-05 01:00:00,23075.46,23089.81,23017.73,23089.23,115.6244
2020-06-05 02:00:00,22785.91,22866.7,22776.41,22840.21,103.7281
2020-06-05 03:00:00,22878.89,22946.79,22839.42,22862.88,91.4942
2020-06-05 04:00:00,23079.63,23115.53,23003.71,23028.5,20.2049
2020-06-05 05:00:00,22874.93,22924.97,22833.96,22861.07,35.1292
2020-06-05 06:00:00,22791.75,22835.79,22791.06,22796.38,475.3992
2020-06-05 07:00:00,22834.92,22891.4,22752.07,22836.17,56.7589
2020-06-05 08:00:00,22971.83,22998.04,22889.76,22981.51,6.1266
2020-06-05 09:00:00,22934.37,22973.29,22913.62,22932.3,229.2687
2020-06-05 10:00:00,22854.37,22898.94,22846.04,22855.22,18.9868
2020-06-05 11:00:00,22613.47,22658.75,22585.47,22632.5,51.6709
2020-06-05 12:00:00,22684.58,22721.02,22559.24,22646.47,32.5729
2020-06-05 13:00:00,22845.94,22915.32,22798.59,22879.97,332.0783
2020-06-05 14:00:00,22930.44,22933.62,22803.02,22913.98,47.4974
2020-06-05 15:00:00,22911.4,22928.43,22891.08,22913.72,123.346
2020-06-05 16:00:00,22996.54,23055.49,22915.42,22952.91,91.2256
2020-06-05 17:00:00,22961.76,22964.86,22941.41,22953.94,4.3926
2020-06-05 18:00:00,22854.69,22888.88,22850.81,22862.92,48.5019
2020-06-05 19:00:00,22953.64,22970.5,22901.51,22959.32,49.4332
2020-06-05 20:00:00,22988.45,23041.0,22966.46,22987.53,458.864
2020-06-05 21:00:00,22965.58,23000.04,22918.97,22991.86,167.0934
2020-06-05 22:00:00,22864.48,22902.12,22858.66,22882.03,194.2496
2020-06-05 23:00:00,22992.34,23091.0,22933.92,23033.45,37.618
2020-06-06 00:00:00,23090.98,23173.66,23074.13,23112.31,39.9068
2020-06-06 01:00:00,23052.89,23107.15,23000.52,23050.72,72.4856
2020-06-06 02:00:00,23175.45,23185.01,23141.8,23168.49,99.7
2020-06-06 03:00:00,23067.42,23118.76,23055.96,23113.17,130.3033
2020-06-06 04:00:00,23021.95,23037.53,22970.26,23025.11,171.9263
2020-06-06 05:00:00,22952.87,22966.99,22882.49,22939.95,206.5162
2020-06-06 06:00:00,22735.4,22773.6,22681.19,22739.1,2.4934
2020-06-06 07:00:00,22780.54,22843.24,22757.04,22794.99,159.0105
2020-06-06 08:00:00,22579.25,22608.54,22562.71,22588.56,94.3757
2020-06-06 09:00:00,22439.94,22472.29,22386.87,22452.08,75.9468
2020-06-06 10:00:00,22207.17,22228.61,22167.35,22221.32,99.0116
2020-06-06 11:00:00,22217.84,22234.53,22104.8,22213.98,213.6547
2020-06-06 12:00:00,22250.73,22260.27,22193.7,22199.5,78.8097
2020-06-06 13:00:00,22148.97,22182.91,22075.99,22165.46,17.6962
2020-06-06 14:00:00,22045.11,22052.45,22043.59,22052.13,57.408
2020-06-06 15:00:00,21923.95,21960.77,21863.79,21925.08,258.3087
2020-06-06 16:00:00,21963.08,22014.17,21891.73,21978.18,168.4613
2020-06-06 17:00:00,21943.95,22021.63,21867.36,21919.88,22.6958
2020-06-06 18:00:00,21904.69,21999.49,21869.31,21956.74,125.2266
2020-06-06 19:00:00,21850.14,21908.49,21782.77,21861.75,29.6019
2020-06-06 20:00:00,21901.64,21908.41,21855.1,21883.73,42.8535
2020-06-06 21:00:00,22022.04,22032.58,21988.15,22028.52,63.2838
2020-06-06 22:00:00,22077.15,22141.85,22025.62,22095.29,58.1373
2020-06-06 23:00:00,22061.65,22064.55,22011.19,22051.94,2.9717
2020-06-07 00:00:00,22102.51,22147.73,22018.58,22082.5,148.7261
2020-06-07 01:00:00,22062.78,22101.43,22019.9,22058.13,187.3312
2020-06-07 02:00:00,22043.53,22078.97,22009.64,22061.21,75.7031
2020-06-07 03:00:00,22037.55,22057.17,21977.37,22027.5,18.9891
2020-06-07 04:00:00,22002.75,22035.9,21985.33,22011.6,28.4937
2020-06-07 05:00:00,22053.57,22079.11,21954.8,22037.15,13.5057
2020-06-07 06:00:00,21962.42,22032.18,21861.62,21929.9,18.5735
2020-06-07 07:00:00,21763.84,21820.99,21717.37,21820.7,209.0684
2020-06-07 08:00:00,21673.79,21682.32,21615.3,21671.39,65.424
2020-06-07 09:00:00,21462.83,21566.04,21451.44,21500.15,11.7673
2020-06-07 10:00:00,21423.63,21424.31,21288.6,21371.44,29.4029
2020-06-07 11:00:00,21380.61,21401.33,21346.58,21390.62,298.581
2020-06-07 12:00:00,21313.17,21334.97,21249.22,21297.27,71.1852
2020-06-07 13:00:00,21353.34,21357.57,21323.69,21354.1,72.4915
2020-06-07 14:00:00,21342.78,21383.4,21321.47,21359.94,74.5799
2020-06-07 15:00:00,21132.33,21191.0,21115.88,21151.84,11.8352
2020-06-07 16:00:00,21256.88,21351.31,21156.53,21223.22,351.7068
2020-06-07 17:00:00,21331.76,21334.5,21291.46,21311.38,8.8269
2020-06-07 18:00:00,21248.83,21323.76,21142.34,21207.61,120.4101
2020-06-07 19:00:00,21255.47,21294.25,21164.85,21254.29,5.95
2020-06-07 20:00:00,21171.49,21193.71,21150.58,21165.39,58.6253
2020-06-07 21:00:00,21172.19,21231.82,21156.28,21177.85,229.9373
2020-06-07 22:00:00,21040.02,21105.99,21024.85,21046.07,146.2936
2020-06-07 23:00:00,20837.75,20958.85,20835.14,20859.48,40.7481
2020-06-08 00:00:00,20823.39,20880.0,20806.73,20821.64,80.1507
2020-06-08 01:00:00,20794.42,20879.54,20757.65,20810.84,18.0653
2020-06-08 02:00:00,20780.72,20787.88,20707.2,20771.54,312.6302
2020-06-08 03:00:00,20654.16,20675.84,20628.57,20650.65,123.3324
2020-06-08 04:00:00,20617.35,20640.72,20597.85,20611.42,46.8874
2020-06-08 05:00:00,20675.81,20731.08,20605.32,20641.24,38.263
2020-06-08 06:00:00,20637.89,20685.98,20547.28,20638.67,27.2647
2020-06-08 07:00:00,20675.2,20696.3,20606.3,20659.57,154.421
2020-06-08 08:00:00,20634.66,20669.6,20565.56,20592.41,57.0247
2020-06-08 09:00:00,20742.18,20754.13,20621.21,20715.11,40.0802
2020-06-08 10:00:00,20619.11,20664.55,20549.64,20595.36,235.6215
2020-06-08 11:00:00,20641.29,20668.9,20568.27,20647.63,16.2775
2020-06-08 12:00:00,20776.48,20851.62,20750.05,20771.71,30.6302
2020-06-08 13:00:00,20796.28,20831.17,20786.78,20823.73,42.2762
2020-06-08 14:00:00,20815.11,20824.34,20785.19,20804.73,30.0904
2020-06-08 15:00:00,20757.55,20770.9,20739.46,20751.85,88.0448
2020-06-08 16:00:00,20861.92,20867.86,20841.82,20861.43,91.8872
2020-06-08 17:00:00,20736.37,20771.54,20710.36,20715.09,5.6305
2020-06-08 18:00:00,20591.78,20626.46,20549.23,20616.68,15.6103
2020-06-08 19:00:00,20611.4,20643.89,20508.36,20577.76,22.1306
2020-06-08 20:00:00,20725.83,20764.98,20682.99,20707.16,7.2924
2020-06-08 21:00:00,20747.08,20766.33,20678.76,20748.55,13.3259
2020-06-08 22:00:00,20647.13,20670.92,20542.43,20650.2,27.3978
2020-06-08 23:00:00,20630.13,20671.82,20581.64,20620.22,42.4068
2020-06-09 00:00:00,20590.21,20612.88,20499.02,20558.95,156.6901
2020-06-09 01:00:00,20490.12,20524.68,20469.13,20488.04,24.5779
2020-06-09 02:00:00,20593.33,20651.97,20577.93,20590.37,110.8741
2020-06-09 03:00:00,20451.57,20530.94,20446.66,20451.2,5.9624
2020-06-09 04:00:00,20654.5,20677.95,20613.39,20617.76,107.3649
2020-06-09 05:00:00,20697.56,20706.18,20672.43,20705.2,158.3377
2020-06-09 06:00:00,20819.59,20856.81,20797.91,20820.2,92.8383
2020-06-09 07:00:00,20804.49,20838.72,20767.97,20774.09,22.4885
2020-06-09 08:00:00,20763.65,20783.37,20711.68,20760.59,40.1087
2020-06-09 09:00:00,20637.34,20702.61,20594.32,20613.9,163.5686
2020-06-09 10:00:00,20543.15,20645.45,20503.75,20561.89,56.5584
2020-06-09 11:00:00,20610.47,20621.73,20609.07,20614.7,29.4686
2020-06-09 12:00:00,20781.15,20800.41,20729.58,20750.35,269.8469
2020-06-09 13:00:00,20623.6,20669.76,20599.43,20637.55,101.433
2020-06-09 14:00:00,20598.79,20615.05,20567.0,20601.9,163.8428
2020-06-09 15:00:00,20593.66,20666.21,20579.6,20588.38,2.4807
2020-06-09 16:00:00,20426.53,20447.93,20406.67,20446.75,41.4511
2020-06-09 17:00:00,20500.76,20563.07,20480.81,20509.25,61.4145
2020-06-09 18:00:00,20439.36,20465.79,20356.5,20437.06,88.5329
2020-06-09 19:00:00,20420.09,20422.46,20397.48,20419.14,21.0686
2020-06-09 20:00:00,20401.13,20450.61,20362.87,20375.04,68.9063
2020-06-09 21:00:00,20327.95,20364.57,20255.53,20296.66,115.717
2020-06-09 22:00:00,20280.6,20302.87,20279.57,20297.98,42.4458
2020-06-09 23:00:00,20280.38,20294.89,20213.11,20278.12,117.5846
2020-06-10 00:00:00,20256.1,20268.79,20238.74,20242.45,49.3729
2020-06-10 01:00:00,20201.33,20225.02,20134.98,20170.74,63.3866
2020-06-10 02:00:00,20219.5,20235.57,20185.75,20204.99,14.4209
2020-06-10 03:00:00,20379.99,20420.53,20368.08,20374.06,105.347
2020-06-10 04:00:00,20403.94,20442.17,20322.51,20390.35,25.3958
2020-06-10 05:00:00,20507.75,20508.89,20451.89,20493.95,176.5216
2020-06-10 06:00:00,20334.66,20380.39,20315.25,20353.54,80.6189
2020-06-10 07:00:00,20375.56,20451.47,20303.79,20371.63,82.1564
2020-06-10 08:00:00,20291.46,20303.75,20248.99,20261.89,243.5848
2020-06-10 09:00:00,20110.12,20154.82,20108.57,20114.29,18.3205
2020-06-10 10:00:00,20044.54,20109.19,19995.85,20041.94,75.5522
2020-06-10 11:00:00,20158.5,20244.56,20133.72,20163.39,48.1599
2020-06-10 12:00:00,20214.3,20285.72,20175.37,20261.18,339.0972
2020-06-10 13:00:00,20288.24,20290.26,20275.58,20287.82,157.3656
2020-06-10 14:00:00,20140.45,20147.09,20100.33,20134.38,141.6757
2020-06-10 15:00:00,20106.32,20161.18,20081.64,20116.63,22.8309
2020-06-10 16:00:00,20125.72,20182.08,20088.18,20148.99,27.0921
2020-06-10 17:00:00,20150.93,20245.75,20127.12,20168.69,2.9615
2020-06-10 18:00:00,20000.04,20039.6,19957.03,19984.77,101.7591
2020-06-10 19:00:00,19937.05,19977.26,19882.13,19897.8,46.3362
2020-06-10 20:00:00,19920.92,19948.9,19892.52,19893.42,37.4026
2020-06-10 21:00:00,19921.93,19996.56,19856.54,19948.75,101.3438
2020-06-10 22:00:00,19748.56,19749.16,19705.76,19731.7,176.4267
2020-06-10 23:00:00,19704.6,19760.62,19674.14,19717.68,14.275
2020-06-11 00:00:00,19722.26,19757.84,19716.27,19733.75,250.9135
2020-06-11 01:00:00,19810.4,19873.99,19744.97,19819.55,3.4872
2020-06-11 02:00:00,19904.24,19915.86,19865.72,19890.2,9.9938
2020-06-11 03:00:00,19969.26,19971.49,19886.35,19950.12,182.095
2020-06-11 04:00:00,19870.37,19912.18,19834.0,19872.32,67.866
2020-06-11 05:00:00,19683.13,19702.62,19644.08,19684.73,280.1068
2020-06-11 06:00:00,19657.13,19667.36,19591.4,19648.01,61.9252
2020-06-11 07:00:00,19759.59,19765.5,19698.76,19748.38,260.5354
2020-06-11 08:00:00,19911.34,19914.88,19863.08,19887.94,27.395
2020-06-11 09:00:00,19934.95,19976.26,19909.17,19960.59,95.8284
2020-06-11 10:00:00,20005.83,20028.03,20003.65,20005.43,519.7206
2020-06-11 11:00:00,20024.0,20119.59,20021.01,20045.41,47.1706
2020-06-11 12:00:00,19990.66,20014.28,19952.18,19991.68,0.1456
2020-06-11 13:00:00,19976.15,20009.26,19966.2,19980.67,6.6196
2020-06-11 14:00:00,20148.48,20183.68,20089.9,20149.42,195.9418
2020-06-11 15:00:00,20040.43,20075.37,19989.44,20056.47,67.7049
2020-06-11 16:00:00,20190.34,20272.96,20119.26,20220.41,76.942
2020-06-11 17:00:00,20147.59,20191.04,20076.21,20189.88,160.6573
2020-06-11 18:00:00,20323.03,20380.08,20305.35,20325.7,166.9077
2020-06-11 19:00:00,20176.06,20251.46,20126.15,20184.76,64.898
2020-06-11 20:00:00,20232.22,20295.24,20211.95,20245.91,195.2356
2020-06-11 21:00:00,20200.03,20215.1,20170.8,20173.35,63.1911
2020-06-11 22:00:00,20015.4,20081.25,19988.36,20032.61,112.3996
2020-06-11 23:00:00,20084.92,20175.68,20047.64,20056.51,3.3931
2020-06-12 00:00:00,20192.48,20208.46,20088.01,20159.74,14.8499
2020-06-12 01:00:00,20037.42,20092.84,20037.41,20076.59,190.6632
2020-06-12 02:00:00,19929.96,19957.77,19880.66,19928.12,37.5593
2020-06-12 03:00:00,19913.0,19962.93,19901.91,19920.96,40.7583
2020-06-12 04:00:00,19856.26,19936.13,19771.62,19914.25,108.7646
2020-06-12 05:00:00,19941.98,20020.49,19899.77,19970.84,89.7808
2020-06-12 06:00:00,20083.2,20139.16,20065.91,20067.65,8.5763
2020-06-12 07:00:00,20104.21,20130.01,20038.46,20063.7,145.1431
2020-06-12 08:00:00,20270.13,20319.21,20241.28,20251.85,96.0301
2020-06-12 09:00:00,20283.14,20303.19,20265.59,20276.58,193.3313
2020-06-12 10:00:00,20243.05,20250.74,20190.28,20243.48,76.6787
2020-06-12 11:00:00,20116.18,20142.27,20049.92,20082.39,53.499
2020-06-12 12:00:00,20101.11,20102.34,19975.34,20058.02,46.4165
2020-06-12 13:00:00,20014.54,20047.83,19966.34,20026.29,0.4429
2020-06-12 14:00:00,20084.2,20159.04,20057.87,20124.45,4.0597
2020-06-12 15:00:00,20130.67,20216.58,20126.9,20173.0,14.0655
2020-06-12 16:00:00,20082.57,20114.07,20053.64,20056.06,265.2673
2020-06-12 17:00:00,20074.39,20077.77,20058.99,20075.34,212.5699
2020-06-12 18:00:00,20148.44,20161.12,20125.85,20144.75,68.7556
2020-06-12 19:00:00,20264.33,20306.83,20246.27,20300.68,19.869
2020-06-12 20:00:00,20377.43,20410.77,20330.87,20392.79,15.7954
2020-06-12 21:00:00,20466.36,20482.84,20414.51,20472.41,29.589
2020-06-12 22:00:00,20484.86,20504.6,20469.65,20480.61,239.3855
2020-06-12 23:00:00,20514.24,20555.88,20489.16,20522.42,73.7032
2020-06-13 00:00:00,20631.26,20711.09,20583.97,20652.69,162.9854
2020-06-13 01:00:00,20501.03,20563.17,20471.44,20517.12,70.6748
2020-06-13 02:00:00,20508.08,20523.07,20435.24,20483.33,94.0192
2020-06-13 03:00:00,20411.25,20476.69,20404.39,20406.25,94.1872
2020-06-13 04:00:00,20459.5,20516.06,20411.84,20446.98,3.1839
2020-06-13 05:00:00,20556.3,20617.68,20493.78,20574.8,58.9271
2020-06-13 06:00:00,20454.84,20524.64,20439.05,20515.44,199.5461
2020-06-13 07:00:00,20261.7,20290.62,20191.65,20272.3,67.1579
2020-06-13 08:00:00,20215.01,20324.46,20161.35,20232.54,57.1523
2020-06-13 09:00:00,20334.07,20401.1,20304.31,20326.98,74.77
2020-06-13 10:00:00,20450.63,20490.53,20343.48,20383.65,47.9274
2020-06-13 11:00:00,20443.53,20448.09,20409.23,20429.33,72.4431
2020-06-13 12:00:00,20458.59,20490.72,20354.01,20402.77,14.5424
2020-06-13 13:00:00,20285.87,20290.29,20226.67,20274.33,344.0358
2020-06-13 14:00:00,20315.79,20404.72,20312.19,20328.6,3.4726
2020-06-13 15:00:00,20252.88,20256.74,20169.43,20245.83,66.0114
2020-06-13 16:00:00,20505.4,20519.16,20449.85,20468.95,23.5713
2020-06-13 17:00:00,20566.95,20657.11,20511.12,20529.39,6.0128
2020-06-13 18:00:00,20460.06,20551.43,20418.94,20471.84,105.4707
2020-06-13 19:00:00,20416.47,20429.18,20370.0,20411.3,421.1863
2020-06-13 20:00:00,20374.7,20431.28,20368.44,20403.86,138.4715
2020-06-13 21:00:00,20398.27,20445.82,20245.51,20381.47,29.3057
2020-06-13 22:00:00,20529.16,20557.51,20485.82,20497.32,68.0012
2020-06-13 23:00:00,20519.29,20564.0,20466.38,20518.47,5.1063
2020-06-14 00:00:00,20431.82,20455.83,20390.85,20445.46,75.8583
2020-06-14 01:00:00,20648.2,20648.58,20629.42,20640.76,10.4764
2020-06-14 02:00:00,20656.54,20693.45,20585.2,20647.92,158.2833
2020-06-14 03:00:00,20731.04,20740.0,20721.63,20729.36,5.8378
2020-06-14 04:00:00,20672.08,20693.25,20603.65,20668.39,0.9405
2020-06-14 05:00:00,20704.38,20731.67,20686.39,20707.98,197.7297
2020-06-14 06:00:00,20762.92,20798.21,20697.32,20742.26,285.6705
2020-06-14 07:00:00,20563.49,20586.71,20532.45,20548.36,9.0531
2020-06-14 08:00:00,20737.06,20792.3,20721.33,20757.47,32.7001
2020-06-14 09:00:00,20872.38,20904.46,20840.96,20893.5,135.3623
2020-06-14 10:00:00,20848.79,20879.79,20825.16,20854.09,77.5776
2020-06-14 11:00:00,20756.53,20785.74,20718.19,20741.24,298.0584
2020-06-14 12:00:00,20782.44,20809.48,20764.83,20779.36,49.2953
2020-06-14 13:00:00,20777.07,20813.44,20696.41,20790.45,0.3328
2020-06-14 14:00:00,20834.95,20846.24,20765.31,20829.5,1.9943
2020-06-14 15:00:00,20844.64,20899.98,20760.04,20851.53,83.2075
2020-06-14 16:00:00,20924.81,20928.06,20895.37,20906.4,139.4752
2020-06-14 17:00:00,21066.79,21113.24,21016.36,21059.78,156.359
2020-06-14 18:00:00,21115.05,21197.47,21112.88,21121.7,242.4945
2020-06-14 19:00:00,21017.83,21027.97,20963.82,21012.96,26.0164
2020-06-14 20:00:00,21186.05,21213.38,21154.88,21158.22,134.0961
2020-06-14 21:00:00,21321.75,21361.11,21247.85,21333.9,175.5031
2020-06-14 22:00:00,21680.99,21725.77,21645.0,21672.26,180.9569
2020-06-14 23:00:00,21551.17,21561.11,21537.85,21552.69,53.0252
2020-06-15 00:00:00,21590.23,21649.07,21577.48,21581.02,98.3454
2020-06-15 01:00:00,21344.52,21398.56,21326.29,21358.51,80.1992
2020-06-15 02:00:00,21422.08,21447.42,21410.9,21419.71,91.0025
2020-06-15 03:00:00,21386.81,21408.78,21340.02,21363.14,33.1329
2020-06-15 04:00:00,21550.52,21601.39,21505.97,21570.73,114.9593
2020-06-15 05:00:00,21460.78,21502.21,21426.57,21489.35,123.7934
2020-06-15 06:00:00,21282.48,21388.89,21206.95,21310.0,21.8092
2020-06-15 07:00:00,21237.03,21284.21,21227.25,21261.92,58.6326
2020-06-15 08:00:00,21066.56,21113.51,21008.54,21054.03,54.8364
2020-06-15 09:00:00,21105.49,21152.19,21051.96,21135.2,138.2106
2020-06-15 10:00:00,20912.85,20932.11,20890.47,20919.09,109.8122
2020-06-15 11:00:00,20937.09,20985.86,20906.61,20924.15,64.6637
2020-06-15 12:00:00,20717.49,20745.21,20702.95,20708.86,105.7081
2020-06-15 13:00:00,20669.8,20686.46,20642.11,20677.77,30.498
2020-06-15 14:00:00,20853.73,20862.3,20834.31,20849.75,26.4419
2020-06-15 15:00:00,20891.67,20914.15,20861.09,20889.43,27.4331
2020-06-15 16:00:00,20796.66,20829.26,20706.39,20801.33,2.9941
2020-06-15 17:00:00,20795.78,20829.86,20788.25,20800.16,117.4661
2020-06-15 18:00:00,20850.62,20910.06,20743.85,20804.12,425.7905
2020-06-15 19:00:00,20872.24,20950.07,20834.34,20855.36,36.9662
2020-06-15 20:00:00,20766.3,20804.88,20679.82,20714.91,265.6882
2020-06-15 21:00:00,20768.03,20806.16,20735.94,20778.36,93.2783
2020-06-15 22:00:00,20497.73,20546.32,20436.97,20499.47,25.4807
2020-06-15 23:00:00,20409.74,20458.77,20379.05,20436.96,1.1936
2020-06-16 00:00:00,20372.61,20416.69,20350.87,20389.11,128.6382
2020-06-16 01:00:00,20494.62,20531.37,20411.42,20455.72,119.2618
2020-06-16 02:00:00,20449.39,20469.93,20440.5,20460.08,26.0396
2020-06-16 03:00:00,20357.33,20370.76,20315.12,20318.33,40.4523
2020-06-16 04:00:00,20195.16,20230.5,20163.26,20220.3,228.3241
2020-06-16 05:00:00,20221.08,20277.16,20203.05,20242.41,17.1065
2020-06-16 06:00:00,20229.52,20249.18,20206.94,20236.43,180.4504
2020-06-16 07:00:00,20178.57,20229.81,20158.7,20179.85,18.5394
2020-06-16 08:00:00,20151.94,20165.41,20087.87,20133.36,65.7253
2020-06-16 09:00:00,20214.56,20220.73,20183.51,20205.45,69.108
2020-06-16 10:00:00,20146.78,20163.5,20081.57,20155.17,63.8829
2020-06-16 11:00:00,20145.62,20159.78,20073.57,20148.31,33.9578
2020-06-16 12:00:00,20362.43,20396.5,20356.62,20368.93,29.2178
2020-06-16 13:00:00,20207.47,20253.48,20175.32,20225.97,132.1086
2020-06-16 14:00:00,20022.92,20094.13,20007.8,20040.71,32.2518
2020-06-16 15:00:00,20141.92,20167.14,20022.62,20121.24,94.1392
2020-06-16 16:00:00,20018.31,20092.55,19960.88,20054.97,187.4965
2020-06-16 17:00:00,20057.45,20125.57,19971.54,20025.07,181.4216
2020-06-16 18:00:00,19942.01,19955.56,19937.72,19948.86,18.2903
2020-06-16 19:00:00,19909.55,19953.75,19896.82,19924.94,106.3451
2020-06-16 20:00:00,20101.04,20145.45,20035.26,20086.18,92.2005
2020-06-16 21:00:00,20198.71,20218.69,20120.55,20168.75,33.1264
2020-06-16 22:00:00,20280.36,20352.23,20188.95,20257.72,49.6683
2020-06-16 23:00:00,20126.39,20147.55,20109.82,20116.3,33.5631
2020-06-17 00:00:00,20024.26,20035.44,19960.08,20002.52,77.0169
2020-06-17 01:00:00,19686.73,19805.75,19671.64,19720.58,162.7741
2020-06-17 02:00:00,19632.49,19646.09,19618.84,19642.74,209.9671
2020-06-17 03:00:00,19720.68,19744.91,19682.08,19738.67,128.3101
2020-06-17 04:00:00,19815.9,19862.8,19727.38,19791.66,66.0584
2020-06-17 05:00:00,19764.14,19782.42,19691.19,19771.72,317.2357
2020-06-17 06:00:00,19788.21,19788.5,19725.73,19771.49,82.9836
2020-06-17 07:00:00,19715.93,19762.9,19685.12,19705.37,65.1136
2020-06-17 08:00:00,19710.5,19763.8,19674.07,19727.51,194.3329
2020-06-17 09:00:00,19793.41,19838.22,19754.96,19805.03,20.4105
2020-06-17 10:00:00,19672.42,19683.82,19635.5,19647.0,17.1831
2020-06-17 11:00:00,19663.14,19686.21,19606.97,19678.4,152.5752
2020-06-17 12:00:00,19774.58,19803.3,19754.21,19772.11,204.4622
2020-06-17 13:00:00,19717.61,19740.97,19699.4,19733.05,7.5559
2020-06-17 14:00:00,19797.94,19880.64,19745.61,19804.16,144.4288
2020-06-17 15:00:00,20083.92,20104.41,19975.82,20084.85,55.245
2020-06-17 16:00:00,20060.66,20109.03,20043.09,20076.38,121.6473
2020-06-17 17:00:00,20098.55,20133.55,20069.42,20117.87,14.499
2020-06-17 18:00:00,20051.38,20109.84,19977.15,20045.64,361.2391
2020-06-17 19:00:00,20048.86,20071.19,20037.56,20065.81,213.099
2020-06-17 20:00:00,20097.69,20114.06,20065.79,20113.99,52.083
2020-06-17 21:00:00,20116.69,20156.13,20100.73,20135.6,223.8286
2020-06-17 22:00:00,20033.39,20055.2,20029.59,20034.95,225.3088
2020-06-17 23:00:00,20076.56,20113.47,20019.67,20057.63,61.8509
2020-06-18 00:00:00,20236.72,20239.16,20161.43,20206.28,293.5305
2020-06-18 01:00:00,20238.92,20255.09,20221.99,20253.62,376.6068
2020-06-18 02:00:00,20396.83,20407.93,20342.08,20353.07,24.4894
2020-06-18 03:00:00,20310.56,20342.74,20257.18,20330.98,6.8993
2020-06-18 04:00:00,20431.36,20537.09,20371.83,20409.25,40.2195
2020-06-18 05:00:00,20425.04,20487.86,20424.71,20439.79,67.1063
2020-06-18 06:00:00,20326.93,20384.53,20306.79,20344.65,9.7256
2020-06-18 07:00:00,20363.91,20427.32,20352.82,20379.08,15.159
2020-06-18 08:00:00,20279.01,20300.06,20191.56,20280.07,356.4862
2020-06-18 09:00:00,20229.65,20255.96,20199.46,20217.93,133.6745
2020-06-18 10:00:00,20252.64,20320.07,20226.39,20239.09,207.8946
2020-06-18 11:00:00,20252.06,20360.06,20230.83,20271.19,354.5804
2020-06-18 12:00:00,20132.74,20180.22,20115.41,20152.68,47.5047
2020-06-18 13:00:00,20242.33,20308.38,20168.41,20260.9,116.4316
2020-06-18 14:00:00,20318.61,20335.92,20225.28,20320.87,20.3368
2020-06-18 15:00:00,20247.05,20315.96,20187.75,20251.3,80.2219
2020-06-18 16:00:00,20078.54,20158.4,20008.96,20097.64,23.5569
2020-06-18 17:00:00,20090.5,20135.19,20060.26,20085.09,17.4867
2020-06-18 18:00:00,20087.66,20109.02,20035.06,20042.31,10.3633
2020-06-18 19:00:00,20045.53,20072.39,20033.28,20055.65,86.6874
2020-06-18 20:00:00,20012.57,20030.14,19908.29,20021.24,299.2761
2020-06-18 21:00:00,19833.38,19852.83,19798.32,19822.29,13.0361
2020-06-18 22:00:00,19774.72,19841.99,19774.02,19785.78,69.7787
2020-06-18 23:00:00,19770.74,19830.59,19736.37,19757.52,116.177
2020-06-19 00:00:00,19807.86,19838.53,19781.9,19822.1,68.4905
2020-06-19 01:00:00,19791.07,19858.75,19752.88,19754.88,242.7875
2020-06-19 02:00:00,19929.54,20015.53,19885.59,19922.67,18.1876
2020-06-19 03:00:00,19722.0,19743.68,19695.19,19734.23,2.446
2020-06-19 04:00:00,19853.89,19891.64,19828.25,19865.58,48.3078
2020-06-19 05:00:00,19835.09,19847.79,19795.22,19845.29,81.078
2020-06-19 06:00:00,19959.93,19962.76,19893.39,19932.57,29.371
2020-06-19 07:00:00,19917.21,19974.6,19915.0,19942.51,18.4444
2020-06-19 08:00:00,20044.74,20084.41,20021.47,20058.13,163.3924
2020-06-19 09:00:00,20010.05,20088.49,19984.82,20021.29,20.8964
2020-06-19 10:00:00,19913.0,20001.61,19854.76,19913.31,58.462
2020-06-19 11:00:00,20051.3,20059.85,19981.86,20056.74,308.9628
2020-06-19 12:00:00,20017.47,20086.27,20007.23,20047.37,94.8568
2020-06-19 13:00:00,20063.55,20131.41,20035.64,20071.58,68.8604
2020-06-19 14:00:00,20195.49,20243.15,20166.27,20197.5,44.6678
2020-06-19 15:00:00,20082.69,20110.57,19982.69,20095.31,73.4773
2020-06-19 16:00:00,20170.99,20187.33,20130.67,20157.15,132.5414
2020-06-19 17:00:00,20118.19,20176.95,20065.93,20099.71,172.8938
2020-06-19 18:00:00,20086.87,20088.79,20084.37,20088.44,104.9387
2020-06-19 19:00:00,20102.34,20173.03,20070.02,20097.71,156.2159
2020-06-19 20:00:00,19905.85,19958.47,19902.18,19948.96,9.2573
2020-06-19 21:00:00,19864.91,19928.38,19816.06,19873.27,1.4479
2020-06-19 22:00:00,20029.62,20077.96,20004.95,20009.51,132.5805
2020-06-19 23:00:00,20091.66,20123.51,20034.44,20100.18,30.3411
2020-06-20 00:00:00,20081.07,20103.69,20041.71,20095.89,210.11
2020-06-20 01:00:00,20168.16,20191.86,20117.19,20122.33,76.7549
2020-06-20 02:00:00,20131.29,20145.68,20070.89,20094.74,65.1086
2020-06-20 03:00:00,20242.51,20274.51,20217.32,20233.05,148.2007
2020-06-20 04:00:00,20237.82,20254.56,20203.53,20214.8,135.1298
2020-06-20 05:00:00,20195.2,20285.46,20185.93,20240.26,121.833
2020-06-20 06:00:00,20342.23,20372.29,20313.55,20358.26,117.0864
2020-06-20 07:00:00,20271.63,20289.56,20252.95,20281.17,72.4423
2020-06-20 08:00:00,20436.44,20449.94,20436.02,20441.26,261.0137
2020-06-20 09:00:00,20276.95,20287.61,20194.97,20286.89,221.3123
2020-06-20 10:00:00,20402.06,20519.51,20308.14,20454.22,39.959
2020-06-20 11:00:00,20426.03,20436.06,20415.73,20418.15,163.319
2020-06-20 12:00:00,20406.5,20406.57,20282.46,20395.41,221.7403
2020-06-20 13:00:00,20237.08,20246.73,20196.91,20204.71,96.3002
2020-06-20 14:00:00,20144.9,20194.79,20129.7,20160.79,81.0983
2020-06-20 15:00:00,20040.54,20086.39,20018.81,20057.99,111.4396
2020-06-20 16:00:00,19945.46,20010.01,19918.65,19999.05,17.8004
2020-06-20 17:00:00,19981.46,20033.52,19918.73,19987.32,9.1396
2020-06-20 18:00:00,20103.14,20139.4,20050.97,20085.04,171.5634
2020-06-20 19:00:00,20095.6,20115.3,20034.82,20107.9,85.1736
2020-06-20 20:00:00,20184.01,20238.47,20129.39,20140.84,13.068
2020-06-20 21:00:00,20027.39,20042.56,19966.22,20032.53,53.8399
2020-06-20 22:00:00,19949.25,19972.95,19918.49,19946.32,35.4156
2020-06-20 23:00:00,20100.27,20198.58,20098.14,20127.7,208.3273
2020-06-21 00:00:00,20061.49,20122.21,19999.4,20055.72,70.7693
2020-06-21 01:00:00,20183.78,20246.83,20161.96,20223.81,86.1596
2020-06-21 02:00:00,20215.27,20247.45,20155.89,20201.26,26.8259
2020-06-21 03:00:00,20218.14,20257.03,20166.74,20203.51,160.4767
2020-06-21 04:00:00,20341.27,20347.97,20196.34,20313.65,266.0708
2020-06-21 05:00:00,20424.02,20448.33,20373.83,20444.87,157.2597
2020-06-21 06:00:00,20438.87,20499.72,20417.65,20435.59,67.8966
2020-06-21 07:00:00,20409.46,20416.79,20377.38,20397.96,180.2349
2020-06-21 08:00:00,20403.32,20427.29,20349.72,20394.3,20.8204
2020-06-21 09:00:00,20413.12,20466.37,20371.75,20430.8,12.0377
2020-06-21 10:00:00,20474.8,20550.28,20427.69,20523.89,57.6643
2020-06-21 11:00:00,20533.5,20538.76,20516.39,20526.38,20.0324
2020-06-21 12:00:00,20588.81,20593.34,20583.97,20591.95,29.9971
2020-06-21 13:00:00,20750.93,20794.98,20741.76,20762.69,87.9758
2020-06-21 14:00:00,20820.25,20852.56,20741.59,20804.35,51.7352
2020-06-21 15:00:00,20837.92,20887.54,20807.76,20838.85,200.9008
2020-06-21 16:00:00,20655.39,20705.47,20635.78,20682.67,25.5683
2020-06-21 17:00:00,20373.26,20437.05,20316.08,20412.69,574.1702
2020-06-21 18:00:00,20431.28,20472.63,20407.25,20454.37,44.534
2020-06-21 19:00:00,20495.65,20519.47,20408.93,20446.72,72.4437
2020-06-21 20:00:00,20410.88,20442.74,20347.9,20396.13,14.1946
2020-06-21 21:00:00,20426.86,20450.32,20369.27,20423.01,86.5833
2020-06-21 22:00:00,20415.17,20419.73,20379.55,20418.88,325.1525
2020-06-21 23:00:00,20530.99,20592.71,20515.15,20536.07,138.3888
2020-06-22 00:00:00,20570.94,20621.16,20496.07,20546.96,27.9786
2020-06-22 01:00:00,20462.24,20484.64,20389.01,20472.28,58.4493
2020-06-22 02:00:00,20587.55,20599.75,20533.34,20575.68,55.4139
2020-06-22 03:00:00,20548.24,20560.47,20535.76,20555.4,10.3083
2020-06-22 04:00:00,20651.56,20687.4,20590.33,20611.57,217.0243
2020-06-22 05:00:00,20579.7,20581.2,20561.21,20564.43,48.0387
2020-06-22 06:00:00,20525.21,20548.13,20480.06,20499.67,68.1732
2020-06-22 07:00:00,20498.36,20560.22,20407.69,20510.35,34.4249
2020-06-22 08:00:00,20535.42,20542.88,20497.9,20513.72,16.5341
2020-06-22 09:00:00,20558.56,20588.73,20514.65,20564.98,232.3917
2020-06-22 10:00:00,20541.68,20561.35,20474.17,20539.42,3.8115
2020-06-22 11:00:00,20386.16,20425.76,20329.72,20352.88,51.0625
2020-06-22 12:00:00,20289.7,20351.81,20257.78,20310.88,131.1912
2020-06-22 13:00:00,20397.67,20405.85,20365.98,20393.52,36.941
2020-06-22 14:00:00,20374.16,20384.21,20362.85,20365.24,59.0642
2020-06-22 15:00:00,20352.77,20371.18,20302.6,20342.19,83.1208
2020-06-22 16:00:00,20435.33,20470.39,20433.36,20444.55,531.4774
2020-06-22 17:00:00,20416.32,20438.84,20326.14,20373.81,142.0064
2020-06-22 18:00:00,20192.5,20279.05,20191.55,20218.69,341.475
2020-06-22 19:00:00,20233.94,20275.7,20173.24,20204.47,118.1382
2020-06-22 20:00:00,20182.07,20227.28,20088.32,20157.58,31.3414
2020-06-22 21:00:00,20100.34,20111.24,20018.56,20062.21,33.896
2020-06-22 22:00:00,20014.78,20051.91,20004.76,20046.62,172.8584
2020-06-22 23:00:00,20080.43,20104.42,20059.35,20097.89,55.8116
2020-06-23 00:00:00,20128.95,20195.43,20087.96,20098.97,46.2391
2020-06-23 01:00:00,20094.04,20254.16,20032.88,20131.83,290.2133
2020-06-23 02:00:00,20283.74,20382.75,20246.07,20316.38,1.3322
2020-06-23 03:00:00,20273.67,20323.49,20205.07,20283.58,74.4371
2020-06-23 04:00:00,20317.74,20324.08,20255.4,20313.84,149.1996
2020-06-23 05:00:00,20296.41,20338.95,20237.38,20264.15,133.2447
2020-06-23 06:00:00,20176.68,20219.05,20109.25,20180.42,45.8193
2020-06-23 07:00:00,20111.18,20180.16,20097.2,20123.42,76.7113
2020-06-23 08:00:00,20083.51,20094.96,20074.65,20077.26,0.5593
2020-06-23 09:00:00,20124.8,20160.6,20061.17,20115.35,76.5353
2020-06-23 10:00:00,20362.61,20400.39,20338.01,20353.63,89.2577
2020-06-23 11:00:00,20279.18,20287.58,20259.81,20282.79,207.7774
2020-06-23 12:00:00,20202.99,20252.04,20183.88,20242.57,23.6656
2020-06-23 13:00:00,20219.63,20257.48,20193.86,20238.2,174.3802
2020-06-23 14:00:00,20309.08,20349.96,20227.1,20280.28,126.6084
2020-06-23 15:00:00,20312.83,20377.97,20284.62,20309.03,109.6707
2020-06-23 16:00:00,20434.86,20490.33,20423.4,20441.46,50.1515
2020-06-23 17:00:00,20218.09,20243.24,20181.58,20195.51,45.7971
2020-06-23 18:00:00,19933.95,19971.36,19932.48,19956.5,121.4903
2020-06-23 19:00:00,19904.53,19967.44,19890.0,19909.02,462.7745
2020-06-23 20:00:00,20022.99,20028.91,19983.73,20020.24,51.9789
2020-06-23 21:00:00,19856.75,19898.62,19840.9,19865.52,250.8377
2020-06-23 22:00:00,19570.73,19632.49,19549.28,19568.76,88.3207
2020-06-23 23:00:00,19622.92,19657.29,19609.04,19626.6,202.6209
2020-06-24 00:00:00,19624.98,19692.87,19549.88,19652.48,24.4866
2020-06-24 01:00:00,19550.86,19576.15,19534.16,19547.32,143.646
2020-06-24 02:00:00,19427.11,19504.53,19398.09,19452.95,180.1468
2020-06-24 03:00:00,19363.78,19379.08,19336.58,19360.57,178.4799
2020-06-24 04:00:00,19399.83,19427.5,19365.59,19373.21,153.5776
2020-06-24 05:00:00,19309.05,19328.99,19273.7,19314.48,36.2687
2020-06-24 06:00:00,19341.44,19387.11,19292.19,19364.12,73.804
2020-06-24 07:00:00,19087.25,19099.6,19083.84,19089.67,35.6253
2020-06-24 08:00:00,18993.98,19018.75,18986.63,19009.79,42.0019
2020-06-24 09:00:00,18915.9,18925.83,18865.48,18904.67,35.8418
2020-06-24 10:00:00,18879.53,18913.94,18803.24,18882.33,33.4392
2020-06-24 11:00:00,18865.62,18896.29,18793.56,18833.42,118.2282
2020-06-24 12:00:00,18932.42,18959.06,18844.35,18910.43,105.0576
2020-06-24 13:00:00,18733.65,18802.46,18642.58,18736.52,22.8488
2020-06-24 14:00:00,18756.06,18759.09,18712.12,18742.65,117.6094
2020-06-24 15:00:00,18789.46,18809.01,18763.14,18796.85,34.3997
2020-06-24 16:00:00,18973.87,18996.6,18963.56,18973.22,22.5294
2020-06-24 17:00:00,18922.58,18983.37,18869.07,18929.42,137.5362
2020-06-24 18:00:00,18976.55,18977.03,18950.9,18962.02,45.0779
2020-06-24 19:00:00,18819.82,18832.73,18738.97,18792.89,84.2461
2020-06-24 20:00:00,18584.84,18655.64,18551.73,18570.01,22.3299
2020-06-24 21:00:00,18667.5,18707.61,18636.87,18650.31,95.1125
2020-06-24 22:00:00,18668.87,18672.3,18622.3,18651.65,23.3186
2020-06-24 23:00:00,18773.77,18793.07,18746.93,18763.43,18.2574
2020-06-25 00:00:00,18615.22,18643.26,18592.98,18636.45,48.8622
2020-06-25 01:00:00,18718.55,18739.53,18642.52,18686.76,156.0942
2020-06-25 02:00:00,18897.28,18938.07,18830.48,18863.24,19.4233
2020-06-25 03:00:00,18900.29,18964.78,18840.61,18904.71,12.446
2020-06-25 04:00:00,18925.73,18935.95,18912.81,18932.75,3.2159
2020-06-25 05:00:00,18947.05,18993.63,18924.78,18935.45,53.7796
2020-06-25 06:00:00,18798.97,18831.5,18779.45,18788.62,33.1321
2020-06-25 07:00:00,18914.02,18953.12,18911.02,18917.84,34.5464
2020-06-25 08:00:00,18838.38,18869.09,18827.26,18861.95,401.4163
2020-06-25 09:00:00,18917.2,18938.69,18891.5,18911.42,21.5825
2020-06-25 10:00:00,18775.86,18802.07,18758.25,18765.51,61.3278
2020-06-25 11:00:00,18670.27,18693.45,18612.66,18656.72,429.5348
2020-06-25 12:00:00,18799.02,18806.99,18774.5,18792.46,3.1097
2020-06-25 13:00:00,18756.62,18807.28,18699.35,18761.71,119.2893
2020-06-25 14:00:00,18918.7,18992.4,18895.51,18899.91,46.3756
2020-06-25 15:00:00,18895.65,18966.77,18887.11,18894.41,236.5499
2020-06-25 16:00:00,18713.59,18768.07,18679.31,18722.29,242.9753
2020-06-25 17:00:00,18804.27,18827.52,18737.13,18807.67,48.9737
2020-06-25 18:00:00,18721.33,18810.74,18712.15,18754.08,25.0339
2020-06-25 19:00:00,18818.04,18827.03,18807.26,18821.47,55.8622
2020-06-25 20:00:00,18838.68,18861.31,18801.68,18825.72,336.1196
2020-06-25 21:00:00,18688.7,18742.01,18666.87,18682.36,33.0448
2020-06-25 22:00:00,18728.01,18781.94,18687.44,18699.57,398.0184
2020-06-25 23:00:00,18901.81,18921.03,18889.25,18906.78,171.1424
2020-06-26 00:00:00,18964.51,19019.55,18955.15,18955.28,31.1227
2020-06-26 01:00:00,18966.75,18981.75,18921.14,18951.72,156.5753
2020-06-26 02:00:00,19100.16,19121.39,19035.77,19055.52,5.1082
2020-06-26 03:00:00,19080.25,19106.87,19026.66,19077.49,79.4213
2020-06-26 04:00:00,19079.44,19125.59,19021.2,19099.39,44.2154
2020-06-26 05:00:00,19013.16,19023.6,18942.4,18997.05,55.6758
2020-06-26 06:00:00,19056.65,19058.24,18985.74,19021.16,64.0278
2020-06-26 07:00:00,19115.37,19137.2,19090.3,19121.54,69.8587
2020-06-26 08:00:00,19059.54,19060.13,19026.91,19043.52,106.8313
2020-06-26 09:00:00,19204.63,19272.35,19129.92,19181.06,119.3287
2020-06-26 10:00:00,19193.69,19216.89,19163.36,19174.18,371.7445
2020-06-26 11:00:00,19093.39,19135.11,19087.43,19090.99,143.8762
2020-06-26 12:00:00,19174.73,19223.38,19131.33,19188.13,116.4104
2020-06-26 13:00:00,19160.97,19204.53,19104.65,19162.53,49.8335
2020-06-26 14:00:00,19246.04,19270.64,19170.65,19237.22,12.5346
2020-06-26 15:00:00,19228.53,19286.2,19185.82,19211.08,6.0587
2020-06-26 16:00:00,19213.67,19234.41,19160.95,19207.25,64.9484
2020-06-26 17:00:00,19249.26,19276.34,19237.35,19256.57,110.3394
2020-06-26 18:00:00,19297.22,19356.88,19271.16,19286.51,105.0279
2020-06-26 19:00:00,19112.43,19117.39,19073.48,19096.0,305.4664
2020-06-26 20:00:00,18998.07,19018.55,18978.1,18990.86,48.1963
2020-06-26 21:00:00,19065.05,19086.79,19056.21,19081.01,98.828
2020-06-26 22:00:00,19066.85,19074.47,19061.87,19070.31,218.813
2020-06-26 23:00:00,19040.31,19052.9,19018.08,19022.28,51.7645
2020-06-27 00:00:00,18868.83,18988.18,18845.61,18894.96,64.9596
2020-06-27 01:00:00,18755.5,18839.3,18718.74,18794.84,256.3598
2020-06-27 02:00:00,18634.79,18667.32,18590.98,18606.73,79.9046
2020-06-27 03:00:00,18608.68,18609.25,18595.93,18599.17,160.749
2020-06-27 04:00:00,18556.63,18588.34,18492.88,18545.37,274.3012
2020-06-27 05:00:00,18437.72,18459.39,18427.62,18457.6,84.6434
2020-06-27 06:00:00,18466.77,18518.21,18430.62,18453.16,11.5621
2020-06-27 07:00:00,18493.67,18515.7,18470.95,18488.58,172.4287
2020-06-27 08:00:00,18654.33,18685.69,18623.01,18683.94,170.2552
2020-06-27 09:00:00,18570.98,18628.59,18539.96,18544.56,12.2151
2020-06-27 10:00:00,18656.88,18675.77,18579.06,18653.92,79.4335
2020-06-27 11:00:00,18739.12,18782.68,18713.55,18746.55,66.7646
2020-06-27 12:00:00,18668.33,18729.62,18666.89,18675.39,187.8383
2020-06-27 13:00:00,18658.56,18736.64,18641.12,18696.24,32.107
2020-06-27 14:00:00,18666.4,18747.63,18597.56,18655.33,55.561
2020-06-27 15:00:00,18679.4,18753.3,18658.34,18674.51,92.8341
2020-06-27 16:00:00,18813.64,18833.71,18789.77,18817.29,72.8246
2020-06-27 17:00:00,18900.29,18928.7,18826.85,18876.15,310.1855
2020-06-27 18:00:00,18899.85,18939.3,18881.47,18926.04,323.5446
2020-06-27 19:00:00,18875.95,18910.03,18818.01,18887.22,8.5092
2020-06-27 20:00:00,18733.02,18769.76,18727.89,18748.96,35.3604
2020-06-27 21:00:00,18726.07,18756.79,18685.7,18731.29,0.7563
2020-06-27 22:00:00,18847.44,18898.62,18828.73,18846.17,54.1045
2020-06-27 23:00:00,18712.19,18735.47,18687.28,18704.15,108.5121
2020-06-28 00:00:00,18600.89,18627.9,18593.92,18607.35,63.7305
2020-06-28 01:00:00,18604.62,18631.57,18573.58,18620.95,6.9545
2020-06-28 02:00:00,18562.38,18578.79,18454.47,18531.14,21.8102
2020-06-28 03:00:00,18504.08,18520.58,18455.84,18459.56,19.0303
2020-06-28 04:00:00,18424.95,18455.43,18421.34,18422.31,71.5655
2020-06-28 05:00:00,18284.51,18298.51,18270.25,18298.36,113.221
2020-06-28 06:00:00,18237.94,18256.87,18171.48,18211.07,38.0273
2020-06-28 07:00:00,18250.5,18288.24,18202.27,18276.94,13.9791
2020-06-28 08:00:00,18153.22,18177.79,18115.99,18159.29,160.2451
2020-06-28 09:00:00,18003.49,18043.43,17958.43,18016.03,195.448
2020-06-28 10:00:00,17940.25,18017.9,17934.28,17961.08,32.3638
2020-06-28 11:00:00,18023.56,18040.95,17977.44,18028.61,54.6017
2020-06-28 12:00:00,17997.09,18016.94,17940.87,18012.66,8.5483
2020-06-28 13:00:00,17972.85,18020.25,17964.33,17972.62,25.8379
2020-06-28 14:00:00,17978.89,17985.86,17862.58,17978.4,145.6718
2020-06-28 15:00:00,17812.2,17842.25,17805.08,17823.28,45.4442
2020-06-28 16:00:00,17862.52,17896.39,17842.75,17869.14,92.8091
2020-06-28 17:00:00,17901.06,17961.12,17885.97,17905.19,292.2193
2020-06-28 18:00:00,17884.81,17903.42,17821.88,17870.34,128.6043
2020-06-28 19:00:00,17959.34,17971.95,17955.63,17962.0,60.4133
2020-06-28 20:00:00,17877.27,17893.23,17845.33,17862.54,45.7096
2020-06-28 21:00:00,17975.59,17999.38,17930.01,17965.06,21.1372
2020-06-28 22:00:00,17991.01,18025.92,17942.48,17980.74,141.1161
2020-06-28 23:00:00,17977.19,18011.39,17946.67,17952.28,11.9263
2020-06-29 00:00:00,17932.19,17990.96,17899.81,17952.29,6.3359
2020-06-29 01:00:00,17935.96,17970.41,17919.41,17944.46,11.074
2020-06-29 02:00:00,18087.57,18111.1,17993.34,18055.74,27.8267
2020-06-29 03:00:00,17955.72,18000.35,17933.62,17960.34,98.6508
2020-06-29 04:00:00,17843.29,17913.0,17815.72,17893.66,197.5659
2020-06-29 05:00:00,17984.52,18025.93,17934.39,17988.17,490.9307
2020-06-29 06:00:00,17938.82,18025.98,17902.33,17936.4,131.4845
2020-06-29 07:00:00,17971.8,18024.73,17969.77,18018.96,15.7797
2020-06-29 08:00:00,18198.11,18207.5,18153.24,18173.87,32.5321
2020-06-29 09:00:00,18126.23,18143.35,18107.11,18139.18,14.1548
2020-06-29 10:00:00,18208.77,18313.18,18182.7,18202.79,12.2791
2020-06-29 11:00:00,18095.52,18113.32,18094.65,18099.61,83.8711
2020-06-29 12:00:00,18146.31,18175.06,18115.59,18169.72,237.2182
2020-06-29 13:00:00,18170.18,18205.28,18142.52,18189.65,115.3046
2020-06-29 14:00:00,18217.44,18250.59,18171.92,18234.49,161.2694
2020-06-29 15:00:00,18197.19,18231.02,18141.23,18177.46,70.9473
2020-06-29 16:00:00,18025.64,18041.32,17983.54,18028.3,64.4969
2020-06-29 17:00:00,18066.04,18086.86,18053.6,18075.47,277.2342
2020-06-29 18:00:00,17874.07,17913.13,17872.98,17890.79,128.0007
2020-06-29 19:00:00,17885.56,17941.52,17817.33,17864.19,61.4967
2020-06-29 20:00:00,17976.33,17994.36,17931.4,17950.05,40.4339
2020-06-29 21:00:00,17990.35,18000.52,17939.71,17969.07,9.7753
2020-06-29 22:00:00,18154.85,18171.0,18122.63,18145.91,172.0274
2020-06-29 23:00:00,18246.02,18256.67,18148.62,18240.73,18.5515
2020-06-30 00:00:00,18160.81,18191.37,18149.82,18182.92,72.3639
2020-06-30 01:00:00,18182.75,18202.88,18150.7,18187.22,101.4122
2020-06-30 02:00:00,18172.3,18220.26,18098.82,18184.73,136.2883
2020-06-30 03:00:00,18009.76,18049.66,17977.76,18042.69,8.7023
2020-06-30 04:00:00,17978.65,18001.69,17933.63,17959.66,1.0744
2020-06-30 05:00:00,17898.64,17966.21,17868.82,17911.1,122.4204
2020-06-30 06:00:00,17751.74,17757.61,17688.29,17730.54,60.5853
2020-06-30 07:00:00,17752.16,17806.71,17707.57,17736.52,19.9836
2020-06-30 08:00:00,17726.07,17777.78,17711.0,17716.21,401.8908
2020-06-30 09:00:00,17580.56,17584.76,17509.48,17569.79,156.7117
2020-06-30 10:00:00,17596.23,17635.15,17595.52,17607.06,86.3966
2020-06-30 11:00:00,17704.67,17786.12,17610.7,17671.84,121.1021
2020-06-30 12:00:00,17694.43,17711.88,17685.87,17693.67,16.8446
2020-06-30 13:00:00,17672.1,17694.44,17653.47,17666.77,327.6113
2020-06-30 14:00:00,17709.28,17762.13,17701.19,17720.78,561.7718
2020-06-30 15:00:00,17766.26,17823.39,17760.61,17782.82,104.5391
2020-06-30 16:00:00,17820.44,17851.35,17783.45,17811.93,110.3562
2020-06-30 17:00:00,17744.13,17757.29,17738.81,17740.28,121.8946
2020-06-30 18:00:00,17752.56,17832.28,17701.34,17766.58,109.5974
2020-06-30 19:00:00,17848.85,17906.16,17801.39,17874.56,57.7216
2020-06-30 20:00:00,17800.39,17864.31,17773.54,17823.02,77.8
2020-06-30 21:00:00,18033.31,18063.81,17965.8,18011.76,33.2298
2020-06-30 22:00:00,17955.21,18023.91,17927.88,17966.23,59.2122
2020-06-30 23:00:00,17964.85,17992.76,17942.09,17970.94,57.2884
2020-07-01 00:00:00,17938.29,17998.3,17896.83,17912.31,33.9875
2020-07-01 01:00:00,17913.97,17936.18,17880.64,17934.09,154.5078
2020-07-01 02:00:00,17766.74,17786.95,17752.32,17779.66,52.7077
2020-07-01 03:00:00,17719.27,17743.9,17689.75,17732.9,80.2327
2020-07-01 04:00:00,17666.38,17685.27,17595.27,17637.84,16.971
2020-07-01 05:00:00,17686.72,17687.01,17614.8,17651.54,64.4294
2020-07-01 06:00:00,17754.4,17824.09,17730.21,17741.07,143.3199
2020-07-01 07:00:00,17814.09,17833.16,17772.04,17800.15,58.7933
2020-07-01 08:00:00,17580.64,17594.28,17551.67,17590.85,81.586
2020-07-01 09:00:00,17806.83,17838.97,17745.41,17772.22,120.9678
2020-07-01 10:00:00,17805.0,17860.88,17791.53,17800.23,49.2618
2020-07-01 11:00:00,17748.03,17802.7,17721.27,17732.9,43.5846
2020-07-01 12:00:00,17746.74,17792.32,17729.63,17748.61,8.9642
2020-07-01 13:00:00,17761.26,17791.1,17752.74,17766.02,87.2926
2020-07-01 14:00:00,17738.01,17762.0,17684.48,17708.56,122.7441
2020-07-01 15:00:00,17737.42,17826.71,17727.2,17727.85,87.0487
2020-07-01 16:00:00,17701.44,17728.51,17641.78,17675.78,33.3412
2020-07-01 17:00:00,17646.32,17659.26,17633.93,17641.81,30.4268
2020-07-01 18:00:00,17568.12,17596.22,17541.82,17583.04,17.3744
2020-07-01 19:00:00,17448.66,17498.12,17408.99,17458.85,4.8131
2020-07-01 20:00:00,17475.12,17504.76,17456.3,17473.32,55.6657
2020-07-01 21:00:00,17515.22,17532.38,17497.07,17526.2,17.4973
2020-07-01 22:00:00,17553.62,17574.31,17480.68,17573.08,117.376
2020-07-01 23:00:00,17668.08,17669.88,17581.39,17646.88,326.3168
2020-07-02 00:00:00,17667.63,17701.3,17630.69,17677.26,7.6321
2020-07-02 01:00:00,17634.38,17664.62,17577.69,17631.94,223.4513
2020-07-02 02:00:00,17712.97,17728.06,17633.21,17707.73,107.2115
2020-07-02 03:00:00,17578.96,17621.69,17577.92,17589.31,196.8108
2020-07-02 04:00:00,17537.26,17584.14,17472.62,17511.86,16.837
2020-07-02 05:00:00,17409.71,17447.73,17376.23,17429.18,236.9602
2020-07-02 06:00:00,17529.63,17553.76,17511.24,17525.05,316.7038
2020-07-02 07:00:00,17613.75,17616.59,17605.07,17609.41,237.2086
2020-07-02 08:00:00,17653.12,17684.22,17632.99,17654.08,153.9444
2020-07-02 09:00:00,17727.44,17803.86,17670.72,17750.46,9.4645
2020-07-02 10:00:00,17689.59,17747.01,17647.57,17674.2,24.9399
2020-07-02 11:00:00,17719.94,17744.61,17685.41,17706.77,244.3403
2020-07-02 12:00:00,17685.51,17752.56,17643.06,17697.46,26.0617
2020-07-02 13:00:00,17786.75,17792.15,17737.95,17774.17,42.7272
2020-07-02 14:00:00,17772.37,17799.51,17720.06,17765.71,5.1795
2020-07-02 15:00:00,17710.58,17776.73,17701.21,17733.29,98.9111
2020-07-02 16:00:00,17767.84,17783.23,17755.94,17783.02,82.8511
2020-07-02 17:00:00,17883.04,17885.58,17857.12,17862.71,326.4178
2020-07-02 18:00:00,17810.31,17843.57,17737.93,17804.8,222.882
2020-07-02 19:00:00,17791.1,17824.16,17757.03,17801.14,70.5106
2020-07-02 20:00:00,17693.51,17735.47,17628.95,17708.72,93.9911
2020-07-02 21:00:00,17480.29,17565.79,17446.5,17489.3,53.3066
2020-07-02 22:00:00,17500.8,17514.73,17484.95,17508.58,14.2093
2020-07-02 23:00:00,17548.78,17637.29,17480.21,17563.64,202.3368
2020-07-03 00:00:00,17557.77,17623.27,17519.12,17588.41,79.7483
2020-07-03 01:00:00,17438.57,17469.07,17410.19,17418.72,55.4067
2020-07-03 02:00:00,17406.78,17426.58,17377.85,17389.9,7.0922
2020-07-03 03:00:00,17176.86,17226.98,17167.78,17198.76,109.477
2020-07-03 04:00:00,17320.62,17356.57,17286.57,17318.26,51.0267
2020-07-03 05:00:00,17210.41,17243.48,17208.82,17225.95,29.2622
2020-07-03 06:00:00,17331.27,17357.73,17319.99,17335.8,209.3567
2020-07-03 07:00:00,17413.52,17442.38,17356.37,17419.52,20.289
2020-07-03 08:00:00,17335.4,17429.43,17328.44,17342.82,72.3647
2020-07-03 09:00:00,17280.87,17281.23,17203.49,17246.33,158.844
2020-07-03 10:00:00,17270.66,17340.35,17239.65,17278.27,189.0971
2020-07-03 11:00:00,17193.15,17224.58,17179.68,17207.05,170.7632
2020-07-03 12:00:00,17204.46,17289.67,17117.7,17217.59,226.9405
2020-07-03 13:00:00,17195.68,17201.88,17144.53,17177.75,15.3568
2020-07-03 14:00:00,16998.35,17045.14,16993.93,17026.48,282.1082
2020-07-03 15:00:00,16825.46,16875.94,16805.96,16838.3,1.0862
2020-07-03 16:00:00,16883.46,16915.94,16788.61,16859.07,29.5585
2020-07-03 17:00:00,16817.52,16834.56,16781.06,16813.42,8.7781
2020-07-03 18:00:00,16771.82,16784.6,16741.09,16768.6,291.0163
2020-07-03 19:00:00,16864.51,16888.05,16825.6,16828.62,55.1536
2020-07-03 20:00:00,16933.21,16945.38,16904.41,16929.04,37.873
2020-07-03 21:00:00,16895.69,16912.8,16874.7,16907.67,18.2827
2020-07-03 22:00:00,16875.8,16880.9,16869.69,16880.56,16.9387
2020-07-03 23:00:00,16905.25,16924.89,16902.65,16924.47,95.1741
2020-07-04 00:00:00,16832.45,16855.07,16810.43,16811.33,4.8229
2020-07-04 01:00:00,16841.44,16883.29,16831.7,16831.77,90.2216
2020-07-04 02:00:00,16898.88,16910.26,16825.02,16879.9,149.0098
2020-07-04 03:00:00,16959.55,16972.84,16859.99,16939.0,91.8831
2020-07-04 04:00:00,16769.71,16801.38,16761.93,16776.66,175.2032
2020-07-04 05:00:00,16698.68,16742.96,16684.07,16714.47,30.8237
2020-07-04 06:00:00,16641.88,16681.76,16630.57,16642.74,8.0312
2020-07-04 07:00:00,16638.19,16658.43,16609.1,16652.72,127.651
2020-07-04 08:00:00,16697.17,16736.12,16689.37,16694.41,176.1019
2020-07-04 09:00:00,16840.06,16870.68,16811.29,16821.02,69.6506
2020-07-04 10:00:00,16778.25,16821.89,16734.57,16781.07,171.8232
2020-07-04 11:00:00,16743.51,16763.29,16671.44,16741.0,61.234
2020-07-04 12:00:00,16837.33,16865.32,16787.59,16838.91,22.1305
2020-07-04 13:00:00,16879.1,16914.98,16805.97,16865.56,64.3203
2020-07-04 14:00:00,16962.81,16983.51,16947.19,16974.15,24.3283
2020-07-04 15:00:00,16963.01,17006.53,16951.61,17000.35,63.8719
2020-07-04 16:00:00,16911.65,16931.13,16890.16,16903.69,15.9643
2020-07-04 17:00:00,16809.3,16821.46,16791.24,16792.71,20.5257
2020-07-04 18:00:00,16671.56,16688.01,16592.62,16664.12,214.4836
2020-07-04 19:00:00,16710.24,16753.8,16679.69,16720.95,12.3138
2020-07-04 20:00:00,16802.9,16850.8,16739.87,16821.99,25.3956
2020-07-04 21:00:00,16987.62,16993.82,16925.82,16979.22,540.8144
2020-07-04 22:00:00,17054.91,17061.78,17017.89,17052.5,85.8065
2020-07-04 23:00:00,17151.19,17158.97,17147.84,17153.35,88.1453
2020-07-05 00:00:00,17136.49,17138.37,17049.8,17105.32,186.4142
2020-07-05 01:00:00,16992.02,17011.28,16955.98,17008.12,74.3009
2020-07-05 02:00:00,17112.44,17122.89,17042.86,17082.12,25.0749
2020-07-05 03:00:00,17120.04,17168.61,17115.65,17119.5,54.8989
2020-07-05 04:00:00,17098.96,17156.47,17084.14,17130.41,140.6502
2020-07-05 05:00:00,17162.22,17165.93,17119.79,17165.3,205.9235
2020-07-05 06:00:00,17211.25,17226.64,17192.9,17194.75,31.9109
2020-07-05 07:00:00,17300.53,17310.96,17295.83,17306.85,30.3778
2020-07-05 08:00:00,17394.95,17435.19,17367.28,17420.64,39.6914
2020-07-05 09:00:00,17466.91,17522.19,17465.13,17469.78,90.6862
2020-07-05 10:00:00,17530.37,17593.59,17464.03,17545.41,32.6435
2020-07-05 11:00:00,17600.92,17624.14,17576.83,17592.26,223.6207
2020-07-05 12:00:00,17567.03,17606.62,17539.43,17553.46,381.7058
2020-07-05 13:00:00,17603.0,17674.01,17593.95,17621.61,113.6688
2020-07-05 14:00:00,17488.16,17506.85,17458.37,17500.51,351.6598
2020-07-05 15:00:00,17607.79,17645.28,17579.28,17594.48,33.9467
2020-07-05 16:00:00,17476.13,17506.21,17465.0,17491.15,168.8321
2020-07-05 17:00:00,17498.94,17530.45,17459.86,17517.9,113.4586
2020-07-05 18:00:00,17425.06,17450.16,17378.76,17445.62,30.5428
2020-07-05 19:00:00,17501.8,17516.19,17448.75,17495.64,38.3323
2020-07-05 20:00:00,17499.83,17525.03,17472.4,17494.42,67.0653
2020-07-05 21:00:00,17344.8,17364.62,17289.39,17356.67,156.8504
2020-07-05 22:00:00,17395.01,17403.04,17362.99,17394.92,205.7463
2020-07-05 23:00:00,17372.88,17378.46,17311.33,17346.39,100.4977
2020-07-06 00:00:00,17407.58,17444.5,17340.99,17424.55,127.8611
2020-07-06 01:00:00,17392.4,17435.54,17376.77,17426.41,30.6321
2020-07-06 02:00:00,17470.55,17529.98,17449.81,17462.61,135.1204
2020-07-06 03:00:00,17378.82,17423.67,17354.39,17380.74,92.8818
2020-07-06 04:00:00,17318.96,17391.09,17306.31,17331.27,25.2213
2020-07-06 05:00:00,17304.53,17367.13,17259.97,17293.26,299.9479
2020-07-06 06:00:00,17383.64,17455.94,17361.51,17369.06,71.9203
2020-07-06 07:00:00,17477.79,17540.05,17419.6,17516.47,158.2124
2020-07-06 08:00:00,17436.32,17466.94,17397.68,17447.7,74.5731
2020-07-06 09:00:00,17584.05,17626.52,17532.06,17543.39,270.2119
2020-07-06 10:00:00,17364.95,17401.65,17314.87,17354.83,15.2312
2020-07-06 11:00:00,17264.6,17290.34,17218.75,17252.94,78.9999
2020-07-06 12:00:00,17192.1,17194.05,17123.3,17171.95,2.5477
2020-07-06 13:00:00,17057.84,17063.52,17014.35,17057.55,21.9891
2020-07-06 14:00:00,16937.67,16958.87,16910.82,16924.19,32.9931
2020-07-06 15:00:00,16973.01,16998.68,16917.59,16960.83,63.9815
2020-07-06 16:00:00,16953.51,17041.23,16939.79,16944.37,171.5758
2020-07-06 17:00:00,16972.74,17023.44,16926.2,16978.21,62.8586
2020-07-06 18:00:00,17041.46,17059.58,17036.78,17038.52,82.3682
2020-07-06 19:00:00,17052.82,17100.08,17026.29,17062.86,257.7737
2020-07-06 20:00:00,17120.9,17123.91,17116.39,17120.68,141.2772
2020-07-06 21:00:00,17096.44,17122.68,17094.09,17116.44,5.1507
2020-07-06 22:00:00,17003.11,17052.83,16987.72,17016.57,19.4146
2020-07-06 23:00:00,17103.44,17148.26,17048.05,17108.27,3.8967
2020-07-07 00:00:00,17043.49,17069.33,17029.96,17059.59,7.1556
2020-07-07 01:00:00,16972.91,17033.42,16903.87,16981.49,41.3782
2020-07-07 02:00:00,16965.3,16982.89,16949.85,16968.08,130.1433
2020-07-07 03:00:00,16899.13,16902.76,16866.41,16892.33,28.0181
2020-07-07 04:00:00,16874.77,16940.13,16781.61,16858.77,49.8051
2020-07-07 05:00:00,16881.62,16941.68,16877.41,16889.45,50.0668
2020-07-07 06:00:00,16943.15,16989.59,16884.86,16920.56,89.2346
2020-07-07 07:00:00,16862.1,16919.56,16768.0,16846.29,223.417
2020-07-07 08:00:00,16815.37,16860.0,16782.25,16806.9,408.8002
2020-07-07 09:00:00,16901.45,16958.15,16872.75,16898.86,92.7885
2020-07-07 10:00:00,16947.9,16956.38,16923.8,16942.49,70.334
2020-07-07 11:00:00,17140.29,17180.53,17114.33,17119.97,114.5313
2020-07-07 12:00:00,17243.77,17290.27,17190.64,17222.7,110.2714
2020-07-07 13:00:00,17346.09,17353.12,17231.19,17322.96,74.2224
2020-07-07 14:00:00,17205.19,17220.74,17172.6,17204.48,133.5435
2020-07-07 15:00:00,17281.5,17282.88,17252.76,17271.91,67.5841
2020-07-07 16:00:00,17292.26,17297.87,17254.79,17269.05,564.3184
2020-07-07 17:00:00,17212.46,17286.21,17153.42,17223.21,5.0238
2020-07-07 18:00:00,17233.91,17244.43,17226.56,17239.4,58.5577
2020-07-07 19:00:00,17322.87,17350.79,17307.09,17322.6,50.5878
2020-07-07 20:00:00,17383.33,17388.3,17366.02,17367.71,147.0998
2020-07-07 21:00:00,17308.98,17346.99,17266.75,17293.16,21.1741
2020-07-07 22:00:00,17355.08,17378.18,17298.92,17359.08,56.9295
2020-07-07 23:00:00,17279.37,17328.18,17193.84,17305.48,119.7145
2020-07-08 00:00:00,17330.23,17333.38,17288.38,17325.96,92.4302
2020-07-08 01:00:00,17285.53,17311.98,17232.04,17301.41,78.7726
2020-07-08 02:00:00,17258.46,17351.32,17241.16,17284.21,57.085
2020-07-08 03:00:00,17330.23,17408.02,17306.75,17352.16,139.4362
2020-07-08 04:00:00,17269.28,17300.69,17223.86,17263.65,103.966
2020-07-08 05:00:00,17457.01,17480.18,17350.93,17433.28,207.7132
2020-07-08 06:00:00,17276.96,17298.25,17245.01,17276.28,132.0502
2020-07-08 07:00:00,17230.03,17235.76,17174.1,17226.38,15.1297
2020-07-08 08:00:00,17280.41,17293.74,17246.51,17259.99,96.6369
2020-07-08 09:00:00,17285.41,17326.6,17214.68,17312.15,4.5561
2020-07-08 10:00:00,17314.18,17315.95,17294.16,17305.18,48.9996
2020-07-08 11:00:00,17301.74,17308.82,17246.12,17301.94,53.0922
2020-07-08 12:00:00,17349.01,17373.36,17339.12,17339.19,193.0214
2020-07-08 13:00:00,17312.52,17327.6,17261.05,17320.89,19.8904
2020-07-08 14:00:00,17429.01,17481.83,17335.7,17443.28,103.1537
2020-07-08 15:00:00,17520.69,17540.59,17496.17,17518.23,21.3672
2020-07-08 16:00:00,17625.45,17657.72,17569.05,17596.43,296.9483
2020-07-08 17:00:00,17528.27,17530.07,17485.91,17513.19,75.3953
2020-07-08 18:00:00,17499.1,17533.71,17474.82,17507.99,123.1734
2020-07-08 19:00:00,17459.99,17487.94,17455.38,17483.44,104.0
2020-07-08 20:00:00,17368.01,17398.44,17364.18,17397.28,36.1886
2020-07-08 21:00:00,17453.29,17465.49,17362.58,17430.35,231.4635
2020-07-08 22:00:00,17368.63,17427.43,17328.43,17385.23,98.6844
2020-07-08 23:00:00,17438.26,17452.18,17412.85,17443.94,71.3999
2020-07-09 00:00:00,17375.27,17391.9,17339.75,17352.35,75.1541
2020-07-09 01:00:00,17474.98,17516.13,17451.44,17503.23,221.3572
2020-07-09 02:00:00,17452.54,17507.37,17375.69,17426.53,6.0939
2020-07-09 03:00:00,17442.96,17469.73,17348.6,17447.39,49.276
2020-07-09 04:00:00,17498.09,17520.93,17434.16,17518.21,184.2806
2020-07-09 05:00:00,17465.66,17474.26,17427.27,17469.98,3.8237
2020-07-09 06:00:00,17533.51,17580.51,17533.22,17546.19,101.9379
2020-07-09 07:00:00,17447.79,17468.95,17410.96,17440.11,51.6281
2020-07-09 08:00:00,17557.09,17631.12,17536.63,17568.48,22.8889
2020-07-09 09:00:00,17537.88,17574.02,17534.44,17571.48,94.5217
2020-07-09 10:00:00,17516.97,17562.53,17460.45,17520.83,177.8218
2020-07-09 11:00:00,17472.64,17552.06,17418.38,17496.38,62.9871
2020-07-09 12:00:00,17572.48,17576.25,17535.79,17568.89,15.8688
2020-07-09 13:00:00,17498.51,17520.83,17491.42,17519.31,36.5501
2020-07-09 14:00:00,17446.9,17473.55,17428.83,17455.42,398.2083
2020-07-09 15:00:00,17441.01,17450.23,17424.9,17437.83,11.7761
2020-07-09 16:00:00,17333.27,17354.86,17327.48,17336.95,17.5205
2020-07-09 17:00:00,17500.88,17503.87,17482.35,17496.5,462.3115
2020-07-09 18:00:00,17460.57,17495.89,17409.53,17448.7,213.7931
2020-07-09 19:00:00,17502.71,17548.34,17457.35,17523.0,122.8022
2020-07-09 20:00:00,17541.97,17571.53,17489.79,17543.1,16.3676
2020-07-09 21:00:00,17400.37,17465.67,17390.79,17458.5,27.516
2020-07-09 22:00:00,17464.04,17531.31,17413.84,17459.73,19.8673
2020-07-09 23:00:00,17524.64,17546.88,17505.52,17529.91,99.6836
2020-07-10 00:00:00,17497.94,17523.83,17467.34,17515.17,50.8942
2020-07-10 01:00:00,17626.97,17653.79,17601.12,17621.4,4.8958
2020-07-10 02:00:00,17733.94,17737.38,17692.13,17713.17,34.4312
2020-07-10 03:00:00,17787.85,17800.4,17765.31,17796.33,197.079
2020-07-10 04:00:00,17740.43,17785.18,17729.5,17757.2,158.9843
2020-07-10 05:00:00,17666.02,17676.35,17660.82,17663.1,103.0053
2020-07-10 06:00:00,17587.16,17616.52,17560.29,17610.68,8.9425
2020-07-10 07:00:00,17618.08,17631.69,17609.45,17629.72,214.3795
2020-07-10 08:00:00,17701.21,17763.61,17668.07,17679.6,76.4681
2020-07-10 09:00:00,17490.49,17495.22,17489.14,17489.4,68.2358
2020-07-10 10:00:00,17457.57,17503.64,17438.69,17490.44,271.9064
2020-07-10 11:00:00,17474.56,17506.75,17472.93,17506.02,0.8883
2020-07-10 12:00:00,17486.31,17522.51,17460.85,17483.47,81.1699
2020-07-10 13:00:00,17613.28,17685.58,17565.78,17598.1,156.6591
2020-07-10 14:00:00,17608.44,17660.9,17601.04,17636.97,6.5809
2020-07-10 15:00:00,17762.26,17806.11,17709.06,17754.28,44.1878
2020-07-10 16:00:00,17760.48,17772.75,17728.75,17736.88,379.3582
2020-07-10 17:00:00,17855.44,17876.72,17796.81,17821.79,23.7986
2020-07-10 18:00:00,17975.23,17992.6,17960.07,17969.27,75.7535
2020-07-10 19:00:00,18098.09,18133.83,18068.61,18088.92,137.0693
2020-07-10 20:00:00,17953.57,17995.46,17929.62,17991.95,49.4909
2020-07-10 21:00:00,18008.67,18021.76,17919.05,17970.93,52.4035
2020-07-10 22:00:00,17931.39,18004.6,17922.62,17941.71,6.5358
2020-07-10 23:00:00,17970.61,17989.51,17962.13,17987.4,21.0836
2020-07-11 00:00:00,18046.32,18087.63,18007.27,18050.93,212.5353
2020-07-11 01:00:00,18004.19,18057.31,17945.44,17977.02,170.5495
2020-07-11 02:00:00,18024.62,18078.56,17950.81,17984.91,36.3323
2020-07-11 03:00:00,17807.3,17931.78,17755.69,17805.07,48.08
2020-07-11 04:00:00,17953.12,17980.75,17900.94,17935.22,58.0552
2020-07-11 05:00:00,17891.84,17924.43,17883.99,17891.07,42.4562
2020-07-11 06:00:00,17879.28,17912.67,17831.29,17897.85,106.1061
2020-07-11 07:00:00,17898.32,17944.95,17867.02,17871.93,1.2911
2020-07-11 08:00:00,17964.94,17978.24,17939.67,17976.13,212.1665
2020-07-11 09:00:00,17750.1,17759.98,17689.96,17722.89,35.7603
2020-07-11 10:00:00,17746.2,17765.27,17709.82,17723.19,205.8647
2020-07-11 11:00:00,17726.46,17776.52,17692.9,17715.58,60.5843
2020-07-11 12:00:00,17709.5,17746.58,17660.56,17677.17,149.7588
2020-07-11 13:00:00,17871.32,17882.62,17785.22,17831.51,174.7435
2020-07-11 14:00:00,17751.07,17796.58,17718.41,17754.19,35.8518
2020-07-11 15:00:00,17810.06,17838.07,17754.28,17824.47,102.2554
2020-07-11 16:00:00,17824.71,17902.33,17812.32,17858.01,93.5
2020-07-11 17:00:00,18012.78,18033.08,17931.6,17972.43,64.6291
2020-07-11 18:00:00,17906.4,17929.66,17886.56,17914.28,63.4065
2020-07-11 19:00:00,17870.67,17883.79,17847.96,17850.41,36.4136
2020-07-11 20:00:00,17936.72,17972.05,17891.72,17950.03,37.134
2020-07-11 21:00:00,18017.67,18031.56,17961.25,17989.99,79.4409
2020-07-11 22:00:00,17840.33,17899.31,17838.05,17852.83,3.2803
2020-07-11 23:00:00,17785.25,17840.45,17740.43,17806.47,271.3028
2020-07-12 00:00:00,17838.93,17884.11,17771.82,17842.65,104.9763
2020-07-12 01:00:00,17909.65,17928.21,17900.71,17919.18,58.5987
2020-07-12 02:00:00,17870.76,17890.36,17849.04,17860.11,6.3799
2020-07-12 03:00:00,17600.75,17656.49,17589.41,17601.65,99.4286
2020-07-12 04:00:00,17660.54,17663.57,17592.62,17649.46,1.7902
2020-07-12 05:00:00,17538.43,17590.87,17502.76,17543.54,113.9019
2020-07-12 06:00:00,17356.78,17420.06,17351.0,17368.33,7.5289
2020-07-12 07:00:00,17114.11,17124.82,17075.96,17124.11,106.7411
2020-07-12 08:00:00,17230.68,17257.0,17129.64,17195.51,52.0687
2020-07-12 09:00:00,17212.16,17224.05,17185.42,17208.29,108.6571
2020-07-12 10:00:00,17156.49,17196.07,17111.55,17190.59,14.9077
2020-07-12 11:00:00,17302.7,17332.71,17274.47,17311.7,12.4864
2020-07-12 12:00:00,17370.28,17429.51,17277.79,17368.6,28.4253
2020-07-12 13:00:00,17543.02,17572.94,17471.94,17510.7,53.0198
2020-07-12 14:00:00,17408.4,17436.82,17364.48,17390.52,29.1732
2020-07-12 15:00:00,17373.22,17431.86,17273.81,17389.25,8.5575
2020-07-12 16:00:00,17292.14,17303.52,17226.73,17250.42,39.3084
2020-07-12 17:00:00,17231.82,17271.9,17204.56,17232.36,122.3363
2020-07-12 18:00:00,17234.12,17239.76,17146.07,17212.66,87.4876
2020-07-12 19:00:00,17248.37,17276.62,17218.36,17268.31,330.5648
2020-07-12 20:00:00,17232.55,17302.52,17211.14,17273.97,57.2562
2020-07-12 21:00:00,17305.14,17344.29,17279.99,17329.55,40.4669
2020-07-12 22:00:00,17335.7,17439.58,17334.84,17392.23,118.3123
2020-07-12 23:00:00,17618.5,17657.69,17580.06,17581.36,53.0958
2020-07-13 00:00:00,17559.17,17563.15,17554.05,17555.41,96.3145
2020-07-13 01:00:00,17458.4,17498.57,17419.49,17474.56,292.4105
2020-07-13 02:00:00,17505.73,17536.1,17416.47,17497.81,69.1527
2020-07-13 03:00:00,17432.67,17488.89,17419.45,17429.37,68.9504
2020-07-13 04:00:00,17571.16,17584.4,17550.07,17560.26,149.2395
2020-07-13 05:00:00,17558.36,17562.84,17510.76,17537.15,141.0901
2020-07-13 06:00:00,17484.24,17525.43,17457.83,17489.31,72.6149
2020-07-13 07:00:00,17434.49,17493.6,17342.54,17449.84,6.691
2020-07-13 08:00:00,17528.77,17536.78,17486.3,17514.27,395.2168
2020-07-13 09:00:00,17516.25,17543.43,17457.04,17502.21,47.3723
2020-07-13 10:00:00,17449.56,17492.57,17418.77,17447.8,38.0831
2020-07-13 11:00:00,17633.15,17684.72,17588.1,17594.83,399.2519
2020-07-13 12:00:00,17513.6,17538.31,17464.17,17521.27,205.6782
2020-07-13 13:00:00,17510.37,17561.39,17481.59,17526.14,40.0801
2020-07-13 14:00:00,17592.41,17621.27,17538.99,17585.05,36.8616
2020-07-13 15:00:00,17431.6,17462.19,17395.55,17443.38,127.6379
2020-07-13 16:00:00,17495.67,17519.32,17453.13,17487.01,40.694
2020-07-13 17:00:00,17382.01,17414.45,17351.95,17396.5,28.9593
2020-07-13 18:00:00,17462.82,17498.19,17404.99,17469.81,389.5699
2020-07-13 19:00:00,17420.35,17482.54,17345.42,17387.47,83.4043
2020-07-13 20:00:00,17442.36,17470.99,17425.68,17449.44,143.7578
2020-07-13 21:00:00,17533.65,17549.47,17471.31,17547.66,124.8465
2020-07-13 22:00:00,17645.63,17652.76,17614.41,17625.0,140.8646
2020-07-13 23:00:00,17630.36,17656.72,17609.73,17648.91,233.7073
2020-07-14 00:00:00,17618.05,17651.94,17616.99,17630.26,69.4685
2020-07-14 01:00:00,17591.35,17598.42,17562.79,17581.21,139.9899
2020-07-14 02:00:00,17728.91,17742.87,17668.85,17712.28,159.3633
2020-07-14 03:00:00,17673.65,17704.16,17623.16,17652.11,292.5919
2020-07-14 04:00:00,17549.22,17600.6,17532.31,17562.34,124.861
2020-07-14 05:00:00,17633.03,17674.83,17597.96,17622.52,223.1342
2020-07-14 06:00:00,17545.95,17575.43,17538.24,17554.14,9.9862
2020-07-14 07:00:00,17461.92,17474.95,17428.85,17472.5,13.4785
2020-07-14 08:00:00,17369.01,17472.9,17290.64,17348.13,17.2387
2020-07-14 09:00:00,17298.47,17322.67,17282.34,17307.98,15.6435
2020-07-14 10:00:00,17307.37,17320.91,17239.48,17302.55,9.1588
2020-07-14 11:00:00,17328.01,17336.55,17280.84,17325.32,13.0762
2020-07-14 12:00:00,17390.81,17475.52,17368.78,17409.46,549.928
2020-07-14 13:00:00,17473.93,17491.18,17451.64,17457.06,31.7708
2020-07-14 14:00:00,17451.92,17502.48,17406.05,17442.15,65.018
2020-07-14 15:00:00,17391.99,17430.73,17377.07,17426.61,172.3813
2020-07-14 16:00:00,17477.65,17509.27,17419.77,17472.8,12.5909
2020-07-14 17:00:00,17572.13,17602.23,17537.14,17585.73,38.1795
2020-07-14 18:00:00,17617.9,17660.75,17568.11,17598.59,17.3504
2020-07-14 19:00:00,17533.69,17585.3,17507.05,17559.07,6.4598
2020-07-14 20:00:00,17467.43,17494.64,17410.97,17473.66,323.789
2020-07-14 21:00:00,17355.42,17400.71,17293.66,17349.14,195.4451
2020-07-14 22:00:00,17409.62,17445.52,17399.1,17408.67,211.4431
2020-07-14 23:00:00,17474.04,17504.66,17421.98,17460.72,203.0119
2020-07-15 00:00:00,17486.28,17529.28,17462.2,17512.87,16.7906
2020-07-15 01:00:00,17532.27,17546.06,17491.57,17503.36,153.7103
2020-07-15 02:00:00,17637.5,17686.95,17628.03,17628.24,130.148
2020-07-15 03:00:00,17611.24,17625.0,17540.96,17587.33,259.5821
2020-07-15 04:00:00,17688.54,17727.82,17670.61,17673.09,24.7593
2020-07-15 05:00:00,17671.23,17676.03,17594.51,17671.44,53.4511
2020-07-15 06:00:00,17596.82,17674.18,17553.55,17619.45,34.9456
2020-07-15 07:00:00,17663.45,17713.17,17566.04,17673.41,29.8295
2020-07-15 08:00:00,17739.53,17783.99,17706.58,17711.38,105.665
2020-07-15 09:00:00,17769.35,17786.69,17711.02,17744.76,17.9059
2020-07-15 10:00:00,17742.75,17797.56,17731.81,17753.75,62.5128
2020-07-15 11:00:00,17702.13,17814.85,17666.56,17752.16,104.0269
2020-07-15 12:00:00,17962.11,17988.39,17944.82,17965.93,13.961
2020-07-15 13:00:00,18068.91,18141.03,18064.27,18074.11,29.7033
2020-07-15 14:00:00,18136.71,18146.89,18120.01,18141.24,342.2402
2020-07-15 15:00:00,18162.79,18251.84,18083.54,18153.19,158.6842
2020-07-15 16:00:00,18262.41,18320.74,18223.93,18246.42,112.9963
2020-07-15 17:00:00,18313.62,18320.44,18256.91,18295.5,193.7728
2020-07-15 18:00:00,18307.89,18355.93,18270.13,18299.73,1.4067
2020-07-15 19:00:00,18240.88,18301.16,18206.88,18273.79,0.6093
2020-07-15 20:00:00,18261.99,18273.65,18260.89,18268.22,16.7196
2020-07-15 21:00:00,18021.88,18027.16,17958.8,17980.46,68.3706
2020-07-15 22:00:00,18007.92,18049.56,17932.76,18001.19,84.3909
2020-07-15 23:00:00,17965.63,17975.25,17915.18,17959.02,12.0687
2020-07-16 00:00:00,18110.34,18119.16,18072.38,18103.83,7.5031
2020-07-16 01:00:00,18114.92,18154.95,18091.46,18107.39,176.2205
2020-07-16 02:00:00,17958.66,18023.89,17956.52,18001.56,62.4496
2020-07-16 03:00:00,17994.56,18005.7,17986.4,17998.87,489.2109
2020-07-16 04:00:00,17905.85,17940.52,17847.52,17906.52,26.0517
2020-07-16 05:00:00,17973.7,17981.8,17913.44,17950.7,104.1857
2020-07-16 06:00:00,17979.47,18007.65,17956.31,17978.61,163.1623
2020-07-16 07:00:00,18036.76,18089.26,18010.91,18066.51,206.0723
2020-07-16 08:00:00,18004.61,18046.75,17985.71,17996.87,36.5743
2020-07-16 09:00:00,17987.26,18007.02,17985.25,18001.73,21.4779
2020-07-16 10:00:00,17858.91,17904.89,17851.77,17880.67,25.6306
2020-07-16 11:00:00,17930.21,17981.46,17898.63,17945.17,109.8841
2020-07-16 12:00:00,18003.29,18009.1,17940.09,17993.53,73.8835
2020-07-16 13:00:00,18062.64,18117.53,18023.55,18039.93,91.3772
2020-07-16 14:00:00,18050.59,18058.53,17999.03,18041.88,2.0742
2020-07-16 15:00:00,18092.53,18109.12,17967.58,18081.1,49.5893
2020-07-16 16:00:00,18236.57,18245.47,18196.11,18227.95,37.1279
2020-07-16 17:00:00,18205.64,18224.27,18191.33,18203.79,199.3494
2020-07-16 18:00:00,18230.93,18252.27,18213.44,18218.23,149.7265
2020-07-16 19:00:00,18077.28,18156.9,18003.86,18121.12,56.1368
2020-07-16 20:00:00,18046.26,18060.51,18034.13,18044.26,99.5685
2020-07-16 21:00:00,18036.02,18085.79,18027.05,18054.89,4.8854
2020-07-16 22:00:00,18177.46,18212.73,18148.11,18156.35,101.4045
2020-07-16 23:00:00,18132.23,18167.58,18128.59,18134.9,10.226
2020-07-17 00:00:00,18115.88,18120.31,18087.95,18115.32,125.1829
2020-07-17 01:00:00,18053.07,18082.24,18049.69,18080.28,85.2937
2020-07-17 02:00:00,18052.08,18086.22,18016.37,18033.74,35.738
2020-07-17 03:00:00,18073.48,18112.85,18054.43,18062.15,46.337
2020-07-17 04:00:00,17938.72,17963.69,17907.06,17928.73,9.4411
2020-07-17 05:00:00,18030.68,18058.09,18020.98,18045.35,38.9772
2020-07-17 06:00:00,17973.2,18024.84,17953.24,17987.12,340.6499
2020-07-17 07:00:00,18057.88,18096.48,18033.93,18053.84,66.5892
2020-07-17 08:00:00,17928.55,17971.35,17883.9,17941.01,64.2912
2020-07-17 09:00:00,18010.63,18037.71,17935.86,18002.8,99.217
2020-07-17 10:00:00,18026.05,18067.73,18007.26,18065.08,66.2509
2020-07-17 11:00:00,18092.77,18133.04,18087.89,18101.59,43.9295
2020-07-17 12:00:00,18045.77,18081.96,18006.43,18013.4,15.0267
2020-07-17 13:00:00,18045.6,18071.81,17997.73,18037.68,99.5105
2020-07-17 14:00:00,17935.77,17936.92,17912.54,17932.78,138.1993
2020-07-17 15:00:00,17947.47,17947.94,17884.05,17911.91,256.5284
2020-07-17 16:00:00,17963.84,18017.7,17925.14,18005.9,0.3018
2020-07-17 17:00:00,18064.68,18098.76,18051.15,18079.43,6.8986
2020-07-17 18:00:00,18075.35,18125.45,18058.28,18082.61,229.6659
2020-07-17 19:00:00,18011.73,18013.6,17941.99,17996.28,99.738
2020-07-17 20:00:00,18071.98,18072.46,18054.86,18056.17,316.7952
2020-07-17 21:00:00,18044.08,18088.72,18002.75,18059.72,56.3602
2020-07-17 22:00:00,17869.82,17893.96,17846.33,17852.01,53.9032
2020-07-17 23:00:00,17916.42,17959.68,17906.78,17923.65,42.1998
2020-07-18 00:00:00,17944.99,17961.32,17909.18,17923.27,15.4106
2020-07-18 01:00:00,18014.2,18050.22,17998.3,18032.82,47.5833
2020-07-18 02:00:00,17933.66,17950.67,17878.75,17935.87,1.4757
2020-07-18 03:00:00,17644.13,17664.0,17615.59,17652.78,71.1949
2020-07-18 04:00:00,17697.85,17704.42,17652.36,17679.18,187.8692
2020-07-18 05:00:00,17697.46,17708.12,17674.28,17706.72,38.7424
2020-07-18 06:00:00,17558.07,17559.27,17553.43,17558.81,9.9423
2020-07-18 07:00:00,17483.52,17485.68,17435.33,17474.66,364.0521
2020-07-18 08:00:00,17726.8,17731.41,17697.24,17717.14,13.8088
2020-07-18 09:00:00,17707.53,17709.66,17623.97,17691.84,75.2255
2020-07-18 10:00:00,17762.02,17801.23,17755.02,17758.27,165.6455
2020-07-18 11:00:00,17694.87,17707.66,17642.42,17702.27,29.0814
2020-07-18 12:00:00,17512.9,17528.31,17500.97,17519.03,184.1935
2020-07-18 13:00:00,17506.31,17509.72,17503.35,17505.86,81.4242
2020-07-18 14:00:00,17488.73,17522.09,17465.68,17484.37,40.3371
2020-07-18 15:00:00,17448.59,17472.8,17425.47,17451.16,200.7599
2020-07-18 16:00:00,17443.23,17473.6,17424.25,17442.9,97.2861
2020-07-18 17:00:00,17441.19,17473.51,17405.99,17467.69,95.5511
2020-07-18 18:00:00,17467.98,17478.85,17451.23,17456.33,70.1199
2020-07-18 19:00:00,17350.89,17351.04,17265.13,17347.75,32.1222
2020-07-18 20:00:00,17409.08,17409.18,17388.85,17391.65,36.3643
2020-07-18 21:00:00,17223.88,17244.95,17209.84,17223.88,9.2202
2020-07-18 22:00:00,17019.39,17055.07,16990.06,17049.03,27.9349
2020-07-18 23:00:00,17107.61,17155.86,17039.66,17113.74,32.5488
2020-07-19 00:00:00,17155.41,17167.11,17155.19,17158.84,6.0495
2020-07-19 01:00:00,17168.38,17196.9,17101.55,17155.63,11.6888
2020-07-19 02:00:00,17002.37,17053.57,16979.41,17037.65,31.5057
2020-07-19 03:00:00,16979.74,17000.25,16945.74,16979.05,113.0885
2020-07-19 04:00:00,16967.15,17021.92,16946.91,16958.44,20.3629
2020-07-19 05:00:00,16813.68,16870.1,16757.81,16824.81,73.783
2020-07-19 06:00:00,16765.58,16765.94,16758.74,16764.33,70.908
2020-07-19 07:00:00,16810.13,16852.67,16796.4,16820.68,179.5997
2020-07-19 08:00:00,16930.04,16986.69,16893.54,16942.41,93.9467
2020-07-19 09:00:00,16901.66,16915.91,16897.38,16908.57,248.8904
2020-07-19 10:00:00,16962.15,17010.23,16863.73,16974.21,98.9134
2020-07-19 11:00:00,16824.96,16827.39,16802.23,16813.46,2.5847
2020-07-19 12:00:00,16858.18,16922.26,16843.47,16870.58,48.0445
2020-07-19 13:00:00,16789.28,16804.73,16742.2,16804.46,120.0804
2020-07-19 14:00:00,16861.72,16882.59,16811.65,16831.96,64.4589
2020-07-19 15:00:00,16828.94,16859.85,16803.84,16812.79,54.369
2020-07-19 16:00:00,16893.97,16926.34,16891.29,16925.47,111.3357
2020-07-19 17:00:00,16840.27,16896.24,16820.39,16853.16,33.6498
2020-07-19 18:00:00,16911.83,16962.56,16883.39,16907.73,239.6654
2020-07-19 19:00:00,16891.26,16891.97,16818.51,16885.8,53.2975
2020-07-19 20:00:00,16848.97,16955.8,16810.67,16874.12,99.7549
2020-07-19 21:00:00,16879.83,16897.32,16859.89,16860.29,403.6072
2020-07-19 22:00:00,16804.55,16812.31,16746.98,16790.69,153.9353
2020-07-19 23:00:00,16799.28,16834.79,16698.93,16791.18,75.8482
2020-07-20 00:00:00,16810.38,16843.8,16705.81,16787.6,196.1748
2020-07-20 01:00:00,16817.14,16857.19,16799.72,16809.53,82.1976
2020-07-20 02:00:00,16825.86,16860.07,16801.3,16818.32,58.2775
2020-07-20 03:00:00,16913.41,16923.49,16868.36,16887.1,206.7141
2020-07-20 04:00:00,16985.45,17019.24,16946.96,16966.77,2.7531
2020-07-20 05:00:00,16865.13,16879.38,16832.03,16879.34,52.3347
2020-07-20 06:00:00,16965.08,17012.4,16931.76,16954.35,42.006
2020-07-20 07:00:00,16844.28,16860.3,16840.8,16855.47,125.2065
2020-07-20 08:00:00,16915.23,16944.08,16903.47,16906.7,1.2666
2020-07-20 09:00:00,16968.86,17006.47,16939.93,16960.78,108.132
2020-07-20 10:00:00,16777.15,16820.75,16775.29,16800.39,42.52
2020-07-20 11:00:00,16807.83,16820.43,16773.4,16809.88,10.3023
2020-07-20 12:00:00,16776.63,16781.4,16745.86,16772.18,392.87
2020-07-20 13:00:00,16702.94,16753.95,16685.76,16710.23,23.8548
2020-07-20 14:00:00,16830.06,16855.43,16809.19,16824.77,42.9445
2020-07-20 15:00:00,16784.98,16837.12,16746.72,16771.46,23.1991
2020-07-20 16:00:00,16705.01,16707.3,16690.0,16705.52,108.4683
2020-07-20 17:00:00,16717.26,16748.36,16700.81,16713.51,152.5631
2020-07-20 18:00:00,16795.68,16803.47,16765.25,16772.47,197.0701
2020-07-20 19:00:00,16770.2,16814.29,16757.28,16762.27,37.2511
2020-07-20 20:00:00,16865.09,16932.51,16847.68,16861.7,74.3501
2020-07-20 21:00:00,16891.96,16914.52,16859.22,16908.16,108.8437
2020-07-20 22:00:00,16736.92,16791.98,16718.97,16725.7,99.2958
2020-07-20 23:00:00,16688.6,16720.51,16643.32,16683.09,125.8877
2020-07-21 00:00:00,16659.25,16703.41,16630.53,16637.89,146.8491
2020-07-21 01:00:00,16680.22,16680.44,16665.85,16679.44,10.2557
2020-07-21 02:00:00,16432.3,16479.89,16397.7,16462.2,18.4297
2020-07-21 03:00:00,16645.31,16707.91,16628.74,16673.66,132.5467
2020-07-21 04:00:00,16731.9,16768.61,16700.38,16719.6,64.7554
2020-07-21 05:00:00,16724.17,16760.73,16699.88,16733.72,55.6929
2020-07-21 06:00:00,16841.6,16858.89,16800.89,16834.25,60.7777
2020-07-21 07:00:00,17035.15,17037.41,17027.84,17033.2,46.5257
2020-07-21 08:00:00,17106.21,17126.45,17105.99,17109.06,89.4205
2020-07-21 09:00:00,17190.28,17196.84,17179.71,17191.94,39.0565
2020-07-21 10:00:00,17190.0,17238.0,17185.54,17204.89,101.2844
2020-07-21 11:00:00,17194.17,17227.2,17193.74,17194.44,22.6445
2020-07-21 12:00:00,17145.23,17191.82,17140.67,17155.25,141.7533
2020-07-21 13:00:00,17079.75,17095.46,17041.94,17086.11,152.1427
2020-07-21 14:00:00,17023.61,17085.96,16994.27,17029.12,86.3985
2020-07-21 15:00:00,16912.0,16920.33,16906.14,16915.83,46.0962
2020-07-21 16:00:00,16926.7,16947.16,16874.53,16911.11,1.4501
2020-07-21 17:00:00,16768.17,16814.41,16740.97,16770.35,12.9576
2020-07-21 18:00:00,16805.22,16819.22,16762.52,16788.04,8.3041
2020-07-21 19:00:00,16812.48,16812.8,16762.02,16786.67,1.0257
2020-07-21 20:00:00,16815.04,16822.91,16752.83,16800.68,128.0925
2020-07-21 21:00:00,16767.45,16776.8,16736.35,16758.5,312.5084
2020-07-21 22:00:00,17023.55,17063.46,17001.32,17017.99,1.1231
2020-07-21 23:00:00,17150.25,17152.1,17121.37,17135.42,11.9562
2020-07-22 00:00:00,17032.03,17088.31,16988.93,17030.51,197.0952
2020-07-22 01:00:00,17068.83,17076.77,17011.63,17052.04,116.6363
2020-07-22 02:00:00,17012.35,17027.37,16960.52,17001.91,51.8707
2020-07-22 03:00:00,16911.28,16921.91,16886.76,16917.37,493.3191
2020-07-22 04:00:00,16820.76,16839.58,16766.2,16805.71,85.2427
2020-07-22 05:00:00,16845.25,16896.04,16782.79,16843.71,110.7448
2020-07-22 06:00:00,16786.22,16800.31,16783.83,16788.01,105.8939
2020-07-22 07:00:00,16862.89,16902.33,16797.1,16870.92,25.1931
2020-07-22 08:00:00,16959.26,17002.04,16928.67,16956.44,66.9674
2020-07-22 09:00:00,17091.63,17175.02,17059.5,17074.62,24.3871
2020-07-22 10:00:00,17018.67,17076.25,16962.38,17003.56,71.2258
2020-07-22 11:00:00,17051.69,17092.51,16997.05,17045.67,3.1265
2020-07-22 12:00:00,17111.53,17125.51,17077.36,17101.28,48.1201
2020-07-22 13:00:00,17084.14,17084.92,17045.55,17062.44,46.555
2020-07-22 14:00:00,16995.76,17001.22,16961.13,16998.31,34.479
2020-07-22 15:00:00,17117.69,17139.19,17099.82,17136.8,8.2544
2020-07-22 16:00:00,17180.33,17263.06,17152.16,17158.01,147.3889
2020-07-22 17:00:00,17205.17,17251.54,17153.08,17214.29,54.5512
2020-07-22 18:00:00,17133.41,17169.72,17100.25,17145.25,168.1864
2020-07-22 19:00:00,17011.83,17098.47,16968.88,17042.44,180.6227
2020-07-22 20:00:00,17005.33,17026.28,16969.4,16995.62,24.0286
2020-07-22 21:00:00,16959.24,17000.15,16954.88,16986.78,54.7023
2020-07-22 22:00:00,16885.41,16933.06,16870.05,16898.09,127.645
2020-07-22 23:00:00,16908.89,16925.34,16861.59,16898.95,69.214
2020-07-23 00:00:00,16770.07,16776.5,16746.93,16757.97,193.1492
2020-07-23 01:00:00,16654.93,16697.08,16625.87,16665.8,84.7626
2020-07-23 02:00:00,16721.13,16753.24,16680.73,16723.37,99.312
2020-07-23 03:00:00,16760.89,16792.18,16719.17,16775.53,154.6573
2020-07-23 04:00:00,16735.15,16762.27,16680.19,16744.34,13.0362
2020-07-23 05:00:00,16665.24,16734.21,16651.44,16660.8,87.7667
2020-07-23 06:00:00,16568.57,16623.85,16555.17,16576.88,8.9301
2020-07-23 07:00:00,16543.56,16557.64,16533.74,16547.6,30.185
2020-07-23 08:00:00,16578.26,16607.66,16565.99,16602.58,23.8983
2020-07-23 09:00:00,16700.2,16754.66,16673.02,16681.3,83.7193
2020-07-23 10:00:00,16650.04,16692.88,16627.02,16641.55,185.7274
2020-07-23 11:00:00,16560.36,16573.56,16506.48,16547.24,14.2497
2020-07-23 12:00:00,16592.44,16619.23,16570.38,16571.05,146.2729
2020-07-23 13:00:00,16490.85,16573.02,16444.57,16504.47,15.4395
2020-07-23 14:00:00,16457.46,16489.32,16444.05,16463.36,21.0316
2020-07-23 15:00:00,16542.69,16586.03,16491.22,16574.1,248.8194
2020-07-23 16:00:00,16696.57,16704.03,16592.48,16644.3,0.9777
2020-07-23 17:00:00,16656.62,16667.56,16631.99,16659.11,21.958
2020-07-23 18:00:00,16572.03,16580.95,16541.9,16554.83,24.278
2020-07-23 19:00:00,16553.46,16597.6,16524.21,16573.98,33.1119
2020-07-23 20:00:00,16680.31,16701.15,16650.52,16663.7,45.1632
2020-07-23 21:00:00,16664.97,16742.28,16582.14,16634.07,10.8898
2020-07-23 22:00:00,16747.1,16763.2,16735.7,16748.11,63.1966
2020-07-23 23:00:00,16841.0,16863.22,16832.15,16858.04,50.9743
2020-07-24 00:00:00,16997.6,17011.69,16953.54,16999.96,98.0653
2020-07-24 01:00:00,16989.69,17089.82,16986.33,17027.61,202.1306
2020-07-24 02:00:00,17078.67,17105.21,17033.17,17079.32,35.3423
2020-07-24 03:00:00,17215.91,17258.9,17191.13,17201.79,79.0733
2020-07-24 04:00:00,17241.38,17244.32,17239.2,17241.99,46.4224
2020-07-24 05:00:00,17195.62,17205.77,17114.44,17200.51,4.1083
2020-07-24 06:00:00,17172.7,17173.39,17115.99,17163.65,172.0791
2020-07-24 07:00:00,17196.22,17236.42,17143.27,17185.84,100.5713
2020-07-24 08:00:00,17048.31,17078.48,17041.97,17076.66,0.2175
2020-07-24 09:00:00,17067.65,17082.24,17047.91,17066.14,28.7111
2020-07-24 10:00:00,17203.22,17205.14,17116.5,17161.41,36.96
2020-07-24 11:00:00,16952.44,16995.91,16925.58,16975.1,166.8825
2020-07-24 12:00:00,17105.58,17154.72,17019.74,17107.04,143.0092
2020-07-24 13:00:00,17238.16,17242.9,17167.64,17204.75,50.4419
2020-07-24 14:00:00,17185.88,17212.75,17124.02,17166.92,17.1194
2020-07-24 15:00:00,17206.44,17265.39,17194.07,17215.28,48.7813
2020-07-24 16:00:00,17220.82,17267.57,17202.76,17217.27,166.1502
2020-07-24 17:00:00,17324.84,17338.23,17212.16,17324.88,60.2194
2020-07-24 18:00:00,17398.71,17447.83,17342.52,17411.74,12.3151
2020-07-24 19:00:00,17290.31,17300.19,17274.37,17291.59,3.931
2020-07-24 20:00:00,17339.24,17382.85,17249.62,17344.09,40.5468
2020-07-24 21:00:00,17329.95,17349.66,17281.62,17328.0,16.0595
2020-07-24 22:00:00,17323.93,17346.46,17319.67,17336.91,136.6653
2020-07-24 23:00:00,17253.46,17290.51,17250.41,17275.52,32.6779
2020-07-25 00:00:00,17427.53,17437.14,17416.98,17428.25,209.9261
2020-07-25 01:00:00,17550.67,17561.0,17504.88,17520.62,96.0633
2020-07-25 02:00:00,17459.0,17464.55,17398.84,17457.57,50.0321
2020-07-25 03:00:00,17337.07,17351.55,17292.51,17342.82,94.1756
2020-07-25 04:00:00,17324.16,17385.25,17284.75,17311.11,34.9804
2020-07-25 05:00:00,17347.7,17367.02,17294.81,17350.45,15.2363
2020-07-25 06:00:00,17405.47,17425.43,17339.41,17373.02,332.9182
2020-07-25 07:00:00,17483.54,17493.31,17474.49,17483.61,82.8192
2020-07-25 08:00:00,17566.71,17603.82,17526.08,17554.41,0.7355
2020-07-25 09:00:00,17627.96,17667.24,17619.58,17641.27,37.1519
2020-07-25 10:00:00,17680.75,17733.16,17663.07,17671.86,17.3799
2020-07-25 11:00:00,17555.7,17605.15,17528.39,17550.87,29.8653
2020-07-25 12:00:00,17534.46,17596.09,17464.84,17535.46,5.7328
2020-07-25 13:00:00,17621.31,17675.95,17617.92,17630.16,28.1151
2020-07-25 14:00:00,17616.13,17669.01,17602.43,17627.38,114.8904
2020-07-25 15:00:00,17678.47,17727.45,17662.02,17673.48,171.8191
2020-07-25 16:00:00,17658.18,17659.81,17618.41,17647.08,42.6779
2020-07-25 17:00:00,17555.75,17570.74,17553.96,17557.98,73.9119
2020-07-25 18:00:00,17553.95,17604.62,17537.6,17548.91,4.2689
2020-07-25 19:00:00,17577.11,17582.81,17565.15,17577.78,9.5191
2020-07-25 20:00:00,17523.64,17584.52,17510.8,17521.91,80.2793
2020-07-25 21:00:00,17499.5,17515.94,17467.46,17503.01,183.6194
2020-07-25 22:00:00,17422.86,17494.8,17380.56,17422.54,9.2102
2020-07-25 23:00:00,17569.06,17592.39,17504.17,17521.79,54.2225
2020-07-26 00:00:00,17503.19,17510.54,17479.14,17497.74,352.0815
2020-07-26 01:00:00,17637.97,17662.59,17614.43,17626.59,134.244
2020-07-26 02:00:00,17770.87,17789.4,17694.56,17763.09,22.0152
2020-07-26 03:00:00,17753.0,17786.1,17718.8,17757.66,33.5716
2020-07-26 04:00:00,17692.77,17753.07,17651.38,17669.9,295.4902
2020-07-26 05:00:00,17482.29,17527.33,17457.53,17487.38,24.9728
2020-07-26 06:00:00,17378.74,17391.04,17346.97,17360.42,58.144
2020-07-26 07:00:00,17237.14,17253.46,17184.88,17242.9,43.9451
2020-07-26 08:00:00,17346.8,17395.98,17338.86,17363.47,67.3421
2020-07-26 09:00:00,17381.61,17404.23,17354.1,17375.26,26.9947
2020-07-26 10:00:00,17391.62,17421.53,17358.12,17410.85,110.3676
2020-07-26 11:00:00,17228.52,17251.39,17202.07,17219.29,26.7345
2020-07-26 12:00:00,17097.43,17137.94,17040.72,17117.87,92.1558
2020-07-26 13:00:00,17190.03,17203.87,17138.68,17195.51,44.2808
2020-07-26 14:00:00,17197.23,17280.81,17175.83,17221.89,28.9652
2020-07-26 15:00:00,17259.54,17282.51,17209.89,17210.93,118.7452
2020-07-26 16:00:00,17232.71,17307.83,17225.28,17261.26,335.9282
2020-07-26 17:00:00,17404.34,17445.24,17372.68,17404.17,203.5428
2020-07-26 18:00:00,17406.55,17468.2,17377.29,17386.67,9.0839
2020-07-26 19:00:00,17412.47,17418.53,17362.83,17394.44,60.5894
2020-07-26 20:00:00,17427.76,17455.24,17349.44,17412.93,118.6722
2020-07-26 21:00:00,17617.35,17696.14,17588.58,17622.94,82.6943
2020-07-26 22:00:00,17463.28,17474.97,17370.13,17439.72,129.593
2020-07-26 23:00:00,17517.02,17545.53,17482.46,17501.04,369.3697
2020-07-27 00:00:00,17496.46,17503.1,17461.12,17492.74,41.8964
2020-07-27 01:00:00,17548.29,17582.74,17471.35,17544.06,147.348
2020-07-27 02:00:00,17482.84,17506.56,17437.03,17488.15,9.8795
2020-07-27 03:00:00,17469.72,17506.8,17424.81,17485.62,203.8286
2020-07-27 04:00:00,17571.28,17581.38,17519.75,17549.57,150.7027
2020-07-27 05:00:00,17847.86,17882.41,17795.19,17824.47,73.5987
2020-07-27 06:00:00,17882.45,17920.6,17835.1,17898.27,172.0556
2020-07-27 07:00:00,17821.42,17824.72,17797.7,17824.17,109.8483
2020-07-27 08:00:00,17785.63,17794.26,17753.11,17788.18,80.3467
2020-07-27 09:00:00,17749.05,17750.07,17691.39,17749.63,291.8781
2020-07-27 10:00:00,17593.18,17608.35,17579.89,17592.05,13.9567
2020-07-27 11:00:00,17581.4,17581.49,17555.81,17564.77,495.7237
2020-07-27 12:00:00,17617.72,17648.2,17580.13,17630.89,16.7748
2020-07-27 13:00:00,17505.49,17524.74,17501.56,17520.32,65.4265
2020-07-27 14:00:00,17635.71,17650.51,17606.77,17613.92,26.3199
2020-07-27 15:00:00,17650.47,17688.19,17598.83,17658.64,31.7336
2020-07-27 16:00:00,17573.36,17616.83,17540.97,17595.58,99.9216
2020-07-27 17:00:00,17576.36,17610.72,17561.46,17584.89,3.5327
2020-07-27 18:00:00,17721.33,17747.22,17690.8,17727.18,282.5935
2020-07-27 19:00:00,17821.64,17867.52,17793.58,17793.97,32.7979
2020-07-27 20:00:00,17812.99,17838.86,17785.95,17796.53,31.8186
2020-07-27 21:00:00,17797.56,17835.89,17752.2,17777.16,199.1898
2020-07-27 22:00:00,17800.33,17815.91,17773.49,17785.75,144.7473
2020-07-27 23:00:00,17758.81,17772.68,17719.23,17742.02,111.3894
2020-07-28 00:00:00,17545.0,17581.04,17540.38,17557.08,15.8244
2020-07-28 01:00:00,17734.58,17790.82,17695.39,17738.11,146.8011
2020-07-28 02:00:00,17736.08,17788.17,17732.13,17753.66,44.7485
2020-07-28 03:00:00,17787.03,17839.3,17773.31,17790.78,509.7607
2020-07-28 04:00:00,17799.57,17801.42,17738.56,17787.4,111.2456
2020-07-28 05:00:00,17726.19,17759.74,17682.95,17723.8,180.7237
2020-07-28 06:00:00,17732.32,17759.84,17706.81,17709.1,132.3452
2020-07-28 07:00:00,17549.2,17581.0,17529.99,17569.25,90.1989
2020-07-28 08:00:00,17779.93,17784.71,17762.93,17771.04,125.9905
2020-07-28 09:00:00,17641.08,17666.68,17622.6,17663.13,91.002
2020-07-28 10:00:00,17575.41,17586.04,17555.96,17573.75,5.2556
2020-07-28 11:00:00,17549.81,17550.27,17500.29,17536.83,42.3919
2020-07-28 12:00:00,17647.74,17653.05,17603.98,17651.52,38.0408
2020-07-28 13:00:00,17664.3,17682.61,17640.01,17654.57,125.167
2020-07-28 14:00:00,17530.38,17602.48,17512.42,17547.22,85.843
2020-07-28 15:00:00,17629.64,17698.53,17614.82,17659.02,94.2863
2020-07-28 16:00:00,17735.21,17760.69,17656.84,17725.33,187.7197
2020-07-28 17:00:00,17805.82,17816.71,17732.06,17774.82,74.5087
2020-07-28 18:00:00,17822.44,17863.9,17821.21,17840.21,24.6255
2020-07-28 19:00:00,18077.64,18128.47,18041.88,18055.58,1.2518
2020-07-28 20:00:00,18255.44,18318.23,18236.71,18254.65,17.3755
2020-07-28 21:00:00,18169.49,18219.38,18141.13,18193.79,3.1056
2020-07-28 22:00:00,18322.58,18375.92,18304.58,18343.34,27.0582
2020-07-28 23:00:00,18380.6,18401.08,18370.41,18380.31,100.785
2020-07-29 00:00:00,18420.57,18442.78,18406.52,18428.02,16.419
2020-07-29 01:00:00,18249.94,18295.98,18224.83,18273.94,8.5474
2020-07-29 02:00:00,18229.26,18283.53,18181.57,18260.2,353.5458
2020-07-29 03:00:00,18172.41,18200.6,18130.64,18187.81,577.7975
2020-07-29 04:00:00,18268.47,18313.48,18254.03,18264.93,101.3417
2020-07-29 05:00:00,18364.46,18374.45,18314.3,18364.57,11.4924
2020-07-29 06:00:00,18166.81,18242.59,18097.76,18175.93,172.3282
2020-07-29 07:00:00,18179.41,18244.49,18121.45,18175.74,77.4821
2020-07-29 08:00:00,18298.52,18316.33,18270.64,18279.51,20.0983
2020-07-29 09:00:00,18271.48,18276.48,18241.24,18264.28,85.7296
2020-07-29 10:00:00,18330.46,18343.83,18306.58,18332.68,4.0179
2020-07-29 11:00:00,18383.75,18395.4,18308.38,18366.7,359.2519
2020-07-29 12:00:00,18382.26,18401.39,18378.52,18399.92,174.8502
2020-07-29 13:00:00,18372.66,18393.0,18363.98,18376.8,30.2156
2020-07-29 14:00:00,18263.18,18274.46,18254.03,18266.85,54.2853
2020-07-29 15:00:00,18143.77,18177.72,18136.45,18166.24,50.2996
2020-07-29 16:00:00,18224.84,18276.08,18149.0,18232.49,197.6843
2020-07-29 17:00:00,18198.25,18252.87,18188.74,18236.09,43.7938
2020-07-29 18:00:00,18260.13,18289.33,18212.59,18225.28,4.9169
2020-07-29 19:00:00,18171.43,18189.62,18129.81,18188.48,24.1675
2020-07-29 20:00:00,18191.35,18202.27,18147.63,18162.54,24.2798
2020-07-29 21:00:00,18260.13,18270.46,18235.39,18259.43,298.0667
2020-07-29 22:00:00,18240.95,18279.6,18190.17,18230.65,257.7743
2020-07-29 23:00:00,18101.38,18118.87,18078.57,18110.23,35.7523
2020-07-30 00:00:00,18183.16,18220.34,18174.77,18179.38,0.2771
2020-07-30 01:00:00,18174.39,18213.87,18156.42,18162.57,72.7734
2020-07-30 02:00:00,18179.32,18223.15,18164.62,18167.24,159.5732
2020-07-30 03:00:00,18329.28,18344.67,18311.16,18315.08,31.2802
2020-07-30 04:00:00,18308.29,18342.19,18261.87,18315.03,57.8113
2020-07-30 05:00:00,18334.54,18402.7,18295.2,18343.35,18.9696
2020-07-30 06:00:00,18207.98,18266.78,18180.56,18237.05,39.6597
2020-07-30 07:00:00,18228.38,18241.92,18144.91,18218.85,142.2349
2020-07-30 08:00:00,18295.98,18311.62,18179.1,18276.19,55.9108
2020-07-30 09:00:00,18165.2,18173.76,18119.2,18135.89,59.2887
2020-07-30 10:00:00,18161.46,18186.62,18155.51,18155.92,155.8515
2020-07-30 11:00:00,18152.96,18184.13,18128.55,18166.88,143.958
2020-07-30 12:00:00,18141.61,18184.24,18107.87,18172.45,20.7212
2020-07-30 13:00:00,18287.53,18290.3,18205.76,18268.5,53.6609
2020-07-30 14:00:00,18268.01,18338.26,18256.63,18300.88,188.9534
2020-07-30 15:00:00,18431.68,18471.56,18398.72,18437.96,61.0163
2020-07-30 16:00:00,18344.09,18368.39,18315.69,18348.2,108.401
2020-07-30 17:00:00,18361.23,18380.36,18333.61,18362.51,36.5229
2020-07-30 18:00:00,18372.76,18414.2,18364.01,18372.1,6.1406
2020-07-30 19:00:00,18278.24,18294.71,18226.09,18275.72,18.0203
2020-07-30 20:00:00,18320.57,18370.38,18264.87,18364.93,51.3698
2020-07-30 21:00:00,18580.5,18594.58,18574.32,18580.23,43.6131
2020-07-30 22:00:00,18539.08,18591.56,18528.46,18580.5,225.9916
2020-07-30 23:00:00,18642.92,18720.63,18628.91,18629.28,78.8827
2020-07-31 00:00:00,18628.67,18672.61,18596.98,18639.02,98.6594
2020-07-31 01:00:00,18534.31,18610.47,18478.79,18574.38,116.6943
2020-07-31 02:00:00,18392.15,18445.12,18355.15,18407.14,75.8488
2020-07-31 03:00:00,18333.56,18362.53,18308.56,18344.02,146.8137
2020-07-31 04:00:00,18239.88,18260.88,18156.16,18218.19,152.8321
2020-07-31 05:00:00,18378.85,18380.87,18345.4,18375.24,43.2917
2020-07-31 06:00:00,18372.82,18391.02,18349.97,18366.5,8.8596
2020-07-31 07:00:00,18358.23,18363.41,18309.36,18336.57,429.4326
2020-07-31 08:00:00,18418.15,18429.76,18400.86,18419.92,102.8958
2020-07-31 09:00:00,18332.27,18397.89,18299.77,18318.45,123.4144
2020-07-31 10:00:00,18262.52,18294.39,18207.25,18250.04,141.3444
2020-07-31 11:00:00,18234.59,18278.38,18219.48,18258.08,94.9236
2020-07-31 12:00:00,18380.86,18391.32,18352.49,18353.82,63.6581
2020-07-31 13:00:00,18375.56,18411.12,18342.53,18401.7,417.7924
2020-07-31 14:00:00,18443.29,18446.98,18418.35,18426.39,130.0694
2020-07-31 15:00:00,18407.46,18474.89,18365.33,18435.43,186.9821
2020-07-31 16:00:00,18485.27,18589.54,18464.24,18474.16,57.9239
2020-07-31 17:00:00,18529.07,18551.23,18430.21,18494.64,235.1539
2020-07-31 18:00:00,18397.32,18465.36,18351.08,18401.24,131.7332
2020-07-31 19:00:00,18402.6,18451.34,18401.77,18407.32,137.0925
2020-07-31 20:00:00,18321.52,18409.63,18251.09,18310.34,9.0944
2020-07-31 21:00:00,18313.56,18341.51,18283.05,18319.6,96.0913
2020-07-31 22:00:00,18310.64,18345.48,18251.74,18277.4,40.8294
2020-07-31 23:00:00,18514.85,18517.84,18495.35,18511.3,110.5642
2020-08-01 00:00:00,18503.53,18537.54,18476.05,18509.45,83.9825
2020-08-01 01:00:00,18371.42,18446.29,18358.34,18381.35,11.7871
2020-08-01 02:00:00,18353.71,18409.0,18351.35,18370.85,75.4997
2020-08-01 03:00:00,18408.83,18450.6,18370.93,18420.4,60.0128
2020-08-01 04:00:00,18569.84,18596.1,18544.38,18576.36,149.8091
2020-08-01 05:00:00,18514.43,18542.18,18503.17,18523.47,69.8438
2020-08-01 06:00:00,18366.66,18390.39,18310.53,18378.76,65.6164
2020-08-01 07:00:00,18494.39,18497.52,18420.06,18455.66,127.1149
2020-08-01 08:00:00,18311.22,18380.08,18209.81,18330.1,110.4393
2020-08-01 09:00:00,18294.65,18298.3,18242.0,18291.96,481.0275
2020-08-01 10:00:00,18281.06,18316.18,18258.78,18270.23,43.3792
2020-08-01 11:00:00,18277.21,18296.67,18227.13,18265.7,116.5896
2020-08-01 12:00:00,18329.39,18378.67,18298.9,18330.46,18.3032
2020-08-01 13:00:00,18265.24,18301.53,18214.44,18269.64,163.2506
2020-08-01 14:00:00,18254.7,18254.94,18208.92,18246.46,154.2507
2020-08-01 15:00:00,18251.85,18307.89,18221.63,18246.99,129.3973
2020-08-01 16:00:00,18257.73,18287.35,18228.75,18262.46,12.6755
2020-08-01 17:00:00,18244.68,18311.74,18200.35,18273.22,438.56
2020-08-01 18:00:00,18306.31,18387.21,18283.66,18314.88,285.7896
2020-08-01 19:00:00,18372.9,18400.28,18361.91,18393.99,46.2181
2020-08-01 20:00:00,18419.64,18451.36,18379.18,18431.94,86.113
2020-08-01 21:00:00,18476.2,18504.75,18447.15,18475.58,219.7207
2020-08-01 22:00:00,18337.84,18385.69,18286.79,18331.27,68.2492
2020-08-01 23:00:00,18370.35,18417.26,18330.77,18337.7,91.4201
2020-08-02 00:00:00,18373.62,18436.79,18353.34,18383.5,92.4431
2020-08-02 01:00:00,18466.64,18467.85,18409.81,18452.34,104.7696
2020-08-02 02:00:00,18395.94,18434.12,18368.96,18390.31,85.6844
2020-08-02 03:00:00,18355.31,18357.1,18303.97,18331.55,52.0782
2020-08-02 04:00:00,18291.3,18323.6,18243.23,18280.76,77.5398
2020-08-02 05:00:00,18313.13,18372.84,18303.62,18331.62,205.138
2020-08-02 06:00:00,18396.47,18488.44,18318.77,18428.22,199.5861
2020-08-02 07:00:00,18398.24,18435.8,18360.8,18392.52,148.0806
2020-08-02 08:00:00,18468.09,18516.27,18448.93,18477.86,53.4619
2020-08-02 09:00:00,18472.98,18492.59,18431.53,18491.11,154.1651
2020-08-02 10:00:00,18458.04,18516.81,18410.82,18481.47,49.0788
2020-08-02 11:00:00,18466.76,18508.63,18415.05,18463.78,109.0849
2020-08-02 12:00:00,18562.5,18570.93,18489.8,18534.56,83.8007
2020-08-02 13:00:00,18558.99,18588.51,18536.34,18566.58,35.671
2020-08-02 14:00:00,18790.8,18817.13,18710.49,18779.71,60.3084
2020-08-02 15:00:00,18699.65,18731.41,18697.97,18701.57,177.4087
2020-08-02 16:00:00,18727.7,18780.83,18676.41,18751.88,243.901
2020-08-02 17:00:00,18717.88,18723.81,18632.08,18704.14,22.9785
2020-08-02 18:00:00,18604.33,18659.62,18564.45,18624.71,60.9201
2020-08-02 19:00:00,18625.97,18628.34,18594.69,18625.56,56.8288
2020-08-02 20:00:00,18633.85,18712.47,18613.9,18640.22,67.1416
2020-08-02 21:00:00,18930.95,18952.12,18891.33,18914.06,375.6117
2020-08-02 22:00:00,18878.54,18911.29,18852.11,18898.54,73.1353
2020-08-02 23:00:00,18800.98,18867.6,18766.91,18793.63,177.2408
2020-08-03 00:00:00,18805.36,18917.95,18775.73,18821.17,109.0457
2020-08-03 01:00:00,18618.29,18714.97,18617.27,18627.81,11.3382
2020-08-03 02:00:00,18553.42,18670.54,18508.26,18621.11,118.9599
2020-08-03 03:00:00,18663.43,18666.29,18609.7,18624.46,104.1455
2020-08-03 04:00:00,18710.62,18730.54,18667.51,18700.32,142.0757
2020-08-03 05:00:00,18778.81,18828.75,18758.04,18793.23,7.7366
2020-08-03 06:00:00,18726.7,18762.95,18702.61,18747.79,27.6159
2020-08-03 07:00:00,18726.26,18745.6,18654.17,18735.54,146.6588
2020-08-03 08:00:00,18679.03,18679.99,18648.42,18665.65,46.3014
2020-08-03 09:00:00,18527.12,18579.72,18518.7,18562.24,241.7087
2020-08-03 10:00:00,18590.22,18603.79,18536.14,18592.85,72.9128
2020-08-03 11:00:00,18509.03,18537.66,18454.83,18476.32,0.1028
2020-08-03 12:00:00,18418.95,18446.68,18334.16,18439.86,120.01
2020-08-03 13:00:00,18351.42,18368.33,18313.1,18349.95,72.0444
2020-08-03 14:00:00,18442.76,18455.4,18377.88,18402.22,38.1399
2020-08-03 15:00:00,18581.55,18666.95,18489.72,18569.81,2.0653
2020-08-03 16:00:00,18453.14,18463.59,18415.07,18450.81,22.1578
2020-08-03 17:00:00,18290.97,18335.21,18224.32,18281.71,17.6253
2020-08-03 18:00:00,18264.8,18295.14,18248.51,18272.12,87.4319
2020-08-03 19:00:00,18299.14,18302.45,18235.46,18275.39,146.7739
2020-08-03 20:00:00,18289.89,18301.04,18234.76,18297.19,26.7365
2020-08-03 21:00:00,18222.42,18283.76,18212.36,18258.19,119.6412
2020-08-03 22:00:00,18234.56,18275.5,18217.09,18241.7,230.0829
2020-08-03 23:00:00,18259.38,18290.54,18240.08,18277.04,97.1767
2020-08-04 00:00:00,18368.79,18383.79,18331.78,18373.95,149.4537
2020-08-04 01:00:00,18191.47,18202.9,18170.53,18196.18,22.8447
2020-08-04 02:00:00,18186.18,18219.94,18146.93,18164.43,7.7895
2020-08-04 03:00:00,18198.31,18219.98,18164.04,18185.67,45.4741
2020-08-04 04:00:00,18108.78,18134.26,18100.85,18104.02,123.4456
2020-08-04 05:00:00,18262.48,18266.68,18222.68,18262.53,115.8676
2020-08-04 06:00:00,18187.06,18245.31,18180.12,18206.34,310.2855
2020-08-04 07:00:00,18164.69,18223.6,18152.36,18204.4,99.4194
2020-08-04 08:00:00,18258.9,18261.1,18172.53,18256.83,52.9812
2020-08-04 09:00:00,18219.15,18244.23,18164.95,18204.68,159.5197
2020-08-04 10:00:00,18036.47,18095.55,18007.03,18038.42,16.6135
2020-08-04 11:00:00,17991.93,18021.86,17925.2,18001.56,167.6766
2020-08-04 12:00:00,18104.43,18119.01,18023.26,18096.02,45.5597
2020-08-04 13:00:00,18065.84,18070.35,18035.42,18067.35,16.7248
2020-08-04 14:00:00,18023.02,18069.93,17965.18,17992.69,17.6905
2020-08-04 15:00:00,18100.05,18107.93,18055.24,18077.77,411.0321
2020-08-04 16:00:00,18066.99,18078.21,17998.16,18049.68,97.6101
2020-08-04 17:00:00,18019.08,18056.48,17939.59,18005.44,19.1481
2020-08-04 18:00:00,17997.45,18024.95,17970.27,18020.7,31.2744
2020-08-04 19:00:00,18103.94,18123.53,18083.28,18091.94,46.5342
2020-08-04 20:00:00,18316.09,18334.25,18299.98,18309.2,5.7523
2020-08-04 21:00:00,18397.91,18430.49,18328.19,18386.76,11.4755
2020-08-04 22:00:00,18504.34,18507.67,18490.6,18495.23,143.4453
2020-08-04 23:00:00,18458.64,18488.49,18434.95,18450.29,154.5872
2020-08-05 00:00:00,18407.08,18429.16,18354.67,18357.5,444.2593
2020-08-05 01:00:00,18363.66,18375.97,18319.71,18365.05,6.9989
2020-08-05 02:00:00,18393.94,18402.57,18291.51,18376.73,219.9888
2020-08-05 03:00:00,18270.86,18294.72,18269.67,18279.47,38.1577
2020-08-05 04:00:00,18279.72,18289.57,18213.68,18265.28,39.7275
2020-08-05 05:00:00,18320.77,18374.03,18290.75,18303.57,13.6143
2020-08-05 06:00:00,18345.07,18396.54,18332.93,18338.39,429.0372
2020-08-05 07:00:00,18417.15,18442.47,18381.88,18386.46,396.275
2020-08-05 08:00:00,18398.76,18439.04,18360.02,18415.05,200.1219
2020-08-05 09:00:00,18361.26,18428.81,18323.19,18370.21,9.5168
2020-08-05 10:00:00,18328.73,18350.56,18307.44,18324.84,184.2945
2020-08-05 11:00:00,18232.87,18245.06,18173.77,18216.82,100.6801
2020-08-05 12:00:00,18384.5,18455.51,18305.16,18381.21,13.7856
2020-08-05 13:00:00,18407.92,18440.68,18376.53,18384.28,30.3483
2020-08-05 14:00:00,18353.3,18418.85,18304.32,18365.45,116.8683
2020-08-05 15:00:00,18261.15,18357.39,18233.45,18282.0,162.6791
2020-08-05 16:00:00,18557.89,18596.71,18496.19,18552.17,188.4448
2020-08-05 17:00:00,18453.04,18458.8,18402.87,18454.47,78.489
2020-08-05 18:00:00,18426.74,18475.49,18376.95,18416.74,76.4901
2020-08-05 19:00:00,18456.37,18466.24,18429.07,18456.88,115.2675
2020-08-05 20:00:00,18507.82,18535.11,18487.42,18514.11,150.3829
2020-08-05 21:00:00,18603.24,18674.07,18556.8,18604.64,18.7036
2020-08-05 22:00:00,18775.19,18817.72,18765.56,18774.65,134.6449
2020-08-05 23:00:00,18818.3,18824.77,18802.39,18824.04,41.8074
2020-08-06 00:00:00,18722.73,18753.85,18692.32,18726.53,48.4117
2020-08-06 01:00:00,18696.79,18714.96,18691.06,18704.34,8.0899
2020-08-06 02:00:00,18751.05,18756.79,18718.14,18735.0,88.7754
2020-08-06 03:00:00,18934.29,18940.66,18813.96,18930.62,9.8076
2020-08-06 04:00:00,18842.63,18850.81,18776.9,18800.2,244.3407
2020-08-06 05:00:00,18918.17,18979.55,18908.89,18915.13,97.0141
2020-08-06 06:00:00,18923.6,18939.1,18920.67,18934.03,463.3761
2020-08-06 07:00:00,19066.03,19127.78,18998.04,19015.25,28.1902
2020-08-06 08:00:00,19015.31,19036.77,18985.05,19007.45,113.8187
2020-08-06 09:00:00,18948.03,18961.34,18902.5,18929.29,333.6252
2020-08-06 10:00:00,19013.5,19017.81,18955.81,19002.25,35.4646
2020-08-06 11:00:00,19078.21,19115.37,19021.19,19066.33,10.1283
2020-08-06 12:00:00,19171.17,19175.5,19120.95,19160.9,100.5058
2020-08-06 13:00:00,19140.43,19197.27,19117.49,19161.54,45.5863
2020-08-06 14:00:00,19113.01,19149.92,19103.37,19105.99,31.8908
2020-08-06 15:00:00,18933.87,18975.01,18901.84,18958.99,504.953
2020-08-06 16:00:00,19035.24,19073.11,19033.56,19038.56,140.2868
2020-08-06 17:00:00,19066.97,19083.19,19046.75,19080.81,66.4355
2020-08-06 18:00:00,18997.37,19037.54,18972.52,18990.58,5.1297
2020-08-06 19:00:00,18947.67,18959.19,18929.25,18941.34,21.2718
2020-08-06 20:00:00,18908.13,18935.43,18879.53,18899.03,35.4931
2020-08-06 21:00:00,18766.18,18819.1,18724.58,18760.79,66.7863
2020-08-06 22:00:00,18674.62,18706.44,18659.9,18685.96,68.7662
2020-08-06 23:00:00,18577.05,18619.72,18574.29,18581.9,2.5044
2020-08-07 00:00:00,18562.5,18646.68,18532.05,18545.43,287.0974
2020-08-07 01:00:00,18498.52,18510.76,18432.71,18478.79,78.265
2020-08-07 02:00:00,18309.29,18361.19,18304.47,18330.31,1.9924
2020-08-07 03:00:00,18489.17,18580.49,18487.74,18517.52,120.8433
2020-08-07 04:00:00,18621.79,18689.9,18590.52,18635.34,7.4025
2020-08-07 05:00:00,18584.02,18628.85,18505.33,18564.62,127.7155
2020-08-07 06:00:00,18614.35,18675.56,18530.61,18591.76,120.896
2020-08-07 07:00:00,18615.2,18707.6,18605.74,18632.43,419.4596
2020-08-07 08:00:00,18751.01,18768.96,18733.76,18745.25,41.8607
2020-08-07 09:00:00,18704.65,18727.76,18601.32,18670.4,15.5867
2020-08-07 10:00:00,18782.02,18794.3,18772.53,18774.22,9.6367
2020-08-07 11:00:00,18751.28,18769.66,18663.8,18724.67,7.4428
2020-08-07 12:00:00,18620.05,18644.92,18593.77,18601.47,166.2486
2020-08-07 13:00:00,18653.69,18693.64,18607.0,18670.68,126.7794
2020-08-07 14:00:00,18789.47,18801.21,18763.81,18793.04,372.6175
2020-08-07 15:00:00,19038.76,19069.69,18995.5,19038.1,36.9885
2020-08-07 16:00:00,18927.77,18994.17,18919.15,18925.8,162.5072
2020-08-07 17:00:00,19011.23,19031.69,18969.26,18993.83,9.7628
2020-08-07 18:00:00,18964.56,18969.62,18886.33,18956.81,234.2157
2020-08-07 19:00:00,18977.07,19052.61,18907.34,19032.96,5.3222
2020-08-07 20:00:00,18870.11,18933.11,18836.28,18894.92,155.062
2020-08-07 21:00:00,18736.44,18819.18,18732.89,18777.51,36.7238
2020-08-07 22:00:00,18709.82,18715.56,18671.03,18706.54,19.9907
2020-08-07 23:00:00,18720.3,18763.38,18712.03,18715.8,121.9136
2020-08-08 00:00:00,18662.96,18675.26,18594.58,18657.68,226.2192
2020-08-08 01:00:00,18703.07,18745.34,18653.14,18721.03,144.4458
2020-08-08 02:00:00,18831.71,18847.56,18743.72,18819.02,37.5566
2020-08-08 03:00:00,18890.84,18893.73,18848.26,18877.32,43.6291
2020-08-08 04:00:00,19008.11,19077.89,18972.27,19032.0,20.9863
2020-08-08 05:00:00,19045.51,19142.8,19044.68,19073.47,173.7621
2020-08-08 06:00:00,18959.33,18983.1,18958.64,18959.33,11.3274
2020-08-08 07:00:00,19124.67,19160.15,19030.59,19090.47,233.5252
2020-08-08 08:00:00,19066.97,19099.07,19006.23,19034.61,91.913
2020-08-08 09:00:00,19133.94,19182.14,19071.22,19123.16,88.8809
2020-08-08 10:00:00,19261.48,19314.19,19197.79,19275.55,181.9058
2020-08-08 11:00:00,19338.63,19350.29,19272.89,19321.49,110.1215
2020-08-08 12:00:00,19170.21,19212.09,19134.62,19178.88,36.2749
2020-08-08 13:00:00,19078.1,19158.68,19049.06,19092.75,43.0037
2020-08-08 14:00:00,19179.73,19228.63,19147.42,19220.93,19.0016
2020-08-08 15:00:00,19208.57,19242.75,19167.4,19206.6,62.3739
2020-08-08 16:00:00,19204.06,19235.91,19169.22,19216.17,11.6708
2020-08-08 17:00:00,19292.86,19303.04,19235.97,19291.0,105.8536
2020-08-08 18:00:00,19315.57,19361.65,19296.88,19360.09,18.5401
2020-08-08 19:00:00,19392.31,19440.29,19371.98,19389.01,199.4599
2020-08-08 20:00:00,19323.63,19402.69,19305.42,19370.72,120.5516
2020-08-08 21:00:00,19363.42,19430.27,19307.64,19342.38,222.1109
2020-08-08 22:00:00,19437.42,19487.46,19414.53,19427.28,9.1053
2020-08-08 23:00:00,19477.56,19513.45,19457.97,19482.99,160.2012
2020-08-09 00:00:00,19470.83,19525.55,19445.38,19459.88,212.6992
2020-08-09 01:00:00,19547.97,19579.47,19542.94,19567.11,4.5594
2020-08-09 02:00:00,19557.86,19561.51,19527.17,19556.44,698.675
2020-08-09 03:00:00,19490.6,19509.57,19470.49,19475.12,35.7596
2020-08-09 04:00:00,19343.13,19410.21,19329.99,19403.16,23.7903
2020-08-09 05:00:00,19301.52,19363.72,19230.1,19310.15,53.5981
2020-08-09 06:00:00,19285.34,19323.87,19282.72,19285.78,0.8673
2020-08-09 07:00:00,19402.87,19426.02,19402.48,19406.68,217.0735
2020-08-09 08:00:00,19358.66,19359.81,19313.93,19330.5,31.2646
2020-08-09 09:00:00,19328.9,19377.37,19292.2,19350.65,73.729
2020-08-09 10:00:00,19277.06,19340.13,19210.54,19289.04,97.6995
2020-08-09 11:00:00,19228.96,19312.87,19216.95,19265.87,156.586
2020-08-09 12:00:00,19151.21,19165.06,19081.33,19122.33,28.7957
2020-08-09 13:00:00,19098.45,19122.48,19051.34,19103.16,126.2826
2020-08-09 14:00:00,19078.2,19110.05,19006.49,19086.57,12.5179
2020-08-09 15:00:00,19139.03,19141.88,19113.54,19140.04,121.8191
2020-08-09 16:00:00,19175.51,19179.66,19079.58,19163.32,251.6961
2020-08-09 17:00:00,19057.03,19127.32,19032.91,19050.41,8.886
2020-08-09 18:00:00,19206.31,19239.54,19140.29,19155.59,12.4094
2020-08-09 19:00:00,19186.35,19194.71,19111.52,19177.64,81.4699
2020-08-09 20:00:00,19189.65,19203.03,19151.27,19198.59,4.7511
2020-08-09 21:00:00,19188.85,19228.37,19121.92,19199.62,20.7505
2020-08-09 22:00:00,19144.32,19186.54,19141.93,19151.84,21.0958
2020-08-09 23:00:00,19145.82,19232.11,19140.42,19174.61,65.6328
2020-08-10 00:00:00,19222.89,19291.07,19165.26,19222.13,28.5667
2020-08-10 01:00:00,19071.08,19111.29,19013.23,19056.15,64.5353
2020-08-10 02:00:00,18995.07,19063.0,18953.24,19006.73,73.6422
2020-08-10 03:00:00,18969.07,19008.73,18937.23,18984.4,131.1723
2020-08-10 04:00:00,19039.43,19051.82,19009.2,19010.61,291.8627
2020-08-10 05:00:00,19098.66,19173.63,19097.34,19125.94,70.067
2020-08-10 06:00:00,19014.65,19071.08,18993.61,19054.05,43.8513
2020-08-10 07:00:00,18986.6,19017.36,18975.19,19008.52,29.9354
2020-08-10 08:00:00,18932.5,18970.26,18912.07,18961.71,100.6919
2020-08-10 09:00:00,18894.9,18912.49,18869.03,18887.61,286.3251
2020-08-10 10:00:00,18849.91,18875.78,18820.94,18856.71,144.6702
2020-08-10 11:00:00,18927.11,19014.42,18898.33,18931.27,23.0801
2020-08-10 12:00:00,18855.12,18862.47,18758.04,18833.41,223.7773
2020-08-10 13:00:00,18862.53,18881.77,18854.09,18875.58,132.9964
2020-08-10 14:00:00,18731.35,18777.69,18643.64,18716.85,13.6903
2020-08-10 15:00:00,18694.4,18696.34,18638.17,18666.19,124.7585
2020-08-10 16:00:00,18628.81,18706.74,18607.95,18637.3,34.1583
2020-08-10 17:00:00,18809.09,18846.13,18790.75,18795.24,67.6087
2020-08-10 18:00:00,18766.75,18791.7,18752.75,18771.29,35.7005
2020-08-10 19:00:00,18583.73,18584.84,18557.5,18566.57,8.7804
2020-08-10 20:00:00,18353.98,18430.53,18307.6,18382.86,146.3537
2020-08-10 21:00:00,18357.57,18423.47,18307.95,18387.83,176.4244
2020-08-10 22:00:00,18438.88,18451.61,18379.02,18446.1,26.3938
2020-08-10 23:00:00,18466.14,18500.85,18461.73,18482.57,27.3961
2020-08-11 00:00:00,18490.35,18538.56,18472.01,18499.91,56.2045
2020-08-11 01:00:00,18605.18,18627.49,18591.8,18609.26,166.8495
2020-08-11 02:00:00,18574.28,18577.34,18534.32,18560.92,8.0417
2020-08-11 03:00:00,18638.22,18704.28,18596.98,18645.83,165.3972
2020-08-11 04:00:00,18480.3,18572.3,18458.0,18495.54,256.0358
2020-08-11 05:00:00,18407.23,18434.69,18369.61,18413.7,82.4405
2020-08-11 06:00:00,18235.13,18307.14,18232.41,18249.17,6.2292
2020-08-11 07:00:00,18208.89,18294.04,18163.85,18225.92,31.4098
2020-08-11 08:00:00,18194.13,18264.67,18189.32,18223.52,11.8093
2020-08-11 09:00:00,18237.01,18240.57,18234.98,18235.74,30.0137
2020-08-11 10:00:00,18232.83,18252.89,18192.61,18243.21,167.0154
2020-08-11 11:00:00,18177.97,18184.82,18111.09,18160.43,5.7277
2020-08-11 12:00:00,18118.7,18186.26,18091.5,18144.97,33.3829
2020-08-11 13:00:00,18001.16,18025.73,17984.85,18010.93,72.7637
2020-08-11 14:00:00,18168.37,18173.12,18098.78,18135.49,207.1799
2020-08-11 15:00:00,18092.76,18137.21,18073.09,18109.77,28.7658
2020-08-11 16:00:00,18063.04,18089.27,18016.0,18067.32,150.6553
2020-08-11 17:00:00,18190.52,18257.37,18156.02,18212.66,87.6035
2020-08-11 18:00:00,18076.95,18116.07,18023.71,18101.36,112.8153
2020-08-11 19:00:00,18029.15,18037.79,17995.02,18001.3,197.8827
2020-08-11 20:00:00,17907.49,17922.98,17890.11,17904.43,2.6771
2020-08-11 21:00:00,17902.54,17904.51,17864.2,17900.15,75.4456
2020-08-11 22:00:00,17910.13,17943.38,17884.01,17940.57,137.5213
2020-08-11 23:00:00,18015.17,18023.49,17981.2,18008.71,215.9377
2020-08-12 00:00:00,18263.22,18297.67,18230.27,18242.1,14.2364
2020-08-12 01:00:00,18059.49,18080.91,17961.77,18038.76,41.7717
2020-08-12 02:00:00,18107.56,18142.13,18055.17,18095.46,8.1813
2020-08-12 03:00:00,18026.48,18077.46,17986.34,18046.87,180.141
2020-08-12 04:00:00,18001.39,18019.7,17979.58,17995.76,194.7476
2020-08-12 05:00:00,17953.77,17977.24,17925.1,17941.79,66.0845
2020-08-12 06:00:00,17830.01,17886.05,17814.12,17862.06,2.1015
2020-08-12 07:00:00,17994.09,18038.74,17973.71,18014.29,10.7806
2020-08-12 08:00:00,18108.03,18130.18,18038.79,18091.96,97.9119
2020-08-12 09:00:00,18111.72,18145.9,18094.23,18095.87,405.2388
2020-08-12 10:00:00,18191.7,18237.44,18184.51,18219.92,182.5507
2020-08-12 11:00:00,18098.32,18099.28,18061.54,18083.95,159.9103
2020-08-12 12:00:00,17967.14,18016.89,17964.37,17965.43,54.1233
2020-08-12 13:00:00,17785.47,17800.91,17736.91,17771.59,421.3956
2020-08-12 14:00:00,17699.98,17788.52,17687.81,17711.22,174.2814
2020-08-12 15:00:00,17738.75,17745.94,17686.66,17727.31,40.895
2020-08-12 16:00:00,17753.17,17834.85,17711.8,17738.2,138.0277
2020-08-12 17:00:00,17746.98,17804.49,17720.89,17753.22,56.6555
2020-08-12 18:00:00,17630.05,17656.52,17596.3,17629.74,108.0151
2020-08-12 19:00:00,17690.82,17792.03,17623.33,17702.3,350.8355
2020-08-12 20:00:00,17754.55,17754.56,17725.24,17725.28,28.2962
2020-08-12 21:00:00,17789.88,17814.48,17743.21,17792.02,158.4756
2020-08-12 22:00:00,17609.17,17654.95,17582.7,17625.42,89.2512
2020-08-12 23:00:00,17641.99,17682.85,17591.44,17654.63,299.5151
2020-08-13 00:00:00,17553.77,17590.25,17547.65,17551.55,14.4406
2020-08-13 01:00:00,17531.63,17550.35,17500.87,17518.44,127.1929
2020-08-13 02:00:00,17543.53,17572.76,17522.55,17566.99,3.7861
2020-08-13 03:00:00,17609.23,17624.49,17570.49,17576.75,28.3097
2020-08-13 04:00:00,17509.08,17548.87,17497.89,17503.67,38.692
2020-08-13 05:00:00,17514.14,17569.12,17505.79,17505.97,56.6084
2020-08-13 06:00:00,17371.98,17375.34,17367.35,17373.67,336.1015
2020-08-13 07:00:00,17475.66,17513.67,17432.56,17475.33,6.9995
2020-08-13 08:00:00,17456.55,17495.62,17448.3,17459.14,18.5105
2020-08-13 09:00:00,17576.4,17610.42,17507.5,17558.53,22.696
2020-08-13 10:00:00,17513.92,17556.66,17496.49,17514.06,55.1642
2020-08-13 11:00:00,17483.36,17500.96,17449.32,17469.96,6.262
2020-08-13 12:00:00,17397.4,17441.19,17374.62,17404.95,336.4467
2020-08-13 13:00:00,17486.36,17502.06,17446.16,17482.94,82.0644
2020-08-13 14:00:00,17408.67,17458.32,17399.3,17422.68,167.8182
2020-08-13 15:00:00,17501.84,17558.07,17469.45,17480.57,148.0598
2020-08-13 16:00:00,17434.35,17477.29,17419.69,17448.89,108.1239
2020-08-13 17:00:00,17272.63,17280.71,17224.01,17278.25,234.7681
2020-08-13 18:00:00,17225.28,17274.29,17215.02,17230.7,232.6711
2020-08-13 19:00:00,17124.78,17185.04,17085.55,17130.84,13.6704
2020-08-13 20:00:00,17147.84,17173.54,17095.68,17135.46,232.2056
2020-08-13 21:00:00,17029.79,17043.78,17017.07,17035.18,74.2109
2020-08-13 22:00:00,17139.61,17216.25,17105.65,17115.76,31.207
2020-08-13 23:00:00,17095.67,17146.31,17076.56,17109.67,93.7771
2020-08-14 00:00:00,17099.09,17157.47,17073.37,17096.19,32.976
2020-08-14 01:00:00,17140.66,17203.52,17130.4,17153.97,65.202
2020-08-14 02:00:00,17245.61,17276.87,17212.76,17238.36,169.5202
2020-08-14 03:00:00,17238.07,17258.83,17206.76,17238.35,3.2728
2020-08-14 04:00:00,17170.94,17179.07,17144.15,17173.6,20.2225
2020-08-14 05:00:00,17043.22,17069.23,17021.81,17022.99,313.6897
2020-08-14 06:00:00,16955.2,16971.67,16896.49,16966.3,58.8964
2020-08-14 07:00:00,16925.56,16932.47,16901.68,16915.64,36.1435
2020-08-14 08:00:00,16913.37,16944.5,16901.32,16926.39,256.7587
2020-08-14 09:00:00,16900.77,16915.33,16890.45,16898.87,242.1525
2020-08-14 10:00:00,16938.41,16964.32,16895.65,16958.68,4.5251
2020-08-14 11:00:00,16897.2,16916.58,16866.98,16908.4,45.0167
2020-08-14 12:00:00,16903.88,16934.62,16902.04,16905.27,243.9799
2020-08-14 13:00:00,17037.9,17064.9,17005.46,17007.04,19.8173
2020-08-14 14:00:00,17039.53,17142.46,17017.71,17037.81,86.3256
2020-08-14 15:00:00,17062.58,17085.77,17011.64,17034.4,38.6807
2020-08-14 16:00:00,16988.57,17020.09,16982.43,16984.83,133.395
2020-08-14 17:00:00,16926.2,16939.53,16923.2,16932.75,17.2287
2020-08-14 18:00:00,16888.39,16897.45,16858.11,16862.43,90.6472
2020-08-14 19:00:00,16825.85,16844.84,16817.95,16818.5,0.0008
2020-08-14 20:00:00,16872.88,16900.62,16825.51,16883.73,29.1106
2020-08-14 21:00:00,16874.62,16903.42,16790.41,16866.69,17.6934
2020-08-14 22:00:00,16749.64,16756.44,16718.09,16754.54,23.5508
2020-08-14 23:00:00,16870.72,16988.57,16852.8,16904.34,196.9162
2020-08-15 00:00:00,16948.93,17001.93,16893.17,16933.08,246.2714
2020-08-15 01:00:00,16834.06,16839.55,16813.78,16815.65,140.6626
2020-08-15 02:00:00,16811.02,16850.51,16743.6,16780.18,89.1858
2020-08-15 03:00:00,16798.25,16827.81,16766.78,16791.16,26.2478
2020-08-15 04:00:00,16931.74,16989.52,16915.95,16935.95,32.1199
2020-08-15 05:00:00,16857.88,16902.85,16810.62,16843.81,37.0904
2020-08-15 06:00:00,16942.08,16963.54,16896.4,16927.7,150.0608
2020-08-15 07:00:00,17075.77,17084.85,17032.27,17047.84,29.1535
2020-08-15 08:00:00,16995.2,17016.2,16974.3,16995.96,362.6447
2020-08-15 09:00:00,16971.27,16993.95,16955.16,16974.08,159.191
2020-08-15 10:00:00,16875.74,16893.93,16861.57,16887.82,817.2622
2020-08-15 11:00:00,16881.4,16889.58,16809.48,16872.33,61.4666
2020-08-15 12:00:00,16844.81,16921.12,16841.6,16870.93,88.9961
2020-08-15 13:00:00,16941.4,16964.64,16868.55,16928.26,32.9062
2020-08-15 14:00:00,17032.24,17043.29,16960.16,17022.23,92.5696
2020-08-15 15:00:00,16970.18,17041.36,16938.86,16960.26,364.5831
2020-08-15 16:00:00,16797.45,16813.96,16781.39,16795.13,3.0851
2020-08-15 17:00:00,16820.77,16853.37,16791.87,16795.02,34.1489
2020-08-15 18:00:00,16836.02,16844.66,16752.2,16821.35,33.0303
2020-08-15 19:00:00,16833.79,16862.05,16826.06,16844.01,403.8146
2020-08-15 20:00:00,16808.27,16841.31,16725.14,16818.18,14.2312
2020-08-15 21:00:00,16815.55,16865.78,16807.25,16830.36,167.3231
2020-08-15 22:00:00,16968.92,16971.85,16939.06,16959.57,32.0968
2020-08-15 23:00:00,16976.64,17005.87,16954.77,16993.63,197.0429
2020-08-16 00:00:00,16981.98,17032.22,16955.35,16963.61,66.8944
2020-08-16 01:00:00,16945.27,16970.38,16922.46,16922.88,27.7416
2020-08-16 02:00:00,16895.33,16931.87,16857.53,16910.2,123.6954
2020-08-16 03:00:00,17047.11,17064.8,17010.05,17050.28,184.251
2020-08-16 04:00:00,17036.64,17079.81,17022.47,17036.35,63.5141
2020-08-16 05:00:00,17051.43,17098.97,17033.95,17036.37,125.1726
2020-08-16 06:00:00,17024.35,17059.17,16939.91,16996.99,20.0383
2020-08-16 07:00:00,17063.28,17092.47,17004.79,17092.09,277.4385
2020-08-16 08:00:00,17255.79,17262.52,17252.97,17261.29,10.1423
2020-08-16 09:00:00,17297.3,17303.71,17267.04,17301.9,25.0965
2020-08-16 10:00:00,17286.55,17321.55,17240.5,17310.79,34.0183
2020-08-16 11:00:00,17307.31,17327.0,17276.51,17315.71,16.5763
2020-08-16 12:00:00,17118.33,17131.49,17059.36,17111.01,52.2022
2020-08-16 13:00:00,17171.69,17215.43,17139.65,17176.47,61.2002
2020-08-16 14:00:00,17163.16,17206.25,17135.2,17189.71,73.1034
2020-08-16 15:00:00,17277.76,17362.02,17173.91,17228.25,4.1655
2020-08-16 16:00:00,17173.25,17240.6,17151.73,17168.68,24.7316
2020-08-16 17:00:00,17139.31,17184.88,17119.88,17137.4,164.9028
2020-08-16 18:00:00,17085.11,17125.19,17040.0,17103.89,166.3919
2020-08-16 19:00:00,17197.45,17266.52,17163.21,17192.97,40.0488
2020-08-16 20:00:00,17159.31,17172.09,17134.01,17162.13,61.8363
2020-08-16 21:00:00,17309.81,17371.44,17261.41,17342.56,20.2671
2020-08-16 22:00:00,17363.05,17399.94,17358.71,17381.66,172.6758
2020-08-16 23:00:00,17286.26,17320.93,17235.88,17272.53,313.9227
2020-08-17 00:00:00,17296.71,17300.93,17217.33,17263.15,34.4398
2020-08-17 01:00:00,17214.95,17225.27,17199.59,17208.63,152.2976
2020-08-17 02:00:00,17040.32,17047.16,17002.09,17021.54,43.4465
2020-08-17 03:00:00,17156.7,17159.79,17142.74,17159.37,0.2637
2020-08-17 04:00:00,17219.92,17226.0,17187.89,17221.41,91.561
2020-08-17 05:00:00,17287.89,17347.92,17265.93,17269.05,52.8309
2020-08-17 06:00:00,17313.8,17335.27,17251.86,17285.06,142.0617
2020-08-17 07:00:00,17189.68,17221.39,17114.99,17167.34,138.1363
2020-08-17 08:00:00,17109.28,17134.08,17090.56,17127.55,291.935
2020-08-17 09:00:00,17200.2,17256.93,17196.98,17201.35,57.5931
2020-08-17 10:00:00,17117.41,17179.5,17110.03,17112.66,65.8769
2020-08-17 11:00:00,16893.35,16968.13,16793.44,16897.74,51.1501
2020-08-17 12:00:00,16886.79,16904.75,16856.18,16880.24,35.2311
2020-08-17 13:00:00,16883.81,16904.64,16838.5,16869.97,101.5675
2020-08-17 14:00:00,16900.02,16908.32,16850.34,16883.09,176.0475
2020-08-17 15:00:00,16974.84,16993.53,16921.38,16946.27,17.175
2020-08-17 16:00:00,16996.39,17025.01,16990.8,17001.99,400.8497
2020-08-17 17:00:00,17002.47,17086.11,16996.03,17025.69,115.1404
2020-08-17 18:00:00,17135.31,17186.74,17105.54,17129.17,151.4632
2020-08-17 19:00:00,17032.81,17060.44,16925.69,17000.79,677.1989
2020-08-17 20:00:00,17037.25,17078.41,17013.11,17045.38,70.1243
2020-08-17 21:00:00,17112.23,17125.37,17077.56,17100.48,7.396
2020-08-17 22:00:00,17008.03,17012.71,16993.54,16996.21,156.2038
2020-08-17 23:00:00,16873.42,16910.34,16822.89,16870.19,204.6131
2020-08-18 00:00:00,16809.07,16865.99,16761.6,16808.96,17.7211
2020-08-18 01:00:00,16739.57,16756.1,16718.98,16755.04,2.4434
2020-08-18 02:00:00,16781.46,16851.99,16757.63,16819.83,14.5978
2020-08-18 03:00:00,16751.19,16800.95,16707.82,16769.83,39.1513
2020-08-18 04:00:00,16693.19,16709.09,16672.86,16699.71,258.0727
2020-08-18 05:00:00,16668.58,16678.86,16630.1,16650.3,0.247
2020-08-18 06:00:00,16743.37,16790.9,16725.4,16745.1,162.861
2020-08-18 07:00:00,16739.17,16797.62,16725.3,16747.86,193.002
2020-08-18 08:00:00,16719.62,16758.78,16707.89,16734.53,166.6285
2020-08-18 09:00:00,16737.98,16744.04,16723.75,16727.0,8.5791
2020-08-18 10:00:00,16859.6,16870.14,16834.95,16836.73,113.6906
2020-08-18 11:00:00,16793.19,16830.25,16744.9,16775.35,307.7021
2020-08-18 12:00:00,16897.6,16926.91,16803.6,16887.37,12.8246
2020-08-18 13:00:00,16881.88,16910.11,16876.58,16906.83,3.2195
2020-08-18 14:00:00,16889.02,16905.21,16870.49,16894.96,206.8771
2020-08-18 15:00:00,17141.22,17152.57,17100.45,17107.91,103.5439
2020-08-18 16:00:00,17038.42,17088.5,16990.55,17019.32,103.9689
2020-08-18 17:00:00,16964.8,16996.24,16920.75,16990.93,333.6293
2020-08-18 18:00:00,16886.99,16896.32,16828.03,16887.92,146.8657
2020-08-18 19:00:00,16976.2,16991.77,16969.0,16970.04,50.6576
2020-08-18 20:00:00,17102.02,17146.71,17031.76,17115.06,57.2419
2020-08-18 21:00:00,17219.82,17303.48,17178.21,17259.68,15.6295
2020-08-18 22:00:00,17368.75,17376.89,17338.95,17367.03,36.2477
2020-08-18 23:00:00,17337.94,17419.88,17320.04,17351.61,58.9515
2020-08-19 00:00:00,17308.08,17350.04,17286.06,17321.65,30.2573
2020-08-19 01:00:00,17172.56,17218.98,17157.91,17178.65,247.5426
2020-08-19 02:00:00,17352.92,17410.24,17335.41,17355.24,1.1873
2020-08-19 03:00:00,17397.51,17399.25,17365.27,17397.67,88.4361
2020-08-19 04:00:00,17341.27,17380.21,17286.97,17356.61,147.6692
2020-08-19 05:00:00,17469.75,17491.52,17425.53,17473.6,131.7175
2020-08-19 06:00:00,17359.8,17397.14,17357.17,17390.36,103.2075
2020-08-19 07:00:00,17432.88,17462.83,17391.47,17427.45,52.8202
2020-08-19 08:00:00,17364.42,17437.1,17325.88,17414.16,250.6873
2020-08-19 09:00:00,17466.45,17487.36,17456.95,17471.51,39.8906
2020-08-19 10:00:00,17483.76,17516.4,17435.7,17467.7,138.6831
2020-08-19 11:00:00,17324.35,17353.92,17246.13,17342.73,261.2526
2020-08-19 12:00:00,17363.44,17365.84,17332.51,17351.01,13.7406
2020-08-19 13:00:00,17463.9,17487.26,17434.31,17443.74,293.8994
2020-08-19 14:00:00,17385.24,17448.96,17374.89,17442.94,149.6255
2020-08-19 15:00:00,17509.63,17522.77,17456.83,17512.28,95.8655
2020-08-19 16:00:00,17372.38,17448.81,17354.72,17422.49,46.7445
2020-08-19 17:00:00,17419.88,17448.87,17407.99,17421.94,234.6176
2020-08-19 18:00:00,17369.16,17462.0,17357.02,17369.28,4.5042
2020-08-19 19:00:00,17392.61,17442.73,17383.08,17435.89,56.5333
2020-08-19 20:00:00,17473.95,17521.66,17425.44,17440.38,141.3188
2020-08-19 21:00:00,17507.31,17566.27,17452.06,17502.3,166.6752
2020-08-19 22:00:00,17584.3,17605.7,17496.37,17599.24,22.5996
2020-08-19 23:00:00,17687.74,17700.77,17624.36,17661.86,4.8775
2020-08-20 00:00:00,17655.98,17691.37,17610.17,17687.74,162.3796
2020-08-20 01:00:00,17579.6,17657.98,17575.98,17601.23,54.7995
2020-08-20 02:00:00,17562.27,17657.38,17489.25,17602.75,15.4929
2020-08-20 03:00:00,17589.21,17590.93,17534.78,17557.59,8.9453
2020-08-20 04:00:00,17534.96,17549.87,17525.17,17529.14,102.3429
2020-08-20 05:00:00,17509.6,17575.85,17485.21,17498.07,87.4232
2020-08-20 06:00:00,17419.32,17427.57,17403.51,17414.08,192.4083
2020-08-20 07:00:00,17255.29,17322.62,17236.6,17245.4,3.2076
2020-08-20 08:00:00,17190.85,17207.23,17173.27,17189.51,202.8195
2020-08-20 09:00:00,17212.51,17278.34,17200.96,17207.85,218.2521
2020-08-20 10:00:00,17095.41,17112.73,17047.59,17093.57,59.1132
2020-08-20 11:00:00,17086.22,17115.88,17080.34,17096.62,7.9765
2020-08-20 12:00:00,17259.97,17278.44,17195.97,17260.77,293.263
2020-08-20 13:00:00,17355.54,17375.57,17342.43,17350.79,7.4756
2020-08-20 14:00:00,17497.05,17556.28,17490.32,17495.11,89.3247
2020-08-20 15:00:00,17505.17,17536.15,17450.55,17531.08,67.9553
2020-08-20 16:00:00,17611.45,17647.14,17585.19,17635.17,180.2334
2020-08-20 17:00:00,17592.12,17600.81,17541.83,17573.09,69.8375
2020-08-20 18:00:00,17512.86,17575.0,17494.29,17518.24,63.322
2020-08-20 19:00:00,17290.17,17319.75,17242.51,17280.06,212.5696
2020-08-20 20:00:00,17365.29,17434.61,17337.57,17384.28,332.4516
2020-08-20 21:00:00,17494.09,17530.89,17479.67,17519.9,79.6887
2020-08-20 22:00:00,17458.45,17474.57,17449.17,17473.19,60.6463
2020-08-20 23:00:00,17448.87,17467.55,17414.75,17452.76,177.842
2020-08-21 00:00:00,17377.15,17425.93,17312.67,17388.72,177.841
2020-08-21 01:00:00,17446.27,17454.89,17408.32,17423.72,38.4754
2020-08-21 02:00:00,17526.61,17574.59,17501.73,17523.47,85.8549
2020-08-21 03:00:00,17404.64,17417.38,17361.82,17372.52,16.7374
2020-08-21 04:00:00,17416.87,17500.69,17405.13,17409.83,100.9344
2020-08-21 05:00:00,17345.54,17418.21,17274.73,17387.48,179.5701
2020-08-21 06:00:00,17417.45,17461.78,17369.35,17399.08,20.7658
2020-08-21 07:00:00,17414.42,17470.72,17390.76,17440.75,39.0154
2020-08-21 08:00:00,17430.1,17461.53,17399.91,17426.08,59.5901
2020-08-21 09:00:00,17405.31,17430.29,17359.97,17418.8,186.4847
2020-08-21 10:00:00,17439.2,17458.16,17364.97,17401.91,131.442
2020-08-21 11:00:00,17513.26,17551.75,17470.04,17488.08,38.1071
2020-08-21 12:00:00,17513.45,17543.82,17475.32,17526.45,27.8436
2020-08-21 13:00:00,17545.29,17575.38,17540.43,17547.53,118.9757
2020-08-21 14:00:00,17442.04,17482.61,17400.95,17437.77,65.371
2020-08-21 15:00:00,17421.54,17482.87,17401.2,17406.51,90.0305
2020-08-21 16:00:00,17486.97,17525.65,17480.31,17486.46,104.6107
2020-08-21 17:00:00,17473.58,17505.8,17445.33,17491.51,81.8
2020-08-21 18:00:00,17538.34,17584.69,17512.31,17550.94,94.9517
2020-08-21 19:00:00,17707.63,17743.27,17675.85,17707.71,218.483
2020-08-21 20:00:00,17823.42,17836.21,17792.06,17801.44,202.6462
2020-08-21 21:00:00,17819.13,17821.89,17796.77,17811.51,16.1383
2020-08-21 22:00:00,17754.04,17808.47,17702.46,17767.79,88.309
2020-08-21 23:00:00,17554.08,17566.24,17494.92,17542.71,57.8573
2020-08-22 00:00:00,17522.91,17534.39,17519.71,17529.69,33.62
2020-08-22 01:00:00,17518.46,17525.87,17470.13,17502.87,99.7358
2020-08-22 02:00:00,17583.11,17613.41,17533.67,17538.78,71.5155
2020-08-22 03:00:00,17520.75,17552.39,17494.63,17527.04,149.1229
2020-08-22 04:00:00,17514.75,17553.84,17482.78,17500.72,9.8088
2020-08-22 05:00:00,17333.83,17365.81,17296.23,17346.76,36.0512
2020-08-22 06:00:00,17265.03,17307.81,17238.87,17266.97,2.612
2020-08-22 07:00:00,17310.36,17331.39,17307.75,17309.85,137.0263
2020-08-22 08:00:00,17456.71,17514.13,17439.21,17460.09,243.5629
2020-08-22 09:00:00,17496.31,17514.87,17425.34,17453.32,88.5219
2020-08-22 10:00:00,17478.32,17501.95,17441.75,17483.68,95.9666
2020-08-22 11:00:00,17579.0,17593.87,17562.27,17568.69,4.7537
2020-08-22 12:00:00,17465.44,17504.18,17423.91,17499.21,70.0739
2020-08-22 13:00:00,17540.63,17573.61,17479.24,17533.06,74.839
2020-08-22 14:00:00,17489.85,17536.94,17420.93,17469.9,3.9754
2020-08-22 15:00:00,17537.93,17550.75,17529.51,17547.19,152.5038
2020-08-22 16:00:00,17518.14,17593.25,17466.72,17562.22,32.6174
2020-08-22 17:00:00,17589.51,17606.28,17520.46,17590.19,128.5353
2020-08-22 18:00:00,17523.42,17549.45,17491.98,17523.12,51.5713
2020-08-22 19:00:00,17599.55,17632.96,17584.95,17586.82,543.6692
2020-08-22 20:00:00,17807.63,17821.0,17766.38,17771.89,23.8518
2020-08-22 21:00:00,17677.38,17707.64,17651.99,17684.11,6.0
2020-08-22 22:00:00,17640.71,17688.05,17609.49,17655.83,390.7309
2020-08-22 23:00:00,17657.42,17706.56,17618.06,17678.04,27.9505
2020-08-23 00:00:00,17752.84,17756.88,17747.03,17749.32,100.8766
2020-08-23 01:00:00,17709.92,17754.28,17630.33,17701.44,46.9313
2020-08-23 02:00:00,17442.94,17482.29,17414.66,17452.47,102.0618
2020-08-23 03:00:00,17586.5,17647.26,17560.92,17572.82,90.6485
2020-08-23 04:00:00,17649.61,17654.86,17598.87,17641.4,122.8518
2020-08-23 05:00:00,17490.18,17555.1,17477.79,17489.42,1.8616
2020-08-23 06:00:00,17422.3,17456.56,17409.41,17438.04,180.9074
2020-08-23 07:00:00,17568.04,17689.54,17523.72,17576.51,65.1364
2020-08-23 08:00:00,17662.49,17717.27,17630.96,17705.51,73.1582
2020-08-23 09:00:00,17794.57,17802.95,17711.28,17790.37,52.9372
2020-08-23 10:00:00,17776.95,17853.59,17746.1,17776.49,454.525
2020-08-23 11:00:00,17788.99,17804.22,17739.83,17785.64,161.7326
2020-08-23 12:00:00,17784.74,17790.74,17739.2,17775.78,37.3085
2020-08-23 13:00:00,17884.73,17899.3,17813.88,17877.83,152.8186
2020-08-23 14:00:00,17799.36,17806.2,17756.2,17801.33,57.4464
2020-08-23 15:00:00,17732.25,17734.66,17723.94,17731.39,204.0323
2020-08-23 16:00:00,17797.7,17829.14,17751.26,17822.73,3.1332
2020-08-23 17:00:00,17810.15,17895.03,17792.1,17820.56,43.9135
2020-08-23 18:00:00,17946.07,17959.38,17900.69,17945.16,56.1802
2020-08-23 19:00:00,17873.54,17892.76,17832.96,17886.71,136.3553
2020-08-23 20:00:00,17898.98,17913.44,17871.44,17883.59,20.126
2020-08-23 21:00:00,17791.18,17830.8,17776.37,17802.9,33.7266
2020-08-23 22:00:00,17809.19,17815.49,17750.43,17805.34,128.6921
2020-08-23 23:00:00,17677.55,17687.45,17660.12,17675.49,7.9957
2020-08-24 00:00:00,17647.32,17715.3,17628.4,17634.16,22.455
2020-08-24 01:00:00,17525.06,17533.59,17503.81,17509.29,139.9852
2020-08-24 02:00:00,17583.99,17594.87,17516.08,17571.79,208.368
2020-08-24 03:00:00,17599.36,17638.65,17584.63,17636.51,130.5002
2020-08-24 04:00:00,17506.57,17547.97,17468.89,17485.69,74.8952
2020-08-24 05:00:00,17630.95,17681.49,17537.99,17604.06,10.4318
2020-08-24 06:00:00,17817.05,17856.19,17809.73,17825.64,175.5769
2020-08-24 07:00:00,17835.75,17886.78,17780.05,17831.53,13.2434
2020-08-24 08:00:00,17760.31,17816.93,17732.35,17776.15,48.6261
2020-08-24 09:00:00,17993.83,18050.31,17985.41,18028.95,5.1819
2020-08-24 10:00:00,17898.63,17952.78,17862.39,17911.86,123.6755
2020-08-24 11:00:00,17905.77,17981.5,17871.02,17915.45,70.0162
2020-08-24 12:00:00,17926.97,17966.6,17904.83,17933.33,238.1712
2020-08-24 13:00:00,18038.43,18065.43,18019.43,18055.74,14.9362
2020-08-24 14:00:00,18076.76,18115.6,18054.51,18090.02,171.0176
2020-08-24 15:00:00,18046.53,18074.04,18040.01,18046.73,71.4716
2020-08-24 16:00:00,17948.87,17983.26,17942.99,17962.71,45.5852
2020-08-24 17:00:00,17943.55,17957.92,17901.49,17933.8,103.1609
2020-08-24 18:00:00,17857.47,17879.15,17827.26,17845.31,156.2637
2020-08-24 19:00:00,17893.85,17984.56,17822.75,17851.36,58.0328
2020-08-24 20:00:00,17822.82,17824.23,17787.13,17802.78,26.5015
2020-08-24 21:00:00,17675.87,17681.59,17612.41,17671.57,247.4432
2020-08-24 22:00:00,17773.21,17809.62,17762.74,17784.24,37.5418
2020-08-24 23:00:00,17746.98,17755.66,17647.11,17741.77,634.0423
2020-08-25 00:00:00,17636.81,17643.79,17599.48,17631.05,145.8112
2020-08-25 01:00:00,17608.93,17618.55,17592.63,17617.98,116.4173
2020-08-25 02:00:00,17639.58,17653.04,17625.39,17625.76,1.2477
2020-08-25 03:00:00,17449.18,17535.24,17387.48,17473.61,59.517
2020-08-25 04:00:00,17500.06,17525.17,17460.89,17504.33,69.8081
2020-08-25 05:00:00,17424.12,17425.62,17323.57,17414.44,47.2208
2020-08-25 06:00:00,17560.11,17587.92,17512.96,17565.16,16.2487
2020-08-25 07:00:00,17609.29,17623.31,17588.9,17612.93,45.7997
2020-08-25 08:00:00,17577.06,17599.46,17557.46,17579.48,7.7933
2020-08-25 09:00:00,17501.1,17534.14,17495.15,17515.74,34.3785
2020-08-25 10:00:00,17528.85,17580.02,17507.82,17508.3,8.7389
2020-08-25 11:00:00,17545.81,17567.13,17544.67,17563.69,139.6035
2020-08-25 12:00:00,17568.8,17583.9,17527.27,17563.21,111.2176
2020-08-25 13:00:00,17553.15,17618.47,17538.77,17545.9,281.2297
2020-08-25 14:00:00,17536.12,17569.25,17504.18,17552.77,47.7921
2020-08-25 15:00:00,17502.81,17518.55,17414.81,17501.53,154.2719
2020-08-25 16:00:00,17457.35,17520.76,17418.55,17473.25,88.5779
2020-08-25 17:00:00,17316.82,17359.12,17248.15,17292.77,103.8751
2020-08-25 18:00:00,17358.9,17423.72,17321.65,17378.69,79.2882
2020-08-25 19:00:00,17395.01,17471.77,17370.49,17406.39,151.0317
2020-08-25 20:00:00,17319.58,17350.8,17282.04,17340.81,4.2899
2020-08-25 21:00:00,17483.41,17527.59,17452.31,17507.18,8.3912
2020-08-25 22:00:00,17544.42,17578.1,17493.57,17516.54,10.0842
2020-08-25 23:00:00,17437.01,17466.86,17394.03,17427.55,34.0648
2020-08-26 00:00:00,17506.4,17527.73,17495.0,17503.94,89.4355
2020-08-26 01:00:00,17529.01,17586.71,17502.95,17540.53,103.7379
2020-08-26 02:00:00,17592.84,17593.9,17516.98,17576.89,124.6893
2020-08-26 03:00:00,17526.77,17592.01,17442.65,17541.23,32.9565
2020-08-26 04:00:00,17596.45,17677.76,17559.63,17582.5,105.043
2020-08-26 05:00:00,17545.92,17601.29,17533.09,17561.24,12.5212
2020-08-26 06:00:00,17600.46,17632.63,17557.61,17611.81,1.0029
2020-08-26 07:00:00,17459.06,17504.8,17379.21,17445.83,118.6397
2020-08-26 08:00:00,17424.77,17439.23,17402.23,17409.73,125.7417
2020-08-26 09:00:00,17571.87,17588.39,17551.23,17561.38,97.3239
2020-08-26 10:00:00,17477.42,17538.87,17463.87,17495.78,29.9579
2020-08-26 11:00:00,17436.91,17478.43,17414.72,17444.71,262.3734
2020-08-26 12:00:00,17410.11,17441.67,17325.99,17407.38,208.4861
2020-08-26 13:00:00,17288.69,17303.63,17268.92,17303.39,72.4722
2020-08-26 14:00:00,17137.53,17144.07,17068.11,17114.06,452.2646
2020-08-26 15:00:00,17054.98,17101.13,17035.98,17096.04,35.4705
2020-08-26 16:00:00,17096.04,17110.71,17095.8,17109.37,67.5571
2020-08-26 17:00:00,17097.87,17142.53,17097.41,17106.59,263.0003
2020-08-26 18:00:00,17047.28,17105.93,17041.41,17095.9,62.0124
2020-08-26 19:00:00,17077.42,17145.09,17072.58,17101.29,63.6782
2020-08-26 20:00:00,17201.21,17206.81,17188.38,17190.46,8.2722
2020-08-26 21:00:00,17176.33,17182.59,17174.94,17175.81,23.7428
2020-08-26 22:00:00,17155.17,17158.02,17074.96,17128.23,17.1815
2020-08-26 23:00:00,17132.3,17170.61,17089.71,17105.87,83.3021
2020-08-27 00:00:00,17164.56,17195.27,17153.52,17157.13,38.3447
2020-08-27 01:00:00,17285.39,17335.54,17257.19,17279.97,8.0159
2020-08-27 02:00:00,17228.57,17243.08,17204.71,17227.43,71.3294
2020-08-27 03:00:00,17191.91,17238.66,17159.38,17237.68,110.6293
2020-08-27 04:00:00,17244.48,17310.46,17218.37,17268.56,133.3803
2020-08-27 05:00:00,17186.32,17226.95,17168.07,17184.59,181.7187
2020-08-27 06:00:00,17198.65,17216.6,17160.09,17188.06,65.7696
2020-08-27 07:00:00,17068.76,17083.45,17037.65,17063.82,49.53
2020-08-27 08:00:00,16899.49,16946.24,16875.23,16914.59,115.2399
2020-08-27 09:00:00,16963.19,16978.81,16904.14,16947.3,1.3455
2020-08-27 10:00:00,16941.54,16951.14,16903.24,16916.47,100.3829
2020-08-27 11:00:00,16951.15,16957.21,16888.79,16935.27,52.0341
2020-08-27 12:00:00,16952.2,16981.46,16927.47,16935.44,60.3079
2020-08-27 13:00:00,16845.03,16873.73,16834.46,16854.46,35.136
2020-08-27 14:00:00,16870.46,16879.58,16827.71,16852.33,13.6135
2020-08-27 15:00:00,16752.55,16756.97,16705.87,16750.11,51.3203
2020-08-27 16:00:00,16876.91,16897.66,16863.16,16868.28,36.8462
2020-08-27 17:00:00,16761.73,16778.59,16712.97,16755.61,322.184
2020-08-27 18:00:00,16738.84,16747.83,16718.99,16740.88,287.4213
2020-08-27 19:00:00,16640.99,16704.38,16613.28,16655.31,103.2592
2020-08-27 20:00:00,16703.11,16764.65,16702.2,16704.48,234.0301
2020-08-27 21:00:00,16694.92,16721.27,16655.97,16678.47,139.1407
2020-08-27 22:00:00,16629.54,16677.5,16626.33,16636.88,42.4482
2020-08-27 23:00:00,16724.45,16733.79,16691.94,16709.52,92.609
2020-08-28 00:00:00,16725.97,16727.81,16683.95,16713.65,24.8876
2020-08-28 01:00:00,16753.48,16770.85,16744.96,16758.49,116.2218
2020-08-28 02:00:00,16701.1,16766.46,16675.66,16677.94,4.5842
2020-08-28 03:00:00,16556.57,16568.41,16551.08,16562.46,177.9881
2020-08-28 04:00:00,16598.01,16623.1,16564.2,16573.0,87.522
2020-08-28 05:00:00,16555.42,16564.85,16540.75,16548.23,6.0215
2020-08-28 06:00:00,16601.46,16609.41,16583.81,16601.72,205.3861
2020-08-28 07:00:00,16582.01,16597.38,16544.07,16596.75,210.129
2020-08-28 08:00:00,16613.96,16663.89,16605.57,16615.42,191.6071
2020-08-28 09:00:00,16478.86,16518.09,16413.82,16482.22,148.8557
2020-08-28 10:00:00,16618.56,16704.46,16613.17,16639.5,113.2972
2020-08-28 11:00:00,16623.88,16634.87,16618.87,16627.5,50.5687
2020-08-28 12:00:00,16673.74,16716.42,16654.74,16687.15,14.6575
2020-08-28 13:00:00,16628.8,16643.45,16613.94,16619.06,34.0767
2020-08-28 14:00:00,16668.06,16707.66,16628.07,16646.32,42.6296
2020-08-28 15:00:00,16519.25,16564.92,16517.1,16539.55,44.3286
2020-08-28 16:00:00,16606.97,16626.43,16556.19,16578.59,83.3535
2020-08-28 17:00:00,16548.61,16651.87,16511.67,16550.74,23.3677
2020-08-28 18:00:00,16538.66,16636.38,16529.97,16554.81,21.0303
2020-08-28 19:00:00,16626.83,16645.8,16588.77,16614.24,126.2177
2020-08-28 20:00:00,16506.14,16532.55,16502.18,16513.51,0.7529
2020-08-28 21:00:00,16457.3,16513.67,16441.11,16458.64,16.1954
2020-08-28 22:00:00,16491.25,16537.79,16477.43,16497.92,57.0855
2020-08-28 23:00:00,16659.04,16710.56,16657.41,16672.65,16.1441
2020-08-29 00:00:00,16674.87,16694.47,16647.9,16662.81,321.4201
2020-08-29 01:00:00,16708.94,16757.98,16694.16,16713.73,110.8978
2020-08-29 02:00:00,16682.46,16763.45,16676.46,16706.46,56.699
2020-08-29 03:00:00,16879.67,16910.83,16866.38,16870.37,11.9071
2020-08-29 04:00:00,16704.51,16755.45,16687.75,16724.68,48.6436
2020-08-29 05:00:00,16714.96,16746.57,16633.19,16734.26,105.1543
2020-08-29 06:00:00,16619.72,16639.63,16567.08,16599.92,346.7793
2020-08-29 07:00:00,16373.93,16433.94,16372.56,16393.54,63.9962
2020-08-29 08:00:00,16381.52,16423.23,16342.35,16419.56,117.8995
2020-08-29 09:00:00,16442.89,16473.43,16431.97,16432.65,21.7359
2020-08-29 10:00:00,16405.91,16456.48,16383.79,16410.89,97.7192
2020-08-29 11:00:00,16400.25,16417.3,16396.32,16403.82,27.3194
2020-08-29 12:00:00,16654.34,16698.17,16649.17,16659.58,22.0814
2020-08-29 13:00:00,16643.6,16656.36,16623.46,16639.74,71.176
2020-08-29 14:00:00,16671.29,16690.92,16611.81,16683.85,23.7831
2020-08-29 15:00:00,16655.9,16693.81,16583.93,16631.35,127.7718
2020-08-29 16:00:00,16632.97,16657.8,16605.05,16657.56,276.9978
2020-08-29 17:00:00,16646.79,16672.09,16635.04,16639.38,50.0219
2020-08-29 18:00:00,16617.56,16643.86,16577.18,16606.89,38.9289
2020-08-29 19:00:00,16746.86,16777.86,16744.01,16759.59,19.3445
2020-08-29 20:00:00,16842.65,16880.76,16830.49,16859.91,49.4946
2020-08-29 21:00:00,16890.28,16912.25,16847.14,16873.12,82.0149
2020-08-29 22:00:00,16663.88,16706.95,16635.15,16680.41,46.676
2020-08-29 23:00:00,16641.87,16679.01,16606.9,16651.97,97.5712
2020-08-30 00:00:00,16893.67,16899.48,16819.92,16878.69,108.5963
2020-08-30 01:00:00,16861.5,16875.87,16850.64,16860.91,10.2952
2020-08-30 02:00:00,16925.13,16995.19,16891.52,16955.6,119.6609
2020-08-30 03:00:00,17109.38,17121.7,17048.0,17079.55,230.5765
2020-08-30 04:00:00,17090.89,17125.46,17049.21,17099.95,2.6603
2020-08-30 05:00:00,17022.83,17034.35,16961.19,17029.69,80.1517
2020-08-30 06:00:00,16828.33,16863.59,16783.94,16824.03,92.6024
2020-08-30 07:00:00,16893.81,16948.29,16860.92,16883.26,123.7238
2020-08-30 08:00:00,16849.15,16853.19,16801.12,16816.17,48.7384
2020-08-30 09:00:00,16804.72,16856.59,16795.25,16832.66,170.7659
2020-08-30 10:00:00,16742.97,16789.55,16684.12,16729.16,77.6304
2020-08-30 11:00:00,16721.06,16764.2,16682.54,16708.64,52.5832
2020-08-30 12:00:00,16710.84,16725.6,16687.08,16713.13,127.0315
2020-08-30 13:00:00,16750.43,16814.92,16735.17,16737.25,262.2453
2020-08-30 14:00:00,16661.18,16680.66,16632.57,16645.63,167.1322
2020-08-30 15:00:00,16723.76,16795.39,16715.01,16746.91,266.8802
2020-08-30 16:00:00,16727.82,16732.2,16669.29,16698.6,30.9157
2020-08-30 17:00:00,16534.65,16599.59,16511.18,16560.47,12.6145
2020-08-30 18:00:00,16534.3,16568.76,16529.39,16553.09,76.432
2020-08-30 19:00:00,16553.26,16600.02,16539.49,16557.59,4.5448
2020-08-30 20:00:00,16604.45,16632.87,16566.24,16572.55,112.2669
2020-08-30 21:00:00,16681.93,16716.63,16659.04,16687.07,27.4439
2020-08-30 22:00:00,16668.48,16732.48,16637.77,16669.01,60.5778
2020-08-30 23:00:00,16684.57,16735.05,16638.37,16660.71,106.5841
2020-08-31 00:00:00,16565.5,16577.47,16551.79,16570.48,65.9897
2020-08-31 01:00:00,16620.51,16662.96,16573.3,16640.12,26.9269
2020-08-31 02:00:00,16650.17,16664.51,16614.16,16657.12,212.3356
2020-08-31 03:00:00,16646.59,16674.4,16596.4,16623.8,144.6194
2020-08-31 04:00:00,16468.32,16556.29,16455.34,16467.15,91.8976
2020-08-31 05:00:00,16619.75,16718.03,16544.89,16587.72,119.9119
2020-08-31 06:00:00,16499.73,16505.98,16476.43,16487.56,53.6701
2020-08-31 07:00:00,16429.86,16459.83,16421.17,16440.46,47.1432
2020-08-31 08:00:00,16472.41,16536.12,16407.8,16471.57,17.4486
2020-08-31 09:00:00,16360.7,16423.6,16325.11,16374.67,162.7559
2020-08-31 10:00:00,16243.16,16307.81,16209.25,16254.03,47.9721
2020-08-31 11:00:00,16155.07,16203.6,16060.6,16083.04,117.8708
2020-08-31 12:00:00,16159.07,16183.41,16115.17,16142.62,35.6592
2020-08-31 13:00:00,16114.1,16150.04,16066.91,16100.24,158.9583
2020-08-31 14:00:00,16327.31,16386.83,16247.3,16337.49,11.1204
2020-08-31 15:00:00,16283.42,16298.07,16210.06,16257.9,98.0867
2020-08-31 16:00:00,16202.42,16223.64,16183.29,16184.62,164.8151
2020-08-31 17:00:00,16170.86,16185.29,16079.68,16140.49,107.9546
2020-08-31 18:00:00,16191.35,16240.15,16155.53,16161.72,119.1109
2020-08-31 19:00:00,16101.49,16163.98,16092.39,16125.34,74.6525
2020-08-31 20:00:00,16158.37,16192.83,16129.57,16176.33,81.8783
2020-08-31 21:00:00,16082.63,16119.52,16029.92,16098.79,6.8165
2020-08-31 22:00:00,15974.1,16033.34,15958.09,15989.19,28.8754
2020-08-31 23:00:00,15852.16,15857.72,15846.96,15847.03,127.9878
2020-09-01 00:00:00,15663.55,15677.97,15662.67,15672.43,290.8114
2020-09-01 01:00:00,15665.8,15690.64,15600.7,15633.4,78.0408
2020-09-01 02:00:00,15641.17,15662.28,15599.52,15611.44,129.3137
2020-09-01 03:00:00,15563.61,15595.16,15562.02,15563.71,115.0684
2020-09-01 04:00:00,15692.65,15738.06,15618.74,15662.03,739.2785
2020-09-01 05:00:00,15783.21,15819.93,15746.21,15759.76,158.4767
2020-09-01 06:00:00,15727.86,15769.33,15694.44,15734.96,98.7914
2020-09-01 07:00:00,15564.06,15612.55,15561.51,15595.39,12.2348
2020-09-01 08:00:00,15549.37,15557.86,15510.7,15552.76,45.0455
2020-09-01 09:00:00,15497.68,15514.68,15476.7,15507.67,28.8614
2020-09-01 10:00:00,15461.46,15467.58,15439.44,15458.27,192.1929
2020-09-01 11:00:00,15407.26,15428.05,15375.73,15405.89,59.0903
2020-09-01 12:00:00,15358.06,15370.09,15331.5,15357.09,76.6363
2020-09-01 13:00:00,15336.98,15361.01,15296.33,15328.95,334.7371
2020-09-01 14:00:00,15263.24,15295.97,15198.17,15281.77,181.2067
2020-09-01 15:00:00,15305.51,15344.22,15249.74,15299.22,155.9792
2020-09-01 16:00:00,15321.57,15336.58,15307.28,15328.31,15.3407
2020-09-01 17:00:00,15263.1,15280.32,15246.57,15260.05,2.3032
2020-09-01 18:00:00,15373.27,15407.37,15347.31,15358.56,13.4158
2020-09-01 19:00:00,15266.12,15293.7,15207.31,15284.84,134.8164
2020-09-01 20:00:00,15158.46,15168.28,15133.33,15162.73,52.885
2020-09-01 21:00:00,15191.31,15200.7,15159.1,15193.11,12.4962
2020-09-01 22:00:00,15124.75,15164.49,15090.8,15132.53,134.331
2020-09-01 23:00:00,15172.0,15211.67,15098.32,15158.36,21.6396
2020-09-02 00:00:00,14966.9,14987.77,14923.47,14977.69,88.9267
2020-09-02 01:00:00,15075.09,15099.07,15073.58,15083.47,135.3025
2020-09-02 02:00:00,15124.94,15138.57,15092.74,15135.68,93.6648
2020-09-02 03:00:00,15040.05,15063.13,14971.71,15023.64,505.7183
2020-09-02 04:00:00,14906.72,14928.59,14903.55,14914.06,56.9449
2020-09-02 05:00:00,15047.17,15048.81,15021.15,15040.25,37.3683
2020-09-02 06:00:00,15015.91,15080.54,14963.69,14986.31,22.4641
2020-09-02 07:00:00,14924.18,14941.6,14919.59,14925.3,70.0735
2020-09-02 08:00:00,14774.09,14817.07,14708.56,14757.68,191.3791
2020-09-02 09:00:00,14757.9,14797.87,14729.64,14733.28,293.5864
2020-09-02 10:00:00,14733.09,14757.07,14674.04,14717.97,357.7512
2020-09-02 11:00:00,14771.85,14814.54,14729.69,14772.1,75.796
2020-09-02 12:00:00,14679.66,14735.65,14640.99,14670.24,92.9529
2020-09-02 13:00:00,14541.45,14564.24,14510.92,14560.19,87.1173
2020-09-02 14:00:00,14583.09,14615.36,14567.19,14594.48,62.7308
2020-09-02 15:00:00,14660.53,14676.79,14651.07,14669.4,16.5157
2020-09-02 16:00:00,14588.24,14599.27,14530.52,14555.63,6.7699
2020-09-02 17:00:00,14623.9,14639.78,14612.56,14635.79,57.3833
2020-09-02 18:00:00,14627.89,14672.04,14587.81,14640.01,20.6001
2020-09-02 19:00:00,14706.02,14791.11,14665.89,14721.39,217.729
2020-09-02 20:00:00,14725.93,14740.76,14653.02,14717.69,143.4225
2020-09-02 21:00:00,14535.63,14548.25,14517.38,14533.55,96.34
2020-09-02 22:00:00,14539.75,14558.56,14502.71,14523.96,4.8573
2020-09-02 23:00:00,14612.21,14678.72,14597.76,14602.4,97.3511
2020-09-03 00:00:00,14518.54,14565.49,14471.52,14538.61,97.0402
2020-09-03 01:00:00,14500.15,14553.88,14475.67,14511.86,57.8411
2020-09-03 02:00:00,14520.33,14552.03,14487.04,14500.53,107.2223
2020-09-03 03:00:00,14288.85,14309.11,14277.85,14291.76,195.1327
2020-09-03 04:00:00,14429.74,14444.57,14394.88,14412.62,141.8763
2020-09-03 05:00:00,14346.96,14379.65,14345.59,14349.11,64.1379
2020-09-03 06:00:00,14372.9,14389.53,14348.47,14386.83,30.4197
2020-09-03 07:00:00,14377.67,14402.64,14315.33,14382.03,64.9776
2020-09-03 08:00:00,14459.89,14502.63,14420.4,14473.9,291.8231
2020-09-03 09:00:00,14496.53,14513.5,14470.81,14504.74,171.4724
2020-09-03 10:00:00,14492.06,14508.63,14481.56,14489.15,2.7412
2020-09-03 11:00:00,14433.25,14457.79,14412.51,14425.87,152.7689
2020-09-03 12:00:00,14461.82,14485.09,14447.13,14484.86,18.7002
2020-09-03 13:00:00,14350.37,14351.24,14345.87,14350.62,84.6558
2020-09-03 14:00:00,14389.96,14440.52,14357.34,14398.4,164.2568
2020-09-03 15:00:00,14311.43,14322.76,14301.93,14320.72,82.3913
2020-09-03 16:00:00,14413.73,14423.0,14406.95,14411.82,51.7281
2020-09-03 17:00:00,14416.94,14463.36,14413.88,14424.88,38.7528
2020-09-03 18:00:00,14492.79,14514.58,14443.17,14472.78,36.3988
2020-09-03 19:00:00,14497.37,14563.42,14442.77,14480.16,181.6631
2020-09-03 20:00:00,14371.7,14387.71,14283.15,14354.74,174.326
2020-09-03 21:00:00,14287.32,14337.83,14280.17,14294.4,173.3736
2020-09-03 22:00:00,14330.08,14368.13,14303.67,14343.88,33.2302
2020-09-03 23:00:00,14358.45,14399.25,14352.04,14357.27,160.4041
2020-09-04 00:00:00,14441.31,14479.4,14411.95,14443.48,3.7323
2020-09-04 01:00:00,14465.24,14474.58,14424.54,14474.05,23.1247
2020-09-04 02:00:00,14388.6,14409.86,14320.87,14405.54,72.2582
2020-09-04 03:00:00,14349.05,14383.06,14343.25,14349.64,52.2133
2020-09-04 04:00:00,14352.66,14396.41,14341.7,14358.46,11.8658
2020-09-04 05:00:00,14203.54,14231.6,14152.89,14193.77,4.2616
2020-09-04 06:00:00,14323.47,14347.67,14312.61,14313.95,94.4616
2020-09-04 07:00:00,14362.79,14401.63,14319.11,14346.99,37.6122
2020-09-04 08:00:00,14418.27,14437.84,14412.22,14436.45,1.609
2020-09-04 09:00:00,14329.55,14357.28,14319.79,14323.8,56.369
2020-09-04 10:00:00,14403.88,14467.63,14402.39,14414.37,36.6389
2020-09-04 11:00:00,14558.85,14584.45,14518.73,14576.64,85.9455
2020-09-04 12:00:00,14475.62,14486.9,14435.56,14481.83,265.6606
2020-09-04 13:00:00,14554.67,14556.62,14505.13,14539.13,36.7976
2020-09-04 14:00:00,14535.25,14562.27,14509.6,14540.67,585.5717
2020-09-04 15:00:00,14452.42,14474.55,14400.1,14429.83,8.9974
2020-09-04 16:00:00,14474.78,14487.59,14443.03,14466.84,9.242
2020-09-04 17:00:00,14522.86,14533.35,14518.28,14528.58,124.8133
2020-09-04 18:00:00,14503.17,14512.68,14450.68,14486.37,138.0837
2020-09-04 19:00:00,14578.76,14622.2,14536.46,14572.27,54.969
2020-09-04 20:00:00,14438.8,14454.96,14406.18,14452.28,33.6939
2020-09-04 21:00:00,14372.38,14401.99,14328.89,14345.71,157.9889
2020-09-04 22:00:00,14360.67,14392.81,14332.39,14356.95,312.9011
2020-09-04 23:00:00,14360.47,14360.95,14359.29,14360.2,459.5407
2020-09-05 00:00:00,14297.95,14363.27,14266.0,14310.19,100.6363
2020-09-05 01:00:00,14386.5,14424.06,14315.03,14369.55,134.7515
2020-09-05 02:00:00,14416.58,14439.87,14406.94,14409.13,172.7358
2020-09-05 03:00:00,14481.5,14490.46,14456.93,14472.39,160.3803
2020-09-05 04:00:00,14457.59,14517.64,14422.45,14464.93,501.952
2020-09-05 05:00:00,14522.06,14534.62,14492.34,14509.96,166.3007
2020-09-05 06:00:00,14492.28,14507.66,14422.16,14479.08,108.6404
2020-09-05 07:00:00,14619.43,14660.71,14579.63,14629.21,47.1951
2020-09-05 08:00:00,14550.59,14582.46,14529.12,14571.24,91.127
2020-09-05 09:00:00,14734.64,14756.23,14712.28,14726.08,212.3263
2020-09-05 10:00:00,14706.95,14761.51,14670.77,14730.12,36.4534
2020-09-05 11:00:00,14632.51,14651.94,14565.54,14630.29,3.1132
2020-09-05 12:00:00,14725.24,14757.3,14711.1,14731.83,39.6281
2020-09-05 13:00:00,14760.54,14772.32,14687.78,14742.58,322.4644
2020-09-05 14:00:00,14800.97,14831.31,14781.34,14806.79,158.0207
2020-09-05 15:00:00,14915.37,14925.24,14876.74,14898.88,20.7196
2020-09-05 16:00:00,14917.87,14982.64,14827.77,14925.54,1.2074
2020-09-05 17:00:00,14897.72,14937.14,14867.42,14882.84,110.5998
2020-09-05 18:00:00,14987.75,15026.66,14953.75,14956.93,86.5143
2020-09-05 19:00:00,14942.51,14992.01,14930.49,14958.49,8.6628
2020-09-05 20:00:00,15015.66,15019.12,14996.6,15011.28,338.129
2020-09-05 21:00:00,14891.95,14898.03,14814.1,14851.13,96.1793
2020-09-05 22:00:00,14886.8,14888.96,14847.69,14885.8,105.4177
2020-09-05 23:00:00,14840.68,14873.63,14775.08,14839.76,192.1398
2020-09-06 00:00:00,14975.72,15009.67,14947.6,14963.92,41.1076
2020-09-06 01:00:00,15012.65,15063.27,14999.29,15012.04,81.7018
2020-09-06 02:00:00,15005.88,15076.13,14947.85,15031.54,85.8466
2020-09-06 03:00:00,15086.66,15089.89,15032.1,15069.59,342.2081
2020-09-06 04:00:00,14965.84,15033.79,14921.65,14995.87,14.0972
2020-09-06 05:00:00,15112.78,15156.05,15065.26,15119.08,142.2598
2020-09-06 06:00:00,15289.57,15325.6,15232.13,15271.13,85.6022
2020-09-06 07:00:00,15297.2,15350.31,15290.02,15302.66,186.6779
2020-09-06 08:00:00,15415.18,15457.81,15404.75,15425.88,178.3504
2020-09-06 09:00:00,15397.05,15435.08,15344.26,15383.52,1.2103
2020-09-06 10:00:00,15310.71,15381.58,15286.47,15323.75,29.6326
2020-09-06 11:00:00,15309.68,15330.91,15301.39,15328.42,19.9448
2020-09-06 12:00:00,15367.5,15398.63,15361.94,15363.28,61.9359
2020-09-06 13:00:00,15331.75,15337.71,15304.42,15334.56,235.6909
2020-09-06 14:00:00,15358.2,15394.75,15349.66,15377.32,0.5019
2020-09-06 15:00:00,15412.23,15434.09,15379.56,15402.42,66.9806
2020-09-06 16:00:00,15334.19,15338.82,15298.54,15327.07,216.1029
2020-09-06 17:00:00,15362.84,15377.95,15348.7,15368.37,260.6565
2020-09-06 18:00:00,15431.76,15459.48,15362.96,15436.26,107.0896
2020-09-06 19:00:00,15458.3,15465.89,15418.61,15451.03,177.0501
2020-09-06 20:00:00,15560.13,15577.21,15527.41,15541.63,39.1663
2020-09-06 21:00:00,15444.21,15478.13,15433.17,15448.58,33.6816
2020-09-06 22:00:00,15496.41,15546.09,15459.35,15486.27,5.0367
2020-09-06 23:00:00,15405.91,15415.25,15394.65,15397.2,69.9573
2020-09-07 00:00:00,15326.44,15330.77,15295.62,15312.97,60.8497
2020-09-07 01:00:00,15266.8,15302.9,15261.3,15266.2,46.5081
2020-09-07 02:00:00,15181.95,15199.45,15169.66,15195.82,12.0287
2020-09-07 03:00:00,15148.69,15160.19,15138.03,15155.7,26.2356
2020-09-07 04:00:00,15146.18,15161.9,15125.57,15140.99,22.7749
2020-09-07 05:00:00,15233.53,15235.88,15195.07,15205.88,288.184
2020-09-07 06:00:00,15175.63,15209.73,15157.42,15182.98,339.5027
2020-09-07 07:00:00,15076.25,15136.92,15009.53,15064.13,0.3427
2020-09-07 08:00:00,15146.53,15176.63,15109.98,15151.5,18.699
2020-09-07 09:00:00,15091.27,15107.95,15055.53,15089.6,219.6252
2020-09-07 10:00:00,15109.54,15139.91,15052.72,15086.68,3.9094
2020-09-07 11:00:00,15133.43,15140.84,15105.67,15121.87,287.2657
2020-09-07 12:00:00,15119.69,15177.42,15116.7,15138.48,47.814
2020-09-07 13:00:00,15214.1,15224.55,15212.63,15222.81,77.3676
2020-09-07 14:00:00,15279.97,15280.02,15222.94,15260.79,144.3159
2020-09-07 15:00:00,15198.76,15218.07,15157.24,15196.6,27.9588
2020-09-07 16:00:00,15346.0,15412.09,15345.83,15363.65,10.611
2020-09-07 17:00:00,15367.52,15426.63,15360.52,15380.12,166.0459
2020-09-07 18:00:00,15381.14,15399.38,15354.44,15370.33,417.5104
2020-09-07 19:00:00,15461.3,15477.28,15413.1,15445.94,107.5222
2020-09-07 20:00:00,15467.03,15488.56,15449.66,15466.75,174.4252
2020-09-07 21:00:00,15537.54,15568.17,15485.79,15499.17,283.5527
2020-09-07 22:00:00,15706.79,15747.59,15674.64,15693.86,25.9522
2020-09-07 23:00:00,15670.02,15681.25,15635.21,15673.84,43.1408
2020-09-08 00:00:00,15637.73,15691.76,15631.68,15650.5,24.7214
2020-09-08 01:00:00,15645.92,15671.93,15626.42,15661.19,6.3775
2020-09-08 02:00:00,15751.94,15772.45,15723.52,15746.66,131.7798
2020-09-08 03:00:00,15621.98,15672.82,15586.0,15629.62,15.7423
2020-09-08 04:00:00,15503.49,15526.65,15431.76,15477.58,9.7292
2020-09-08 05:00:00,15456.32,15484.64,15391.25,15433.69,44.2598
2020-09-08 06:00:00,15318.84,15330.77,15296.75,15309.15,6.2467
2020-09-08 07:00:00,15260.15,15323.94,15246.74,15278.16,19.7912
2020-09-08 08:00:00,15307.78,15339.39,15305.51,15318.07,7.2507
2020-09-08 09:00:00,15270.53,15274.38,15226.12,15251.38,209.7832
2020-09-08 10:00:00,15135.58,15177.45,15091.84,15144.1,151.2921
2020-09-08 11:00:00,15167.87,15246.37,15133.03,15150.87,196.2653
2020-09-08 12:00:00,15224.95,15260.54,15150.99,15217.72,202.7465
2020-09-08 13:00:00,15091.06,15115.32,15089.67,15090.28,289.1535
2020-09-08 14:00:00,15143.02,15235.06,15135.82,15153.67,20.6599
2020-09-08 15:00:00,15215.68,15230.1,15159.15,15217.12,230.2676
2020-09-08 16:00:00,15294.13,15299.97,15276.25,15291.23,74.4522
2020-09-08 17:00:00,15401.81,15405.36,15376.53,15385.92,18.1799
2020-09-08 18:00:00,15543.08,15594.46,15536.96,15556.86,106.6455
2020-09-08 19:00:00,15526.63,15611.82,15520.16,15530.71,39.6011
2020-09-08 20:00:00,15541.47,15562.15,15471.86,15540.78,4.7584
2020-09-08 21:00:00,15520.25,15523.26,15489.02,15509.97,8.1913
2020-09-08 22:00:00,15497.58,15522.56,15453.97,15511.68,55.1155
2020-09-08 23:00:00,15611.53,15655.03,15603.9,15632.11,175.1483
2020-09-09 00:00:00,15539.02,15577.01,15527.82,15528.55,37.2554
2020-09-09 01:00:00,15439.78,15513.38,15405.58,15463.25,145.2972
2020-09-09 02:00:00,15591.28,15615.19,15515.75,15571.27,5.7358
2020-09-09 03:00:00,15649.81,15731.11,15631.17,15652.25,50.0434
2020-09-09 04:00:00,15601.21,15643.35,15576.11,15625.39,13.6324
2020-09-09 05:00:00,15686.17,15719.9,15646.99,15693.71,199.1785
2020-09-09 06:00:00,15728.01,15774.23,15721.79,15722.05,344.009
2020-09-09 07:00:00,15833.12,15845.45,15818.1,15841.56,39.3955
2020-09-09 08:00:00,15849.36,15892.98,15772.44,15849.05,449.7452
2020-09-09 09:00:00,15943.7,15953.78,15892.96,15931.91,139.5567
2020-09-09 10:00:00,16140.7,16152.22,16131.22,16143.96,0.1235
2020-09-09 11:00:00,16178.68,16214.79,16164.18,16193.86,66.4116
2020-09-09 12:00:00,16194.63,16232.34,16165.79,16199.47,179.6374
2020-09-09 13:00:00,16282.61,16289.37,16207.6,16259.61,76.3302
2020-09-09 14:00:00,16258.89,16293.5,16196.99,16231.53,79.8421
2020-09-09 15:00:00,16393.78,16447.83,16381.69,16426.96,59.3663
2020-09-09 16:00:00,16461.33,16525.33,16424.66,16443.39,50.2591
2020-09-09 17:00:00,16426.7,16429.68,16374.95,16422.6,2.7779
2020-09-09 18:00:00,16370.73,16387.74,16348.54,16355.62,97.2155
2020-09-09 19:00:00,16437.93,16449.96,16413.77,16446.98,145.5543
2020-09-09 20:00:00,16490.73,16556.06,16487.21,16519.94,156.1495
2020-09-09 21:00:00,16490.14,16535.35,16450.7,16480.51,97.9859
2020-09-09 22:00:00,16514.11,16552.84,16476.8,16529.66,41.7453
2020-09-09 23:00:00,16383.86,16417.46,16338.8,16406.63,2.2869
2020-09-10 00:00:00,16401.8,16446.86,16398.02,16423.45,226.1247
2020-09-10 01:00:00,16472.16,16479.36,16415.05,16462.27,56.0447
2020-09-10 02:00:00,16606.76,16677.95,16575.08,16604.45,91.9234
2020-09-10 03:00:00,16555.06,16581.74,16528.14,16542.11,21.6362
2020-09-10 04:00:00,16449.03,16494.93,16407.75,16438.03,15.31
2020-09-10 05:00:00,16359.19,16424.64,16309.0,16366.08,9.082
2020-09-10 06:00:00,16257.2,16304.87,16246.31,16258.35,160.3283
2020-09-10 07:00:00,16360.26,16390.99,16352.89,16368.63,103.9761
2020-09-10 08:00:00,16493.55,16529.31,16487.64,16497.01,97.0639
2020-09-10 09:00:00,16509.09,16593.47,16508.83,16525.08,251.8229
2020-09-10 10:00:00,16634.13,16646.6,16614.95,16627.64,17.2822
2020-09-10 11:00:00,16658.33,16688.3,16615.77,16640.44,18.6654
2020-09-10 12:00:00,16620.61,16674.84,16579.75,16634.19,21.0066
2020-09-10 13:00:00,16629.43,16648.59,16591.79,16608.15,55.0553
2020-09-10 14:00:00,16585.92,16611.23,16566.58,16584.04,207.3235
2020-09-10 15:00:00,16461.32,16503.19,16453.1,16457.35,213.2624
2020-09-10 16:00:00,16452.74,16488.25,16405.86,16480.75,89.3033
2020-09-10 17:00:00,16449.29,16531.05,16412.07,16479.07,107.3362
2020-09-10 18:00:00,16544.52,16566.04,16529.07,16542.13,228.0455
2020-09-10 19:00:00,16564.59,16573.26,16510.91,16551.52,97.8749
2020-09-10 20:00:00,16528.61,16553.45,16525.03,16539.71,26.1105
2020-09-10 21:00:00,16496.82,16519.43,16441.54,16469.32,122.0489
2020-09-10 22:00:00,16489.02,16525.74,16461.22,16476.91,146.9201
2020-09-10 23:00:00,16524.35,16576.2,16478.97,16539.37,100.8803
2020-09-11 00:00:00,16446.99,16450.96,16377.97,16446.48,31.9612
2020-09-11 01:00:00,16496.07,16503.69,16444.79,16455.32,51.0689
2020-09-11 02:00:00,16455.66,16509.05,16437.02,16476.14,63.5997
2020-09-11 03:00:00,16427.3,16471.72,16414.53,16418.63,15.7003
2020-09-11 04:00:00,16366.73,16384.34,16341.77,16372.01,60.1887
2020-09-11 05:00:00,16404.11,16406.98,16372.31,16392.53,17.578
2020-09-11 06:00:00,16321.93,16356.61,16277.96,16301.27,69.2051
2020-09-11 07:00:00,16325.11,16361.55,16322.52,16331.42,5.2147
2020-09-11 08:00:00,16278.13,16284.15,16256.02,16259.94,296.6785
2020-09-11 09:00:00,16384.29,16423.3,16343.13,16347.98,28.282
2020-09-11 10:00:00,16541.8,16573.01,16533.38,16540.7,62.9261
2020-09-11 11:00:00,16484.1,16519.62,16446.12,16471.17,3.3301
2020-09-11 12:00:00,16507.06,16542.92,16499.49,16516.81,21.4087
2020-09-11 13:00:00,16458.76,16499.57,16453.02,16458.45,118.1706
2020-09-11 14:00:00,16542.83,16546.2,16536.99,16545.76,11.8559
2020-09-11 15:00:00,16455.84,16521.61,16391.98,16442.74,98.9262
2020-09-11 16:00:00,16503.75,16527.85,16467.7,16483.89,0.2071
2020-09-11 17:00:00,16411.79,16440.16,16392.22,16413.59,62.5506
2020-09-11 18:00:00,16423.39,16438.39,16373.7,16398.24,127.7776
2020-09-11 19:00:00,16340.31,16352.44,16303.93,16315.35,260.7656
2020-09-11 20:00:00,16397.94,16403.17,16366.17,16384.06,67.8921
2020-09-11 21:00:00,16308.72,16379.96,16273.35,16317.14,183.5915
2020-09-11 22:00:00,16353.79,16441.19,16341.22,16363.8,162.2479
2020-09-11 23:00:00,16324.01,16379.81,16287.64,16337.28,35.0651
2020-09-12 00:00:00,16345.07,16372.0,16303.96,16329.57,207.7313
2020-09-12 01:00:00,16323.46,16403.91,16291.97,16343.26,102.2438
2020-09-12 02:00:00,16293.67,16338.32,16214.85,16282.64,11.0021
2020-09-12 03:00:00,16283.78,16352.49,16256.6,16301.4,279.8732
2020-09-12 04:00:00,16441.29,16462.67,16386.29,16427.76,19.4406
2020-09-12 05:00:00,16365.78,16418.42,16339.29,16365.49,63.556
2020-09-12 06:00:00,16484.97,16520.81,16431.94,16463.02,62.8044
2020-09-12 07:00:00,16606.91,16621.74,16576.4,16587.98,98.146
2020-09-12 08:00:00,16545.66,16624.19,16515.76,16521.95,109.3496
2020-09-12 09:00:00,16427.36,16442.98,16391.74,16403.4,26.5148
2020-09-12 10:00:00,16432.16,16438.79,16427.65,16429.8,43.4548
2020-09-12 11:00:00,16367.49,16428.9,16347.81,16386.48,15.6175
2020-09-12 12:00:00,16523.8,16575.64,16488.77,16541.21,13.4693
2020-09-12 13:00:00,16511.22,16553.05,16493.8,16545.75,174.3354
2020-09-12 14:00:00,16463.18,16492.78,16421.87,16481.04,138.9184
2020-09-12 15:00:00,16389.28,16418.48,16343.6,16388.15,58.4622
2020-09-12 16:00:00,16469.88,16488.73,16462.78,16479.1,10.0826
2020-09-12 17:00:00,16430.72,16438.18,16390.43,16433.68,59.7695
2020-09-12 18:00:00,16447.03,16448.57,16411.51,16438.93,34.8786
2020-09-12 19:00:00,16514.11,16540.68,16497.17,16519.13,150.4714
2020-09-12 20:00:00,16462.3,16524.74,16412.23,16480.79,10.1633
2020-09-12 21:00:00,16477.78,16534.56,16434.67,16478.65,60.0328
2020-09-12 22:00:00,16464.13,16499.71,16435.34,16478.94,89.4987
2020-09-12 23:00:00,16532.41,16570.15,16531.31,16536.89,424.9263
2020-09-13 00:00:00,16609.66,16612.44,16581.15,16587.38,9.388
2020-09-13 01:00:00,16566.3,16576.22,16524.34,16570.79,12.0994
2020-09-13 02:00:00,16607.08,16623.37,16554.47,16577.72,442.6954
2020-09-13 03:00:00,16572.25,16633.06,16547.96,16548.56,52.0245
2020-09-13 04:00:00,16418.44,16464.58,16369.62,16427.95,136.1462
2020-09-13 05:00:00,16432.48,16477.0,16405.71,16450.75,153.0051
2020-09-13 06:00:00,16607.17,16623.14,16599.12,16608.04,37.7693
2020-09-13 07:00:00,16555.39,16584.52,16521.14,16536.32,24.1181
2020-09-13 08:00:00,16465.98,16485.02,16447.89,16474.05,32.309
2020-09-13 09:00:00,16418.88,16421.55,16392.95,16403.98,144.5592
2020-09-13 10:00:00,16484.95,16530.87,16450.0,16465.05,183.5583
2020-09-13 11:00:00,16490.85,16585.27,16463.28,16503.62,120.2324
2020-09-13 12:00:00,16481.04,16533.84,16433.43,16492.19,58.2013
2020-09-13 13:00:00,16429.84,16434.68,16354.22,16418.14,30.4575
2020-09-13 14:00:00,16429.86,16434.64,16396.1,16427.36,55.3818
2020-09-13 15:00:00,16289.31,16300.95,16276.03,16300.49,245.955
2020-09-13 16:00:00,16308.07,16349.21,16269.06,16313.81,198.9203
2020-09-13 17:00:00,16385.38,16416.59,16376.19,16386.53,39.064
2020-09-13 18:00:00,16260.17,16293.49,16251.89,16285.66,39.7409
2020-09-13 19:00:00,16174.87,16205.45,16148.99,16162.49,151.401
2020-09-13 20:00:00,16283.95,16296.94,16250.61,16291.75,55.6126
2020-09-13 21:00:00,16198.33,16251.53,16151.03,16243.54,85.0322
2020-09-13 22:00:00,16337.04,16342.06,16315.32,16337.43,54.8731
2020-09-13 23:00:00,16314.38,16357.61,16263.48,16326.48,27.7519
2020-09-14 00:00:00,16342.45,16347.59,16310.78,16314.89,20.9307
2020-09-14 01:00:00,16342.72,16381.1,16331.68,16352.29,15.029
2020-09-14 02:00:00,16263.78,16286.88,16227.64,16281.65,1.1489
2020-09-14 03:00:00,16302.34,16346.01,16287.63,16294.06,32.9361
2020-09-14 04:00:00,16253.87,16273.1,16180.58,16264.61,18.8028
2020-09-14 05:00:00,16146.26,16169.25,16132.9,16158.85,29.8339
2020-09-14 06:00:00,16195.98,16222.45,16178.98,16187.73,7.8831
2020-09-14 07:00:00,16151.22,16213.43,16129.69,16168.04,41.7881
2020-09-14 08:00:00,16133.42,16212.51,16114.32,16156.96,73.3883
2020-09-14 09:00:00,16088.54,16122.5,16055.75,16060.82,289.266
2020-09-14 10:00:00,16199.6,16228.1,16188.18,16190.22,42.6288
2020-09-14 11:00:00,16258.51,16287.1,16242.42,16262.81,3.1514
2020-09-14 12:00:00,16342.78,16372.32,16283.43,16342.83,44.9988
2020-09-14 13:00:00,16327.76,16360.71,16316.23,16319.51,169.9495
2020-09-14 14:00:00,16195.79,16211.92,16141.31,16180.04,41.5739
2020-09-14 15:00:00,16327.3,16401.42,16326.36,16339.65,34.4931
2020-09-14 16:00:00,16342.28,16348.6,16312.63,16336.3,251.3246
2020-09-14 17:00:00,16268.52,16280.3,16247.18,16276.77,35.2725
2020-09-14 18:00:00,16309.23,16329.11,16265.74,16312.32,351.5319
2020-09-14 19:00:00,16411.78,16469.0,16372.52,16409.14,178.7583
2020-09-14 20:00:00,16408.78,16419.33,16386.54,16408.89,115.2804
2020-09-14 21:00:00,16527.58,16536.7,16494.81,16515.43,91.2115
2020-09-14 22:00:00,16614.6,16623.31,16555.68,16606.51,25.4609
2020-09-14 23:00:00,16493.88,16565.81,16475.15,16518.8,131.081
2020-09-15 00:00:00,16442.44,16472.67,16375.53,16464.8,42.639
2020-09-15 01:00:00,16539.16,16564.34,16493.33,16545.27,66.4836
2020-09-15 02:00:00,16352.37,16374.46,16268.73,16322.52,10.9892
2020-09-15 03:00:00,16298.07,16372.63,16247.4,16311.96,35.1196
2020-09-15 04:00:00,16193.52,16219.77,16171.88,16196.89,75.3151
2020-09-15 05:00:00,16151.25,16167.89,16115.66,16159.92,63.1189
2020-09-15 06:00:00,16128.45,16143.36,16126.86,16137.39,42.0853
2020-09-15 07:00:00,16112.97,16189.17,16063.43,16110.1,63.8526
2020-09-15 08:00:00,16089.73,16137.79,16039.39,16067.22,136.6202
2020-09-15 09:00:00,15987.98,15993.63,15945.18,15980.69,61.4938
2020-09-15 10:00:00,16152.43,16214.93,16132.17,16165.42,70.5537
2020-09-15 11:00:00,16362.9,16375.18,16312.63,16317.98,120.78
2020-09-15 12:00:00,16226.07,16237.25,16210.36,16224.8,184.2725
2020-09-15 13:00:00,16345.33,16394.75,16329.38,16354.77,74.8372
2020-09-15 14:00:00,16346.79,16356.91,16314.24,16323.74,295.9894
2020-09-15 15:00:00,16328.25,16336.3,16279.28,16335.91,43.6101
2020-09-15 16:00:00,16359.54,16380.57,16261.7,16332.38,29.1095
2020-09-15 17:00:00,16265.96,16299.6,16251.3,16280.13,118.12
2020-09-15 18:00:00,16385.25,16410.92,16350.85,16361.85,19.3281
2020-09-15 19:00:00,16377.08,16406.32,16346.23,16373.78,230.2264
2020-09-15 20:00:00,16357.5,16359.72,16311.32,16336.41,48.8696
2020-09-15 21:00:00,16262.35,16302.22,16216.01,16231.48,119.7821
2020-09-15 22:00:00,16142.28,16212.36,16119.32,16160.58,84.4397
2020-09-15 23:00:00,16050.02,16111.88,15965.4,16029.57,5.5926
2020-09-16 00:00:00,16009.56,16046.69,15966.14,16032.15,123.4703
2020-09-16 01:00:00,15921.14,15982.03,15843.03,15937.83,156.067
2020-09-16 02:00:00,15905.47,15928.98,15882.09,15918.26,404.398
2020-09-16 03:00:00,16036.97,16052.43,16017.11,16028.9,53.8073
2020-09-16 04:00:00,16127.15,16165.04,16105.78,16126.62,69.9028
2020-09-16 05:00:00,16122.93,16151.02,16034.85,16125.63,207.8381
2020-09-16 06:00:00,16122.58,16140.14,16096.68,16120.22,31.3612
2020-09-16 07:00:00,16282.97,16286.69,16271.45,16273.35,20.9663
2020-09-16 08:00:00,16328.26,16350.34,16294.25,16317.35,14.2613
2020-09-16 09:00:00,16310.07,16317.9,16277.71,16292.24,382.8243
2020-09-16 10:00:00,16207.15,16235.62,16121.64,16177.7,31.5203
2020-09-16 11:00:00,16210.83,16214.0,16194.1,16211.18,141.6319
2020-09-16 12:00:00,16271.54,16283.19,16270.33,16280.02,59.7232
2020-09-16 13:00:00,16240.19,16268.54,16223.31,16230.24,27.5194
2020-09-16 14:00:00,16236.89,16292.69,16232.26,16255.49,244.5691
2020-09-16 15:00:00,16216.55,16261.47,16194.07,16227.56,62.3262
2020-09-16 16:00:00,16230.46,16243.79,16184.4,16214.26,83.4608
2020-09-16 17:00:00,16012.2,16018.17,15959.31,16014.19,25.1663
2020-09-16 18:00:00,15978.7,16043.28,15969.82,15998.03,39.1788
2020-09-16 19:00:00,16053.22,16113.62,16036.59,16077.17,137.7087
2020-09-16 20:00:00,16028.8,16048.17,15995.59,16028.02,42.0139
2020-09-16 21:00:00,16052.14,16070.08,16019.12,16033.83,70.5136
2020-09-16 22:00:00,15992.86,16049.73,15960.85,15974.83,12.144
2020-09-16 23:00:00,16006.99,16009.03,15994.56,16005.22,189.7563
2020-09-17 00:00:00,16021.61,16062.0,15930.81,15989.49,133.7815
2020-09-17 01:00:00,15914.33,15940.24,15912.24,15916.0,143.0225
2020-09-17 02:00:00,16021.42,16063.65,15965.58,16023.64,19.624
2020-09-17 03:00:00,16058.33,16107.21,16047.05,16099.66,68.3506
2020-09-17 04:00:00,16045.4,16061.01,16021.96,16052.58,2.7928
2020-09-17 05:00:00,16107.85,16124.31,16055.94,16094.14,37.8466
2020-09-17 06:00:00,16164.24,16188.75,16133.16,16139.0,42.7741
2020-09-17 07:00:00,16179.0,16199.24,16154.08,16192.44,244.9812
2020-09-17 08:00:00,16064.31,16131.18,16018.36,16056.89,493.1288
2020-09-17 09:00:00,16156.2,16174.07,16111.17,16139.31,96.167
2020-09-17 10:00:00,16095.13,16123.54,16066.15,16094.95,72.726
2020-09-17 11:00:00,16031.08,16079.38,16016.09,16067.76,57.9977
2020-09-17 12:00:00,16285.32,16335.91,16269.4,16281.29,1.8466
2020-09-17 13:00:00,16319.91,16377.78,16263.92,16307.5,161.0021
2020-09-17 14:00:00,16262.21,16296.36,16221.82,16277.63,111.4211
2020-09-17 15:00:00,16095.68,16118.38,16079.57,16099.77,104.7783
2020-09-17 16:00:00,16194.52,16231.16,16169.52,16213.26,165.5709
2020-09-17 17:00:00,16064.43,16115.07,16056.57,16105.83,263.1842
2020-09-17 18:00:00,16043.09,16062.53,15994.38,16026.63,49.3526
2020-09-17 19:00:00,16001.62,16056.87,15998.04,16001.68,55.5828
2020-09-17 20:00:00,16142.35,16145.42,16108.92,16116.61,369.4455
2020-09-17 21:00:00,16194.4,16203.73,16147.13,16180.53,109.1909
2020-09-17 22:00:00,16163.65,16191.08,16113.95,16169.38,190.6168
2020-09-17 23:00:00,16194.57,16231.15,16190.7,16195.92,25.0476
2020-09-18 00:00:00,16158.06,16172.15,16105.72,16148.92,38.1371
2020-09-18 01:00:00,16177.44,16198.05,16119.7,16161.81,49.6931
2020-09-18 02:00:00,16174.57,16191.6,16147.01,16169.35,38.1162
2020-09-18 03:00:00,16267.26,16317.45,16218.91,16249.29,215.6297
2020-09-18 04:00:00,16324.65,16359.11,16269.72,16329.49,71.6437
2020-09-18 05:00:00,16355.14,16384.63,16294.69,16371.46,307.1472
2020-09-18 06:00:00,16342.38,16375.77,16325.12,16343.44,38.7609
2020-09-18 07:00:00,16409.06,16451.33,16388.5,16405.69,3.7956
2020-09-18 08:00:00,16380.08,16420.78,16379.02,16399.79,14.8571
2020-09-18 09:00:00,16290.91,16339.2,16232.7,16312.71,24.4713
2020-09-18 10:00:00,16288.73,16329.48,16243.76,16281.45,102.1567
2020-09-18 11:00:00,16283.34,16336.68,16219.85,16289.96,19.9779
2020-09-18 12:00:00,16363.01,16401.82,16346.32,16365.72,48.0456
2020-09-18 13:00:00,16346.46,16356.75,16286.36,16352.34,158.6634
2020-09-18 14:00:00,16279.83,16299.34,16241.65,16255.11,13.3256
2020-09-18 15:00:00,16281.87,16286.17,16220.93,16261.35,8.3904
2020-09-18 16:00:00,16252.07,16307.37,16198.95,16272.2,77.6464
2020-09-18 17:00:00,16280.27,16314.32,16275.43,16288.95,119.7557
2020-09-18 18:00:00,16379.41,16393.77,16344.95,16365.49,241.8593
2020-09-18 19:00:00,16460.41,16481.41,16435.24,16450.51,108.464
2020-09-18 20:00:00,16402.6,16409.19,16400.29,16403.28,292.2089
2020-09-18 21:00:00,16335.78,16364.26,16319.58,16354.38,28.041
2020-09-18 22:00:00,16259.85,16278.15,16239.99,16270.96,41.8279
2020-09-18 23:00:00,16321.0,16329.44,16257.91,16329.44,182.8276
2020-09-19 00:00:00,16453.92,16478.71,16396.38,16449.36,166.6293
2020-09-19 01:00:00,16453.08,16464.97,16386.92,16425.09,109.3298
2020-09-19 02:00:00,16395.64,16435.81,16389.43,16406.91,70.5269
2020-09-19 03:00:00,16511.92,16546.36,16491.54,16528.88,1.787
2020-09-19 04:00:00,16570.51,16580.51,16544.18,16572.31,32.9121
2020-09-19 05:00:00,16627.25,16647.58,16591.66,16610.12,17.2376
2020-09-19 06:00:00,16488.98,16516.31,16462.23,16512.87,5.2531
2020-09-19 07:00:00,16594.65,16621.59,16561.07,16570.56,149.6465
2020-09-19 08:00:00,16492.4,16497.26,16444.52,16495.24,14.0771
2020-09-19 09:00:00,16391.31,16427.1,16381.52,16403.36,44.2253
2020-09-19 10:00:00,16350.35,16391.51,16339.8,16376.55,379.2325
2020-09-19 11:00:00,16341.76,16354.42,16310.4,16330.23,52.6199
2020-09-19 12:00:00,16310.97,16333.41,16298.2,16313.77,15.2576
2020-09-19 13:00:00,16200.62,16211.37,16141.0,16197.86,117.0417
2020-09-19 14:00:00,16262.47,16348.94,16244.18,16277.13,166.0424
2020-09-19 15:00:00,16365.31,16389.08,16343.64,16370.54,32.7325
2020-09-19 16:00:00,16204.89,16213.59,16162.43,16212.78,165.7321
2020-09-19 17:00:00,16292.08,16320.44,16264.84,16293.72,31.6797
2020-09-19 18:00:00,16218.45,16244.92,16218.41,16229.31,118.1272
2020-09-19 19:00:00,16275.47,16330.57,16229.45,16300.48,13.3307
2020-09-19 20:00:00,16340.99,16370.25,16265.47,16296.53,55.8307
2020-09-19 21:00:00,16278.28,16341.37,16241.53,16300.5,73.4999
2020-09-19 22:00:00,16290.0,16304.36,16267.52,16287.05,129.2016
2020-09-19 23:00:00,16358.35,16427.46,16347.31,16387.39,104.9911
2020-09-20 00:00:00,16254.93,16307.33,16215.15,16287.46,191.9657
2020-09-20 01:00:00,16340.18,16349.39,16335.76,16338.59,20.3698
2020-09-20 02:00:00,16433.06,16487.85,16382.68,16430.19,108.2483
2020-09-20 03:00:00,16511.48,16583.97,16450.01,16490.68,13.6679
2020-09-20 04:00:00,16690.68,16702.18,16677.73,16684.01,65.0241
2020-09-20 05:00:00,16639.06,16641.87,16605.94,16641.55,74.3509
2020-09-20 06:00:00,16706.99,16734.58,16646.32,16722.87,2.7642
2020-09-20 07:00:00,16740.73,16768.34,16676.15,16715.67,7.2954
2020-09-20 08:00:00,16836.06,16909.75,16815.73,16820.43,182.8041
2020-09-20 09:00:00,16800.5,16881.55,16765.9,16821.47,33.7977
2020-09-20 10:00:00,16791.16,16829.38,16760.35,16790.53,42.487
2020-09-20 11:00:00,16904.29,16942.27,16868.61,16901.85,102.278
2020-09-20 12:00:00,16856.17,16890.07,16844.91,16862.0,24.9378
2020-09-20 13:00:00,16757.51,16759.09,16715.04,16744.58,21.4261
2020-09-20 14:00:00,16716.88,16741.5,16620.18,16702.98,54.7388
2020-09-20 15:00:00,16753.16,16757.05,16737.76,16756.35,6.0809
2020-09-20 16:00:00,16869.92,16888.91,16836.59,16874.66,248.8556
2020-09-20 17:00:00,16911.03,16960.2,16863.45,16885.72,281.5227
2020-09-20 18:00:00,17014.56,17019.76,16922.78,16998.7,59.457
2020-09-20 19:00:00,16886.19,16914.08,16873.52,16884.97,23.476
2020-09-20 20:00:00,16821.78,16883.4,16793.62,16849.23,63.5963
2020-09-20 21:00:00,16832.39,16850.9,16806.71,16826.61,10.5286
2020-09-20 22:00:00,16830.39,16841.44,16785.81,16818.65,50.7161
2020-09-20 23:00:00,16781.05,16850.96,16769.81,16827.4,7.652
2020-09-21 00:00:00,16891.47,16945.45,16874.42,16887.22,122.4739
2020-09-21 01:00:00,16844.33,16908.67,16807.95,16851.35,32.2568
2020-09-21 02:00:00,16861.02,16880.8,16853.01,16864.75,73.5344
2020-09-21 03:00:00,16847.33,16905.71,16836.44,16862.63,1.3632
2020-09-21 04:00:00,16783.76,16803.35,16754.59,16786.25,74.3675
2020-09-21 05:00:00,16801.75,16808.67,16770.6,16778.39,0.3273
2020-09-21 06:00:00,16760.53,16776.58,16696.12,16768.02,259.2833
2020-09-21 07:00:00,16772.03,16779.72,16734.2,16755.85,69.5466
2020-09-21 08:00:00,16746.67,16765.28,16703.36,16760.19,10.5434
2020-09-21 09:00:00,16780.93,16802.47,16712.33,16768.21,41.7115
2020-09-21 10:00:00,16733.67,16739.16,16673.24,16733.64,4.7162
2020-09-21 11:00:00,16847.73,16848.79,16794.75,16841.8,75.693
2020-09-21 12:00:00,16745.12,16751.66,16723.87,16745.0,13.05
2020-09-21 13:00:00,16697.02,16699.21,16649.03,16686.31,64.0759
2020-09-21 14:00:00,16876.47,16944.61,16840.93,16919.92,36.4574
2020-09-21 15:00:00,16809.9,16836.94,16763.85,16833.8,143.3736
2020-09-21 16:00:00,16728.51,16735.25,16699.18,16721.54,65.8273
2020-09-21 17:00:00,16750.32,16797.46,16706.26,16784.62,188.5095
2020-09-21 18:00:00,16603.16,16646.94,16602.97,16611.98,283.614
2020-09-21 19:00:00,16593.19,16599.21,16544.57,16594.1,349.0844
2020-09-21 20:00:00,16759.9,16814.3,16747.34,16773.79,30.137
2020-09-21 21:00:00,16634.39,16660.68,16600.52,16645.9,145.9161
2020-09-21 22:00:00,16487.08,16514.04,16471.01,16482.61,57.6451
2020-09-21 23:00:00,16377.22,16403.9,16357.52,16360.7,55.5428
2020-09-22 00:00:00,16420.07,16446.84,16379.8,16435.83,202.67
2020-09-22 01:00:00,16520.4,16553.53,16517.2,16529.9,15.7436
2020-09-22 02:00:00,16477.13,16501.35,16452.55,16489.19,64.9724
2020-09-22 03:00:00,16507.1,16558.86,16501.81,16547.17,89.8655
2020-09-22 04:00:00,16666.21,16683.49,16656.22,16663.85,6.8411
2020-09-22 05:00:00,16830.15,16846.75,16803.86,16814.43,199.8889
2020-09-22 06:00:00,16812.48,16865.15,16724.61,16795.41,37.7372
2020-09-22 07:00:00,16589.36,16620.82,16530.71,16603.81,106.9499
2020-09-22 08:00:00,16516.63,16549.57,16469.85,16537.33,263.2201
2020-09-22 09:00:00,16504.05,16518.12,16444.44,16503.69,127.209
2020-09-22 10:00:00,16497.64,16506.73,16437.18,16483.97,217.1649
2020-09-22 11:00:00,16472.69,16497.8,16469.4,16470.14,7.2081
2020-09-22 12:00:00,16568.72,16600.73,16559.79,16563.93,67.8721
2020-09-22 13:00:00,16690.17,16723.31,16663.28,16671.13,83.2023
2020-09-22 14:00:00,16646.17,16684.75,16639.16,16658.49,116.8087
2020-09-22 15:00:00,16747.96,16769.48,16713.13,16751.65,12.427
2020-09-22 16:00:00,16810.72,16840.13,16773.33,16783.28,106.9411
2020-09-22 17:00:00,16787.07,16806.16,16734.49,16790.37,15.7817
2020-09-22 18:00:00,16846.78,16878.14,16842.14,16868.16,7.0007
2020-09-22 19:00:00,16864.64,16893.97,16831.09,16875.94,63.3595
2020-09-22 20:00:00,17035.27,17102.77,17032.51,17051.26,91.7229
2020-09-22 21:00:00,16936.38,16973.25,16923.86,16930.33,317.289
2020-09-22 22:00:00,16873.29,16921.85,16861.38,16888.42,119.9401
2020-09-22 23:00:00,16884.0,16944.66,16824.04,16879.42,89.4996
2020-09-23 00:00:00,16905.75,16954.91,16865.58,16918.2,24.1517
2020-09-23 01:00:00,16990.99,17094.85,16975.42,17027.15,16.4927
2020-09-23 02:00:00,17032.0,17043.68,17007.79,17026.77,93.4641
2020-09-23 03:00:00,16909.91,16937.36,16888.43,16907.4,25.2249
2020-09-23 04:00:00,16989.1,16999.08,16979.98,16980.31,122.6236
2020-09-23 05:00:00,17034.64,17068.89,17027.9,17046.11,12.1577
2020-09-23 06:00:00,16869.15,16890.17,16857.42,16882.31,41.4964
2020-09-23 07:00:00,16890.45,16890.51,16860.88,16883.67,148.3188
2020-09-23 08:00:00,16776.57,16810.24,16737.71,16751.12,177.8076
2020-09-23 09:00:00,16697.32,16785.1,16683.12,16697.13,42.3488
2020-09-23 10:00:00,16630.49,16661.04,16539.11,16623.43,23.1579
2020-09-23 11:00:00,16686.99,16711.1,16649.14,16692.36,317.4856
2020-09-23 12:00:00,16677.99,16705.46,16666.07,16703.78,143.161
2020-09-23 13:00:00,16614.13,16639.12,16587.55,16598.07,164.5372
2020-09-23 14:00:00,16687.92,16696.66,16627.69,16672.77,25.1995
2020-09-23 15:00:00,16566.68,16571.14,16530.88,16554.91,55.2409
2020-09-23 16:00:00,16580.87,16593.92,16566.66,16583.89,7.0646
2020-09-23 17:00:00,16527.92,16604.77,16439.43,16518.05,11.5859
2020-09-23 18:00:00,16504.24,16554.91,16466.58,16489.5,24.9692
2020-09-23 19:00:00,16559.51,16575.92,16511.69,16532.73,36.1307
2020-09-23 20:00:00,16593.87,16596.48,16574.01,16577.49,587.2723
2020-09-23 21:00:00,16691.03,16708.99,16667.37,16689.96,54.8335
2020-09-23 22:00:00,16662.94,16712.36,16650.79,16684.77,119.6917
2020-09-23 23:00:00,16714.6,16728.6,16699.54,16712.0,234.8076
2020-09-24 00:00:00,16681.37,16706.44,16594.89,16677.09,28.2438
2020-09-24 01:00:00,16705.77,16765.4,16622.03,16693.94,15.6329
2020-09-24 02:00:00,16754.94,16763.2,16689.26,16732.29,27.8733
2020-09-24 03:00:00,16724.15,16793.11,16687.62,16725.74,214.0651
2020-09-24 04:00:00,16611.39,16617.61,16517.25,16576.57,109.5675
2020-09-24 05:00:00,16576.48,16613.86,16555.11,16605.7,60.0267
2020-09-24 06:00:00,16644.6,16690.68,16629.63,16637.63,171.637
2020-09-24 07:00:00,16569.47,16592.7,16553.76,16582.71,27.0139
2020-09-24 08:00:00,16446.45,16482.27,16426.61,16477.87,27.3352
2020-09-24 09:00:00,16597.77,16640.97,16597.35,16601.12,83.7526
2020-09-24 10:00:00,16619.32,16665.55,16610.91,16643.57,156.0947
2020-09-24 11:00:00,16623.49,16642.58,16580.69,16626.17,30.0509
2020-09-24 12:00:00,16533.89,16548.69,16518.75,16533.31,23.5766
2020-09-24 13:00:00,16485.45,16501.62,16442.82,16467.03,64.2406
2020-09-24 14:00:00,16550.93,16590.48,16540.6,16575.92,14.4107
2020-09-24 15:00:00,16604.06,16655.05,16508.75,16588.99,137.7579
2020-09-24 16:00:00,16546.6,16553.58,16526.29,16544.98,86.1166
2020-09-24 17:00:00,16605.87,16638.42,16583.76,16588.8,71.855
2020-09-24 18:00:00,16515.78,16564.07,16470.5,16522.91,205.7785
2020-09-24 19:00:00,16626.37,16654.31,16602.28,16648.55,131.8867
2020-09-24 20:00:00,16742.42,16784.0,16713.21,16762.83,16.166
2020-09-24 21:00:00,16703.79,16738.9,16693.35,16725.4,54.5472
2020-09-24 22:00:00,16682.47,16737.69,16670.69,16674.5,38.7533
2020-09-24 23:00:00,16482.19,16536.6,16364.65,16457.89,161.9839
2020-09-25 00:00:00,16328.38,16362.63,16300.45,16337.61,126.9532
2020-09-25 01:00:00,16240.04,16255.56,16189.58,16229.83,63.8678
2020-09-25 02:00:00,16217.68,16259.56,16215.51,16242.42,173.5265
2020-09-25 03:00:00,16220.48,16256.54,16213.28,16217.55,52.7747
2020-09-25 04:00:00,16120.85,16145.16,16089.72,16110.08,162.7358
2020-09-25 05:00:00,16065.75,16095.21,16061.49,16089.05,3.2601
2020-09-25 06:00:00,16128.02,16141.56,16126.39,16131.31,14.4585
2020-09-25 07:00:00,16187.07,16190.63,16160.51,16175.49,141.0482
2020-09-25 08:00:00,15976.46,16028.93,15960.08,16023.47,12.1478
2020-09-25 09:00:00,16036.18,16100.35,16007.74,16014.8,115.1257
2020-09-25 10:00:00,15911.25,15926.87,15903.08,15905.63,128.5811
2020-09-25 11:00:00,15990.39,16019.02,15948.03,15978.93,108.5288
2020-09-25 12:00:00,16036.56,16091.52,16016.95,16043.18,170.5025
2020-09-25 13:00:00,15945.23,16007.57,15881.45,15972.75,71.6655
2020-09-25 14:00:00,15921.66,15935.26,15903.28,15913.17,227.3386
2020-09-25 15:00:00,15876.74,15901.1,15864.13,15878.06,84.2799
2020-09-25 16:00:00,15701.3,15702.17,15670.52,15700.79,70.9018
2020-09-25 17:00:00,15745.85,15780.27,15706.94,15728.74,71.21
2020-09-25 18:00:00,15720.83,15733.02,15691.82,15708.85,243.1353
2020-09-25 19:00:00,15816.96,15818.48,15750.79,15786.63,27.9312
2020-09-25 20:00:00,15703.92,15724.3,15677.91,15701.5,118.756
2020-09-25 21:00:00,15643.65,15693.44,15618.91,15654.47,27.7885
2020-09-25 22:00:00,15535.19,15546.24,15513.96,15538.12,9.6704
2020-09-25 23:00:00,15468.07,15526.48,15448.19,15461.65,307.3561
2020-09-26 00:00:00,15387.43,15393.09,15321.85,15371.81,13.8946
2020-09-26 01:00:00,15427.24,15475.51,15426.8,15449.9,115.8978
2020-09-26 02:00:00,15397.64,15457.12,15392.41,15397.51,55.2618
2020-09-26 03:00:00,15433.41,15437.71,15366.4,15408.61,181.4627
2020-09-26 04:00:00,15377.12,15423.06,15365.91,15380.81,148.3696
2020-09-26 05:00:00,15298.95,15301.73,15262.86,15284.72,15.5214
2020-09-26 06:00:00,15280.92,15299.61,15272.56,15273.39,63.0767
2020-09-26 07:00:00,15335.31,15343.73,15274.31,15320.67,2.7918
2020-09-26 08:00:00,15217.35,15290.14,15207.35,15229.68,56.1283
2020-09-26 09:00:00,15280.5,15330.22,15249.67,15292.82,120.4692
2020-09-26 10:00:00,15229.68,15238.83,15200.73,15229.37,26.4169
2020-09-26 11:00:00,15170.84,15220.79,15144.77,15194.12,166.0907
2020-09-26 12:00:00,15231.84,15245.33,15214.41,15235.95,5.463
2020-09-26 13:00:00,15190.78,15213.41,15178.37,15186.94,3.5178
2020-09-26 14:00:00,15218.42,15228.1,15177.52,15191.31,2.7836
2020-09-26 15:00:00,15175.03,15181.86,15097.34,15168.93,32.8541
2020-09-26 16:00:00,15189.75,15209.49,15152.0,15180.25,62.9432
2020-09-26 17:00:00,15018.54,15028.03,15000.55,15001.07,11.3669
2020-09-26 18:00:00,14851.0,14916.11,14840.06,14865.34,572.7131
2020-09-26 19:00:00,14910.14,14939.49,14839.9,14912.6,773.1197
2020-09-26 20:00:00,15027.79,15085.25,14954.5,14991.43,73.3558
2020-09-26 21:00:00,14923.5,14960.49,14908.22,14924.68,83.9352
2020-09-26 22:00:00,14924.61,14965.48,14905.78,14907.97,261.4674
2020-09-26 23:00:00,14945.81,14955.03,14914.53,14931.42,146.8775
2020-09-27 00:00:00,14962.52,15019.77,14941.94,14984.67,18.386
2020-09-27 01:00:00,14838.85,14868.79,14821.9,14834.25,157.2571
2020-09-27 02:00:00,14772.18,14791.92,14758.78,14770.01,26.2587
2020-09-27 03:00:00,14751.8,14774.39,14716.0,14746.93,56.2554
2020-09-27 04:00:00,14789.09,14809.01,14775.63,14800.25,76.0374
2020-09-27 05:00:00,14969.88,14991.06,14962.32,14986.62,126.2306
2020-09-27 06:00:00,14963.9,15045.96,14955.03,14971.03,16.2696
2020-09-27 07:00:00,14865.75,14880.16,14824.66,14867.21,7.9227
2020-09-27 08:00:00,14916.25,14951.28,14875.24,14898.6,201.0836
2020-09-27 09:00:00,15025.75,15040.58,14963.6,14998.49,175.3265
2020-09-27 10:00:00,15029.05,15034.8,14990.48,15008.09,74.0795
2020-09-27 11:00:00,14954.41,14973.2,14927.99,14941.56,108.5786
2020-09-27 12:00:00,14999.54,15093.99,14964.62,15014.62,127.0473
2020-09-27 13:00:00,15059.78,15097.22,15058.79,15065.94,64.7278
2020-09-27 14:00:00,14993.3,15024.96,14979.08,14990.15,29.7369
2020-09-27 15:00:00,15010.74,15086.39,14969.66,15020.24,65.6608
2020-09-27 16:00:00,15105.35,15129.58,15075.66,15096.64,301.1821
2020-09-27 17:00:00,15198.3,15221.73,15150.67,15187.36,181.9126
2020-09-27 18:00:00,15191.97,15218.95,15177.82,15183.83,62.6512
2020-09-27 19:00:00,15173.7,15202.99,15155.14,15158.16,25.564
2020-09-27 20:00:00,15238.9,15315.52,15199.41,15252.7,220.3776
2020-09-27 21:00:00,15176.07,15178.43,15128.89,15161.93,101.6777
2020-09-27 22:00:00,15186.12,15262.68,15163.78,15196.69,51.8757
2020-09-27 23:00:00,15079.91,15097.1,15043.69,15094.12,11.8398
2020-09-28 00:00:00,15184.1,15210.04,15125.69,15176.03,139.3374
2020-09-28 01:00:00,15176.4,15184.88,15144.03,15157.97,38.122
2020-09-28 02:00:00,15263.07,15291.71,15245.21,15255.63,93.2181
2020-09-28 03:00:00,15294.96,15355.06,15259.47,15294.64,84.308
2020-09-28 04:00:00,15207.34,15211.7,15191.04,15202.62,120.2717
2020-09-28 05:00:00,15314.52,15400.52,15304.94,15312.43,77.1371
2020-09-28 06:00:00,15415.36,15439.3,15410.25,15432.73,99.5365
2020-09-28 07:00:00,15483.09,15531.78,15399.69,15502.36,8.506
2020-09-28 08:00:00,15443.66,15463.75,15441.1,15444.87,109.4457
2020-09-28 09:00:00,15424.02,15473.97,15404.37,15422.79,21.5908
2020-09-28 10:00:00,15435.72,15467.88,15373.15,15435.54,49.7549
2020-09-28 11:00:00,15393.18,15438.48,15357.32,15382.78,71.8536
2020-09-28 12:00:00,15511.14,15516.17,15495.04,15514.48,116.116
2020-09-28 13:00:00,15535.97,15574.98,15477.09,15527.23,135.6453
2020-09-28 14:00:00,15316.69,15333.01,15299.86,15318.9,122.0518
2020-09-28 15:00:00,15374.41,15426.59,15324.17,15346.43,9.9937
2020-09-28 16:00:00,15322.48,15332.79,15289.57,15321.25,48.9234
2020-09-28 17:00:00,15352.89,15358.76,15294.71,15317.04,32.9428
2020-09-28 18:00:00,15295.72,15368.44,15243.63,15290.34,50.8198
2020-09-28 19:00:00,15350.29,15363.35,15340.05,15353.57,104.0928
2020-09-28 20:00:00,15427.17,15445.37,15399.08,15441.06,21.4333
2020-09-28 21:00:00,15442.14,15466.41,15418.2,15464.46,69.7355
2020-09-28 22:00:00,15424.46,15481.21,15398.86,15439.77,216.1707
2020-09-28 23:00:00,15424.54,15440.77,15412.78,15438.12,131.3516
2020-09-29 00:00:00,15447.27,15450.45,15411.56,15441.18,129.2313
2020-09-29 01:00:00,15372.68,15410.56,15341.72,15380.77,188.8599
2020-09-29 02:00:00,15429.71,15466.33,15400.56,15426.83,50.9568
2020-09-29 03:00:00,15483.68,15498.59,15443.02,15463.86,142.4964
2020-09-29 04:00:00,15583.14,15586.53,15546.39,15584.51,6.0498
2020-09-29 05:00:00,15716.5,15730.88,15630.79,15683.89,5.8082
2020-09-29 06:00:00,15613.31,15664.54,15592.84,15631.69,40.3166
2020-09-29 07:00:00,15695.0,15706.44,15683.45,15697.36,21.921
2020-09-29 08:00:00,15615.87,15641.13,15606.92,15624.29,73.0929
2020-09-29 09:00:00,15694.91,15698.72,15678.74,15680.22,20.2364
2020-09-29 10:00:00,15606.26,15658.9,15552.16,15641.29,371.2102
2020-09-29 11:00:00,15540.37,15581.34,15529.81,15562.83,190.4515
2020-09-29 12:00:00,15584.5,15592.11,15582.98,15586.18,404.7482
2020-09-29 13:00:00,15403.16,15439.79,15323.4,15379.3,164.9026
2020-09-29 14:00:00,15249.64,15281.24,15178.26,15246.2,301.8176
2020-09-29 15:00:00,15213.6,15244.96,15173.56,15234.19,45.9032
2020-09-29 16:00:00,15223.75,15245.63,15202.22,15241.99,68.8966
2020-09-29 17:00:00,15240.83,15288.72,15194.2,15215.37,27.4166
2020-09-29 18:00:00,15087.36,15119.23,15079.93,15096.74,101.0069
2020-09-29 19:00:00,15022.33,15097.21,14972.96,15036.51,155.2256
2020-09-29 20:00:00,15089.68,15135.2,15045.73,15067.42,69.0635
2020-09-29 21:00:00,15128.04,15135.65,15110.3,15112.76,35.1507
2020-09-29 22:00:00,15132.3,15132.79,15081.49,15113.05,70.8611
2020-09-29 23:00:00,15187.53,15211.72,15152.26,15201.97,6.496
2020-09-30 00:00:00,15210.47,15279.31,15190.38,15233.7,127.6972
2020-09-30 01:00:00,15180.31,15185.6,15149.06,15178.29,60.0763
2020-09-30 02:00:00,15163.6,15214.74,15151.78,15158.52,228.5081
2020-09-30 03:00:00,15059.2,15062.13,15050.59,15053.71,256.7206
2020-09-30 04:00:00,15069.32,15088.98,15042.77,15047.08,13.4108
2020-09-30 05:00:00,15106.01,15158.45,15094.51,15132.25,554.96
2020-09-30 06:00:00,15198.67,15224.04,15172.41,15185.61,350.0659
2020-09-30 07:00:00,15276.81,15300.79,15246.72,15293.58,98.6529
2020-09-30 08:00:00,15285.02,15299.5,15225.25,15271.95,174.5531
2020-09-30 09:00:00,15368.96,15391.85,15336.33,15376.27,1.8609
2020-09-30 10:00:00,15350.44,15401.96,15329.72,15362.94,351.9493
2020-09-30 11:00:00,15468.08,15514.92,15465.82,15477.52,60.9383
2020-09-30 12:00:00,15455.0,15505.82,15424.35,15477.37,240.462
2020-09-30 13:00:00,15534.28,15534.79,15522.53,15533.65,48.6336
2020-09-30 14:00:00,15637.68,15661.61,15595.97,15649.78,155.2002
2020-09-30 15:00:00,15648.5,15684.47,15634.24,15636.2,54.1192
2020-09-30 16:00:00,15664.86,15683.87,15638.11,15654.84,45.0525
2020-09-30 17:00:00,15783.89,15813.01,15749.92,15757.29,293.3242
2020-09-30 18:00:00,15754.16,15770.47,15733.64,15748.39,120.1016
2020-09-30 19:00:00,15654.1,15714.46,15637.38,15645.95,183.3088
2020-09-30 20:00:00,15837.31,15868.35,15797.45,15815.17,78.3856
2020-09-30 21:00:00,15769.7,15823.51,15727.9,15779.6,250.5298
2020-09-30 22:00:00,15770.2,15816.42,15724.06,15793.7,134.6922
2020-09-30 23:00:00,15889.75,15913.99,15874.18,15886.57,7.4904
2020-10-01 00:00:00,15817.29,15876.07,15789.72,15839.83,145.6162
2020-10-01 01:00:00,15800.27,15807.64,15743.44,15761.59,1.8888
2020-10-01 02:00:00,15806.13,15861.18,15764.38,15783.16,176.6495
2020-10-01 03:00:00,15677.09,15696.15,15602.15,15643.24,40.3267
2020-10-01 04:00:00,15623.26,15657.98,15609.54,15622.28,91.2012
2020-10-01 05:00:00,15651.6,15683.39,15577.46,15642.98,138.3806
2020-10-01 06:00:00,15616.26,15657.02,15613.27,15623.43,101.3256
2020-10-01 07:00:00,15518.12,15557.44,15484.4,15504.43,111.5871
2020-10-01 08:00:00,15610.56,15645.98,15605.29,15629.56,223.1807
2020-10-01 09:00:00,15599.44,15644.11,15555.6,15639.22,46.836
2020-10-01 10:00:00,15740.23,15786.98,15694.62,15752.69,79.2184
2020-10-01 11:00:00,15710.88,15785.86,15703.1,15733.78,19.2285
2020-10-01 12:00:00,15689.28,15700.82,15625.07,15666.13,63.0253
2020-10-01 13:00:00,15717.26,15724.38,15672.71,15688.78,16.2562
2020-10-01 14:00:00,15651.43,15735.8,15644.98,15673.42,100.399
2020-10-01 15:00:00,15602.82,15630.45,15559.33,15582.69,39.1934
2020-10-01 16:00:00,15713.7,15771.22,15677.39,15698.76,195.9098
2020-10-01 17:00:00,15626.92,15674.23,15545.03,15651.49,42.0951
2020-10-01 18:00:00,15502.99,15526.08,15473.93,15509.04,33.8041
2020-10-01 19:00:00,15604.53,15619.69,15585.43,15613.58,67.5839
2020-10-01 20:00:00,15587.43,15592.71,15514.28,15575.78,19.277
2020-10-01 21:00:00,15510.91,15562.29,15507.08,15530.0,22.7913
2020-10-01 22:00:00,15392.95,15428.97,15381.64,15394.47,152.8531
2020-10-01 23:00:00,15519.36,15530.6,15484.61,15530.01,68.7613
2020-10-02 00:00:00,15438.74,15439.78,15385.17,15431.44,23.1103
2020-10-02 01:00:00,15434.14,15466.52,15420.73,15437.49,3.203
2020-10-02 02:00:00,15501.17,15540.23,15491.33,15509.48,62.8254
2020-10-02 03:00:00,15540.41,15550.84,15527.25,15543.73,135.7241
2020-10-02 04:00:00,15572.29,15585.48,15522.21,15540.65,43.2615
2020-10-02 05:00:00,15403.55,15426.79,15365.0,15409.98,28.4971
2020-10-02 06:00:00,15333.15,15369.16,15302.02,15349.13,50.481
2020-10-02 07:00:00,15374.04,15388.71,15353.6,15365.08,319.7348
2020-10-02 08:00:00,15303.94,15309.24,15285.22,15306.14,55.0194
2020-10-02 09:00:00,15301.55,15327.28,15256.34,15323.23,30.0616
2020-10-02 10:00:00,15411.31,15427.45,15331.88,15377.0,84.221
2020-10-02 11:00:00,15447.09,15476.9,15444.02,15452.54,166.4653
2020-10-02 12:00:00,15353.54,15361.28,15322.06,15359.34,2.2585
2020-10-02 13:00:00,15532.06,15566.86,15506.29,15529.58,81.6675
2020-10-02 14:00:00,15617.7,15638.26,15559.24,15590.72,180.9796
2020-10-02 15:00:00,15565.96,15647.92,15533.34,15592.15,24.2866
2020-10-02 16:00:00,15682.97,15727.04,15649.78,15678.65,254.699
2020-10-02 17:00:00,15898.76,15936.36,15794.31,15865.65,86.2029
2020-10-02 18:00:00,15755.13,15762.91,15705.23,15753.1,72.7172
2020-10-02 19:00:00,15717.49,15742.1,15682.99,15736.93,331.4878
2020-10-02 20:00:00,15541.75,15586.8,15540.4,15551.36,13.8862
2020-10-02 21:00:00,15571.12,15571.32,15566.5,15567.9,134.7617
2020-10-02 22:00:00,15618.65,15619.82,15581.05,15597.9,170.6892
2020-10-02 23:00:00,15591.11,15623.5,15571.9,15596.4,67.0518
2020-10-03 00:00:00,15559.77,15571.29,15518.87,15546.92,0.6497
2020-10-03 01:00:00,15367.07,15407.21,15366.51,15389.16,74.3045
2020-10-03 02:00:00,15397.18,15437.26,15388.91,15419.44,16.6659
2020-10-03 03:00:00,15525.69,15561.83,15525.0,15533.19,82.684
2020-10-03 04:00:00,15511.11,15592.59,15473.43,15488.84,134.1775
2020-10-03 05:00:00,15525.54,15528.42,15471.74,15524.47,75.7305
2020-10-03 06:00:00,15408.76,15429.83,15395.03,15404.3,99.6422
2020-10-03 07:00:00,15445.35,15467.18,15417.4,15441.05,10.9754
2020-10-03 08:00:00,15429.32,15430.89,15407.48,15412.23,10.2083
2020-10-03 09:00:00,15345.65,15388.36,15276.13,15355.02,190.3411
2020-10-03 10:00:00,15308.7,15323.49,15280.68,15298.17,5.0588
2020-10-03 11:00:00,15256.91,15295.65,15229.27,15269.6,33.4494
2020-10-03 12:00:00,15330.67,15379.0,15256.31,15300.32,277.5739
2020-10-03 13:00:00,15189.3,15216.5,15168.16,15201.47,61.409
2020-10-03 14:00:00,15159.42,15181.21,15145.91,15172.81,112.2511
2020-10-03 15:00:00,15179.52,15182.84,15170.61,15171.18,25.0631
2020-10-03 16:00:00,15090.53,15117.79,15068.63,15089.32,31.5414
2020-10-03 17:00:00,15231.36,15237.03,15191.8,15226.39,71.1312
2020-10-03 18:00:00,15166.38,15230.75,15119.44,15162.93,101.6387
2020-10-03 19:00:00,15097.21,15148.03,15072.58,15113.69,323.0471
2020-10-03 20:00:00,15065.54,15080.23,15021.88,15041.28,85.4302
2020-10-03 21:00:00,15191.6,15220.07,15150.46,15178.04,10.0892
2020-10-03 22:00:00,15242.2,15246.68,15206.21,15221.51,45.7157
2020-10-03 23:00:00,15143.75,15166.27,15115.15,15151.76,27.9936
2020-10-04 00:00:00,15243.42,15268.51,15216.85,15237.08,29.3568
2020-10-04 01:00:00,15256.9,15296.37,15211.86,15253.89,70.3981
2020-10-04 02:00:00,15292.27,15322.06,15235.68,15275.04,38.0772
2020-10-04 03:00:00,15267.95,15287.41,15238.65,15250.26,34.1517
2020-10-04 04:00:00,15197.57,15214.66,15185.88,15194.64,344.2612
2020-10-04 05:00:00,15198.71,15244.46,15161.52,15221.82,87.6971
2020-10-04 06:00:00,15208.87,15233.36,15174.91,15181.85,30.3512
2020-10-04 07:00:00,15329.8,15384.98,15269.65,15321.28,32.2784
2020-10-04 08:00:00,15216.31,15258.71,15180.99,15225.58,166.6157
2020-10-04 09:00:00,15350.28,15363.92,15312.8,15344.04,217.5739
2020-10-04 10:00:00,15313.86,15369.81,15299.42,15337.04,113.6411
2020-10-04 11:00:00,15377.72,15400.93,15349.64,15361.51,56.466
2020-10-04 12:00:00,15404.34,15480.0,15368.12,15427.04,144.6359
2020-10-04 13:00:00,15376.57,15400.17,15353.43,15379.96,277.0701
2020-10-04 14:00:00,15451.74,15455.55,15427.98,15447.96,18.1762
2020-10-04 15:00:00,15256.21,15269.85,15216.87,15240.38,197.8371
2020-10-04 16:00:00,15188.65,15226.1,15179.87,15187.04,188.9301
2020-10-04 17:00:00,15127.99,15150.46,15103.24,15118.39,45.6498
2020-10-04 18:00:00,15024.72,15064.24,14991.56,15025.14,34.5009
2020-10-04 19:00:00,15010.01,15039.19,15008.16,15010.5,83.3122
2020-10-04 20:00:00,15042.23,15045.27,15029.97,15040.95,31.7858
2020-10-04 21:00:00,15092.44,15170.25,15086.07,15095.3,15.7095
2020-10-04 22:00:00,15089.49,15136.42,15079.8,15114.99,305.9288
2020-10-04 23:00:00,15054.61,15092.07,15045.71,15066.19,67.6026
2020-10-05 00:00:00,15099.19,15145.51,15090.69,15095.49,63.9144
2020-10-05 01:00:00,15102.62,15138.35,15091.98,15106.38,13.4793
2020-10-05 02:00:00,15176.23,15190.28,15139.08,15178.6,70.1488
2020-10-05 03:00:00,15234.15,15273.02,15223.88,15239.08,135.803
2020-10-05 04:00:00,15229.76,15296.12,15213.15,15242.92,28.5081
2020-10-05 05:00:00,15168.58,15178.25,15113.86,15176.07,46.0273
2020-10-05 06:00:00,15123.39,15141.07,15106.09,15128.04,19.7129
2020-10-05 07:00:00,15088.04,15122.53,15052.83,15087.96,43.8622
2020-10-05 08:00:00,15071.61,15072.29,15046.99,15065.69,197.5309
2020-10-05 09:00:00,15084.66,15122.56,15062.93,15087.39,27.0576
2020-10-05 10:00:00,15127.25,15144.07,15122.43,15142.85,2.9987
2020-10-05 11:00:00,15119.32,15164.15,15117.72,15140.49,76.8352
2020-10-05 12:00:00,15182.56,15273.94,15110.79,15143.22,86.6292
2020-10-05 13:00:00,15138.47,15182.32,15116.37,15155.59,39.8853
2020-10-05 14:00:00,15110.17,15133.97,15107.49,15118.01,102.6018
2020-10-05 15:00:00,15057.35,15092.15,15017.22,15049.57,3.8639
2020-10-05 16:00:00,14924.37,14941.54,14912.55,14918.98,41.6385
2020-10-05 17:00:00,14876.37,14899.5,14868.3,14868.62,15.6153
2020-10-05 18:00:00,14898.68,14919.55,14891.58,14905.28,26.1113
2020-10-05 19:00:00,14857.93,14894.58,14820.89,14854.39,48.2132
2020-10-05 20:00:00,14839.12,14866.11,14804.27,14838.21,68.0054
2020-10-05 21:00:00,14869.66,14912.27,14822.43,14874.3,9.7833
2020-10-05 22:00:00,14918.17,14988.04,14908.35,14914.51,10.6827
2020-10-05 23:00:00,14851.16,14887.91,14808.24,14835.5,112.0996
2020-10-06 00:00:00,14910.61,14936.47,14887.78,14910.94,51.7737
2020-10-06 01:00:00,14996.25,15049.18,14961.95,14996.48,19.4218
2020-10-06 02:00:00,14929.19,14946.05,14869.89,14913.26,26.7771
2020-10-06 03:00:00,14867.6,14891.1,14849.03,14853.33,127.3167
2020-10-06 04:00:00,14966.94,14998.23,14941.34,14943.27,5.3146
2020-10-06 05:00:00,14907.56,14937.16,14863.56,14933.79,71.0788
2020-10-06 06:00:00,14782.9,14786.57,14748.83,14769.54,44.6789
2020-10-06 07:00:00,14676.47,14714.08,14633.08,14667.65,166.6787
2020-10-06 08:00:00,14637.85,14654.09,14627.93,14650.83,156.1157
2020-10-06 09:00:00,14570.76,14591.98,14553.82,14567.1,116.8611
2020-10-06 10:00:00,14553.72,14570.77,14537.03,14538.44,48.5781
2020-10-06 11:00:00,14530.19,14603.72,14505.49,14542.25,99.7599
2020-10-06 12:00:00,14656.51,14695.19,14639.19,14650.03,102.1231
2020-10-06 13:00:00,14642.96,14682.22,14613.56,14630.21,40.3766
2020-10-06 14:00:00,14694.38,14745.39,14658.28,14710.14,212.0054
2020-10-06 15:00:00,14814.58,14851.06,14779.19,14816.69,419.0252
2020-10-06 16:00:00,14928.92,14931.44,14920.27,14924.43,37.7519
2020-10-06 17:00:00,14935.27,14950.36,14925.27,14947.17,161.5593
2020-10-06 18:00:00,14788.93,14838.34,14782.1,14801.94,69.4965
2020-10-06 19:00:00,14835.52,14889.4,14808.03,14837.53,62.2973
2020-10-06 20:00:00,14928.75,14943.23,14908.85,14916.79,48.8678
2020-10-06 21:00:00,14921.83,14931.98,14908.4,14912.23,34.5347
2020-10-06 22:00:00,15030.84,15051.45,15010.06,15043.8,251.9596
2020-10-06 23:00:00,15119.84,15160.37,15084.51,15109.98,135.0213
2020-10-07 00:00:00,15141.76,15207.31,15133.61,15154.43,58.1075
2020-10-07 01:00:00,15213.72,15238.43,15201.93,15238.26,139.2572
2020-10-07 02:00:00,15259.58,15279.04,15239.84,15265.18,126.7977
2020-10-07 03:00:00,15093.38,15096.07,15026.88,15076.44,31.107
2020-10-07 04:00:00,15050.19,15082.26,15029.77,15040.33,19.3745
2020-10-07 05:00:00,15131.84,15138.67,15120.45,15131.86,180.9715
2020-10-07 06:00:00,15065.99,15095.14,15057.2,15072.27,166.816
2020-10-07 07:00:00,15051.07,15070.35,15042.39,15056.94,576.4384
2020-10-07 08:00:00,14981.41,14990.89,14968.55,14979.78,1.9553
2020-10-07 09:00:00,15098.74,15145.18,15086.74,15114.89,77.7357
2020-10-07 10:00:00,15238.18,15251.55,15223.94,15243.48,120.8392
2020-10-07 11:00:00,15174.37,15180.19,15150.33,15177.64,87.3567
2020-10-07 12:00:00,15169.81,15218.14,15126.8,15190.34,123.94
2020-10-07 13:00:00,15127.48,15144.74,15103.14,15140.17,14.7643
2020-10-07 14:00:00,15194.47,15203.51,15165.69,15188.24,0.1517
2020-10-07 15:00:00,15228.61,15235.6,15203.75,15228.46,9.7648
2020-10-07 16:00:00,15287.07,15319.89,15259.5,15291.79,47.8132
2020-10-07 17:00:00,15304.74,15363.03,15269.5,15318.7,39.8887
2020-10-07 18:00:00,15569.57,15605.06,15538.47,15545.06,207.1498
2020-10-07 19:00:00,15453.76,15504.24,15443.17,15466.72,8.7222
2020-10-07 20:00:00,15339.84,15364.5,15314.83,15335.98,58.4663
2020-10-07 21:00:00,15299.9,15363.86,15298.61,15307.37,316.5867
2020-10-07 22:00:00,15189.45,15219.38,15158.13,15188.89,69.8972
2020-10-07 23:00:00,15083.97,15104.98,15040.98,15077.07,14.2025
2020-10-08 00:00:00,14982.53,15013.89,14950.0,15003.09,34.4277
2020-10-08 01:00:00,14935.32,14993.05,14901.24,14935.41,98.5618
2020-10-08 02:00:00,14883.32,14919.0,14853.08,14865.62,1.2062
2020-10-08 03:00:00,14931.88,14945.88,14890.53,14905.62,344.516
2020-10-08 04:00:00,14867.46,14890.23,14853.4,14869.39,83.6964
2020-10-08 05:00:00,14858.15,14883.11,14850.62,14857.53,121.7866
2020-10-08 06:00:00,14958.45,15000.21,14887.59,14925.45,69.1072
2020-10-08 07:00:00,14886.63,14952.45,14849.1,14869.75,316.8283
2020-10-08 08:00:00,14842.4,14879.4,14833.63,14851.57,88.97
2020-10-08 09:00:00,14871.0,14912.71,14850.61,14880.21,108.4661
2020-10-08 10:00:00,14751.34,14803.37,14704.94,14737.25,197.2113
2020-10-08 11:00:00,14548.26,14608.46,14529.98,14562.99,197.7294
2020-10-08 12:00:00,14605.51,14614.41,14548.83,14589.65,2.8576
2020-10-08 13:00:00,14631.89,14633.49,14619.37,14627.0,33.3099
2020-10-08 14:00:00,14787.08,14843.98,14717.97,14779.43,28.2785
2020-10-08 15:00:00,14788.79,14819.59,14762.15,14792.59,0.6667
2020-10-08 16:00:00,14845.34,14868.47,14784.55,14854.7,209.3805
2020-10-08 17:00:00,14863.36,14891.45,14776.94,14841.66,38.1466
2020-10-08 18:00:00,14861.54,14895.0,14819.12,14865.2,42.6106
2020-10-08 19:00:00,14984.45,15006.6,14979.44,14990.61,10.4941
2020-10-08 20:00:00,14831.72,14839.34,14831.17,14832.91,457.768
2020-10-08 21:00:00,14867.94,14908.67,14852.85,14865.07,175.0144
2020-10-08 22:00:00,15009.8,15042.39,14957.63,15025.28,84.831
2020-10-08 23:00:00,15039.47,15062.68,15029.75,15047.97,147.8104
2020-10-09 00:00:00,15164.29,15211.35,15137.37,15173.67,150.1091
2020-10-09 01:00:00,15140.24,15171.47,15041.31,15127.45,106.9242
2020-10-09 02:00:00,15113.14,15143.32,15073.62,15126.54,19.1174
2020-10-09 03:00:00,15104.02,15152.98,15064.79,15130.59,127.4091
2020-10-09 04:00:00,14934.89,14975.66,14934.54,14964.33,84.3081
2020-10-09 05:00:00,14856.55,14883.75,14838.95,14878.42,128.7615
2020-10-09 06:00:00,14818.46,14820.34,14777.94,14798.31,78.4064
2020-10-09 07:00:00,14860.86,14865.26,14837.43,14860.62,313.1256
2020-10-09 08:00:00,14934.39,14939.48,14905.91,14926.91,98.6245
2020-10-09 09:00:00,14960.61,14998.2,14915.58,14952.58,85.2566
2020-10-09 10:00:00,15016.54,15048.82,14991.6,15015.69,185.0161
2020-10-09 11:00:00,15003.75,15040.34,14995.19,15004.87,47.6805
2020-10-09 12:00:00,15112.31,15142.1,15077.28,15096.54,37.9496
2020-10-09 13:00:00,15100.92,15136.9,15059.67,15098.72,69.9505
2020-10-09 14:00:00,15125.73,15130.3,15097.98,15104.59,87.8194
2020-10-09 15:00:00,15095.41,15110.76,15073.86,15086.05,24.908
2020-10-09 16:00:00,15129.83,15154.14,15120.54,15139.18,114.659
2020-10-09 17:00:00,15101.3,15134.5,15067.42,15108.81,162.1382
2020-10-09 18:00:00,15173.04,15195.69,15131.5,15184.09,86.1139
2020-10-09 19:00:00,15118.04,15140.74,15062.35,15099.65,74.0162
2020-10-09 20:00:00,15012.11,15033.09,15005.8,15018.2,34.905
2020-10-09 21:00:00,15059.29,15100.72,15046.24,15071.32,240.3323
2020-10-09 22:00:00,15070.97,15110.31,15056.67,15066.15,140.4457
2020-10-09 23:00:00,15032.01,15067.86,14963.87,15033.47,65.4478
2020-10-10 00:00:00,15106.32,15166.14,15057.75,15101.88,107.6186
2020-10-10 01:00:00,15085.99,15088.73,15053.99,15057.53,41.0798
2020-10-10 02:00:00,15057.7,15063.04,15020.31,15043.96,6.1681
2020-10-10 03:00:00,15151.13,15160.84,15148.44,15150.72,22.8065
2020-10-10 04:00:00,15247.32,15270.67,15226.85,15268.83,8.2825
2020-10-10 05:00:00,15382.71,15407.09,15376.63,15390.4,70.9634
2020-10-10 06:00:00,15381.16,15433.8,15330.99,15370.23,97.3029
2020-10-10 07:00:00,15448.23,15472.68,15402.33,15466.35,47.8756
2020-10-10 08:00:00,15427.47,15469.97,15371.1,15394.51,75.5351
2020-10-10 09:00:00,15326.46,15355.97,15299.16,15326.24,8.9307
2020-10-10 10:00:00,15148.4,15170.6,15132.26,15147.66,146.9495
2020-10-10 11:00:00,15265.69,15281.95,15189.22,15275.87,3.3331
2020-10-10 12:00:00,15218.96,15240.2,15187.14,15211.41,100.6285
2020-10-10 13:00:00,15185.7,15210.02,15182.16,15203.31,56.8007
2020-10-10 14:00:00,15168.39,15201.96,15104.38,15135.63,20.31
2020-10-10 15:00:00,15209.76,15217.03,15160.19,15189.75,74.0356
2020-10-10 16:00:00,15177.66,15237.01,15151.05,15162.74,151.8447
2020-10-10 17:00:00,15044.39,15072.12,15038.2,15065.33,53.3621
2020-10-10 18:00:00,15103.21,15168.72,15083.76,15100.11,45.8406
2020-10-10 19:00:00,15011.5,15055.11,14977.78,14993.37,15.3688
2020-10-10 20:00:00,14940.95,14967.33,14925.05,14932.09,90.2822
2020-10-10 21:00:00,14761.48,14806.06,14754.32,14776.28,176.0341
2020-10-10 22:00:00,14663.02,14688.55,14634.55,14672.56,82.4034
2020-10-10 23:00:00,14680.48,14717.73,14659.9,14687.12,18.0428
2020-10-11 00:00:00,14535.55,14585.22,14533.9,14544.32,108.2427
2020-10-11 01:00:00,14460.14,14504.73,14432.38,14438.07,3.0605
2020-10-11 02:00:00,14411.6,14458.92,14391.11,14439.34,182.0492
2020-10-11 03:00:00,14410.98,14475.28,14384.0,14401.54,254.4595
2020-10-11 04:00:00,14527.62,14556.92,14482.38,14546.42,90.8909
2020-10-11 05:00:00,14667.14,14714.28,14638.61,14681.26,213.5208
2020-10-11 06:00:00,14589.63,14644.89,14582.85,14619.01,8.8291
2020-10-11 07:00:00,14653.15,14682.03,14627.21,14661.2,25.9217
2020-10-11 08:00:00,14739.83,14753.04,14680.0,14717.59,38.1642
2020-10-11 09:00:00,14678.98,14712.82,14660.35,14675.1,148.354
2020-10-11 10:00:00,14549.37,14579.83,14515.76,14566.83,66.2113
2020-10-11 11:00:00,14582.21,14615.74,14525.06,14567.39,42.8244
2020-10-11 12:00:00,14574.18,14589.83,14544.22,14556.26,17.2058
2020-10-11 13:00:00,14527.51,14598.8,14517.48,14526.0,166.4121
2020-10-11 14:00:00,14589.2,14621.73,14558.45,14559.58,2.0737
2020-10-11 15:00:00,14518.3,14519.68,14497.18,14506.38,41.1388
2020-10-11 16:00:00,14434.12,14441.17,14411.66,14424.27,27.8096
2020-10-11 17:00:00,14421.99,14443.03,14417.74,14433.58,13.8125
2020-10-11 18:00:00,14471.96,14500.4,14410.11,14462.88,18.8792
2020-10-11 19:00:00,14382.36,14422.79,14349.28,14379.24,68.0818
2020-10-11 20:00:00,14454.91,14512.96,14441.49,14447.4,55.5224
2020-10-11 21:00:00,14311.15,14321.73,14290.79,14320.95,73.0577
2020-10-11 22:00:00,14282.82,14301.16,14272.87,14280.99,130.0558
2020-10-11 23:00:00,14252.34,14264.17,14240.48,14264.0,222.8673
2020-10-12 00:00:00,14189.51,14221.36,14146.82,14220.05,12.6087
2020-10-12 01:00:00,14195.45,14197.21,14143.71,14181.29,8.6297
2020-10-12 02:00:00,14293.87,14347.46,14261.54,14315.38,38.6184
2020-10-12 03:00:00,14257.44,14300.62,14253.1,14255.91,79.0322
2020-10-12 04:00:00,14436.15,14447.3,14405.95,14431.34,10.5235
2020-10-12 05:00:00,14469.05,14474.49,14441.39,14464.33,125.8682
2020-10-12 06:00:00,14468.34,14499.59,14435.11,14472.43,81.2143
2020-10-12 07:00:00,14512.28,14533.62,14479.19,14508.34,138.0158
2020-10-12 08:00:00,14700.24,14724.01,14691.74,14693.32,44.3033
2020-10-12 09:00:00,14632.54,14665.68,14577.4,14621.79,51.2655
2020-10-12 10:00:00,14566.55,14588.84,14522.71,14541.34,164.8031
2020-10-12 11:00:00,14491.3,14511.33,14469.16,14487.91,31.0622
2020-10-12 12:00:00,14492.62,14557.81,14442.94,14491.69,48.0324
2020-10-12 13:00:00,14355.06,14426.83,14353.87,14368.09,1.3585
2020-10-12 14:00:00,14377.4,14397.24,14363.91,14371.13,81.0402
2020-10-12 15:00:00,14503.93,14520.33,14492.15,14494.26,190.6927
2020-10-12 16:00:00,14503.89,14538.07,14451.49,14506.68,2.8288
2020-10-12 17:00:00,14494.79,14511.72,14483.08,14486.9,95.1373
2020-10-12 18:00:00,14439.35,14460.04,14373.45,14443.58,186.7228
2020-10-12 19:00:00,14519.65,14539.2,14498.1,14509.91,68.1084
2020-10-12 20:00:00,14464.64,14489.41,14438.31,14451.45,37.5452
2020-10-12 21:00:00,14599.42,14616.72,14575.02,14586.31,567.923
2020-10-12 22:00:00,14730.51,14735.13,14723.56,14728.77,6.7028
2020-10-12 23:00:00,14733.81,14774.41,14723.73,14749.15,23.6259
2020-10-13 00:00:00,14740.75,14750.54,14681.8,14749.78,216.4952
2020-10-13 01:00:00,14836.09,14874.81,14824.72,14827.26,35.2835
2020-10-13 02:00:00,14946.42,14948.88,14899.81,14909.91,171.3947
2020-10-13 03:00:00,14846.25,14853.88,14838.85,14851.31,40.5267
2020-10-13 04:00:00,14820.45,14830.2,14799.14,14813.7,167.1212
2020-10-13 05:00:00,14709.05,14730.75,14672.54,14717.23,115.7499
2020-10-13 06:00:00,14734.44,14758.57,14706.28,14748.81,63.2094
2020-10-13 07:00:00,14789.43,14809.81,14751.16,14799.44,74.0124
2020-10-13 08:00:00,14670.42,14731.88,14653.58,14701.03,19.5601
2020-10-13 09:00:00,14688.9,14712.37,14647.46,14669.04,12.3167
2020-10-13 10:00:00,14539.2,14591.25,14515.2,14571.7,126.2106
2020-10-13 11:00:00,14503.84,14521.3,14461.93,14507.67,188.7653
2020-10-13 12:00:00,14531.95,14553.75,14527.63,14549.09,128.0029
2020-10-13 13:00:00,14484.36,14501.08,14427.23,14497.19,244.0293
2020-10-13 14:00:00,14496.76,14516.78,14476.74,14476.83,220.7988
2020-10-13 15:00:00,14363.37,14374.26,14326.83,14360.49,150.5922
2020-10-13 16:00:00,14361.47,14383.68,14338.26,14375.35,228.4028
2020-10-13 17:00:00,14365.13,14403.36,14335.7,14373.6,18.299
2020-10-13 18:00:00,14311.69,14346.13,14279.23,14322.65,131.4387
2020-10-13 19:00:00,14309.92,14352.53,14293.96,14310.55,140.111
2020-10-13 20:00:00,14327.36,14331.38,14314.66,14324.88,16.7208
2020-10-13 21:00:00,14294.99,14319.64,14241.41,14267.95,240.3326
2020-10-13 22:00:00,14136.92,14178.09,14097.71,14164.06,0.8824
2020-10-13 23:00:00,14292.85,14296.99,14276.02,14293.35,57.0231
2020-10-14 00:00:00,14245.02,14279.27,14221.44,14249.52,2.1713
2020-10-14 01:00:00,14257.53,14284.02,14241.8,14244.05,74.0989
2020-10-14 02:00:00,14322.55,14324.11,14302.91,14317.46,53.1294
2020-10-14 03:00:00,14580.13,14617.04,14506.98,14571.53,97.5674
2020-10-14 04:00:00,14487.32,14545.62,14451.61,14482.32,145.4334
2020-10-14 05:00:00,14502.81,14570.84,14485.68,14516.34,146.35
2020-10-14 06:00:00,14483.96,14504.02,14452.68,14466.44,128.0932
2020-10-14 07:00:00,14440.43,14443.4,14370.63,14428.91,10.7449
2020-10-14 08:00:00,14391.56,14417.21,14374.44,14378.39,54.0321
2020-10-14 09:00:00,14316.98,14329.53,14277.54,14298.91,169.2551
2020-10-14 10:00:00,14303.36,14320.79,14294.87,14297.38,106.2184
2020-10-14 11:00:00,14214.43,14232.4,14137.59,14193.41,114.2652
2020-10-14 12:00:00,14267.4,14286.48,14261.25,14262.02,25.7381
2020-10-14 13:00:00,14264.24,14288.15,14215.78,14267.37,39.3131
2020-10-14 14:00:00,14298.83,14325.52,14297.29,14298.93,311.9284
2020-10-14 15:00:00,14266.69,14272.6,14244.58,14267.03,187.6829
2020-10-14 16:00:00,14234.86,14264.19,14234.28,14242.26,18.023
2020-10-14 17:00:00,14287.44,14287.53,14262.33,14264.16,78.6784
2020-10-14 18:00:00,14186.77,14228.81,14120.4,14182.57,67.434
2020-10-14 19:00:00,14159.94,14160.88,14149.18,14158.6,58.6375
2020-10-14 20:00:00,14104.64,14104.66,14065.23,14099.16,63.6037
2020-10-14 21:00:00,14079.62,14098.5,14037.19,14037.79,102.9707
2020-10-14 22:00:00,13875.39,13924.98,13869.96,13891.11,341.5786
2020-10-14 23:00:00,13973.7,14023.26,13957.99,13985.52,208.2048
2020-10-15 00:00:00,13919.67,13970.08,13898.63,13938.91,208.0453
2020-10-15 01:00:00,14018.12,14030.17,13963.3,14021.38,121.5292
2020-10-15 02:00:00,14101.18,14190.27,14080.92,14097.72,1.7744
2020-10-15 03:00:00,14001.96,14015.8,13982.73,14008.48,58.0641
2020-10-15 04:00:00,13926.12,13937.04,13874.48,13933.64,71.5651
2020-10-15 05:00:00,14115.43,14132.89,14094.75,14113.42,184.8275
2020-10-15 06:00:00,14231.24,14266.21,14205.99,14238.39,256.1901
2020-10-15 07:00:00,14241.99,14246.82,14212.18,14237.57,60.0652
2020-10-15 08:00:00,14273.2,14306.44,14243.3,14257.32,35.7332
2020-10-15 09:00:00,14223.4,14257.36,14164.71,14213.77,41.1515
2020-10-15 10:00:00,14258.47,14280.32,14205.08,14245.92,86.4321
2020-10-15 11:00:00,14211.68,14244.72,14167.22,14196.26,32.1545
2020-10-15 12:00:00,14057.4,14057.7,14028.02,14053.42,241.6188
2020-10-15 13:00:00,13959.75,13997.22,13945.05,13961.96,54.2406
2020-10-15 14:00:00,13954.05,14001.77,13922.87,13964.83,461.1608
2020-10-15 15:00:00,13881.82,13909.78,13867.07,13887.25,11.5989
2020-10-15 16:00:00,13876.7,13884.03,13873.18,13883.97,20.8106
2020-10-15 17:00:00,13820.86,13833.78,13760.2,13810.76,71.6601
2020-10-15 18:00:00,13762.88,13771.94,13715.24,13758.11,202.7269
2020-10-15 19:00:00,13827.81,13838.45,13808.63,13818.18,43.6883
2020-10-15 20:00:00,13820.6,13848.75,13779.66,13836.66,181.688
2020-10-15 21:00:00,13857.19,13891.11,13835.5,13837.37,55.4173
2020-10-15 22:00:00,13893.64,13970.51,13866.34,13899.57,191.7269
2020-10-15 23:00:00,13919.03,13945.3,13895.11,13934.36,32.4943
2020-10-16 00:00:00,14030.38,14050.01,14024.36,14036.54,63.8454
2020-10-16 01:00:00,14040.46,14051.64,14001.64,14005.67,32.6744
2020-10-16 02:00:00,13971.56,13980.86,13962.52,13976.98,24.2356
2020-10-16 03:00:00,13882.94,13905.6,13858.8,13887.45,54.6705
2020-10-16 04:00:00,13856.39,13872.33,13771.4,13859.05,40.7527
2020-10-16 05:00:00,13925.22,13940.42,13901.67,13927.29,154.7153
2020-10-16 06:00:00,14008.26,14056.13,13988.63,14019.21,137.6893
2020-10-16 07:00:00,14089.95,14095.63,14048.62,14087.93,44.4029
2020-10-16 08:00:00,13977.97,13988.73,13929.78,13962.96,486.3159
2020-10-16 09:00:00,14044.38,14113.01,13999.68,14039.97,364.344
2020-10-16 10:00:00,13896.85,13915.55,13891.05,13912.31,249.9007
2020-10-16 11:00:00,13971.37,13983.3,13946.4,13976.18,88.3117
2020-10-16 12:00:00,13944.18,13956.77,13910.15,13951.87,53.1557
2020-10-16 13:00:00,14003.02,14006.66,13981.71,14002.28,37.5454
2020-10-16 14:00:00,13928.9,13941.4,13904.82,13910.39,1.5146
2020-10-16 15:00:00,13991.16,14016.89,13982.65,13993.24,99.9147
2020-10-16 16:00:00,13890.92,13908.71,13869.72,13892.14,80.5559
2020-10-16 17:00:00,13871.71,13920.5,13825.98,13847.1,99.3905
2020-10-16 18:00:00,13791.45,13827.26,13759.78,13779.38,85.7915
2020-10-16 19:00:00,13667.73,13717.64,13634.94,13659.89,14.8171
2020-10-16 20:00:00,13694.48,13728.88,13648.52,13667.71,118.8688
2020-10-16 21:00:00,13799.26,13853.35,13779.53,13792.51,44.6968
2020-10-16 22:00:00,13950.04,14012.23,13939.12,13977.8,72.628
2020-10-16 23:00:00,13997.64,14046.35,13959.93,13985.99,45.516
2020-10-17 00:00:00,14043.09,14115.89,14021.51,14065.48,2.2245
2020-10-17 01:00:00,14089.57,14116.51,14027.96,14083.21,209.195
2020-10-17 02:00:00,14095.55,14160.92,14033.41,14119.75,16.103
2020-10-17 03:00:00,14090.42,14104.73,14033.92,14097.0,87.2688
2020-10-17 04:00:00,14107.03,14124.47,14046.57,14112.16,214.6702
2020-10-17 05:00:00,14140.6,14165.1,14102.22,14151.5,25.0167
2020-10-17 06:00:00,14107.06,14164.37,14084.86,14111.98,53.1053
2020-10-17 07:00:00,14122.49,14156.36,14074.11,14107.93,47.4384
2020-10-17 08:00:00,14095.14,14108.1,14092.16,14105.22,9.3454
2020-10-17 09:00:00,14172.63,14182.23,14123.38,14164.91,55.081
2020-10-17 10:00:00,14077.22,14118.45,14063.13,14090.82,65.2924
2020-10-17 11:00:00,14085.93,14102.31,14026.37,14088.6,2.6957
2020-10-17 12:00:00,14229.3,14240.68,14221.45,14224.7,66.9711
2020-10-17 13:00:00,14294.65,14319.62,14275.92,14308.91,9.8528
2020-10-17 14:00:00,14387.97,14409.98,14356.86,14406.87,222.9917
2020-10-17 15:00:00,14417.16,14476.28,14409.39,14410.07,105.0273
2020-10-17 16:00:00,14450.85,14488.6,14407.62,14434.64,5.8081
2020-10-17 17:00:00,14507.27,14568.5,14504.39,14508.42,175.4712
2020-10-17 18:00:00,14616.37,14628.22,14605.89,14623.05,44.8789
2020-10-17 19:00:00,14484.08,14510.09,14445.43,14481.82,25.5689
2020-10-17 20:00:00,14388.82,14432.16,14372.8,14388.02,29.2924
2020-10-17 21:00:00,14487.18,14541.95,14480.38,14483.66,91.0603
2020-10-17 22:00:00,14428.49,14469.94,14406.37,14465.06,8.5071
2020-10-17 23:00:00,14402.51,14424.23,14395.18,14417.92,6.0541
2020-10-18 00:00:00,14316.84,14331.24,14303.3,14328.95,98.7553
2020-10-18 01:00:00,14292.78,14340.64,14268.32,14290.62,401.2367
2020-10-18 02:00:00,14194.48,14202.75,14156.83,14191.85,66.0541
2020-10-18 03:00:00,14350.77,14399.99,14327.88,14341.65,53.3213
2020-10-18 04:00:00,14345.17,14350.01,14340.06,14341.47,294.1201
2020-10-18 05:00:00,14320.1,14368.58,14281.06,14338.75,27.5741
2020-10-18 06:00:00,14403.16,14417.47,14348.98,14382.35,27.5149
2020-10-18 07:00:00,14471.37,14490.68,14446.43,14452.99,235.5101
2020-10-18 08:00:00,14504.52,14524.72,14496.46,14522.79,104.1092
2020-10-18 09:00:00,14607.06,14644.13,14595.54,14602.2,5.5284
2020-10-18 10:00:00,14548.93,14587.78,14504.14,14557.6,112.0789
2020-10-18 11:00:00,14539.4,14560.85,14535.02,14537.38,171.4974
2020-10-18 12:00:00,14610.1,14613.49,14568.06,14594.73,32.0141
2020-10-18 13:00:00,14588.71,14611.36,14531.83,14557.7,48.2713
2020-10-18 14:00:00,14569.73,14573.21,14535.05,14558.79,22.0244
2020-10-18 15:00:00,14593.57,14611.29,14560.06,14589.27,100.3337
2020-10-18 16:00:00,14643.03,14670.97,14608.09,14648.01,109.1224
2020-10-18 17:00:00,14521.92,14555.73,14507.35,14519.27,7.0998
2020-10-18 18:00:00,14592.43,14615.28,14571.65,14572.61,113.2287
2020-10-18 19:00:00,14556.39,14557.66,14542.69,14557.04,107.4275
2020-10-18 20:00:00,14597.04,14614.21,14566.21,14609.99,3.5767
2020-10-18 21:00:00,14644.45,14668.45,14627.1,14668.21,81.0513
2020-10-18 22:00:00,14795.18,14809.6,14775.13,14787.6,95.1758
2020-10-18 23:00:00,14892.83,14916.64,14854.17,14889.15,56.2392
2020-10-19 00:00:00,14981.2,15016.74,14971.04,14990.88,231.5844
2020-10-19 01:00:00,15116.09,15126.78,15045.35,15100.59,39.8047
2020-10-19 02:00:00,15117.72,15132.06,15105.54,15124.1,6.9541
2020-10-19 03:00:00,15126.01,15142.81,15120.29,15128.05,111.4294
2020-10-19 04:00:00,15195.33,15221.14,15164.85,15195.58,92.9427
2020-10-19 05:00:00,15247.37,15257.31,15231.48,15252.72,451.5193
2020-10-19 06:00:00,15234.27,15255.56,15178.19,15230.68,26.3065
2020-10-19 07:00:00,15280.61,15292.36,15223.38,15263.03,50.3344
2020-10-19 08:00:00,15244.44,15285.36,15239.44,15261.88,61.8373
2020-10-19 09:00:00,15205.67,15254.64,15190.97,15198.24,197.6942
2020-10-19 10:00:00,15300.46,15311.33,15256.61,15297.82,53.5405
2020-10-19 11:00:00,15305.93,15338.7,15258.47,15303.58,147.906
2020-10-19 12:00:00,15475.35,15480.56,15448.71,15461.87,17.072
2020-10-19 13:00:00,15338.51,15346.88,15330.26,15337.75,52.7267
2020-10-19 14:00:00,15303.93,15337.19,15249.8,15296.58,16.8392
2020-10-19 15:00:00,15311.56,15338.89,15275.26,15300.61,298.933
2020-10-19 16:00:00,15381.39,15402.7,15368.62,15389.15,19.572
2020-10-19 17:00:00,15426.04,15430.07,15395.58,15421.43,54.313
2020-10-19 18:00:00,15443.04,15474.86,15437.23,15446.91,8.5842
2020-10-19 19:00:00,15359.36,15390.26,15348.01,15361.39,254.3174
2020-10-19 20:00:00,15269.15,15276.76,15257.38,15274.07,97.7684
2020-10-19 21:00:00,15307.43,15309.07,15239.41,15300.23,328.2249
2020-10-19 22:00:00,15198.64,15206.78,15184.8,15197.4,4.3191
2020-10-19 23:00:00,15164.48,15205.94,15125.69,15158.5,19.2346
2020-10-20 00:00:00,15197.72,15230.44,15163.78,15197.99,47.8115
2020-10-20 01:00:00,15100.6,15145.83,15053.62,15124.86,97.1169
2020-10-20 02:00:00,15248.25,15281.15,15215.57,15247.77,39.9758
2020-10-20 03:00:00,15343.59,15352.02,15327.25,15342.61,124.4357
2020-10-20 04:00:00,15227.29,15234.06,15209.86,15223.6,18.0479
2020-10-20 05:00:00,15145.15,15197.14,15125.05,15154.15,91.7883
2020-10-20 06:00:00,14964.56,14989.63,14933.82,14982.47,50.7442
2020-10-20 07:00:00,14934.66,14972.1,14918.93,14925.34,70.9766
2020-10-20 08:00:00,14979.93,15001.13,14961.49,14984.03,84.3117
2020-10-20 09:00:00,14957.08,14971.76,14925.96,14954.52,6.1765
2020-10-20 10:00:00,14986.25,15004.9,14973.48,14990.47,257.7341
2020-10-20 11:00:00,14877.77,14924.53,14858.24,14877.86,154.2208
2020-10-20 12:00:00,14932.0,14945.04,14900.92,14938.71,58.4213
2020-10-20 13:00:00,14884.32,14975.11,14869.22,14898.74,79.29
2020-10-20 14:00:00,14908.2,14954.84,14859.8,14901.14,3.3077
2020-10-20 15:00:00,14886.73,14904.59,14836.96,14895.71,68.905
2020-10-20 16:00:00,14804.92,14848.59,14762.6,14802.5,55.5676
2020-10-20 17:00:00,14724.68,14750.17,14670.09,14718.63,46.918
2020-10-20 18:00:00,14782.65,14791.69,14752.63,14791.33,168.9305
2020-10-20 19:00:00,14804.47,14894.93,14748.92,14822.32,20.08
2020-10-20 20:00:00,14937.77,14949.12,14869.81,14901.62,19.3961
2020-10-20 21:00:00,14919.42,14962.07,14884.39,14927.3,73.7471
2020-10-20 22:00:00,14948.78,14993.6,14913.17,14939.46,116.2012
2020-10-20 23:00:00,14840.76,14864.57,14784.61,14812.03,2.2696
2020-10-21 00:00:00,14805.17,14836.83,14777.04,14793.49,78.9307
2020-10-21 01:00:00,14788.5,14806.83,14768.5,14792.94,35.4818
2020-10-21 02:00:00,14937.88,14974.63,14913.93,14938.88,141.4206
2020-10-21 03:00:00,14979.21,15002.61,14954.25,14991.69,63.2752
2020-10-21 04:00:00,15121.65,15139.68,15101.08,15108.33,179.6221
2020-10-21 05:00:00,15163.56,15176.12,15143.91,15154.98,50.5798
2020-10-21 06:00:00,15094.82,15136.07,15091.97,15102.59,175.4981
2020-10-21 07:00:00,15097.2,15151.9,15065.17,15112.95,126.0568
2020-10-21 08:00:00,15112.32,15182.11,15100.47,15132.31,176.1758
2020-10-21 09:00:00,15077.62,15117.72,14997.76,15062.77,167.3552
2020-10-21 10:00:00,15037.13,15086.21,15008.52,15035.32,66.6241
2020-10-21 11:00:00,15024.59,15045.33,14996.88,15021.36,45.9011
2020-10-21 12:00:00,15130.99,15232.54,15119.52,15143.45,144.8786
2020-10-21 13:00:00,14965.48,15005.01,14961.99,14987.42,44.8671
2020-10-21 14:00:00,15093.79,15141.8,15075.88,15079.28,9.3648
2020-10-21 15:00:00,15010.79,15012.57,14950.73,15010.15,195.7894
2020-10-21 16:00:00,14922.21,14923.65,14896.7,14908.68,50.6167
2020-10-21 17:00:00,14992.34,14999.8,14981.46,14998.13,14.226
2020-10-21 18:00:00,15050.95,15055.74,15046.17,15054.51,103.9806
2020-10-21 19:00:00,15161.26,15172.56,15134.52,15150.45,220.5216
2020-10-21 20:00:00,15223.76,15268.09,15192.45,15212.62,197.3033
2020-10-21 21:00:00,15383.08,15385.37,15345.94,15370.82,80.8439
2020-10-21 22:00:00,15410.75,15446.71,15382.7,15415.3,9.2193
2020-10-21 23:00:00,15414.24,15470.16,15385.81,15404.78,119.2713
2020-10-22 00:00:00,15449.85,15457.2,15390.74,15432.73,93.861
2020-10-22 01:00:00,15528.6,15534.25,15474.75,15530.22,23.591
2020-10-22 02:00:00,15463.31,15486.74,15409.49,15471.26,230.8002
2020-10-22 03:00:00,15443.09,15489.21,15385.81,15422.38,9.0656
2020-10-22 04:00:00,15390.02,15415.07,15379.42,15400.1,46.687
2020-10-22 05:00:00,15249.17,15270.3,15217.7,15239.58,9.9305
2020-10-22 06:00:00,15250.74,15276.73,15150.68,15251.63,242.9792
2020-10-22 07:00:00,15081.49,15119.29,15062.97,15109.32,3.6025
2020-10-22 08:00:00,15131.9,15161.27,15072.02,15114.84,55.4716
2020-10-22 09:00:00,15139.87,15220.94,15126.69,15181.74,197.8899
2020-10-22 10:00:00,15117.01,15162.97,15037.33,15147.06,28.9527
2020-10-22 11:00:00,15283.65,15312.83,15251.66,15275.59,11.0945
2020-10-22 12:00:00,15173.57,15192.26,15144.78,15165.57,13.5825
2020-10-22 13:00:00,15247.69,15289.03,15235.79,15257.42,51.9085
2020-10-22 14:00:00,15312.71,15338.7,15299.44,15310.45,55.9634
2020-10-22 15:00:00,15142.19,15190.97,15127.0,15180.61,126.6121
2020-10-22 16:00:00,15398.77,15466.5,15307.03,15387.89,27.1715
2020-10-22 17:00:00,15388.37,15392.58,15377.23,15384.52,121.0124
2020-10-22 18:00:00,15317.86,15412.18,15302.98,15318.56,688.4018
2020-10-22 19:00:00,15212.64,15221.23,15170.31,15212.32,199.6947
2020-10-22 20:00:00,15204.61,15218.87,15179.11,15197.11,100.9433
2020-10-22 21:00:00,15188.51,15213.11,15182.95,15188.95,281.1953
2020-10-22 22:00:00,15169.78,15211.98,15162.99,15198.26,472.2735
2020-10-22 23:00:00,15210.49,15243.92,15125.94,15177.15,84.4607
2020-10-23 00:00:00,15245.01,15262.02,15206.58,15226.72,31.9696
2020-10-23 01:00:00,15179.2,15229.13,15167.2,15198.73,246.4907
2020-10-23 02:00:00,15048.01,15057.43,15023.71,15053.21,185.9149
2020-10-23 03:00:00,15039.92,15066.81,15000.39,15043.47,8.8406
2020-10-23 04:00:00,14882.94,14888.44,14858.77,14866.9,275.4744
2020-10-23 05:00:00,14862.52,14917.97,14842.74,14894.68,45.6053
2020-10-23 06:00:00,14815.85,14825.45,14797.94,14823.24,38.8735
2020-10-23 07:00:00,14810.71,14844.91,14799.87,14836.83,42.0481
2020-10-23 08:00:00,14931.54,14940.35,14922.94,14935.8,38.5689
2020-10-23 09:00:00,14859.42,14927.42,14858.54,14866.44,72.5722
2020-10-23 10:00:00,14948.01,14958.78,14910.84,14946.81,86.6962
2020-10-23 11:00:00,14906.9,14973.63,14875.43,14915.92,55.4491
2020-10-23 12:00:00,15036.86,15078.74,15014.36,15048.16,53.2013
2020-10-23 13:00:00,15031.5,15061.8,15016.3,15022.19,133.6795
2020-10-23 14:00:00,14967.37,15026.61,14959.33,14960.57,0.3032
2020-10-23 15:00:00,15021.75,15042.81,15008.67,15013.47,293.5323
2020-10-23 16:00:00,14979.61,14995.32,14976.18,14982.26,125.3281
2020-10-23 17:00:00,14912.19,14936.36,14856.08,14920.72,122.8445
2020-10-23 18:00:00,14884.8,14886.71,14859.51,14886.57,54.8118
2020-10-23 19:00:00,14892.19,14892.72,14849.36,14884.73,337.5144
2020-10-23 20:00:00,14953.49,15014.24,14939.61,14986.11,0.0323
2020-10-23 21:00:00,14848.54,14919.81,14840.54,14842.69,7.9564
2020-10-23 22:00:00,14850.47,14911.35,14833.71,14845.89,162.9969
2020-10-23 23:00:00,14894.68,14923.54,14887.03,14893.76,134.2089
2020-10-24 00:00:00,14907.43,14914.91,14883.34,14909.65,31.6569
2020-10-24 01:00:00,14970.28,15013.56,14941.08,15008.79,90.3275
2020-10-24 02:00:00,14998.11,15031.64,14976.37,15004.71,75.94
2020-10-24 03:00:00,15019.2,15022.65,14987.36,14992.37,74.8903
2020-10-24 04:00:00,15038.46,15043.08,14983.92,15038.27,90.5255
2020-10-24 05:00:00,15042.62,15126.52,15040.04,15047.24,507.2824
2020-10-24 06:00:00,15019.63,15044.66,14980.13,15019.37,436.9698
2020-10-24 07:00:00,15064.98,15087.41,15043.52,15059.63,399.9854
2020-10-24 08:00:00,15021.9,15041.57,15007.23,15012.01,79.5588
2020-10-24 09:00:00,14964.21,14996.12,14919.1,14967.63,38.2863
2020-10-24 10:00:00,14935.96,14983.1,14928.01,14929.62,82.1231
2020-10-24 11:00:00,15057.32,15061.13,15030.05,15032.11,97.4684
2020-10-24 12:00:00,14806.41,14892.48,14769.18,14791.52,37.315
2020-10-24 13:00:00,14856.95,14891.08,14808.81,14822.26,100.1783
2020-10-24 14:00:00,14816.54,14878.47,14808.41,14826.28,97.2846
2020-10-24 15:00:00,14727.8,14770.37,14700.35,14703.16,233.7916
2020-10-24 16:00:00,14715.75,14741.75,14703.44,14727.4,27.1289
2020-10-24 17:00:00,14769.12,14778.2,14714.58,14763.9,119.6037
2020-10-24 18:00:00,14819.75,14877.56,14805.6,14808.91,59.9222
2020-10-24 19:00:00,14606.57,14635.68,14584.82,14614.03,13.9165
2020-10-24 20:00:00,14716.63,14725.32,14687.86,14715.34,38.0064
2020-10-24 21:00:00,14675.88,14697.0,14656.14,14662.53,5.8983
2020-10-24 22:00:00,14703.88,14724.64,14701.81,14714.33,38.4682
2020-10-24 23:00:00,14794.98,14833.42,14737.76,14770.32,7.1511
2020-10-25 00:00:00,14686.69,14722.99,14685.81,14707.05,259.6219
2020-10-25 01:00:00,14785.72,14795.8,14748.59,14757.09,10.7302
2020-10-25 02:00:00,14744.87,14766.68,14729.87,14730.12,170.0136
2020-10-25 03:00:00,14577.73,14620.43,14563.38,14579.04,236.5806
2020-10-25 04:00:00,14659.71,14690.26,14626.45,14665.62,63.0493
2020-10-25 05:00:00,14602.85,14631.81,14594.52,14610.25,5.5435
2020-10-25 06:00:00,14547.32,14550.91,14535.87,14549.29,90.581
2020-10-25 07:00:00,14520.72,14531.45,14517.15,14521.43,26.7577
2020-10-25 08:00:00,14560.9,14570.02,14499.61,14542.65,19.4384
2020-10-25 09:00:00,14568.56,14587.93,14512.43,14539.94,83.6472
2020-10-25 10:00:00,14584.14,14615.37,14545.06,14581.23,44.0651
2020-10-25 11:00:00,14472.79,14502.68,14413.96,14485.03,131.0736
2020-10-25 12:00:00,14424.84,14442.47,14379.28,14432.72,89.4654
2020-10-25 13:00:00,14423.15,14443.65,14415.45,14425.79,176.8089
2020-10-25 14:00:00,14549.12,14596.5,14537.22,14564.12,6.016
2020-10-25 15:00:00,14540.13,14576.66,14514.07,14557.29,26.7774
2020-10-25 16:00:00,14668.43,14674.92,14637.11,14637.74,83.6994
2020-10-25 17:00:00,14646.45,14650.2,14610.68,14642.02,212.3839
2020-10-25 18:00:00,14595.91,14630.12,14553.66,14608.08,167.8958
2020-10-25 19:00:00,14603.43,14616.01,14569.1,14591.52,113.7971
2020-10-25 20:00:00,14563.51,14602.47,14534.8,14580.69,85.3485
2020-10-25 21:00:00,14610.13,14637.12,14603.28,14626.16,99.8204
2020-10-25 22:00:00,14716.32,14731.29,14704.96,14728.14,24.03
2020-10-25 23:00:00,14780.52,14808.64,14755.99,14756.1,90.4345
2020-10-26 00:00:00,14841.41,14867.64,14838.49,14845.16,68.0748
2020-10-26 01:00:00,14738.96,14802.41,14699.25,14775.04,48.5214
2020-10-26 02:00:00,14763.73,14764.35,14732.34,14745.88,218.6853
2020-10-26 03:00:00,14689.45,14695.54,14664.25,14693.95,176.8526
2020-10-26 04:00:00,14691.31,14724.62,14670.14,14718.53,7.984
2020-10-26 05:00:00,14688.93,14705.02,14677.52,14693.58,424.9557
2020-10-26 06:00:00,14756.35,14780.61,14737.33,14748.67,26.1344
2020-10-26 07:00:00,14687.42,14734.91,14666.37,14681.49,24.2504
2020-10-26 08:00:00,14712.52,14753.83,14653.75,14686.11,287.9128
2020-10-26 09:00:00,14725.45,14752.51,14716.9,14738.02,58.8431
2020-10-26 10:00:00,14587.98,14591.72,14574.01,14587.3,163.6628
2020-10-26 11:00:00,14733.19,14747.46,14705.14,14743.5,33.9962
2020-10-26 12:00:00,14701.4,14756.37,14687.12,14724.1,206.4916
2020-10-26 13:00:00,14589.4,14645.81,14551.77,14576.49,178.5607
2020-10-26 14:00:00,14596.23,14600.9,14582.3,14589.47,73.2884
2020-10-26 15:00:00,14597.51,14602.09,14541.37,14593.37,122.097
2020-10-26 16:00:00,14595.08,14627.87,14524.21,14588.85,332.5019
2020-10-26 17:00:00,14652.56,14704.95,14638.0,14662.61,60.1563
2020-10-26 18:00:00,14704.07,14771.1,14690.29,14718.88,68.1624
2020-10-26 19:00:00,14742.83,14766.29,14734.34,14742.27,128.303
2020-10-26 20:00:00,14794.09,14855.95,14740.74,14776.93,48.8455
2020-10-26 21:00:00,14794.45,14826.37,14744.94,14770.69,325.0101
2020-10-26 22:00:00,14915.15,14927.77,14853.14,14903.3,4.1276
2020-10-26 23:00:00,14794.99,14802.44,14775.97,14794.56,51.6471
2020-10-27 00:00:00,14810.37,14843.23,14769.87,14806.37,125.1243
2020-10-27 01:00:00,14812.84,14844.57,14794.18,14812.67,56.1033
2020-10-27 02:00:00,14859.12,14898.78,14836.86,14874.38,30.009
2020-10-27 03:00:00,14813.48,14870.77,14804.92,14813.11,53.3504
2020-10-27 04:00:00,14665.84,14708.19,14643.91,14685.45,213.2984
2020-10-27 05:00:00,14696.61,14722.25,14662.18,14698.43,79.1879
2020-10-27 06:00:00,14744.65,14745.12,14710.16,14720.57,40.8134
2020-10-27 07:00:00,14843.88,14873.65,14822.46,14831.68,111.3288
2020-10-27 08:00:00,14725.35,14779.36,14715.26,14738.95,94.6351
2020-10-27 09:00:00,14824.45,14826.39,14786.73,14825.52,82.1997
2020-10-27 10:00:00,14989.98,15014.03,14966.49,15002.5,49.6195
2020-10-27 11:00:00,14974.72,15002.73,14935.69,14975.66,7.4939
2020-10-27 12:00:00,14895.99,14946.14,14830.95,14880.49,96.9511
2020-10-27 13:00:00,14861.4,14866.34,14831.97,14851.7,54.4363
2020-10-27 14:00:00,14891.13,14893.52,14823.57,14854.23,55.9953
2020-10-27 15:00:00,14915.35,14927.49,14880.28,14897.59,26.6678
2020-10-27 16:00:00,14858.05,14893.69,14851.31,14855.02,28.6909
2020-10-27 17:00:00,14982.16,14988.14,14957.83,14972.02,154.8631
2020-10-27 18:00:00,14887.07,14912.75,14863.59,14890.08,65.2706
2020-10-27 19:00:00,14745.44,14772.54,14687.07,14762.09,11.5745
2020-10-27 20:00:00,14864.64,14871.19,14821.73,14845.25,4.6935
2020-10-27 21:00:00,14692.71,14720.02,14675.24,14677.9,25.4525
2020-10-27 22:00:00,14660.85,14674.51,14646.52,14664.39,66.8341
2020-10-27 23:00:00,14898.53,14927.16,14879.48,14894.45,96.0373
2020-10-28 00:00:00,14913.52,14943.03,14883.54,14895.04,15.511
2020-10-28 01:00:00,14825.6,14830.01,14812.2,14813.06,56.8912
2020-10-28 02:00:00,14788.62,14837.17,14787.25,14810.29,7.5319
2020-10-28 03:00:00,14811.62,14860.18,14785.96,14808.01,3.8456
2020-10-28 04:00:00,14818.9,14874.07,14814.18,14821.39,199.0317
2020-10-28 05:00:00,14888.5,14889.26,14815.16,14871.95,107.3922
2020-10-28 06:00:00,14811.42,14825.92,14754.97,14796.16,151.9112
2020-10-28 07:00:00,14942.17,14951.0,14890.13,14922.49,20.0743
2020-10-28 08:00:00,14925.57,14972.43,14911.94,14942.27,38.8841
2020-10-28 09:00:00,14986.31,15017.73,14969.61,14998.07,58.6612
2020-10-28 10:00:00,14969.12,14998.62,14902.51,14952.46,107.3045
2020-10-28 11:00:00,15041.22,15080.67,15010.71,15050.13,76.5382
2020-10-28 12:00:00,15009.42,15041.68,14970.12,15032.29,80.1751
2020-10-28 13:00:00,15062.67,15092.51,14996.31,15054.65,17.0721
2020-10-28 14:00:00,14977.72,14990.22,14977.19,14985.92,64.3951
2020-10-28 15:00:00,14939.41,14986.56,14905.41,14912.72,173.6126
2020-10-28 16:00:00,14969.96,15001.31,14958.3,14965.53,71.225
2020-10-28 17:00:00,14936.22,14956.88,14924.58,14933.83,22.2821
2020-10-28 18:00:00,14866.08,14881.94,14862.57,14871.57,53.3407
2020-10-28 19:00:00,14848.81,14852.32,14788.61,14825.23,140.5716
2020-10-28 20:00:00,14883.86,14915.57,14852.78,14878.52,14.5017
2020-10-28 21:00:00,14827.16,14868.88,14819.75,14833.22,86.8604
2020-10-28 22:00:00,14814.2,14838.26,14803.47,14825.97,336.144
2020-10-28 23:00:00,14827.48,14844.08,14819.21,14828.57,47.8523
2020-10-29 00:00:00,14673.53,14698.33,14663.91,14687.89,4.4622
2020-10-29 01:00:00,14596.33,14618.89,14566.02,14581.32,100.2677
2020-10-29 02:00:00,14580.88,14650.54,14534.52,14607.3,4.8249
2020-10-29 03:00:00,14552.9,14555.09,14512.34,14554.93,21.2705
2020-10-29 04:00:00,14642.22,14667.67,14591.03,14633.29,4.9608
2020-10-29 05:00:00,14710.52,14765.09,14697.66,14705.49,18.7114
2020-10-29 06:00:00,14749.25,14761.74,14739.45,14759.84,193.0554
2020-10-29 07:00:00,14905.45,14941.69,14891.92,14895.61,132.7465
2020-10-29 08:00:00,14877.72,14910.02,14877.01,14890.91,41.8326
2020-10-29 09:00:00,14940.38,15015.57,14921.79,14940.72,227.4365
2020-10-29 10:00:00,14908.26,14949.79,14890.03,14898.55,109.4169
2020-10-29 11:00:00,15089.71,15100.45,15046.28,15082.73,59.3748
2020-10-29 12:00:00,15223.54,15258.42,15199.5,15233.83,7.078
2020-10-29 13:00:00,15254.5,15264.52,15231.37,15236.26,131.2009
2020-10-29 14:00:00,15268.55,15300.38,15228.91,15267.23,47.0846
2020-10-29 15:00:00,15383.94,15418.93,15371.39,15372.52,36.0725
2020-10-29 16:00:00,15386.24,15432.72,15360.88,15362.75,34.0061
2020-10-29 17:00:00,15330.96,15386.42,15302.89,15313.85,0.7739
2020-10-29 18:00:00,15399.53,15417.76,15375.86,15382.3,135.73
2020-10-29 19:00:00,15392.83,15425.69,15340.18,15389.87,15.7017
2020-10-29 20:00:00,15417.72,15428.7,15376.12,15405.49,73.5313
2020-10-29 21:00:00,15346.05,15389.44,15307.7,15342.77,1.6212
2020-10-29 22:00:00,15194.14,15240.77,15167.4,15212.53,98.8548
2020-10-29 23:00:00,15236.63,15283.89,15161.76,15232.02,46.123
2020-10-30 00:00:00,15306.38,15350.06,15275.5,15302.46,99.6274
2020-10-30 01:00:00,15295.64,15365.42,15279.52,15286.71,9.4195
2020-10-30 02:00:00,15396.06,15415.63,15374.71,15398.04,30.9701
2020-10-30 03:00:00,15333.7,15393.9,15326.91,15345.38,11.6879
2020-10-30 04:00:00,15276.01,15285.35,15247.41,15265.99,103.8658
2020-10-30 05:00:00,15242.34,15286.8,15233.72,15262.39,11.491
2020-10-30 06:00:00,15279.87,15322.5,15237.32,15257.61,95.9987
2020-10-30 07:00:00,15314.33,15360.46,15276.85,15317.87,14.4668
2020-10-30 08:00:00,15263.8,15281.64,15251.77,15260.05,287.0945
2020-10-30 09:00:00,15374.55,15400.91,15310.83,15365.96,53.8506
2020-10-30 10:00:00,15527.78,15530.31,15510.66,15518.62,13.535
2020-10-30 11:00:00,15495.27,15557.49,15485.24,15517.13,4.271
2020-10-30 12:00:00,15628.51,15635.99,15608.49,15615.64,39.9616
2020-10-30 13:00:00,15539.43,15564.94,15525.02,15534.72,221.9959
2020-10-30 14:00:00,15609.86,15653.61,15594.41,15619.79,15.5269
2020-10-30 15:00:00,15691.37,15721.04,15683.03,15703.14,156.4618
2020-10-30 16:00:00,15767.23,15827.46,15759.72,15772.5,54.0206
2020-10-30 17:00:00,15752.37,15817.05,15743.98,15772.85,162.4185
2020-10-30 18:00:00,15568.21,15573.92,15537.86,15541.45,207.3788
2020-10-30 19:00:00,15516.16,15517.06,15475.36,15493.13,612.7311
2020-10-30 20:00:00,15453.17,15487.0,15412.82,15446.2,7.0634
2020-10-30 21:00:00,15368.75,15398.98,15321.87,15372.19,159.1113
2020-10-30 22:00:00,15380.09,15406.56,15340.46,15383.12,7.2236
2020-10-30 23:00:00,15364.07,15377.89,15347.39,15352.43,37.8034
2020-10-31 00:00:00,15317.55,15351.64,15276.35,15290.67,103.9115
2020-10-31 01:00:00,15202.57,15255.8,15174.43,15211.25,59.2919
2020-10-31 02:00:00,15141.41,15175.89,15141.03,15158.35,83.3
2020-10-31 03:00:00,15268.46,15280.44,15243.25,15244.87,338.7061
2020-10-31 04:00:00,15168.85,15219.13,15153.83,15196.01,170.7364
2020-10-31 05:00:00,15143.11,15197.26,15134.1,15158.4,45.2037
2020-10-31 06:00:00,15121.57,15148.73,15070.84,15125.3,91.6152
2020-10-31 07:00:00,15128.81,15178.62,15113.39,15152.45,4.9698
2020-10-31 08:00:00,15205.43,15268.62,15160.24,15188.53,60.312
2020-10-31 09:00:00,14971.65,14980.84,14952.24,14958.83,93.7506
2020-10-31 10:00:00,15028.1,15065.75,15024.41,15036.74,125.4274
2020-10-31 11:00:00,15165.62,15201.05,15121.65,15146.24,231.7874
2020-10-31 12:00:00,15090.06,15092.83,15046.79,15068.22,33.2761
2020-10-31 13:00:00,14994.78,15012.05,14957.33,14996.47,232.4528
2020-10-31 14:00:00,14957.47,14977.47,14953.65,14964.21,108.3286
2020-10-31 15:00:00,14942.83,14953.85,14895.01,14909.14,8.0826
2020-10-31 16:00:00,14938.09,14955.99,14923.44,14927.33,47.8573
2020-10-31 17:00:00,14787.33,14792.67,14772.33,14783.54,64.74
2020-10-31 18:00:00,14722.43,14765.5,14699.79,14702.38,43.4617
2020-10-31 19:00:00,14821.47,14836.5,14750.42,14817.0,12.323
2020-10-31 20:00:00,14742.26,14758.12,14703.61,14749.72,80.2035
2020-10-31 21:00:00,14844.08,14887.12,14813.95,14842.89,14.128
2020-10-31 22:00:00,14886.19,14927.27,14863.48,14870.75,246.5424
2020-10-31 23:00:00,14708.35,14753.44,14702.77,14737.71,200.4357
2020-11-01 00:00:00,14781.74,14826.82,14781.63,14786.0,64.4768
2020-11-01 01:00:00,14799.22,14823.41,14754.38,14778.78,7.0153
2020-11-01 02:00:00,14739.05,14763.24,14725.28,14746.6,80.3421
2020-11-01 03:00:00,14788.97,14805.67,14756.42,14766.14,89.7068
2020-11-01 04:00:00,14823.6,14832.29,14789.9,14802.65,219.3039
2020-11-01 05:00:00,14855.53,14885.52,14790.51,14856.51,6.9905
2020-11-01 06:00:00,14937.02,14979.24,14922.75,14945.52,117.7996
2020-11-01 07:00:00,14973.21,15008.84,14923.18,14977.51,82.7376
2020-11-01 08:00:00,14915.63,14934.1,14850.39,14875.99,19.2099
2020-11-01 09:00:00,14870.07,14871.38,14827.74,14842.25,12.9805
2020-11-01 10:00:00,15064.03,15092.27,15056.78,15062.14,118.401
2020-11-01 11:00:00,15109.01,15126.55,15105.21,15118.21,41.5244
2020-11-01 12:00:00,15300.61,15322.78,15298.64,15298.82,971.6113
2020-11-01 13:00:00,15410.84,15447.53,15387.9,15407.09,224.4346
2020-11-01 14:00:00,15408.07,15437.05,15380.22,15427.26,83.406
2020-11-01 15:00:00,15453.28,15474.43,15426.01,15452.05,102.6473
2020-11-01 16:00:00,15471.2,15484.12,15440.95,15450.77,17.3029
2020-11-01 17:00:00,15290.5,15340.62,15267.38,15318.06,224.4361
2020-11-01 18:00:00,15333.64,15395.65,15278.56,15320.97,61.4214
2020-11-01 19:00:00,15436.44,15436.57,15385.29,15415.25,73.6794
2020-11-01 20:00:00,15361.96,15375.42,15344.37,15370.57,206.4585
2020-11-01 21:00:00,15429.87,15452.12,15384.12,15403.77,0.627
2020-11-01 22:00:00,15460.22,15508.5,15435.92,15470.9,68.1904
2020-11-01 23:00:00,15408.87,15442.66,15367.01,15402.08,98.5551
2020-11-02 00:00:00,15364.15,15387.55,15326.22,15368.86,17.3532
2020-11-02 01:00:00,15287.48,15348.15,15287.44,15292.18,7.0745
2020-11-02 02:00:00,15221.44,15240.37,15199.3,15230.85,76.5576
2020-11-02 03:00:00,15144.88,15176.31,15098.01,15134.31,79.3032
2020-11-02 04:00:00,15080.48,15155.78,15050.24,15067.69,40.0852
2020-11-02 05:00:00,15175.16,15211.8,15172.29,15176.13,213.9033
2020-11-02 06:00:00,15087.64,15117.06,15079.65,15108.18,35.8226
2020-11-02 07:00:00,15125.34,15186.78,15076.8,15119.25,72.6662
2020-11-02 08:00:00,15089.11,15107.24,15049.88,15082.74,20.6674
2020-11-02 09:00:00,15169.87,15182.65,15148.77,15173.16,1.1223
2020-11-02 10:00:00,15302.67,15332.99,15249.38,15274.14,55.5174
2020-11-02 11:00:00,15317.67,15342.15,15299.44,15341.66,74.8551
2020-11-02 12:00:00,15332.61,15391.46,15309.32,15366.68,144.6808
2020-11-02 13:00:00,15339.24,15415.03,15316.54,15350.46,59.5607
2020-11-02 14:00:00,15271.36,15310.26,15246.72,15260.52,32.6745
2020-11-02 15:00:00,15394.07,15420.67,15346.57,15410.34,92.6939
2020-11-02 16:00:00,15338.29,15354.08,15326.45,15353.35,47.9933
2020-11-02 17:00:00,15420.48,15422.29,15375.68,15405.83,26.5822
2020-11-02 18:00:00,15496.15,15523.71,15472.7,15488.99,241.182
2020-11-02 19:00:00,15453.36,15468.11,15413.61,15447.53,76.9361
2020-11-02 20:00:00,15541.39,15563.04,15516.22,15529.25,22.374
2020-11-02 21:00:00,15583.51,15633.48,15576.03,15590.14,111.1428
2020-11-02 22:00:00,15720.44,15730.95,15708.92,15726.4,162.4946
2020-11-02 23:00:00,15703.77,15713.42,15663.16,15691.06,142.1026
2020-11-03 00:00:00,15570.78,15637.34,15542.67,15591.75,91.5135
2020-11-03 01:00:00,15520.57,15559.33,15474.73,15553.9,73.3181
2020-11-03 02:00:00,15564.95,15592.54,15523.7,15571.7,150.2036
2020-11-03 03:00:00,15592.29,15618.88,15503.75,15577.79,123.142
2020-11-03 04:00:00,15552.68,15570.2,15537.65,15548.7,84.7411
2020-11-03 05:00:00,15415.03,15440.36,15397.92,15401.83,107.2128
2020-11-03 06:00:00,15408.47,15450.36,15370.28,15439.6,18.4675
2020-11-03 07:00:00,15598.33,15608.67,15591.32,15593.41,2.0135
2020-11-03 08:00:00,15641.38,15679.78,15631.04,15631.16,267.5623
2020-11-03 09:00:00,15659.15,15686.71,15599.74,15680.33,273.7758
2020-11-03 10:00:00,15740.34,15763.22,15684.18,15726.78,155.1031
2020-11-03 11:00:00,15757.82,15775.12,15732.95,15759.58,46.57
2020-11-03 12:00:00,15883.2,15893.83,15821.33,15834.56,16.3402
2020-11-03 13:00:00,15832.9,15908.81,15781.62,15867.45,44.2127
2020-11-03 14:00:00,15865.92,15877.38,15832.41,15844.23,129.548
2020-11-03 15:00:00,15776.54,15786.39,15764.48,15782.76,40.8269
2020-11-03 16:00:00,15739.19,15807.67,15708.92,15764.69,158.9209
2020-11-03 17:00:00,15782.7,15815.2,15760.83,15791.02,111.7836
2020-11-03 18:00:00,15772.02,15782.57,15714.57,15767.65,99.4197
2020-11-03 19:00:00,15810.39,15843.94,15772.11,15794.01,266.2649
2020-11-03 20:00:00,15857.52,15899.45,15808.42,15830.26,223.8825
2020-11-03 21:00:00,15920.4,15947.08,15890.91,15897.8,124.3634
2020-11-03 22:00:00,15985.91,16026.53,15950.81,16001.35,22.2203
2020-11-03 23:00:00,16027.29,16033.28,15994.73,16009.19,279.564
2020-11-04 00:00:00,15912.34,15913.32,15884.03,15906.11,25.7635
2020-11-04 01:00:00,15869.86,15927.46,15851.18,15880.26,46.6144
2020-11-04 02:00:00,15881.98,15957.16,15881.89,15885.34,175.32
2020-11-04 03:00:00,15729.95,15747.3,15699.34,15741.12,23.4024
2020-11-04 04:00:00,15852.58,15886.83,15807.98,15851.99,101.7779
2020-11-04 05:00:00,15853.29,15927.1,15808.34,15864.86,61.2187
2020-11-04 06:00:00,15880.36,15934.68,15871.14,15896.7,97.8255
2020-11-04 07:00:00,16014.5,16015.05,15999.17,16006.83,317.1295
2020-11-04 08:00:00,15968.03,15991.19,15924.28,15957.99,165.2159
2020-11-04 09:00:00,16002.39,16034.09,15968.11,16005.39,35.0725
2020-11-04 10:00:00,16020.08,16026.93,15971.88,15998.2,5.898
2020-11-04 11:00:00,15980.91,15995.46,15954.9,15985.08,341.2592
2020-11-04 12:00:00,15920.14,15935.16,15898.27,15924.96,87.9892
2020-11-04 13:00:00,16069.78,16072.94,16044.5,16059.17,19.0078
2020-11-04 14:00:00,16028.5,16044.04,15990.82,16030.63,98.6468
2020-11-04 15:00:00,16089.66,16117.05,16068.16,16088.29,4.3133
2020-11-04 16:00:00,15898.9,15970.61,15865.81,15939.08,20.7666
2020-11-04 17:00:00,16034.98,16054.99,16002.37,16034.71,100.1387
2020-11-04 18:00:00,16091.22,16133.04,16068.04,16120.67,51.4963
2020-11-04 19:00:00,16110.44,16143.99,16081.25,16130.14,39.3178
2020-11-04 20:00:00,16091.93,16123.72,16035.46,16113.45,106.5646
2020-11-04 21:00:00,16130.45,16176.14,16116.47,16147.29,201.2931
2020-11-04 22:00:00,16324.72,16358.35,16316.3,16333.69,113.5041
2020-11-04 23:00:00,16183.44,16208.73,16152.1,16191.32,62.2578
2020-11-05 00:00:00,16267.05,16272.84,16247.89,16256.25,107.5474
2020-11-05 01:00:00,16187.38,16201.34,16171.52,16183.78,118.9584
2020-11-05 02:00:00,16153.02,16196.95,16126.68,16183.79,149.188
2020-11-05 03:00:00,16166.69,16173.22,16133.33,16165.35,36.6795
2020-11-05 04:00:00,16137.48,16177.23,16116.31,16132.34,12.1528
2020-11-05 05:00:00,16127.81,16134.38,16111.9,16133.11,114.5327
2020-11-05 06:00:00,16042.26,16071.86,16013.1,16043.24,12.9067
2020-11-05 07:00:00,16130.47,16158.74,16113.02,16127.4,61.9924
2020-11-05 08:00:00,15996.56,16008.74,15984.31,15984.34,26.2276
2020-11-05 09:00:00,16003.83,16063.19,15984.48,16029.07,40.3573
2020-11-05 10:00:00,16000.6,16065.51,15983.51,16004.51,63.6057
2020-11-05 11:00:00,15936.41,15946.49,15880.77,15912.41,226.5064
2020-11-05 12:00:00,15952.67,15974.73,15920.59,15930.1,114.0759
2020-11-05 13:00:00,15821.13,15892.73,15786.99,15807.68,18.8303
2020-11-05 14:00:00,15820.89,15860.7,15804.06,15812.4,211.5669
2020-11-05 15:00:00,15727.47,15730.33,15689.29,15701.49,69.4234
2020-11-05 16:00:00,15769.46,15801.21,15704.51,15739.27,22.8475
2020-11-05 17:00:00,15666.08,15732.0,15653.34,15668.1,74.9587
2020-11-05 18:00:00,15619.18,15653.03,15573.05,15634.34,21.1864
2020-11-05 19:00:00,15654.65,15689.13,15586.02,15658.88,45.7799
2020-11-05 20:00:00,15648.27,15649.17,15584.0,15599.96,163.7446
2020-11-05 21:00:00,15572.52,15628.29,15539.84,15597.0,107.4746
2020-11-05 22:00:00,15473.22,15496.56,15466.99,15480.5,64.9976
2020-11-05 23:00:00,15508.94,15538.78,15501.44,15530.88,25.6751
2020-11-06 00:00:00,15671.44,15691.44,15632.94,15669.49,33.1522
2020-11-06 01:00:00,15870.7,15911.15,15843.93,15889.82,382.7517
2020-11-06 02:00:00,15896.92,15921.27,15895.37,15898.65,41.9975
2020-11-06 03:00:00,15931.77,15963.05,15916.78,15962.89,95.7445
2020-11-06 04:00:00,15832.14,15889.95,15819.5,15822.37,69.2644
2020-11-06 05:00:00,15962.32,16017.07,15938.69,15942.84,2.3375
2020-11-06 06:00:00,16000.16,16013.12,15971.77,16006.31,289.4527
2020-11-06 07:00:00,15967.02,16055.71,15962.14,15969.18,9.2038
2020-11-06 08:00:00,16066.93,16090.53,16053.44,16069.56,107.5016
2020-11-06 09:00:00,16053.62,16060.36,16028.07,16050.72,166.6137
2020-11-06 10:00:00,16014.96,16029.91,16010.65,16015.57,138.1246
2020-11-06 11:00:00,16067.56,16132.45,16043.56,16055.23,165.6793
2020-11-06 12:00:00,15991.17,16023.99,15963.47,15971.48,134.5997
2020-11-06 13:00:00,16041.59,16137.08,16038.31,16054.66,58.9819
2020-11-06 14:00:00,15966.55,16038.23,15953.43,15971.49,226.6008
2020-11-06 15:00:00,15903.56,15912.7,15881.54,15889.24,243.5443
2020-11-06 16:00:00,15796.07,15821.89,15792.98,15818.55,57.4396
2020-11-06 17:00:00,15848.91,15908.01,15843.65,15880.21,66.3154
2020-11-06 18:00:00,15836.41,15903.11,15795.36,15832.82,66.4844
2020-11-06 19:00:00,15735.5,15747.55,15689.79,15727.69,32.6981
2020-11-06 20:00:00,15670.31,15748.81,15660.32,15681.64,12.2096
2020-11-06 21:00:00,15671.62,15686.04,15661.02,15680.69,30.3784
2020-11-06 22:00:00,15577.82,15603.74,15528.51,15589.67,185.8565
2020-11-06 23:00:00,15488.02,15511.63,15445.19,15501.46,78.3195
2020-11-07 00:00:00,15677.51,15715.77,15658.66,15666.65,189.8442
2020-11-07 01:00:00,15582.39,15613.98,15552.56,15600.8,136.7127
2020-11-07 02:00:00,15573.03,15602.66,15538.15,15577.16,42.8654
2020-11-07 03:00:00,15536.04,15588.4,15523.22,15550.12,20.4951
2020-11-07 04:00:00,15496.33,15527.74,15427.13,15518.91,83.7525
2020-11-07 05:00:00,15582.23,15602.07,15564.08,15568.68,274.6636
2020-11-07 06:00:00,15635.91,15646.79,15629.28,15644.04,182.8933
2020-11-07 07:00:00,15624.62,15634.49,15587.72,15621.67,144.3227
2020-11-07 08:00:00,15503.24,15561.81,15447.75,15526.66,144.4661
2020-11-07 09:00:00,15615.55,15654.61,15601.14,15627.15,75.0254
2020-11-07 10:00:00,15633.07,15687.2,15582.23,15621.26,18.5759
2020-11-07 11:00:00,15798.74,15841.63,15693.01,15757.97,33.6235
2020-11-07 12:00:00,15551.82,15613.6,15543.64,15582.62,86.2496
2020-11-07 13:00:00,15596.26,15629.65,15554.11,15599.4,38.0314
2020-11-07 14:00:00,15757.1,15769.64,15749.63,15750.61,152.1275
2020-11-07 15:00:00,15714.67,15733.63,15691.05,15724.36,46.7155
2020-11-07 16:00:00,15721.55,15747.47,15706.53,15708.21,12.0921
2020-11-07 17:00:00,15719.35,15740.25,15687.74,15732.99,152.576
2020-11-07 18:00:00,15693.02,15779.78,15626.64,15690.6,119.7759
2020-11-07 19:00:00,15659.51,15727.17,15631.69,15667.69,29.19
2020-11-07 20:00:00,15661.87,15671.74,15621.87,15642.79,396.9399
2020-11-07 21:00:00,15584.73,15609.38,15579.93,15595.28,51.6156
2020-11-07 22:00:00,15687.14,15790.97,15674.3,15692.66,114.0875
2020-11-07 23:00:00,15745.29,15779.26,15721.0,15730.41,241.2941
2020-11-08 00:00:00,15735.5,15753.43,15726.6,15751.7,16.9599
2020-11-08 01:00:00,15818.04,15818.75,15778.55,15816.95,211.2145
2020-11-08 02:00:00,15768.84,15797.7,15751.99,15797.63,121.7101
2020-11-08 03:00:00,15720.93,15792.78,15667.43,15738.05,18.3397
2020-11-08 04:00:00,15698.2,15713.8,15614.23,15692.21,109.217
2020-11-08 05:00:00,15678.37,15724.37,15657.31,15693.92,207.6052
2020-11-08 06:00:00,15603.87,15657.21,15591.66,15612.37,160.4527
2020-11-08 07:00:00,15582.56,15627.94,15537.85,15574.88,142.9649
2020-11-08 08:00:00,15527.25,15538.09,15498.25,15536.25,17.5945
2020-11-08 09:00:00,15715.76,15785.41,15687.38,15702.84,21.1492
2020-11-08 10:00:00,15489.96,15556.71,15471.85,15486.62,79.3446
2020-11-08 11:00:00,15481.01,15506.99,15453.61,15474.26,86.7848
2020-11-08 12:00:00,15628.7,15650.53,15575.32,15609.33,287.5713
2020-11-08 13:00:00,15625.4,15671.2,15566.66,15620.4,63.2393
2020-11-08 14:00:00,15704.94,15706.21,15673.77,15680.81,36.0257
2020-11-08 15:00:00,15704.5,15745.09,15680.84,15690.2,21.1676
2020-11-08 16:00:00,15631.23,15651.3,15622.91,15639.42,5.5693
2020-11-08 17:00:00,15485.67,15504.44,15464.24,15465.67,7.1124
2020-11-08 18:00:00,15487.19,15509.66,15446.38,15483.1,85.3708
2020-11-08 19:00:00,15418.52,15449.09,15412.0,15424.61,19.3903
2020-11-08 20:00:00,15368.7,15424.67,15364.34,15364.43,190.7959
2020-11-08 21:00:00,15344.68,15354.98,15317.95,15327.63,90.7509
2020-11-08 22:00:00,15469.92,15478.03,15457.38,15462.89,200.1641
2020-11-08 23:00:00,15678.88,15703.26,15606.98,15650.36,55.7676
2020-11-09 00:00:00,15685.95,15692.69,15662.21,15668.92,90.5789
2020-11-09 01:00:00,15642.26,15705.65,15627.03,15634.08,74.5343
2020-11-09 02:00:00,15527.67,15549.09,15516.33,15543.62,431.8245
2020-11-09 03:00:00,15578.78,15612.49,15574.66,15581.59,159.3662
2020-11-09 04:00:00,15723.17,15733.36,15622.06,15722.05,90.4857
2020-11-09 05:00:00,15715.11,15743.67,15666.22,15704.17,93.2893
2020-11-09 06:00:00,15528.83,15551.12,15490.98,15518.94,28.6086
2020-11-09 07:00:00,15575.13,15577.91,15530.82,15572.49,132.7094
2020-11-09 08:00:00,15652.65,15678.7,15629.63,15650.77,406.4758
2020-11-09 09:00:00,15539.43,15550.39,15483.25,15528.24,13.8609
2020-11-09 10:00:00,15530.15,15568.15,15494.28,15543.49,101.4072
2020-11-09 11:00:00,15606.53,15640.07,15565.21,15580.12,72.9565
2020-11-09 12:00:00,15544.09,15603.12,15528.8,15575.98,189.9865
2020-11-09 13:00:00,15538.53,15557.97,15503.22,15515.95,0.0047
2020-11-09 14:00:00,15595.61,15636.3,15594.05,15596.32,14.686
2020-11-09 15:00:00,15582.03,15594.01,15557.6,15566.42,3.7777
2020-11-09 16:00:00,15458.01,15493.74,15440.38,15452.38,17.7851
2020-11-09 17:00:00,15300.88,15313.04,15280.5,15295.58,123.0783
2020-11-09 18:00:00,15402.07,15428.31,15338.61,15393.54,15.0441
2020-11-09 19:00:00,15455.04,15480.9,15413.89,15442.54,97.3737
2020-11-09 20:00:00,15445.8,15457.5,15413.43,15450.88,202.6513
2020-11-09 21:00:00,15434.37,15477.83,15368.94,15418.41,3.5237
2020-11-09 22:00:00,15362.49,15431.81,15351.14,15379.17,2.7152
2020-11-09 23:00:00,15297.91,15359.61,15292.62,15297.99,459.0112
2020-11-10 00:00:00,15279.28,15290.12,15255.71,15266.52,111.8635
2020-11-10 01:00:00,15121.24,15149.42,15090.48,15106.21,15.1632
2020-11-10 02:00:00,15059.06,15079.38,15029.35,15052.13,36.6281
2020-11-10 03:00:00,15024.32,15088.07,15012.09,15030.23,420.0049
2020-11-10 04:00:00,15091.09,15110.85,15048.03,15077.57,25.7756
2020-11-10 05:00:00,15065.97,15165.35,15048.51,15076.06,139.7665
2020-11-10 06:00:00,15164.01,15205.8,15130.78,15137.49,27.5993
2020-11-10 07:00:00,15239.83,15280.78,15173.08,15241.12,50.8275
2020-11-10 08:00:00,15299.69,15350.65,15299.45,15323.28,212.615
2020-11-10 09:00:00,15342.51,15364.59,15330.76,15360.86,2.8851
2020-11-10 10:00:00,15363.98,15395.54,15360.4,15363.31,36.7065
2020-11-10 11:00:00,15291.64,15314.63,15288.01,15289.51,66.7855
2020-11-10 12:00:00,15377.83,15396.92,15347.03,15347.6,98.2149
2020-11-10 13:00:00,15461.96,15516.4,15448.52,15478.04,2.8648
2020-11-10 14:00:00,15506.67,15541.82,15500.56,15506.06,52.8771
2020-11-10 15:00:00,15639.67,15668.74,15620.22,15656.26,42.2032
2020-11-10 16:00:00,15530.74,15547.86,15517.71,15538.4,2.7234
2020-11-10 17:00:00,15476.3,15507.56,15424.46,15450.28,43.9075
2020-11-10 18:00:00,15500.26,15545.85,15478.12,15517.89,268.3674
2020-11-10 19:00:00,15549.07,15571.47,15512.59,15539.95,32.1071
2020-11-10 20:00:00,15649.73,15667.94,15613.44,15643.59,88.0903
2020-11-10 21:00:00,15643.56,15669.01,15629.54,15643.94,35.3958
2020-11-10 22:00:00,15585.7,15630.24,15559.31,15577.61,11.2795
2020-11-10 23:00:00,15544.48,15577.14,15511.97,15562.53,34.2101
2020-11-11 00:00:00,15470.41,15474.44,15391.79,15444.83,63.6312
2020-11-11 01:00:00,15388.78,15406.48,15329.53,15359.22,35.1273
2020-11-11 02:00:00,15436.16,15444.42,15388.4,15435.43,97.8617
2020-11-11 03:00:00,15541.91,15550.45,15480.04,15504.34,297.7671
2020-11-11 04:00:00,15527.83,15589.15,15520.64,15534.03,7.1788
2020-11-11 05:00:00,15408.07,15435.6,15399.64,15401.9,126.2324
2020-11-11 06:00:00,15397.86,15404.37,15317.81,15375.84,0.1257
2020-11-11 07:00:00,15276.19,15306.96,15252.71,15283.21,0.1022
2020-11-11 08:00:00,15353.4,15461.22,15346.15,15374.64,14.2623
2020-11-11 09:00:00,15306.59,15332.75,15272.05,15331.3,65.3793
2020-11-11 10:00:00,15281.03,15307.19,15229.51,15249.61,4.9194
2020-11-11 11:00:00,15245.34,15299.21,15223.88,15253.4,128.068
2020-11-11 12:00:00,15203.28,15224.79,15147.57,15206.11,2.9719
2020-11-11 13:00:00,15303.39,15327.61,15249.56,15320.44,68.4052
2020-11-11 14:00:00,15280.16,15293.36,15235.31,15265.68,112.7316
2020-11-11 15:00:00,15148.56,15172.45,15127.94,15160.41,27.1219
2020-11-11 16:00:00,14991.36,15026.57,14966.48,14998.73,86.5831
2020-11-11 17:00:00,15002.41,15005.4,14958.53,14997.92,30.3515
2020-11-11 18:00:00,14941.36,14974.58,14902.86,14957.28,24.0922
2020-11-11 19:00:00,14849.26,14919.24,14831.45,14851.91,170.5891
2020-11-11 20:00:00,14962.66,15006.65,14901.48,14941.71,40.4835
2020-11-11 21:00:00,14999.47,15031.36,14991.03,14993.05,168.1899
2020-11-11 22:00:00,14994.39,15039.09,14979.36,14992.44,24.4507
2020-11-11 23:00:00,15099.45,15125.55,15094.09,15096.21,43.9848
2020-11-12 00:00:00,15141.83,15153.41,15114.84,15147.73,10.8319
2020-11-12 01:00:00,15117.04,15154.03,15071.44,15086.92,68.6172
2020-11-12 02:00:00,14997.85,15019.71,14994.66,15010.04,48.0611
2020-11-12 03:00:00,15076.11,15076.31,15009.57,15072.93,0.5974
2020-11-12 04:00:00,15106.04,15113.11,15084.97,15104.31,62.5218
2020-11-12 05:00:00,15133.89,15188.54,15096.59,15118.64,7.7329
2020-11-12 06:00:00,15072.77,15095.9,15018.83,15056.16,181.3735
2020-11-12 07:00:00,15102.95,15114.71,15067.56,15103.43,68.0612
2020-11-12 08:00:00,15052.26,15086.56,15032.31,15047.89,117.1347
2020-11-12 09:00:00,15046.66,15063.23,15035.87,15041.72,172.113
2020-11-12 10:00:00,15117.62,15153.28,15057.91,15152.05,5.2534
2020-11-12 11:00:00,15079.5,15151.86,15054.71,15103.5,41.1279
2020-11-12 12:00:00,14977.15,15029.96,14967.75,14986.22,2.5439
2020-11-12 13:00:00,14900.48,14942.06,14880.31,14908.85,5.09
2020-11-12 14:00:00,14966.49,15004.0,14949.0,14984.46,3.8567
2020-11-12 15:00:00,15016.29,15028.51,15000.62,15005.04,64.9909
2020-11-12 16:00:00,14996.91,15043.47,14970.5,14996.87,59.9071
2020-11-12 17:00:00,14956.99,14984.29,14917.38,14960.2,6.3196
2020-11-12 18:00:00,14979.16,15025.39,14973.93,14998.0,30.4311
2020-11-12 19:00:00,14935.16,14967.54,14915.22,14935.83,28.0364
2020-11-12 20:00:00,14920.85,14989.9,14886.35,14960.15,35.1851
2020-11-12 21:00:00,14904.52,14942.53,14866.75,14906.94,102.3771
2020-11-12 22:00:00,14842.47,14858.24,14787.76,14841.53,119.4245
2020-11-12 23:00:00,14799.29,14849.28,14790.57,14795.71,41.411
2020-11-13 00:00:00,14746.31,14781.57,14734.53,14769.41,155.2258
2020-11-13 01:00:00,14770.6,14793.86,14760.99,14767.28,54.1045
2020-11-13 02:00:00,14770.75,14820.42,14752.13,14786.15,73.8987
2020-11-13 03:00:00,14503.15,14534.0,14500.04,14514.94,15.7297
2020-11-13 04:00:00,14468.16,14509.23,14456.77,14457.78,26.5132
2020-11-13 05:00:00,14459.98,14517.24,14430.48,14430.92,130.0319
2020-11-13 06:00:00,14541.7,14562.84,14504.24,14540.96,377.4099
2020-11-13 07:00:00,14452.07,14505.39,14426.28,14463.89,121.9606
2020-11-13 08:00:00,14479.84,14487.19,14461.1,14477.11,5.5722
2020-11-13 09:00:00,14600.47,14616.43,14567.56,14586.78,15.4191
2020-11-13 10:00:00,14501.48,14551.09,14472.07,14492.48,59.0191
2020-11-13 11:00:00,14562.31,14567.98,14491.9,14522.47,131.8908
2020-11-13 12:00:00,14455.32,14467.57,14447.58,14465.67,18.1441
2020-11-13 13:00:00,14434.26,14483.16,14404.79,14430.62,138.9584
2020-11-13 14:00:00,14396.38,14406.56,14353.33,14374.11,81.1561
2020-11-13 15:00:00,14344.24,14363.0,14270.15,14322.95,148.9627
2020-11-13 16:00:00,14491.0,14542.99,14461.23,14519.31,81.5626
2020-11-13 17:00:00,14582.02,14602.83,14568.95,14582.07,92.2619
2020-11-13 18:00:00,14685.63,14689.87,14627.74,14663.86,28.6013
2020-11-13 19:00:00,14743.89,14782.79,14683.79,14701.4,127.3644
2020-11-13 20:00:00,14595.06,14600.47,14568.71,14584.79,185.7991
2020-11-13 21:00:00,14609.68,14617.05,14609.23,14615.05,205.02
2020-11-13 22:00:00,14680.09,14723.37,14637.37,14694.92,2.9896
2020-11-13 23:00:00,14666.16,14691.3,14616.71,14633.69,97.9757
2020-11-14 00:00:00,14716.5,14732.73,14656.93,14705.78,456.0038
2020-11-14 01:00:00,14746.52,14770.68,14704.38,14759.04,88.4103
2020-11-14 02:00:00,14894.16,14899.37,14876.77,14897.19,18.786
2020-11-14 03:00:00,14872.17,14890.3,14847.68,14867.56,210.0527
2020-11-14 04:00:00,14795.49,14828.41,14771.18,14787.45,30.6942
2020-11-14 05:00:00,14748.91,14831.55,14747.63,14762.19,4.6058
2020-11-14 06:00:00,14860.5,14904.19,14855.24,14869.63,56.3028
2020-11-14 07:00:00,14710.82,14755.05,14690.73,14735.18,10.5664
2020-11-14 08:00:00,14599.43,14603.14,14558.5,14584.26,12.2441
2020-11-14 09:00:00,14587.26,14623.6,14563.58,14592.24,62.2296
2020-11-14 10:00:00,14568.2,14589.51,14539.63,14561.41,94.8513
2020-11-14 11:00:00,14584.14,14604.72,14514.89,14563.43,235.8014
2020-11-14 12:00:00,14636.94,14661.65,14607.9,14633.72,122.1638
2020-11-14 13:00:00,14593.1,14611.32,14548.26,14594.75,184.8985
2020-11-14 14:00:00,14462.33,14508.12,14384.82,14459.53,53.0662
2020-11-14 15:00:00,14609.71,14632.12,14591.38,14608.79,38.3594
2020-11-14 16:00:00,14555.52,14563.96,14529.72,14537.41,89.855
2020-11-14 17:00:00,14466.38,14501.22,14432.17,14461.88,118.9083
2020-11-14 18:00:00,14535.22,14562.34,14502.5,14543.14,83.991
2020-11-14 19:00:00,14531.84,14596.12,14501.94,14516.63,30.7234
2020-11-14 20:00:00,14531.34,14548.95,14487.34,14513.48,46.1597
2020-11-14 21:00:00,14530.5,14569.99,14499.7,14549.97,59.4759
2020-11-14 22:00:00,14652.68,14684.9,14623.17,14630.26,1.4253
2020-11-14 23:00:00,14612.65,14650.5,14606.83,14607.33,211.8921
2020-11-15 00:00:00,14723.97,14736.28,14714.03,14719.8,71.6232
2020-11-15 01:00:00,14578.74,14624.81,14547.4,14564.08,139.0423
2020-11-15 02:00:00,14612.57,14677.66,14579.97,14620.86,18.8635
2020-11-15 03:00:00,14574.84,14644.36,14538.23,14560.95,81.3382
2020-11-15 04:00:00,14656.79,14675.53,14652.71,14662.32,260.5464
2020-11-15 05:00:00,14652.55,14677.33,14617.35,14674.19,24.1151
2020-11-15 06:00:00,14611.7,14648.97,14575.73,14626.29,42.4428
2020-11-15 07:00:00,14684.55,14690.78,14652.78,14676.23,49.1551
2020-11-15 08:00:00,14729.3,14766.82,14706.14,14743.24,48.3378
2020-11-15 09:00:00,14815.85,14861.19,14766.13,14792.03,91.7848
2020-11-15 10:00:00,14734.86,14767.83,14696.63,14717.35,50.0496
2020-11-15 11:00:00,14702.79,14771.93,14635.96,14683.21,112.1025
2020-11-15 12:00:00,14686.21,14724.35,14643.01,14684.38,66.2735
2020-11-15 13:00:00,14686.6,14697.96,14649.48,14682.82,17.1531
2020-11-15 14:00:00,14721.73,14742.8,14705.46,14739.33,296.7499
2020-11-15 15:00:00,14606.84,14628.81,14568.21,14592.31,27.3801
2020-11-15 16:00:00,14623.71,14638.39,14604.78,14618.16,82.661
2020-11-15 17:00:00,14606.71,14625.3,14553.87,14598.43,6.2614
2020-11-15 18:00:00,14563.23,14577.48,14537.67,14538.68,250.8646
2020-11-15 19:00:00,14477.39,14497.33,14454.0,14486.16,263.1035
2020-11-15 20:00:00,14470.25,14526.61,14462.89,14472.07,45.3412
2020-11-15 21:00:00,14217.59,14237.23,14194.64,14212.94,12.8948
2020-11-15 22:00:00,14151.28,14218.12,14128.68,14164.53,146.9607
2020-11-15 23:00:00,14101.27,14127.63,14053.19,14103.92,30.4154
2020-11-16 00:00:00,14149.87,14151.67,14120.82,14142.9,120.6027
2020-11-16 01:00:00,14082.77,14116.07,14041.09,14087.35,246.6849
2020-11-16 02:00:00,14092.03,14097.71,14048.96,14073.61,89.2179
2020-11-16 03:00:00,14162.11,14185.27,14137.83,14183.54,197.4992
2020-11-16 04:00:00,14271.48,14274.16,14227.86,14255.48,25.4439
2020-11-16 05:00:00,14330.68,14336.68,14281.54,14321.22,241.2743
2020-11-16 06:00:00,14278.73,14345.5,14258.78,14286.85,25.7017
2020-11-16 07:00:00,14313.83,14363.2,14306.24,14327.07,25.5925
2020-11-16 08:00:00,14281.98,14313.2,14226.52,14311.75,211.9171
2020-11-16 09:00:00,14287.78,14339.6,14276.26,14299.15,80.9464
2020-11-16 10:00:00,14344.88,14358.7,14325.97,14329.87,160.665
2020-11-16 11:00:00,14287.73,14312.99,14286.34,14288.53,162.196
2020-11-16 12:00:00,14413.37,14429.57,14358.6,14396.62,104.1178
2020-11-16 13:00:00,14377.62,14411.9,14355.68,14386.54,20.9578
2020-11-16 14:00:00,14442.66,14472.11,14414.47,14432.45,117.7961
2020-11-16 15:00:00,14528.51,14543.62,14512.94,14538.94,6.575
2020-11-16 16:00:00,14601.27,14627.48,14586.12,14615.39,22.3979
2020-11-16 17:00:00,14512.33,14532.05,14508.48,14513.89,102.9773
2020-11-16 18:00:00,14537.95,14568.65,14528.95,14547.63,238.3901
2020-11-16 19:00:00,14588.42,14611.46,14536.65,14610.96,147.7063
2020-11-16 20:00:00,14674.9,14683.72,14649.34,14677.58,40.4153
2020-11-16 21:00:00,14598.9,14622.99,14558.9,14597.34,173.5578
2020-11-16 22:00:00,14569.3,14602.63,14536.86,14550.85,339.9118
2020-11-16 23:00:00,14638.36,14641.54,14595.3,14624.66,40.3393
2020-11-17 00:00:00,14588.2,14600.86,14547.07,14570.42,20.6809
2020-11-17 01:00:00,14560.53,14593.76,14549.57,14550.04,22.0041
2020-11-17 02:00:00,14671.02,14695.39,14644.72,14666.14,51.1365
2020-11-17 03:00:00,14646.08,14716.08,14620.24,14664.11,5.3742
2020-11-17 04:00:00,14614.47,14642.61,14593.33,14612.28,66.8957
2020-11-17 05:00:00,14558.31,14579.28,14544.53,14549.63,131.7883
2020-11-17 06:00:00,14596.53,14597.99,14561.85,14575.29,75.6001
2020-11-17 07:00:00,14489.53,14534.17,14468.97,14479.59,350.8234
2020-11-17 08:00:00,14481.07,14515.06,14448.94,14463.13,61.9341
2020-11-17 09:00:00,14473.72,14511.35,14451.31,14488.67,1.3348
2020-11-17 10:00:00,14579.48,14626.48,14568.79,14584.24,63.5113
2020-11-17 11:00:00,14640.66,14689.97,14624.3,14634.37,265.7578
2020-11-17 12:00:00,14600.52,14613.08,14573.65,14583.59,10.0773
2020-11-17 13:00:00,14668.84,14736.38,14647.18,14670.97,25.2273
2020-11-17 14:00:00,14649.26,14701.1,14620.35,14650.47,125.723
2020-11-17 15:00:00,14571.42,14574.52,14508.67,14561.42,34.8283
2020-11-17 16:00:00,14533.97,14571.28,14520.44,14550.35,144.9195
2020-11-17 17:00:00,14679.99,14685.71,14613.63,14656.43,54.3563
2020-11-17 18:00:00,14657.11,14675.29,14653.68,14670.01,158.9964
2020-11-17 19:00:00,14644.24,14684.18,14612.18,14672.39,80.192
2020-11-17 20:00:00,14794.12,14843.18,14774.72,14793.97,8.6069
2020-11-17 21:00:00,14714.52,14729.66,14675.88,14689.57,48.7982
2020-11-17 22:00:00,14605.18,14637.61,14575.49,14596.62,40.5338
2020-11-17 23:00:00,14491.02,14507.01,14450.71,14480.15,166.1159
2020-11-18 00:00:00,14509.17,14537.93,14486.41,14508.57,98.0505
2020-11-18 01:00:00,14519.89,14543.61,14504.41,14522.1,150.2382
2020-11-18 02:00:00,14612.96,14645.6,14587.73,14635.57,46.5454
2020-11-18 03:00:00,14621.74,14679.85,14566.76,14654.85,117.6822
2020-11-18 04:00:00,14629.58,14635.59,14561.78,14626.71,6.7459
2020-11-18 05:00:00,14647.5,14670.72,14617.13,14628.3,3.7415
2020-11-18 06:00:00,14643.41,14660.58,14630.99,14638.37,33.893
2020-11-18 07:00:00,14526.53,14529.99,14498.44,14517.48,148.589
2020-11-18 08:00:00,14738.97,14743.26,14675.57,14715.66,76.3757
2020-11-18 09:00:00,14760.24,14809.31,14715.68,14755.39,52.5638
2020-11-18 10:00:00,14770.54,14797.51,14754.95,14772.36,226.9485
2020-11-18 11:00:00,14807.14,14837.32,14807.04,14819.27,68.7884
2020-11-18 12:00:00,14903.39,14954.56,14843.31,14873.32,95.0337
2020-11-18 13:00:00,14872.18,14877.32,14843.01,14864.35,425.653
2020-11-18 14:00:00,14804.94,14823.52,14794.05,14818.92,73.8965
2020-11-18 15:00:00,14847.41,14869.69,14836.72,14864.82,153.0177
2020-11-18 16:00:00,14913.64,14960.27,14869.85,14894.97,53.4138
2020-11-18 17:00:00,14820.76,14868.42,14818.55,14836.15,3.7017
2020-11-18 18:00:00,14970.6,14972.63,14941.03,14942.9,179.8615
2020-11-18 19:00:00,14925.05,14999.66,14883.14,14966.31,288.9655
2020-11-18 20:00:00,15043.79,15061.56,15007.59,15022.42,56.9836
2020-11-18 21:00:00,15135.84,15147.94,15105.15,15128.47,70.0446
2020-11-18 22:00:00,15133.43,15187.34,15108.62,15131.64,55.1887
2020-11-18 23:00:00,15154.47,15166.13,15144.38,15157.13,577.8231
2020-11-19 00:00:00,15248.81,15252.74,15172.41,15220.04,233.6773
2020-11-19 01:00:00,15177.12,15180.62,15159.42,15166.4,4.197
2020-11-19 02:00:00,15158.31,15212.84,15153.95,15172.01,150.9677
2020-11-19 03:00:00,15156.96,15200.42,15142.81,15183.05,91.8385
2020-11-19 04:00:00,15114.67,15134.41,15093.49,15111.99,2.5463
2020-11-19 05:00:00,15288.61,15289.54,15285.58,15288.62,58.8269
2020-11-19 06:00:00,15159.5,15196.07,15110.08,15182.58,16.218
2020-11-19 07:00:00,15084.71,15144.16,15047.88,15085.55,206.3944
2020-11-19 08:00:00,15177.47,15226.21,15159.1,15186.19,1.278
2020-11-19 09:00:00,15242.01,15268.38,15221.98,15241.87,206.4402
2020-11-19 10:00:00,15176.21,15202.58,15146.44,15165.2,282.7495
2020-11-19 11:00:00,15235.47,15254.92,15205.18,15212.77,7.5785
2020-11-19 12:00:00,15339.87,15358.26,15253.61,15325.94,127.2386
2020-11-19 13:00:00,15314.1,15375.52,15266.27,15325.15,79.6049
2020-11-19 14:00:00,15531.55,15555.31,15487.32,15525.82,308.5148
2020-11-19 15:00:00,15394.51,15401.94,15371.97,15393.54,160.0229
2020-11-19 16:00:00,15427.9,15460.98,15413.75,15448.48,118.5524
2020-11-19 17:00:00,15546.32,15562.93,15528.14,15540.13,259.7087
2020-11-19 18:00:00,15639.92,15663.99,15554.58,15610.94,17.477
2020-11-19 19:00:00,15597.06,15602.24,15563.76,15596.55,47.1541
2020-11-19 20:00:00,15550.63,15591.45,15543.72,15575.46,185.1139
2020-11-19 21:00:00,15612.08,15640.54,15607.61,15611.61,10.7124
2020-11-19 22:00:00,15657.82,15681.99,15653.92,15676.84,274.0274
2020-11-19 23:00:00,15739.22,15754.21,15717.07,15725.64,136.7102
2020-11-20 00:00:00,15817.28,15856.19,15742.48,15808.99,57.8628
2020-11-20 01:00:00,15727.34,15746.05,15711.44,15730.03,41.358
2020-11-20 02:00:00,15708.49,15722.16,15706.53,15713.69,15.9707
2020-11-20 03:00:00,15638.09,15655.04,15632.22,15641.41,9.8356
2020-11-20 04:00:00,15612.9,15652.51,15583.82,15612.77,55.0944
2020-11-20 05:00:00,15681.47,15723.02,15648.68,15693.59,185.2137
2020-11-20 06:00:00,15681.84,15726.39,15674.41,15703.63,75.8968
2020-11-20 07:00:00,15928.0,15944.19,15900.84,15909.89,59.9928
2020-11-20 08:00:00,15920.72,15955.12,15893.56,15926.86,38.4255
2020-11-20 09:00:00,15935.87,15979.46,15869.37,15933.21,17.0729
2020-11-20 10:00:00,15947.81,15964.96,15906.49,15943.26,461.5149
2020-11-20 11:00:00,15899.13,15912.32,15891.95,15894.01,2.6069
2020-11-20 12:00:00,15872.35,15894.65,15864.45,15891.0,37.3699
2020-11-20 13:00:00,15955.42,16035.26,15954.83,15982.2,146.6982
2020-11-20 14:00:00,15983.49,16081.33,15962.42,15992.91,73.5133
2020-11-20 15:00:00,15937.36,15952.12,15889.25,15931.06,37.6666
2020-11-20 16:00:00,15847.42,15875.95,15843.08,15858.96,492.528
2020-11-20 17:00:00,15819.23,15847.82,15813.97,15824.85,96.5401
2020-11-20 18:00:00,15865.96,15866.71,15812.08,15832.28,34.9778
2020-11-20 19:00:00,15898.95,15965.42,15875.18,15928.35,188.3567
2020-11-20 20:00:00,15811.23,15855.08,15747.33,15823.18,16.2712
2020-11-20 21:00:00,15829.42,15840.64,15717.16,15799.46,62.2827
2020-11-20 22:00:00,15811.73,15822.5,15799.04,15812.44,183.0015
2020-11-20 23:00:00,15657.98,15716.7,15653.98,15669.04,411.402
2020-11-21 00:00:00,15623.54,15646.43,15598.05,15605.3,48.298
2020-11-21 01:00:00,15554.67,15561.29,15536.23,15553.81,14.8627
2020-11-21 02:00:00,15488.07,15516.33,15438.78,15493.47,83.6855
2020-11-21 03:00:00,15512.87,15547.92,15451.27,15509.88,288.2279
2020-11-21 04:00:00,15488.78,15519.48,15477.4,15498.98,109.5452
2020-11-21 05:00:00,15441.77,15507.0,15434.74,15457.5,92.1704
2020-11-21 06:00:00,15490.36,15501.41,15479.1,15492.12,37.0038
2020-11-21 07:00:00,15611.34,15653.51,15563.2,15627.14,93.2267
2020-11-21 08:00:00,15756.96,15774.29,15726.34,15756.79,216.0027
2020-11-21 09:00:00,15612.41,15624.61,15605.47,15606.88,47.0846
2020-11-21 10:00:00,15666.83,15705.97,15644.56,15653.47,27.7143
2020-11-21 11:00:00,15658.75,15677.13,15635.97,15641.1,65.577
2020-11-21 12:00:00,15648.45,15692.39,15605.28,15654.8,47.1906
2020-11-21 13:00:00,15633.0,15650.9,15607.21,15625.19,63.4739
2020-11-21 14:00:00,15643.64,15659.5,15595.7,15635.94,10.0627
2020-11-21 15:00:00,15654.47,15703.99,15642.55,15649.34,40.9789
2020-11-21 16:00:00,15598.12,15616.18,15594.75,15605.61,175.1853
2020-11-21 17:00:00,15521.25,15549.56,15492.3,15537.23,51.1361
2020-11-21 18:00:00,15511.7,15544.0,15484.57,15503.92,343.8747
2020-11-21 19:00:00,15497.13,15546.53,15486.93,15523.63,123.3899
2020-11-21 20:00:00,15567.51,15612.11,15529.41,15571.68,45.5764
2020-11-21 21:00:00,15599.74,15665.08,15570.56,15639.67,28.9903
2020-11-21 22:00:00,15581.74,15615.27,15571.29,15602.59,115.6352
2020-11-21 23:00:00,15612.59,15636.19,15578.31,15626.3,36.0176
2020-11-22 00:00:00,15720.28,15739.99,15696.63,15703.06,261.5829
2020-11-22 01:00:00,15807.02,15821.97,15761.3,15796.15,12.3678
2020-11-22 02:00:00,15784.33,15837.4,15760.74,15793.08,2.9161
2020-11-22 03:00:00,15788.72,15841.22,15746.06,15777.22,24.9779
2020-11-22 04:00:00,15807.89,15864.64,15781.3,15793.87,93.2977
2020-11-22 05:00:00,15702.13,15738.9,15702.06,15704.66,180.158
2020-11-22 06:00:00,15669.3,15705.66,15646.48,15691.03,18.6484
2020-11-22 07:00:00,15747.74,15796.13,15674.42,15751.01,87.8809
2020-11-22 08:00:00,15801.6,15809.07,15775.68,15803.14,15.5664
2020-11-22 09:00:00,15763.92,15851.45,15735.09,15783.37,82.8231
2020-11-22 10:00:00,15807.93,15821.7,15784.89,15802.13,1.835
2020-11-22 11:00:00,15742.96,15790.63,15733.61,15738.55,81.6009
2020-11-22 12:00:00,15802.51,15804.25,15792.46,15795.49,73.7676
2020-11-22 13:00:00,15795.32,15879.93,15746.46,15790.92,4.3793
2020-11-22 14:00:00,15782.22,15802.44,15766.11,15770.71,116.9304
2020-11-22 15:00:00,15740.94,15783.64,15699.12,15743.76,84.9227
2020-11-22 16:00:00,15743.56,15745.11,15699.41,15740.39,97.5768
2020-11-22 17:00:00,15700.47,15745.45,15656.54,15706.71,75.4542
2020-11-22 18:00:00,15750.76,15812.54,15723.62,15759.97,128.0111
2020-11-22 19:00:00,15751.45,15795.1,15703.53,15730.4,74.4449
2020-11-22 20:00:00,15824.85,15863.76,15797.5,15857.26,255.4511
2020-11-22 21:00:00,15989.02,16004.28,15955.26,15975.02,287.368
2020-11-22 22:00:00,15895.53,15948.56,15864.93,15905.4,129.7096
2020-11-22 23:00:00,15900.6,15932.87,15867.64,15912.54,242.7718
2020-11-23 00:00:00,15866.51,15904.39,15835.54,15862.36,256.5963
2020-11-23 01:00:00,15814.45,15844.79,15795.45,15838.04,30.3809
2020-11-23 02:00:00,15985.14,16017.42,15966.66,15998.2,510.4344
2020-11-23 03:00:00,15961.63,16035.07,15931.38,15975.19,31.1206
2020-11-23 04:00:00,16002.02,16006.96,15972.47,16005.56,1.8713
2020-11-23 05:00:00,16037.58,16061.26,16004.41,16050.48,327.6107
2020-11-23 06:00:00,15997.36,16018.31,15937.57,15971.79,25.3239
2020-11-23 07:00:00,15933.68,15949.57,15866.51,15905.1,87.7361
2020-11-23 08:00:00,15778.81,15847.13,15744.85,15810.78,352.9082
2020-11-23 09:00:00,15750.89,15764.02,15713.2,15742.32,5.0715
2020-11-23 10:00:00,15532.89,15550.27,15502.25,15519.56,31.3769
2020-11-23 11:00:00,15571.82,15605.58,15510.58,15563.37,93.8598
2020-11-23 12:00:00,15714.43,15760.11,15698.4,15724.78,143.7832
2020-11-23 13:00:00,15734.13,15785.35,15697.7,15737.98,164.6966
2020-11-23 14:00:00,15616.41,15636.82,15589.5,15628.1,215.2833
2020-11-23 15:00:00,15572.89,15588.36,15558.89,15579.44,18.4447
2020-11-23 16:00:00,15526.44,15635.5,15478.48,15545.25,46.2095
2020-11-23 17:00:00,15465.94,15481.9,15460.67,15467.71,125.2653
2020-11-23 18:00:00,15512.44,15537.59,15493.62,15535.79,125.6355
2020-11-23 19:00:00,15597.16,15605.67,15567.41,15600.28,36.8248
2020-11-23 20:00:00,15492.34,15549.5,15484.14,15511.71,36.2726
2020-11-23 21:00:00,15572.72,15590.28,15541.4,15569.5,38.6607
2020-11-23 22:00:00,15679.26,15692.4,15640.24,15689.92,222.6367
2020-11-23 23:00:00,15845.34,15847.82,15827.07,15840.74,240.2524
2020-11-24 00:00:00,16086.64,16089.68,16046.06,16069.26,1.4939
2020-11-24 01:00:00,16023.82,16030.91,15996.75,15998.39,39.3067
2020-11-24 02:00:00,16184.89,16282.35,16178.17,16225.91,49.7639
2020-11-24 03:00:00,16185.28,16225.91,16162.99,16198.79,403.9032
2020-11-24 04:00:00,16147.53,16179.77,16108.26,16152.43,288.5405
2020-11-24 05:00:00,16187.91,16192.38,16140.86,16180.46,98.9736
2020-11-24 06:00:00,16108.36,16176.48,16096.05,16134.99,4.6888
2020-11-24 07:00:00,16152.91,16226.34,16143.06,16168.79,21.2225
2020-11-24 08:00:00,16065.78,16120.42,16015.87,16063.69,56.9526
2020-11-24 09:00:00,16047.48,16048.45,15997.11,16046.12,319.5052
2020-11-24 10:00:00,16156.97,16165.79,16122.57,16150.87,9.9494
2020-11-24 11:00:00,16155.04,16203.75,16128.75,16147.87,156.7108
2020-11-24 12:00:00,16166.39,16192.34,16147.24,16160.92,21.2193
2020-11-24 13:00:00,16204.08,16207.85,16170.92,16200.94,70.8974
2020-11-24 14:00:00,16298.3,16304.63,16256.85,16297.39,145.6592
2020-11-24 15:00:00,16174.89,16204.57,16130.49,16164.14,117.9265
2020-11-24 16:00:00,16176.69,16226.39,16154.35,16213.0,149.4984
2020-11-24 17:00:00,16217.89,16245.08,16163.49,16192.88,167.9821
2020-11-24 18:00:00,16172.26,16212.12,16167.48,16207.99,36.4912
2020-11-24 19:00:00,16277.93,16312.26,16205.42,16295.51,45.2605
2020-11-24 20:00:00,16196.17,16213.97,16142.2,16199.84,169.1422
2020-11-24 21:00:00,16130.28,16137.39,16098.08,16119.44,3.941
2020-11-24 22:00:00,15917.24,15966.62,15890.53,15965.06,72.2483
2020-11-24 23:00:00,15922.37,15951.64,15879.4,15922.82,253.0799
2020-11-25 00:00:00,16043.04,16058.45,15995.09,16030.33,216.2858
2020-11-25 01:00:00,16038.21,16077.29,16015.96,16022.27,163.1193
2020-11-25 02:00:00,15905.42,15927.96,15872.89,15916.52,2.1784
2020-11-25 03:00:00,15874.68,15894.62,15856.89,15879.46,218.6466
2020-11-25 04:00:00,15753.2,15787.62,15714.67,15762.91,242.6607
2020-11-25 05:00:00,15669.65,15676.04,15650.35,15675.81,108.9663
2020-11-25 06:00:00,15691.64,15728.42,15632.99,15707.85,35.5125
2020-11-25 07:00:00,15603.34,15648.91,15601.03,15617.23,67.3202
2020-11-25 08:00:00,15712.49,15717.0,15687.23,15705.67,143.8091
2020-11-25 09:00:00,15703.72,15725.68,15659.34,15701.65,167.68
2020-11-25 10:00:00,15717.67,15756.03,15709.41,15709.94,42.0595
2020-11-25 11:00:00,15693.01,15720.03,15664.4,15689.65,39.4625
2020-11-25 12:00:00,15762.94,15780.11,15730.78,15751.85,133.2493
2020-11-25 13:00:00,15828.99,15868.4,15741.9,15815.1,115.9496
2020-11-25 14:00:00,15815.58,15861.27,15793.07,15843.18,71.9896
2020-11-25 15:00:00,15875.93,15929.91,15818.21,15889.5,54.5176
2020-11-25 16:00:00,15870.57,15878.42,15863.91,15874.24,107.0491
2020-11-25 17:00:00,15918.5,15919.79,15895.93,15918.86,3.2971
2020-11-25 18:00:00,15882.91,15909.2,15871.46,15893.56,7.8707
2020-11-25 19:00:00,15909.83,15914.96,15846.71,15895.33,85.1174
2020-11-25 20:00:00,15906.52,15937.58,15822.38,15875.09,23.6075
2020-11-25 21:00:00,15843.34,15864.59,15799.63,15840.39,149.0695
2020-11-25 22:00:00,15788.72,15807.17,15749.26,15787.39,148.0007
2020-11-25 23:00:00,15839.33,15876.83,15769.08,15825.89,123.7744
2020-11-26 00:00:00,15901.45,16023.15,15891.19,15931.18,233.9277
2020-11-26 01:00:00,16026.51,16060.21,15985.86,16026.06,15.1794
2020-11-26 02:00:00,15942.56,15959.05,15922.87,15926.97,30.0079
2020-11-26 03:00:00,16020.92,16068.56,16013.37,16031.23,29.0752
2020-11-26 04:00:00,15987.7,16037.67,15933.73,16007.33,152.5045
2020-11-26 05:00:00,16054.03,16073.11,16029.68,16057.01,73.6774
2020-11-26 06:00:00,15984.89,15992.07,15984.05,15985.86,29.1256
2020-11-26 07:00:00,15984.27,16052.59,15943.79,15998.81,14.6677
2020-11-26 08:00:00,16059.1,16098.97,16019.45,16025.5,223.5079
2020-11-26 09:00:00,15900.53,15922.1,15896.92,15908.15,117.8075
2020-11-26 10:00:00,15939.71,15990.24,15913.73,15958.12,75.1889
2020-11-26 11:00:00,16065.61,16089.12,16030.39,16067.11,336.5952
2020-11-26 12:00:00,16069.26,16090.18,16025.71,16054.69,189.4397
2020-11-26 13:00:00,16165.76,16167.85,16139.96,16165.48,19.6163
2020-11-26 14:00:00,16159.61,16172.75,16148.15,16151.76,70.9542
2020-11-26 15:00:00,16207.85,16231.36,16156.03,16221.99,66.5685
2020-11-26 16:00:00,16067.53,16093.93,16008.8,16043.66,185.9737
2020-11-26 17:00:00,16248.42,16248.58,16237.44,16239.3,16.1447
2020-11-26 18:00:00,16379.49,16419.14,16352.25,16362.35,60.109
2020-11-26 19:00:00,16346.67,16353.7,16326.04,16340.7,101.2088
2020-11-26 20:00:00,16194.55,16226.3,16173.95,16181.21,290.5062
2020-11-26 21:00:00,16191.98,16206.46,16157.35,16206.13,229.5261
2020-11-26 22:00:00,16082.84,16094.16,16072.52,16090.75,76.3243
2020-11-26 23:00:00,16149.86,16152.51,16066.73,16128.14,93.3235
2020-11-27 00:00:00,16188.16,16229.62,16160.17,16162.95,191.3258
2020-11-27 01:00:00,16070.03,16114.4,16027.28,16088.48,136.4096
2020-11-27 02:00:00,16184.31,16230.62,16122.16,16180.27,211.4742
2020-11-27 03:00:00,16240.05,16296.91,16235.88,16247.06,226.2697
2020-11-27 04:00:00,16316.57,16417.48,16294.76,16327.95,178.7286
2020-11-27 05:00:00,16334.96,16405.23,16303.65,16330.31,0.9422
2020-11-27 06:00:00,16234.86,16244.19,16192.16,16216.36,37.2418
2020-11-27 07:00:00,16304.63,16310.81,16261.34,16297.27,51.6705
2020-11-27 08:00:00,16271.67,16278.82,16252.56,16276.87,113.2941
2020-11-27 09:00:00,16173.71,16186.17,16126.89,16165.39,36.6525
2020-11-27 10:00:00,16270.43,16276.3,16214.8,16276.29,39.0909
2020-11-27 11:00:00,16455.55,16459.94,16408.77,16448.77,51.1164
2020-11-27 12:00:00,16469.99,16513.1,16431.93,16447.02,310.8534
2020-11-27 13:00:00,16591.69,16645.03,16559.31,16626.22,57.4756
2020-11-27 14:00:00,16648.74,16680.66,16634.09,16635.47,15.1605
2020-11-27 15:00:00,16579.94,16630.09,16533.03,16605.49,0.6376
2020-11-27 16:00:00,16575.14,16592.52,16514.95,16554.81,26.999
2020-11-27 17:00:00,16681.34,16710.17,16676.46,16691.97,279.3786
2020-11-27 18:00:00,16608.28,16654.87,16608.01,16628.53,310.0927
2020-11-27 19:00:00,16702.93,16708.19,16680.16,16691.33,75.29
2020-11-27 20:00:00,16652.39,16659.77,16593.78,16646.33,103.9485
2020-11-27 21:00:00,16593.08,16617.95,16571.92,16609.68,158.9233
2020-11-27 22:00:00,16675.98,16777.99,16654.81,16696.9,5.751
2020-11-27 23:00:00,16663.72,16684.4,16642.61,16666.84,46.8896
2020-11-28 00:00:00,16614.75,16658.51,16600.81,16634.78,102.7913
2020-11-28 01:00:00,16712.9,16731.41,16661.03,16730.66,228.527
2020-11-28 02:00:00,16867.91,16911.27,16852.9,16865.96,129.7659
2020-11-28 03:00:00,16905.67,16954.66,16888.76,16922.02,43.0877
2020-11-28 04:00:00,16875.5,16885.58,16802.36,16868.31,240.7749
2020-11-28 05:00:00,16852.0,16893.18,16817.09,16826.93,109.2489
2020-11-28 06:00:00,16832.83,16909.61,16796.56,16835.34,177.3342
2020-11-28 07:00:00,16866.23,16901.75,16837.83,16864.03,48.6959
2020-11-28 08:00:00,16816.29,16845.87,16769.72,16782.42,0.2161
2020-11-28 09:00:00,16824.77,16870.69,16812.57,16844.77,18.1724
2020-11-28 10:00:00,16873.74,16878.32,16837.31,16853.66,261.9729
2020-11-28 11:00:00,16728.66,16758.84,16704.06,16710.76,3.3685
2020-11-28 12:00:00,16649.03,16690.3,16627.84,16634.82,90.6438
2020-11-28 13:00:00,16615.99,16633.34,16590.04,16594.55,52.6155
2020-11-28 14:00:00,16594.82,16608.27,16585.89,16590.17,56.138
2020-11-28 15:00:00,16738.78,16786.89,16679.09,16748.54,51.219
2020-11-28 16:00:00,16788.52,16789.67,16768.11,16770.16,6.9807
2020-11-28 17:00:00,16720.26,16794.51,16682.06,16701.34,13.0485
2020-11-28 18:00:00,16739.92,16748.9,16666.16,16721.44,6.5007
2020-11-28 19:00:00,16694.41,16713.34,16612.94,16693.67,5.5415
2020-11-28 20:00:00,16710.47,16767.88,16700.07,16722.45,8.9499
2020-11-28 21:00:00,16775.87,16796.48,16772.22,16772.66,119.276
2020-11-28 22:00:00,16891.65,16909.21,16863.22,16875.75,12.127
2020-11-28 23:00:00,16892.67,16895.52,16850.74,16875.39,30.3125
2020-11-29 00:00:00,17008.05,17021.75,16968.52,17015.37,106.9877
2020-11-29 01:00:00,17099.71,17127.63,17083.63,17094.32,11.9083
2020-11-29 02:00:00,17013.27,17039.72,16980.87,17035.56,241.0797
2020-11-29 03:00:00,17242.46,17246.55,17200.64,17225.5,64.91
2020-11-29 04:00:00,17241.87,17296.12,17213.36,17255.38,329.8392
2020-11-29 05:00:00,17198.55,17220.65,17147.2,17185.06,21.3826
2020-11-29 06:00:00,17308.89,17387.72,17305.45,17328.8,3.1103
2020-11-29 07:00:00,17528.62,17535.08,17483.44,17510.56,89.2285
2020-11-29 08:00:00,17515.06,17576.91,17495.42,17509.42,39.8596
2020-11-29 09:00:00,17453.43,17490.85,17416.46,17467.08,84.9545
2020-11-29 10:00:00,17465.84,17489.39,17421.13,17453.77,64.1789
2020-11-29 11:00:00,17507.55,17549.33,17475.84,17517.89,61.0934
2020-11-29 12:00:00,17644.78,17707.21,17565.89,17631.57,190.5002
2020-11-29 13:00:00,17678.78,17732.32,17677.25,17683.63,21.2988
2020-11-29 14:00:00,17663.93,17724.24,17644.65,17694.39,69.2417
2020-11-29 15:00:00,17811.17,17845.62,17761.14,17828.69,53.7862
2020-11-29 16:00:00,17794.92,17847.26,17763.12,17802.58,112.0151
2020-11-29 17:00:00,17920.62,17984.99,17873.2,17896.13,5.1433
2020-11-29 18:00:00,17888.25,17933.5,17865.12,17872.14,75.379
2020-11-29 19:00:00,17941.53,17977.55,17893.64,17912.45,65.1124
2020-11-29 20:00:00,17933.67,17938.83,17901.2,17904.07,363.3657
2020-11-29 21:00:00,17891.29,17978.59,17861.58,17900.86,140.9857
2020-11-29 22:00:00,17865.5,17869.55,17848.46,17868.87,16.8393
2020-11-29 23:00:00,17983.41,18033.48,17973.02,17990.81,71.1748
2020-11-30 00:00:00,17914.64,17978.26,17908.12,17926.68,153.126
2020-11-30 01:00:00,17829.23,17866.67,17798.96,17862.13,74.3534
2020-11-30 02:00:00,18053.07,18074.34,18022.25,18053.34,44.1145
2020-11-30 03:00:00,18120.09,18202.92,18111.48,18143.41,47.2656
2020-11-30 04:00:00,17928.24,17949.29,17912.81,17928.85,45.7291
2020-11-30 05:00:00,17917.81,17972.24,17868.82,17879.98,2.0156
2020-11-30 06:00:00,17710.75,17740.95,17699.6,17719.77,131.1544
2020-11-30 07:00:00,17640.75,17667.96,17605.55,17637.31,94.3877
2020-11-30 08:00:00,17378.04,17386.8,17330.55,17362.3,31.2901
2020-11-30 09:00:00,17357.01,17361.81,17281.07,17352.15,99.4315
2020-11-30 10:00:00,17259.85,17287.14,17218.86,17254.81,36.9224
2020-11-30 11:00:00,17255.44,17272.85,17207.02,17261.7,27.8896
2020-11-30 12:00:00,17119.19,17138.25,17109.08,17123.16,135.1518
2020-11-30 13:00:00,17115.53,17155.61,17106.14,17131.98,165.6056
2020-11-30 14:00:00,17112.61,17163.02,17088.78,17098.15,98.2721
2020-11-30 15:00:00,17198.26,17247.13,17178.94,17228.26,153.3156
2020-11-30 16:00:00,17368.41,17390.77,17349.1,17351.56,45.5233
2020-11-30 17:00:00,17396.97,17435.07,17394.59,17421.43,7.4512
2020-11-30 18:00:00,17411.46,17417.94,17373.37,17394.72,92.858
2020-11-30 19:00:00,17562.92,17577.87,17546.56,17569.14,29.5682
2020-11-30 20:00:00,17412.99,17446.22,17400.03,17434.46,150.2735
2020-11-30 21:00:00,17323.89,17346.12,17307.81,17313.86,44.3335
2020-11-30 22:00:00,17324.41,17325.46,17304.62,17308.34,111.0704
2020-11-30 23:00:00,17497.47,17532.89,17468.82,17505.13,80.4897
2020-12-01 00:00:00,17501.78,17528.4,17481.62,17489.17,170.0922
2020-12-01 01:00:00,17434.97,17476.07,17416.1,17474.9,178.5611
2020-12-01 02:00:00,17327.75,17400.66,17288.59,17350.66,7.0742
2020-12-01 03:00:00,17456.99,17531.54,17375.74,17434.46,34.9722
2020-12-01 04:00:00,17515.37,17529.73,17484.22,17519.29,204.7006
2020-12-01 05:00:00,17557.41,17619.35,17496.16,17590.16,51.7497
2020-12-01 06:00:00,17524.33,17551.7,17505.5,17536.58,72.3337
2020-12-01 07:00:00,17460.23,17503.48,17430.98,17476.37,20.2537
2020-12-01 08:00:00,17362.24,17369.75,17342.58,17365.12,80.4495
2020-12-01 09:00:00,17367.7,17387.29,17363.49,17374.14,30.7361
2020-12-01 10:00:00,17285.12,17345.68,17232.52,17282.02,176.7459
2020-12-01 11:00:00,17180.82,17214.67,17134.13,17182.01,22.3449
2020-12-01 12:00:00,17170.65,17216.91,17120.7,17147.33,44.6061
2020-12-01 13:00:00,17114.37,17115.19,17089.89,17107.11,9.9902
2020-12-01 14:00:00,17070.61,17098.69,17040.95,17062.8,88.6688
2020-12-01 15:00:00,17124.23,17127.37,17076.56,17104.3,284.6831
2020-12-01 16:00:00,17106.12,17163.07,17062.22,17112.77,19.0139
2020-12-01 17:00:00,17068.26,17092.31,16992.22,17089.83,1.9935
2020-12-01 18:00:00,17127.82,17175.69,17053.72,17107.17,54.8983
2020-12-01 19:00:00,17026.39,17094.45,16992.68,17024.07,137.9975
2020-12-01 20:00:00,17037.11,17093.96,17009.02,17034.74,369.2913
2020-12-01 21:00:00,17038.47,17065.59,17023.65,17049.27,5.2641
2020-12-01 22:00:00,16912.41,16941.27,16899.2,16922.84,154.1601
2020-12-01 23:00:00,17023.19,17073.91,16986.68,17008.79,45.9933
2020-12-02 00:00:00,16952.2,17008.2,16863.85,16935.53,16.6919
2020-12-02 01:00:00,16958.15,16970.31,16938.36,16944.87,21.3571
2020-12-02 02:00:00,17058.73,17066.79,17036.19,17045.22,257.5494
2020-12-02 03:00:00,17135.56,17161.0,17101.96,17125.81,165.7356
2020-12-02 04:00:00,17132.72,17156.45,17082.57,17130.47,37.3573
2020-12-02 05:00:00,17098.13,17142.22,17089.85,17101.13,281.6587
2020-12-02 06:00:00,17204.65,17246.3,17181.85,17183.86,11.1215
2020-12-02 07:00:00,17237.1,17283.18,17209.66,17243.54,38.94
2020-12-02 08:00:00,17198.32,17223.86,17140.73,17191.95,105.8203
2020-12-02 09:00:00,17111.58,17144.25,17110.8,17125.35,745.0891
2020-12-02 10:00:00,16938.43,16971.12,16911.58,16949.61,62.6689
2020-12-02 11:00:00,16960.35,16988.07,16957.25,16964.36,166.4501
2020-12-02 12:00:00,16945.41,17016.87,16901.23,16959.04,247.5343
2020-12-02 13:00:00,17070.69,17124.69,17040.62,17057.08,0.9675
2020-12-02 14:00:00,17066.37,17091.35,17059.92,17089.41,34.0999
2020-12-02 15:00:00,17206.83,17223.94,17132.62,17205.12,10.576
2020-12-02 16:00:00,17149.12,17156.06,17100.46,17146.85,149.6378
2020-12-02 17:00:00,17214.91,17260.99,17146.97,17246.14,83.7134
2020-12-02 18:00:00,17194.67,17257.75,17178.01,17202.26,10.0439
2020-12-02 19:00:00,17275.28,17328.67,17219.62,17270.86,54.5977
2020-12-02 20:00:00,17153.97,17231.3,17116.91,17146.62,72.1484
2020-12-02 21:00:00,17164.99,17210.82,17151.46,17168.49,119.6506
2020-12-02 22:00:00,17011.35,17037.51,16989.33,16999.84,151.1786
2020-12-02 23:00:00,16976.98,17001.24,16964.03,16978.83,9.1975
2020-12-03 00:00:00,17018.15,17026.25,16968.56,17017.91,66.8739
2020-12-03 01:00:00,16979.56,16979.62,16947.26,16975.29,17.5692
2020-12-03 02:00:00,16903.48,16947.92,16882.19,16887.83,139.9402
2020-12-03 03:00:00,16949.5,16974.62,16943.66,16960.96,107.1977
2020-12-03 04:00:00,16945.63,16971.72,16928.74,16953.88,128.3741
2020-12-03 05:00:00,16902.76,16919.75,16884.78,16914.08,7.7955
2020-12-03 06:00:00,16913.69,16946.14,16896.83,16919.31,71.4013
2020-12-03 07:00:00,17168.51,17178.89,17120.13,17144.06,183.6217
2020-12-03 08:00:00,17254.53,17256.05,17232.44,17244.65,124.9463
2020-12-03 09:00:00,17327.0,17372.4,17291.38,17346.62,197.8677
2020-12-03 10:00:00,17375.69,17390.08,17360.41,17386.13,23.0803
2020-12-03 11:00:00,17408.83,17446.41,17378.54,17402.34,33.8135
2020-12-03 12:00:00,17180.0,17196.97,17121.87,17195.59,58.2105
2020-12-03 13:00:00,17126.5,17141.98,17095.86,17138.93,74.0778
2020-12-03 14:00:00,17122.46,17204.81,17086.3,17099.46,29.057
2020-12-03 15:00:00,16930.49,16948.68,16898.42,16940.88,48.0034
2020-12-03 16:00:00,16860.61,16900.27,16842.95,16844.53,116.1689
2020-12-03 17:00:00,16700.32,16716.98,16669.71,16679.39,103.6712
2020-12-03 18:00:00,16665.62,16699.11,16603.93,16677.86,11.7066
2020-12-03 19:00:00,16732.9,16762.08,16686.12,16747.8,424.7681
2020-12-03 20:00:00,16837.51,16860.65,16805.36,16842.16,82.7239
2020-12-03 21:00:00,16860.4,16898.72,16816.45,16878.77,66.0801
2020-12-03 22:00:00,16801.19,16808.91,16796.33,16799.15,341.8766
2020-12-03 23:00:00,16635.13,16689.6,16627.06,16638.55,15.1206
2020-12-04 00:00:00,16500.0,16523.93,16458.98,16494.05,78.4546
2020-12-04 01:00:00,16413.95,16462.25,16386.98,16391.05,163.5154
2020-12-04 02:00:00,16333.18,16340.54,16306.0,16319.84,50.9
2020-12-04 03:00:00,16316.42,16343.94,16305.19,16308.44,133.2961
2020-12-04 04:00:00,16195.47,16238.78,16175.11,16227.37,229.4249
2020-12-04 05:00:00,16263.71,16299.47,16240.64,16256.5,30.3341
2020-12-04 06:00:00,16267.22,16292.74,16186.14,16239.24,27.636
2020-12-04 07:00:00,16192.83,16293.79,16167.75,16241.72,44.7359
2020-12-04 08:00:00,16347.21,16392.64,16290.42,16335.95,54.2044
2020-12-04 09:00:00,16238.59,16271.58,16193.03,16241.18,11.7708
2020-12-04 10:00:00,16262.97,16304.04,16240.99,16276.8,26.304
2020-12-04 11:00:00,16290.33,16291.12,16258.89,16277.29,206.5365
2020-12-04 12:00:00,16279.57,16288.38,16202.76,16251.78,83.6074
2020-12-04 13:00:00,16338.0,16357.28,16304.1,16325.34,31.1729
2020-12-04 14:00:00,16392.64,16410.3,16358.99,16398.72,287.5193
2020-12-04 15:00:00,16307.36,16327.16,16293.18,16322.76,148.8598
2020-12-04 16:00:00,16311.88,16359.45,16298.65,16309.52,45.0092
2020-12-04 17:00:00,16348.35,16379.82,16328.71,16334.09,145.0056
2020-12-04 18:00:00,16307.11,16331.07,16281.06,16313.42,90.647
2020-12-04 19:00:00,16358.02,16387.48,16348.53,16362.77,115.1438
2020-12-04 20:00:00,16433.66,16474.84,16386.94,16387.42,38.7796
2020-12-04 21:00:00,16557.05,16557.28,16503.32,16539.21,23.5084
2020-12-04 22:00:00,16433.19,16458.79,16381.99,16414.31,29.2468
2020-12-04 23:00:00,16381.95,16422.01,16367.55,16405.91,8.7449
2020-12-05 00:00:00,16321.47,16349.5,16319.1,16333.02,63.6838
2020-12-05 01:00:00,16385.22,16394.66,16350.08,16383.99,52.1269
2020-12-05 02:00:00,16236.88,16288.11,16232.82,16253.15,0.2543
2020-12-05 03:00:00,16308.98,16335.53,16250.99,16282.92,194.0492
2020-12-05 04:00:00,16256.15,16281.07,16199.84,16233.25,114.5293
2020-12-05 05:00:00,16166.66,16181.28,16152.66,16175.29,59.1929
2020-12-05 06:00:00,16088.57,16093.47,16032.96,16059.92,341.1891
2020-12-05 07:00:00,16024.11,16024.26,15997.51,16024.18,282.2479
2020-12-05 08:00:00,16154.39,16155.87,16106.92,16112.67,9.9927
2020-12-05 09:00:00,16114.59,16121.33,16107.17,16112.25,95.4874
2020-12-05 10:00:00,16173.75,16190.47,16157.65,16164.43,169.8392
2020-12-05 11:00:00,16323.41,16337.88,16285.11,16300.59,18.9892
2020-12-05 12:00:00,16344.57,16395.95,16293.97,16323.72,13.6922
2020-12-05 13:00:00,16288.05,16292.34,16277.78,16279.74,30.0805
2020-12-05 14:00:00,16317.1,16368.55,16265.17,16319.4,32.8047
2020-12-05 15:00:00,16284.99,16305.69,16242.31,16276.62,335.1968
2020-12-05 16:00:00,16223.94,16262.13,16198.18,16237.2,151.63
2020-12-05 17:00:00,16117.88,16137.57,16109.21,16115.43,6.1597
2020-12-05 18:00:00,16173.71,16195.45,16104.85,16191.67,154.4031
2020-12-05 19:00:00,16133.26,16230.29,16100.03,16162.04,18.5895
2020-12-05 20:00:00,16179.19,16210.67,16177.16,16178.37,44.1987
2020-12-05 21:00:00,16116.51,16139.38,16089.09,16096.19,38.3488
2020-12-05 22:00:00,16147.82,16184.96,16118.08,16132.88,31.7979
2020-12-05 23:00:00,16071.72,16120.82,16059.08,16073.04,36.9265
2020-12-06 00:00:00,16091.32,16130.71,16044.2,16063.26,140.3243
2020-12-06 01:00:00,16126.18,16164.02,16103.52,16135.37,31.0001
2020-12-06 02:00:00,16169.7,16248.71,16163.86,16200.78,161.3065
2020-12-06 03:00:00,16165.26,16249.04,16117.61,16200.61,9.5429
2020-12-06 04:00:00,16040.04,16064.51,16032.28,16059.01,90.4288
2020-12-06 05:00:00,16314.23,16326.09,16277.88,16300.92,198.7781
2020-12-06 06:00:00,16434.41,16472.98,16402.24,16444.85,8.2618
2020-12-06 07:00:00,16513.52,16592.59,16502.91,16505.91,100.755
2020-12-06 08:00:00,16472.47,16532.3,16401.28,16445.4,71.6655
2020-12-06 09:00:00,16419.62,16441.4,16380.1,16437.71,40.3379
2020-12-06 10:00:00,16402.53,16432.58,16385.38,16394.69,10.611
2020-12-06 11:00:00,16508.82,16510.81,16450.85,16499.93,112.8511
2020-12-06 12:00:00,16509.01,16539.5,16503.8,16523.23,37.0163
2020-12-06 13:00:00,16482.39,16558.92,16442.79,16460.1,41.3879
2020-12-06 14:00:00,16418.28,16435.65,16418.05,16423.0,126.4405
2020-12-06 15:00:00,16510.38,16544.72,16483.1,16516.71,290.6871
2020-12-06 16:00:00,16685.67,16695.3,16643.73,16650.51,40.5921
2020-12-06 17:00:00,16788.18,16843.14,16759.36,16779.41,137.3311
2020-12-06 18:00:00,16860.19,16862.26,16836.68,16844.6,313.7504
2020-12-06 19:00:00,16847.8,16875.39,16814.34,16825.01,10.2949
2020-12-06 20:00:00,16543.23,16583.97,16521.34,16554.0,75.3326
2020-12-06 21:00:00,16600.97,16651.46,16570.47,16580.25,1.1227
2020-12-06 22:00:00,16573.43,16602.27,16542.13,16581.76,174.3987
2020-12-06 23:00:00,16585.98,16631.96,16570.24,16595.02,33.8121
2020-12-07 00:00:00,16596.64,16671.54,16592.24,16601.15,40.4617
2020-12-07 01:00:00,16482.46,16541.35,16467.69,16492.72,116.2469
2020-12-07 02:00:00,16553.94,16579.34,16522.93,16540.34,155.675
2020-12-07 03:00:00,16598.71,16626.37,16551.89,16594.28,51.0809
2020-12-07 04:00:00,16644.37,16671.89,16639.23,16652.55,109.5178
2020-12-07 05:00:00,16744.32,16775.05,16732.75,16733.03,313.1653
2020-12-07 06:00:00,16780.62,16821.69,16740.96,16785.24,217.9503
2020-12-07 07:00:00,16747.01,16770.18,16739.56,16752.51,120.8296
2020-12-07 08:00:00,16749.07,16755.85,16740.84,16748.25,286.5826
2020-12-07 09:00:00,16765.32,16810.93,16756.87,16757.56,208.6974
2020-12-07 10:00:00,16774.79,16811.88,16756.11,16768.26,130.567
2020-12-07 11:00:00,16847.5,16908.08,16823.05,16853.63,249.1904
2020-12-07 12:00:00,16923.88,16950.58,16907.59,16909.55,170.0405
2020-12-07 13:00:00,17083.08,17131.29,16994.63,17086.88,69.7666
2020-12-07 14:00:00,17265.78,17302.36,17258.61,17277.09,69.7721
2020-12-07 15:00:00,17260.33,17287.67,17165.52,17285.7,0.883
2020-12-07 16:00:00,16972.51,17030.39,16918.12,16955.84,3.0717
2020-12-07 17:00:00,17062.6,17101.95,17044.23,17062.39,137.1317
2020-12-07 18:00:00,17021.58,17086.7,16996.1,17017.99,80.9162
2020-12-07 19:00:00,16969.23,17024.98,16931.79,16951.5,143.1117
2020-12-07 20:00:00,16911.34,16954.98,16869.43,16919.42,298.9011
2020-12-07 21:00:00,16860.12,16948.16,16844.05,16883.33,60.2449
2020-12-07 22:00:00,16937.88,16947.73,16930.13,16936.7,9.2604
2020-12-07 23:00:00,16811.51,16813.09,16793.37,16806.34,98.4996
2020-12-08 00:00:00,16713.06,16747.82,16678.97,16717.46,10.5065
2020-12-08 01:00:00,16772.49,16782.2,16720.83,16747.81,97.1019
2020-12-08 02:00:00,16759.88,16814.19,16719.94,16801.65,75.0223
2020-12-08 03:00:00,16876.11,16892.49,16842.46,16857.23,124.5549
2020-12-08 04:00:00,16805.86,16858.52,16781.26,16792.58,43.226
2020-12-08 05:00:00,16719.75,16727.54,16680.89,16712.12,15.5323
2020-12-08 06:00:00,16615.84,16674.52,16580.84,16671.45,26.9463
2020-12-08 07:00:00,16714.55,16729.18,16680.35,16693.12,115.0857
2020-12-08 08:00:00,16801.51,16852.47,16782.69,16818.77,65.0405
2020-12-08 09:00:00,16639.82,16678.26,16633.48,16648.28,77.8308
2020-12-08 10:00:00,16628.73,16652.14,16605.87,16631.57,39.0082
2020-12-08 11:00:00,16529.14,16558.29,16506.57,16522.41,181.218
2020-12-08 12:00:00,16398.04,16408.77,16357.54,16387.56,751.4871
2020-12-08 13:00:00,16483.14,16497.39,16466.67,16468.43,37.4266
2020-12-08 14:00:00,16528.4,16556.62,16484.05,16514.93,126.8162
2020-12-08 15:00:00,16557.88,16588.9,16524.89,16553.69,18.7656
2020-12-08 16:00:00,16638.49,16639.53,16580.47,16631.58,135.6471
2020-12-08 17:00:00,16575.25,16605.56,16547.23,16593.35,56.3614
2020-12-08 18:00:00,16546.68,16570.98,16545.64,16559.11,92.9644
2020-12-08 19:00:00,16756.73,16767.04,16711.02,16741.74,27.1232
2020-12-08 20:00:00,16736.77,16775.78,16721.96,16722.77,190.8226
2020-12-08 21:00:00,16798.06,16831.53,16767.06,16785.91,19.0356
2020-12-08 22:00:00,16779.49,16825.99,16777.76,16788.12,263.9534
2020-12-08 23:00:00,16649.81,16673.97,16599.5,16634.66,6.3204
2020-12-09 00:00:00,16447.14,16479.78,16443.23,16466.26,33.9651
2020-12-09 01:00:00,16437.93,16475.23,16383.22,16420.24,82.7697
2020-12-09 02:00:00,16504.29,16548.74,16493.91,16508.59,195.5234
2020-12-09 03:00:00,16603.23,16628.77,16521.48,16575.31,86.0442
2020-12-09 04:00:00,16627.39,16708.96,16568.48,16652.72,24.3491
2020-12-09 05:00:00,16601.43,16623.28,16559.64,16572.2,195.9232
2020-12-09 06:00:00,16701.71,16725.36,16680.07,16707.75,90.6742
2020-12-09 07:00:00,16622.51,16664.83,16593.4,16628.82,26.4417
2020-12-09 08:00:00,16651.42,16656.49,16603.75,16648.18,82.5179
2020-12-09 09:00:00,16637.37,16694.08,16628.89,16648.98,112.4851
2020-12-09 10:00:00,16634.97,16709.76,16623.27,16636.17,114.1084
2020-12-09 11:00:00,16736.82,16783.62,16725.32,16749.18,128.7371
2020-12-09 12:00:00,16680.1,16694.96,16608.29,16691.8,226.0849
2020-12-09 13:00:00,16588.91,16612.11,16535.91,16580.84,174.1953
2020-12-09 14:00:00,16569.2,16584.65,16506.09,16584.15,93.5721
2020-12-09 15:00:00,16539.94,16613.44,16509.67,16552.66,3.2694
2020-12-09 16:00:00,16810.73,16855.88,16796.87,16833.84,138.4386
2020-12-09 17:00:00,16883.95,16924.61,16876.63,16892.46,368.7258
2020-12-09 18:00:00,16881.69,16904.54,16823.32,16859.58,36.4659
2020-12-09 19:00:00,16758.05,16832.4,16718.02,16772.23,93.3688
2020-12-09 20:00:00,16604.07,16653.52,16573.64,16616.23,146.3895
2020-12-09 21:00:00,16535.92,16550.5,16517.83,16532.71,101.9124
2020-12-09 22:00:00,16537.73,16570.75,16526.7,16543.87,255.8108
2020-12-09 23:00:00,16700.72,16763.92,16653.57,16663.59,64.12
2020-12-10 00:00:00,16755.99,16783.12,16738.36,16758.71,75.896
2020-12-10 01:00:00,16785.21,16816.75,16695.65,16779.59,3.8994
2020-12-10 02:00:00,16769.96,16845.08,16744.58,16754.15,230.4801
2020-12-10 03:00:00,16793.86,16819.56,16764.03,16778.34,30.4195
2020-12-10 04:00:00,16740.42,16788.1,16699.0,16736.51,383.6038
2020-12-10 05:00:00,16879.26,16948.5,16878.28,16881.98,22.578
2020-12-10 06:00:00,16901.84,16946.68,16867.06,16867.7,29.23
2020-12-10 07:00:00,16860.42,16896.07,16812.72,16862.11,66.2862
2020-12-10 08:00:00,16669.61,16700.86,16646.99,16676.98,108.0282
2020-12-10 09:00:00,16651.59,16695.33,16627.29,16662.35,58.1006
2020-12-10 10:00:00,16704.81,16743.92,16657.44,16733.7,43.3581
2020-12-10 11:00:00,16659.72,16665.72,16632.71,16646.04,77.6718
2020-12-10 12:00:00,16546.28,16591.93,16513.0,16585.22,317.7214
2020-12-10 13:00:00,16652.52,16664.2,16637.37,16652.62,326.8907
2020-12-10 14:00:00,16527.95,16538.82,16522.14,16531.33,39.7564
2020-12-10 15:00:00,16657.65,16661.45,16619.22,16620.42,113.993
2020-12-10 16:00:00,16547.49,16594.56,16525.84,16577.86,127.9819
2020-12-10 17:00:00,16532.4,16558.95,16506.92,16547.31,105.9633
2020-12-10 18:00:00,16453.74,16466.31,16425.91,16455.98,11.9922
2020-12-10 19:00:00,16485.47,16551.32,16441.15,16488.73,77.539
2020-12-10 20:00:00,16684.01,16705.91,16605.17,16693.18,144.0757
2020-12-10 21:00:00,16758.72,16766.25,16757.9,16760.08,22.4156
2020-12-10 22:00:00,16668.3,16697.3,16627.87,16689.33,42.8031
2020-12-10 23:00:00,16791.75,16824.14,16701.35,16785.76,22.7905
2020-12-11 00:00:00,16721.95,16797.45,16713.07,16760.86,217.9735
2020-12-11 01:00:00,16877.29,16881.22,16827.98,16877.72,195.5679
2020-12-11 02:00:00,16937.31,17032.49,16908.13,16947.48,18.537
2020-12-11 03:00:00,16716.76,16725.83,16698.1,16699.78,142.9412
2020-12-11 04:00:00,16646.78,16682.5,16606.49,16617.61,45.2519
2020-12-11 05:00:00,16692.22,16721.99,16648.35,16697.74,115.8907
2020-12-11 06:00:00,16735.32,16741.24,16652.95,16712.08,67.9971
2020-12-11 07:00:00,16622.94,16645.79,16590.8,16628.2,63.8619
2020-12-11 08:00:00,16561.17,16605.68,16545.01,16577.19,213.1028
2020-12-11 09:00:00,16449.51,16481.47,16386.98,16420.84,101.3254
2020-12-11 10:00:00,16423.78,16458.11,16377.28,16415.23,26.8884
2020-12-11 11:00:00,16598.39,16608.12,16593.04,16598.32,11.7387
2020-12-11 12:00:00,16678.23,16688.52,16665.7,16666.78,270.9153
2020-12-11 13:00:00,16855.6,16884.32,16840.45,16850.98,16.651
2020-12-11 14:00:00,16925.84,16932.28,16915.31,16927.01,132.4546
2020-12-11 15:00:00,16993.1,17047.48,16963.99,17015.67,68.488
2020-12-11 16:00:00,17180.67,17203.25,17178.92,17185.32,15.0899
2020-12-11 17:00:00,17230.19,17275.5,17210.26,17219.46,149.904
2020-12-11 18:00:00,17202.95,17216.74,17191.01,17205.06,234.8467
2020-12-11 19:00:00,17311.22,17319.97,17239.16,17295.61,12.9547
2020-12-11 20:00:00,17429.75,17468.55,17416.57,17423.07,6.9445
2020-12-11 21:00:00,17367.73,17387.87,17343.79,17383.0,189.612
2020-12-11 22:00:00,17299.17,17355.11,17293.93,17322.02,69.5056
2020-12-11 23:00:00,17333.05,17355.01,17301.68,17335.78,112.2501
2020-12-12 00:00:00,17400.46,17428.68,17381.1,17409.59,58.2465
2020-12-12 01:00:00,17486.68,17498.29,17438.96,17480.8,53.1757
2020-12-12 02:00:00,17345.6,17393.51,17285.21,17358.07,35.6188
2020-12-12 03:00:00,17514.93,17538.2,17460.85,17525.71,82.7658
2020-12-12 04:00:00,17489.68,17550.19,17428.01,17471.28,17.4125
2020-12-12 05:00:00,17452.46,17459.96,17418.93,17449.87,126.3124
2020-12-12 06:00:00,17360.65,17388.62,17330.16,17372.86,79.7241
2020-12-12 07:00:00,17609.3,17665.88,17556.34,17608.99,188.0727
2020-12-12 08:00:00,17656.38,17687.63,17599.57,17632.06,253.8486
2020-12-12 09:00:00,17563.96,17607.19,17547.2,17558.8,230.847
2020-12-12 10:00:00,17646.86,17674.63,17622.17,17636.41,91.9373
2020-12-12 11:00:00,17692.68,17765.23,17652.94,17705.99,38.3803
2020-12-12 12:00:00,17709.3,17716.73,17627.03,17691.15,44.1874
2020-12-12 13:00:00,17808.46,17827.39,17732.7,17767.27,105.7094
2020-12-12 14:00:00,17681.73,17713.62,17680.87,17695.73,124.4681
2020-12-12 15:00:00,17633.02,17708.75,17625.41,17653.89,17.5885
2020-12-12 16:00:00,17481.28,17504.1,17464.28,17478.21,618.9592
2020-12-12 17:00:00,17379.46,17387.11,17343.39,17364.26,11.3732
2020-12-12 18:00:00,17521.34,17534.88,17508.4,17522.94,93.418
2020-12-12 19:00:00,17649.89,17671.17,17629.94,17668.5,75.7203
2020-12-12 20:00:00,17674.16,17764.61,17661.89,17676.08,89.4011
2020-12-12 21:00:00,17835.48,17836.58,17766.87,17824.82,76.3065
2020-12-12 22:00:00,17805.09,17842.78,17777.42,17812.34,5.9655
2020-12-12 23:00:00,17803.24,17844.35,17765.6,17792.44,550.2987
2020-12-13 00:00:00,17819.98,17864.62,17736.72,17799.25,397.8005
2020-12-13 01:00:00,17794.18,17824.76,17762.26,17789.91,74.3077
2020-12-13 02:00:00,17772.05,17796.13,17743.03,17772.54,23.3635
2020-12-13 03:00:00,17890.75,17915.07,17836.46,17875.93,20.2045
2020-12-13 04:00:00,17875.82,17936.46,17865.68,17891.13,5.874
2020-12-13 05:00:00,17939.52,17978.39,17935.56,17956.66,94.6386
2020-12-13 06:00:00,18046.24,18073.83,17963.99,18051.06,65.0541
2020-12-13 07:00:00,18079.0,18103.29,18006.84,18087.9,53.8388
2020-12-13 08:00:00,17987.49,18019.93,17981.16,18001.95,74.489
2020-12-13 09:00:00,17914.72,17934.29,17881.94,17881.98,206.2411
2020-12-13 10:00:00,17935.95,17945.57,17850.18,17897.07,7.3344
2020-12-13 11:00:00,17877.21,17908.08,17841.86,17883.54,78.5458
2020-12-13 12:00:00,17894.78,17927.8,17882.47,17893.14,120.7368
2020-12-13 13:00:00,17890.13,17981.32,17820.27,17893.49,352.9786
2020-12-13 14:00:00,18146.5,18172.16,18105.97,18126.43,134.589
2020-12-13 15:00:00,18031.19,18037.16,17973.0,18007.68,79.4327
2020-12-13 16:00:00,17798.62,17852.07,17754.51,17830.31,145.5725
2020-12-13 17:00:00,17870.23,17922.81,17834.0,17861.73,582.8743
2020-12-13 18:00:00,17806.59,17902.52,17790.5,17829.89,219.5835
2020-12-13 19:00:00,17891.26,17893.11,17811.88,17859.85,9.3318
2020-12-13 20:00:00,17921.67,17980.76,17868.56,17913.78,85.5261
2020-12-13 21:00:00,18015.74,18035.58,18011.81,18030.59,154.3997
2020-12-13 22:00:00,17892.19,17909.44,17884.95,17896.51,111.4362
2020-12-13 23:00:00,17843.32,17849.35,17826.34,17848.48,53.9513
2020-12-14 00:00:00,17897.92,17975.93,17815.08,17888.53,38.9264
2020-12-14 01:00:00,17977.94,18004.98,17937.55,17959.23,98.619
2020-12-14 02:00:00,18137.14,18191.9,18136.77,18157.99,53.1656
2020-12-14 03:00:00,18280.13,18281.15,18145.95,18246.58,49.7576
2020-12-14 04:00:00,18272.51,18284.66,18213.09,18243.22,181.2422
2020-12-14 05:00:00,18147.92,18202.2,18039.23,18163.82,37.9294
2020-12-14 06:00:00,18115.71,18143.21,18107.58,18114.39,103.5423
2020-12-14 07:00:00,18093.42,18123.01,18033.24,18062.52,206.6987
2020-12-14 08:00:00,18145.85,18200.68,18117.58,18123.5,97.2258
2020-12-14 09:00:00,18142.49,18151.37,18090.55,18148.6,67.8825
2020-12-14 10:00:00,18044.99,18047.95,18013.64,18030.3,3.5941
2020-12-14 11:00:00,18046.74,18046.78,17938.82,17992.81,114.4361
2020-12-14 12:00:00,18075.46,18103.1,18049.31,18073.56,600.193
2020-12-14 13:00:00,18095.69,18129.78,18072.58,18107.14,165.2505
2020-12-14 14:00:00,18163.57,18204.56,18157.54,18160.44,100.6396
2020-12-14 15:00:00,18201.51,18217.57,18178.78,18197.02,63.3265
2020-12-14 16:00:00,18337.2,18381.93,18281.74,18346.82,25.4021
2020-12-14 17:00:00,18378.42,18450.13,18356.16,18370.31,117.801
2020-12-14 18:00:00,18313.69,18370.23,18292.19,18336.69,19.5166
2020-12-14 19:00:00,18242.42,18260.31,18192.56,18254.57,218.0796
2020-12-14 20:00:00,18293.03,18316.15,18236.94,18279.17,43.6938
2020-12-14 21:00:00,18026.24,18083.56,17975.87,18057.93,51.0486
2020-12-14 22:00:00,18059.39,18080.67,18014.17,18043.1,24.3399
2020-12-14 23:00:00,17990.06,18028.95,17982.66,18026.33,65.7128
2020-12-15 00:00:00,17874.15,17933.25,17842.9,17905.15,114.0856
2020-12-15 01:00:00,17814.95,17823.86,17767.7,17823.84,36.0653
2020-12-15 02:00:00,17902.91,17905.13,17885.33,17897.78,121.0117
2020-12-15 03:00:00,17943.96,17952.03,17875.48,17920.21,96.9117
2020-12-15 04:00:00,17932.16,17950.07,17898.35,17931.13,46.5834
2020-12-15 05:00:00,17955.96,17992.51,17910.57,17960.39,37.5136
2020-12-15 06:00:00,17980.92,18007.61,17896.75,17970.5,197.5654
2020-12-15 07:00:00,18068.22,18157.94,18054.18,18083.97,1.2007
2020-12-15 08:00:00,18099.46,18121.56,18052.14,18096.94,125.8449
2020-12-15 09:00:00,17945.25,17984.71,17918.12,17966.8,54.0004
2020-12-15 10:00:00,18116.54,18149.32,18113.63,18115.04,126.4756
2020-12-15 11:00:00,18148.04,18184.99,18141.22,18150.4,70.8287
2020-12-15 12:00:00,18084.18,18128.24,18058.38,18098.74,8.7587
2020-12-15 13:00:00,17990.09,18019.22,17932.48,17987.12,402.0296
2020-12-15 14:00:00,18027.38,18054.78,17969.49,18024.53,8.9975
2020-12-15 15:00:00,18036.95,18049.54,17962.32,18015.77,17.2492
2020-12-15 16:00:00,18130.21,18197.86,18113.61,18159.37,54.5305
2020-12-15 17:00:00,18128.4,18158.05,18105.7,18129.78,289.3598
2020-12-15 18:00:00,18041.95,18100.23,18017.95,18055.68,34.6827
2020-12-15 19:00:00,18154.13,18164.05,18099.21,18138.36,84.0864
2020-12-15 20:00:00,18237.83,18245.04,18211.76,18224.09,73.6966
2020-12-15 21:00:00,18250.54,18254.26,18233.05,18241.28,40.0698
2020-12-15 22:00:00,18291.91,18319.28,18287.55,18304.79,119.1822
2020-12-15 23:00:00,18319.38,18334.74,18281.83,18303.17,69.6076
2020-12-16 00:00:00,18298.36,18332.08,18270.88,18326.4,86.3429
2020-12-16 01:00:00,18403.0,18471.94,18396.99,18434.99,23.5919
2020-12-16 02:00:00,18470.87,18531.75,18435.17,18494.47,261.1138
2020-12-16 03:00:00,18480.05,18493.92,18422.09,18480.67,11.7176
2020-12-16 04:00:00,18620.04,18634.84,18566.12,18607.48,117.2052
2020-12-16 05:00:00,18334.59,18426.29,18316.04,18389.32,217.0646
2020-12-16 06:00:00,18604.41,18638.8,18543.34,18579.84,8.7761
2020-12-16 07:00:00,18425.63,18437.95,18379.66,18423.21,2.9173
2020-12-16 08:00:00,18338.49,18375.62,18312.32,18367.29,40.5196
2020-12-16 09:00:00,18367.22,18415.99,18346.11,18365.37,156.04
2020-12-16 10:00:00,18373.81,18449.93,18349.42,18353.75,126.3604
2020-12-16 11:00:00,18459.01,18548.61,18435.49,18447.95,172.6855
2020-12-16 12:00:00,18372.39,18401.06,18316.27,18352.22,50.6665
2020-12-16 13:00:00,18352.87,18423.05,18322.63,18377.98,507.6618
2020-12-16 14:00:00,18319.1,18330.05,18279.13,18326.69,45.5874
2020-12-16 15:00:00,18338.59,18414.44,18338.16,18355.56,163.6723
2020-12-16 16:00:00,18382.98,18395.34,18317.66,18351.46,43.2024
2020-12-16 17:00:00,18373.56,18377.22,18333.27,18361.82,24.6468
2020-12-16 18:00:00,18365.3,18457.1,18250.5,18313.17,41.0481
2020-12-16 19:00:00,18259.75,18300.39,18254.87,18268.29,21.4032
2020-12-16 20:00:00,18283.1,18297.11,18217.84,18296.36,13.824
2020-12-16 21:00:00,18381.9,18391.83,18367.41,18384.52,45.25
2020-12-16 22:00:00,18356.63,18401.23,18281.56,18331.36,15.8754
2020-12-16 23:00:00,18246.89,18280.18,18227.53,18253.57,69.7816
2020-12-17 00:00:00,18313.66,18333.93,18309.48,18311.38,3.6054
2020-12-17 01:00:00,18312.01,18362.67,18254.05,18310.24,56.4451
2020-12-17 02:00:00,18388.83,18393.75,18376.06,18388.1,317.0217
2020-12-17 03:00:00,18294.72,18351.99,18263.15,18306.66,44.4484
2020-12-17 04:00:00,18143.12,18159.6,18138.58,18145.62,14.8084
2020-12-17 05:00:00,18095.81,18111.22,18024.89,18099.07,36.4127
2020-12-17 06:00:00,18031.39,18104.38,17991.99,18031.53,156.6752
2020-12-17 07:00:00,18043.24,18072.9,17976.47,18026.23,37.6381
2020-12-17 08:00:00,18002.27,18076.23,17948.53,17970.63,48.369
2020-12-17 09:00:00,18023.85,18060.63,18015.78,18039.01,155.4886
2020-12-17 10:00:00,18007.77,18060.39,17988.6,18014.83,30.1863
2020-12-17 11:00:00,18015.31,18052.21,17969.94,18030.18,65.0645
2020-12-17 12:00:00,18049.57,18059.6,17975.81,18046.2,6.5252
2020-12-17 13:00:00,18055.87,18084.22,18003.27,18065.59,19.1246
2020-12-17 14:00:00,18069.55,18073.19,18006.87,18065.22,23.5023
2020-12-17 15:00:00,18133.14,18146.97,18112.82,18113.15,62.2841
2020-12-17 16:00:00,17997.32,18072.43,17926.69,18042.9,172.026
2020-12-17 17:00:00,18179.89,18221.2,18127.92,18170.95,43.7746
2020-12-17 18:00:00,18142.92,18183.44,18098.12,18151.28,47.8823
2020-12-17 19:00:00,18042.36,18061.57,17989.72,18034.06,35.8112
2020-12-17 20:00:00,18036.64,18061.1,18021.4,18052.82,38.6385
2020-12-17 21:00:00,17999.3,18036.64,17968.13,17977.8,51.6683
2020-12-17 22:00:00,18055.88,18059.03,18034.44,18039.4,229.6636
2020-12-17 23:00:00,18250.87,18268.56,18189.39,18240.5,2.4678
2020-12-18 00:00:00,18185.0,18190.15,18150.43,18170.59,97.9724
2020-12-18 01:00:00,18189.03,18243.21,18161.59,18202.61,218.6429
2020-12-18 02:00:00,18033.47,18045.27,18008.38,18044.65,53.95
2020-12-18 03:00:00,18101.02,18105.75,18043.66,18087.41,105.2436
2020-12-18 04:00:00,17995.29,18036.49,17993.39,18009.12,88.12
2020-12-18 05:00:00,17980.61,18019.04,17930.58,17954.65,41.3444
2020-12-18 06:00:00,17851.8,17930.46,17847.79,17857.58,14.7825
2020-12-18 07:00:00,17933.74,17940.06,17915.73,17924.74,24.7971
2020-12-18 08:00:00,18054.63,18067.41,17986.93,18016.81,5.9161
2020-12-18 09:00:00,18007.99,18027.19,17966.44,18020.72,144.7011
2020-12-18 10:00:00,17945.87,17946.87,17922.57,17944.63,76.1013
2020-12-18 11:00:00,18108.11,18139.94,18053.73,18089.05,154.0068
2020-12-18 12:00:00,18040.13,18056.68,18012.77,18022.98,34.2767
2020-12-18 13:00:00,17824.11,17839.89,17780.71,17829.95,163.3076
2020-12-18 14:00:00,17863.37,17875.43,17856.08,17872.6,36.9911
2020-12-18 15:00:00,17771.52,17819.03,17738.8,17775.66,12.935
2020-12-18 16:00:00,17891.17,17896.61,17834.74,17865.31,76.3164
2020-12-18 17:00:00,17828.07,17835.32,17817.49,17833.05,290.581
2020-12-18 18:00:00,17890.06,17948.63,17870.96,17888.66,53.5108
2020-12-18 19:00:00,18008.12,18026.55,17989.41,18015.81,72.4408
2020-12-18 20:00:00,17921.35,17928.52,17868.12,17908.71,60.0184
2020-12-18 21:00:00,17862.61,17895.42,17819.53,17859.83,61.1447
2020-12-18 22:00:00,17836.94,17884.76,17830.38,17854.86,24.1251
2020-12-18 23:00:00,17976.47,18043.42,17950.64,17993.91,54.9016
2020-12-19 00:00:00,17900.62,17999.75,17861.19,17936.47,68.6968
2020-12-19 01:00:00,17870.08,17885.98,17853.45,17884.95,136.5937
2020-12-19 02:00:00,17943.73,17963.09,17926.58,17929.5,15.0627
2020-12-19 03:00:00,17903.21,17961.47,17876.69,17879.54,84.773
2020-12-19 04:00:00,17907.23,17935.73,17855.67,17894.96,108.5281
2020-12-19 05:00:00,17767.78,17770.69,17742.24,17757.93,48.255
2020-12-19 06:00:00,17954.04,18007.56,17917.33,17956.32,79.6652
2020-12-19 07:00:00,17850.93,17898.1,17831.98,17837.11,124.0436
2020-12-19 08:00:00,17815.3,17827.28,17798.09,17810.2,62.5678
2020-12-19 09:00:00,17841.22,17850.1,17759.27,17809.09,40.5491
2020-12-19 10:00:00,17979.42,18001.93,17964.85,17981.19,174.1275
2020-12-19 11:00:00,17887.86,17888.89,17851.0,17863.87,449.335
2020-12-19 12:00:00,18058.61,18108.85,18022.28,18042.84,24.4157
2020-12-19 13:00:00,18126.28,18160.29,18091.32,18112.95,220.1788
2020-12-19 14:00:00,18116.03,18201.85,18103.64,18152.54,78.8401
2020-12-19 15:00:00,18081.77,18099.6,18056.27,18064.99,59.4068
2020-12-19 16:00:00,18116.07,18161.3,18095.96,18118.38,223.6452
2020-12-19 17:00:00,18046.64,18061.6,18043.89,18054.65,241.1718
2020-12-19 18:00:00,18143.86,18237.38,18126.98,18170.8,31.8357
2020-12-19 19:00:00,18084.29,18136.04,18024.05,18084.4,44.3747
2020-12-19 20:00:00,18076.58,18143.01,18037.65,18075.97,191.0031
2020-12-19 21:00:00,18004.1,18073.7,17991.92,18027.59,67.4963
2020-12-19 22:00:00,17913.95,17968.25,17895.86,17940.38,33.9718
2020-12-19 23:00:00,18017.44,18059.56,17997.91,18008.67,327.4809
2020-12-20 00:00:00,18074.43,18134.22,18052.94,18058.69,24.4671
2020-12-20 01:00:00,18173.12,18173.51,18151.77,18169.66,94.2474
2020-12-20 02:00:00,18030.51,18055.93,18006.62,18009.78,55.847
2020-12-20 03:00:00,18105.84,18141.96,18077.13,18107.41,60.0206
2020-12-20 04:00:00,18335.06,18353.46,18288.59,18336.06,11.2036
2020-12-20 05:00:00,18279.7,18306.43,18275.98,18296.48,29.7245
2020-12-20 06:00:00,18442.86,18484.82,18368.75,18471.68,18.2718
2020-12-20 07:00:00,18483.44,18487.45,18374.17,18449.23,138.4795
2020-12-20 08:00:00,18345.2,18374.94,18300.56,18324.47,119.6482
2020-12-20 09:00:00,18272.82,18314.05,18265.69,18298.3,158.0384
2020-12-20 10:00:00,18398.9,18412.75,18369.27,18396.03,120.1519
2020-12-20 11:00:00,18318.94,18388.81,18267.32,18320.78,13.7781
2020-12-20 12:00:00,18262.61,18322.38,18196.65,18267.62,384.399
2020-12-20 13:00:00,18316.16,18348.8,18302.83,18323.66,20.8892
2020-12-20 14:00:00,18332.76,18345.87,18282.16,18325.77,43.1475
2020-12-20 15:00:00,18396.21,18466.72,18373.89,18381.17,122.7164
2020-12-20 16:00:00,18412.27,18412.69,18303.89,18404.87,15.1345
2020-12-20 17:00:00,18448.62,18454.54,18408.02,18450.84,18.694
2020-12-20 18:00:00,18409.91,18418.28,18403.38,18412.81,209.2123
2020-12-20 19:00:00,18453.25,18564.48,18406.74,18435.98,40.3489
2020-12-20 20:00:00,18360.85,18384.02,18255.93,18352.34,109.537
2020-12-20 21:00:00,18473.75,18504.07,18447.48,18472.4,195.7213
2020-12-20 22:00:00,18415.01,18434.94,18377.87,18415.67,361.9381
2020-12-20 23:00:00,18527.85,18552.99,18493.84,18521.45,23.6084
2020-12-21 00:00:00,18493.01,18531.48,18405.96,18501.67,13.1166
2020-12-21 01:00:00,18537.42,18543.52,18475.61,18522.21,134.9912
2020-12-21 02:00:00,18458.34,18510.57,18440.59,18478.22,20.8504
2020-12-21 03:00:00,18378.63,18458.31,18313.0,18386.2,86.7954
2020-12-21 04:00:00,18238.78,18244.28,18225.62,18227.64,76.0666
2020-12-21 05:00:00,18112.74,18143.48,18073.2,18133.28,82.0806
2020-12-21 06:00:00,18077.25,18143.81,18039.85,18105.73,104.923
2020-12-21 07:00:00,18127.86,18178.5,18119.21,18126.72,190.3085
2020-12-21 08:00:00,18189.2,18252.29,18179.21,18220.11,31.7204
2020-12-21 09:00:00,18157.71,18197.79,18114.58,18181.32,81.0228
2020-12-21 10:00:00,18116.66,18141.13,18083.42,18102.96,41.0505
2020-12-21 11:00:00,17970.51,17978.93,17910.23,17974.19,38.3803
2020-12-21 12:00:00,18042.29,18076.73,18008.04,18019.13,2.0631
2020-12-21 13:00:00,18123.69,18165.17,18084.91,18145.55,91.4798
2020-12-21 14:00:00,18260.54,18286.78,18222.69,18262.25,359.3771
2020-12-21 15:00:00,18336.23,18348.49,18306.09,18328.91,143.2365
2020-12-21 16:00:00,18367.73,18391.51,18354.12,18389.26,27.8119
2020-12-21 17:00:00,18566.32,18587.73,18524.56,18547.19,125.9221
2020-12-21 18:00:00,18589.33,18630.05,18549.35,18579.84,35.2833
2020-12-21 19:00:00,18611.72,18660.25,18578.6,18641.72,140.0999
2020-12-21 20:00:00,18612.98,18616.44,18493.44,18613.68,193.0555
2020-12-21 21:00:00,18495.92,18550.49,18472.89,18488.78,40.696
2020-12-21 22:00:00,18416.54,18443.04,18367.4,18427.41,0.2189
2020-12-21 23:00:00,18401.14,18431.65,18369.18,18428.41,36.3869
2020-12-22 00:00:00,18440.99,18485.05,18426.87,18435.86,23.0491
2020-12-22 01:00:00,18656.43,18668.09,18607.62,18615.26,96.3945
2020-12-22 02:00:00,18617.48,18671.1,18606.48,18624.69,34.2593
2020-12-22 03:00:00,18765.73,18773.6,18691.76,18736.33,3.6712
2020-12-22 04:00:00,18683.38,18718.63,18682.87,18697.45,75.7866
2020-12-22 05:00:00,18674.2,18694.83,18602.74,18670.18,207.693
2020-12-22 06:00:00,18562.29,18574.84,18521.56,18547.98,60.0275
2020-12-22 07:00:00,18480.84,18581.18,18445.11,18480.99,47.2082
2020-12-22 08:00:00,18526.02,18668.36,18454.36,18531.54,19.6643
2020-12-22 09:00:00,18547.55,18552.83,18523.78,18534.09,49.0014
2020-12-22 10:00:00,18658.55,18661.88,18553.61,18623.33,40.185
2020-12-22 11:00:00,18647.67,18705.16,18632.14,18642.07,528.3029
2020-12-22 12:00:00,18601.47,18665.59,18591.35,18611.08,3.0943
2020-12-22 13:00:00,18809.28,18816.31,18793.02,18812.85,27.2923
2020-12-22 14:00:00,18853.28,18865.96,18799.57,18805.9,7.1098
2020-12-22 15:00:00,18919.69,18946.25,18869.01,18917.13,194.784
2020-12-22 16:00:00,18869.85,18890.04,18796.92,18881.08,54.0099
2020-12-22 17:00:00,18928.26,18994.9,18841.44,18949.96,159.0958
2020-12-22 18:00:00,19005.02,19135.15,18974.04,19039.78,117.8156
2020-12-22 19:00:00,19068.46,19072.28,19027.43,19061.53,263.1528
2020-12-22 20:00:00,18851.37,18871.5,18741.35,18839.04,2.4051
2020-12-22 21:00:00,18835.17,18890.22,18815.69,18842.64,23.2367
2020-12-22 22:00:00,18960.17,18991.85,18940.48,18960.45,121.0772
2020-12-22 23:00:00,18990.1,19072.26,18964.27,19012.35,88.0016
2020-12-23 00:00:00,19059.17,19082.69,19042.5,19056.64,118.633
2020-12-23 01:00:00,18903.54,18956.85,18861.37,18894.44,85.6796
2020-12-23 02:00:00,18818.19,18833.32,18795.49,18828.27,86.9935
2020-12-23 03:00:00,18900.77,18936.08,18858.94,18868.88,269.6725
2020-12-23 04:00:00,18893.65,18922.26,18867.27,18909.48,254.2013
2020-12-23 05:00:00,19031.61,19095.93,18974.73,19026.21,3.8737
2020-12-23 06:00:00,19030.47,19103.46,19012.67,19014.34,53.387
2020-12-23 07:00:00,19053.35,19063.86,19045.2,19054.82,71.4515
2020-12-23 08:00:00,19054.69,19078.92,19052.59,19058.29,44.3018
2020-12-23 09:00:00,18939.04,19006.38,18893.83,18966.14,5.0829
2020-12-23 10:00:00,18779.58,18800.03,18725.25,18754.12,63.9224
2020-12-23 11:00:00,18793.22,18812.85,18738.44,18796.41,371.713
2020-12-23 12:00:00,18824.75,18844.48,18799.93,18814.64,7.4951
2020-12-23 13:00:00,18770.99,18834.33,18755.2,18758.37,169.6513
2020-12-23 14:00:00,18596.69,18660.11,18539.0,18608.38,21.7724
2020-12-23 15:00:00,18665.14,18757.78,18609.38,18668.83,85.9898
2020-12-23 16:00:00,18670.76,18682.8,18614.04,18645.88,48.944
2020-12-23 17:00:00,18678.77,18708.85,18665.92,18699.66,42.9258
2020-12-23 18:00:00,18915.98,18963.77,18819.92,18875.81,204.3407
2020-12-23 19:00:00,18661.68,18703.59,18657.55,18675.6,362.9658
2020-12-23 20:00:00,18590.18,18633.84,18569.86,18612.14,48.8847
2020-12-23 21:00:00,18596.97,18599.84,18547.41,18594.51,102.2884
2020-12-23 22:00:00,18773.0,18790.27,18691.43,18731.63,81.2863
2020-12-23 23:00:00,18544.74,18592.74,18544.47,18580.24,8.0041
2020-12-24 00:00:00,18759.3,18798.14,18732.83,18761.94,4.2032
2020-12-24 01:00:00,18785.51,18816.42,18757.83,18776.56,148.4591
2020-12-24 02:00:00,18770.06,18799.49,18743.69,18769.43,50.1757
2020-12-24 03:00:00,18759.88,18759.99,18684.65,18752.72,36.7554
2020-12-24 04:00:00,18700.25,18771.93,18667.8,18713.69,423.9331
2020-12-24 05:00:00,18802.35,18860.57,18794.5,18813.63,8.9083
2020-12-24 06:00:00,18712.22,18720.07,18693.03,18715.0,31.3427
2020-12-24 07:00:00,18728.01,18753.98,18721.33,18749.19,194.3525
2020-12-24 08:00:00,18714.21,18722.17,18700.43,18715.05,53.6141
2020-12-24 09:00:00,18638.36,18647.29,18619.77,18645.61,87.7664
2020-12-24 10:00:00,18879.68,18983.71,18870.51,18888.56,4.9592
2020-12-24 11:00:00,18936.09,18940.89,18856.7,18930.02,252.9384
2020-12-24 12:00:00,18955.39,19004.36,18929.12,18989.96,14.7246
2020-12-24 13:00:00,19095.51,19103.75,19076.08,19099.89,23.9992
2020-12-24 14:00:00,19010.01,19048.79,18936.37,18966.06,17.0547
2020-12-24 15:00:00,19113.35,19136.03,19083.03,19134.13,68.8161
2020-12-24 16:00:00,18920.3,18946.21,18828.51,18896.01,169.7471
2020-12-24 17:00:00,18826.29,18841.21,18809.77,18825.27,31.0504
2020-12-24 18:00:00,18772.61,18794.85,18752.62,18783.94,15.3525
2020-12-24 19:00:00,18815.57,18844.63,18774.8,18840.45,52.75
2020-12-24 20:00:00,18865.58,18925.91,18847.35,18862.94,399.8403
2020-12-24 21:00:00,18876.49,18885.67,18843.51,18849.1,1.112
2020-12-24 22:00:00,18842.51,18887.02,18789.36,18849.85,70.1175
2020-12-24 23:00:00,18758.04,18771.54,18736.09,18759.56,110.675
2020-12-25 00:00:00,18639.81,18718.63,18596.34,18621.0,164.3619
2020-12-25 01:00:00,18696.87,18702.01,18636.94,18690.5,137.1173
2020-12-25 02:00:00,18727.71,18806.42,18711.58,18757.2,7.7343
2020-12-25 03:00:00,18909.55,18960.28,18860.09,18907.68,61.9656
2020-12-25 04:00:00,18863.36,18869.01,18756.11,18834.88,8.2023
2020-12-25 05:00:00,18901.31,18939.26,18852.28,18902.01,96.7203
2020-12-25 06:00:00,18825.33,18918.28,18804.22,18877.09,8.016
2020-12-25 07:00:00,18998.71,19047.34,18925.08,18991.34,4.9626
2020-12-25 08:00:00,19086.49,19161.61,19049.74,19090.28,36.5324
2020-12-25 09:00:00,19077.39,19131.65,19049.88,19112.35,279.4128
2020-12-25 10:00:00,19049.77,19139.27,19006.18,19081.81,123.7862
2020-12-25 11:00:00,19194.1,19232.43,19111.63,19175.4,0.4034
2020-12-25 12:00:00,19225.25,19270.94,19173.77,19239.34,33.5092
2020-12-25 13:00:00,19158.03,19181.49,19120.46,19175.43,1.7653
2020-12-25 14:00:00,19049.36,19077.71,19032.23,19050.04,34.8581
2020-12-25 15:00:00,19012.21,19059.81,19003.54,19024.46,115.6746
2020-12-25 16:00:00,19172.43,19228.94,19151.69,19170.51,142.6195
2020-12-25 17:00:00,19278.41,19308.87,19200.51,19282.32,163.0191
2020-12-25 18:00:00,19154.0,19211.12,19104.59,19177.01,240.7836
2020-12-25 19:00:00,19057.21,19108.15,19046.46,19066.96,45.538
2020-12-25 20:00:00,19198.88,19243.86,19132.7,19190.39,198.4842
2020-12-25 21:00:00,19084.14,19096.21,19069.03,19083.34,130.0736
2020-12-25 22:00:00,19132.27,19157.23,19103.43,19133.84,77.1662
2020-12-25 23:00:00,19113.78,19137.69,19047.55,19076.82,309.2921
2020-12-26 00:00:00,19247.02,19269.48,19194.34,19232.96,295.1542
2020-12-26 01:00:00,19177.13,19209.61,19130.15,19160.8,227.891
2020-12-26 02:00:00,19269.06,19351.51,19212.71,19272.26,22.5932
2020-12-26 03:00:00,19296.24,19366.26,19290.02,19292.0,23.3051
2020-12-26 04:00:00,19309.92,19341.63,19290.28,19318.25,231.2665
2020-12-26 05:00:00,19144.74,19161.22,19072.93,19129.87,50.7354
2020-12-26 06:00:00,18918.99,18933.55,18889.9,18921.07,159.674
2020-12-26 07:00:00,18906.3,18964.91,18902.09,18902.1,116.1362
2020-12-26 08:00:00,18930.37,18934.64,18901.9,18927.33,143.6985
2020-12-26 09:00:00,18822.39,18826.48,18720.43,18822.73,2.6625
2020-12-26 10:00:00,18777.16,18798.8,18692.61,18722.15,56.2044
2020-12-26 11:00:00,18764.07,18788.2,18752.13,18776.59,194.5565
2020-12-26 12:00:00,18818.58,18920.99,18799.39,18831.31,67.3199
2020-12-26 13:00:00,18833.28,18874.61,18799.24,18820.22,117.1615
2020-12-26 14:00:00,18884.27,18930.36,18803.9,18895.52,141.039
2020-12-26 15:00:00,18781.0,18851.52,18779.21,18786.47,12.8696
2020-12-26 16:00:00,18734.54,18790.3,18730.98,18754.92,16.9301
2020-12-26 17:00:00,18920.62,18927.54,18852.61,18911.32,128.9362
2020-12-26 18:00:00,18929.22,18970.8,18914.53,18919.67,5.6116
2020-12-26 19:00:00,18927.55,18953.21,18894.39,18933.52,41.8391
2020-12-26 20:00:00,19167.4,19193.32,19146.26,19153.71,250.2056
2020-12-26 21:00:00,18986.27,19022.9,18951.29,19021.61,85.4152
2020-12-26 22:00:00,19085.76,19144.73,19058.07,19099.26,241.3277
2020-12-26 23:00:00,19256.8,19309.47,19241.27,19260.07,37.0218
2020-12-27 00:00:00,19208.17,19273.2,19137.33,19230.72,101.2324
2020-12-27 01:00:00,19281.52,19326.09,19216.97,19315.3,33.7913
2020-12-27 02:00:00,19216.47,19226.09,19145.74,19222.39,11.7795
2020-12-27 03:00:00,19171.6,19173.76,19154.81,19158.31,467.7237
2020-12-27 04:00:00,19221.71,19243.85,19106.77,19197.1,19.3867
2020-12-27 05:00:00,19265.12,19311.55,19258.95,19275.67,20.8849
2020-12-27 06:00:00,19399.84,19452.98,19380.44,19385.63,184.4644
2020-12-27 07:00:00,19552.15,19571.7,19506.25,19539.71,162.0686
2020-12-27 08:00:00,19558.88,19574.07,19515.37,19535.07,380.9009
2020-12-27 09:00:00,19646.73,19664.77,19611.29,19653.61,7.4448
2020-12-27 10:00:00,19586.65,19671.74,19570.44,19621.94,9.8855
2020-12-27 11:00:00,19713.79,19744.17,19699.65,19712.41,59.5502
2020-12-27 12:00:00,19714.82,19755.88,19710.64,19734.83,89.5869
2020-12-27 13:00:00,19766.47,19789.56,19732.8,19780.78,3.8771
2020-12-27 14:00:00,19818.67,19841.86,19809.63,19824.65,17.2438
2020-12-27 15:00:00,19660.9,19701.15,19598.6,19667.56,121.5153
2020-12-27 16:00:00,19561.76,19608.59,19517.29,19558.99,110.4247
2020-12-27 17:00:00,19584.73,19611.94,19533.53,19570.97,9.3966
2020-12-27 18:00:00,19400.68,19409.49,19394.71,19407.82,268.3351
2020-12-27 19:00:00,19498.13,19543.17,19477.89,19490.42,29.4054
2020-12-27 20:00:00,19577.59,19584.23,19531.78,19577.3,218.2411
2020-12-27 21:00:00,19629.63,19637.27,19545.35,19611.29,256.3796
2020-12-27 22:00:00,19499.64,19518.81,19486.94,19503.31,67.3481
2020-12-27 23:00:00,19638.3,19685.48,19616.71,19639.85,53.0971
2020-12-28 00:00:00,19834.44,19939.51,19764.97,19841.87,32.592
2020-12-28 01:00:00,19855.22,19873.68,19853.68,19858.44,164.7046
2020-12-28 02:00:00,19895.52,20004.8,19871.87,19911.12,21.8888
2020-12-28 03:00:00,19915.6,19942.71,19834.87,19933.2,97.3191
2020-12-28 04:00:00,20003.56,20034.05,19955.97,19988.05,83.7327
2020-12-28 05:00:00,19956.46,20032.09,19901.63,19978.1,28.621
2020-12-28 06:00:00,19970.27,20025.51,19921.96,19976.65,407.7321
2020-12-28 07:00:00,20089.49,20157.72,20048.19,20069.11,187.291
2020-12-28 08:00:00,20299.33,20309.07,20255.35,20306.49,2.0742
2020-12-28 09:00:00,20183.08,20196.84,20113.73,20166.37,54.8618
2020-12-28 10:00:00,20146.0,20169.15,20122.56,20157.92,44.4682
2020-12-28 11:00:00,20019.89,20055.7,19993.79,20040.95,214.3952
2020-12-28 12:00:00,20170.27,20241.82,20150.82,20202.49,30.7199
2020-12-28 13:00:00,20171.58,20217.25,20087.44,20145.14,646.9921
2020-12-28 14:00:00,19979.05,20012.68,19964.3,20001.78,22.3243
2020-12-28 15:00:00,20082.6,20130.19,20056.77,20067.61,27.9561
2020-12-28 16:00:00,20224.39,20273.0,20222.94,20244.64,109.6859
2020-12-28 17:00:00,20340.59,20376.07,20303.96,20313.83,17.5612
2020-12-28 18:00:00,20381.54,20438.85,20284.71,20336.67,219.6445
2020-12-28 19:00:00,20345.93,20409.29,20303.54,20380.3,11.6454
2020-12-28 20:00:00,20504.25,20531.71,20473.31,20526.51,409.339
2020-12-28 21:00:00,20454.65,20524.49,20390.14,20438.85,207.6591
2020-12-28 22:00:00,20439.94,20499.3,20352.5,20429.46,183.0437
2020-12-28 23:00:00,20401.1,20410.51,20372.03,20385.26,52.2927
2020-12-29 00:00:00,20256.63,20284.91,20225.5,20268.26,72.081
2020-12-29 01:00:00,20277.23,20291.93,20225.38,20237.01,60.9464
2020-12-29 02:00:00,20353.52,20392.31,20316.56,20351.12,437.6198
2020-12-29 03:00:00,20385.97,20481.59,20358.91,20410.81,3.5447
2020-12-29 04:00:00,20473.42,20519.83,20449.87,20478.61,48.0796
2020-12-29 05:00:00,20470.98,20531.25,20454.62,20495.65,345.4229
2020-12-29 06:00:00,20584.03,20612.46,20491.51,20551.33,46.1068
2020-12-29 07:00:00,20457.6,20483.6,20451.93,20471.12,50.8135
2020-12-29 08:00:00,20451.55,20525.59,20389.06,20441.49,99.7774
2020-12-29 09:00:00,20453.52,20526.96,20429.73,20463.16,237.805
2020-12-29 10:00:00,20480.98,20496.86,20454.94,20493.6,34.888
2020-12-29 11:00:00,20489.24,20548.53,20465.39,20528.45,294.8952
2020-12-29 12:00:00,20528.58,20568.02,20471.35,20516.31,33.2068
2020-12-29 13:00:00,20506.25,20520.75,20451.78,20479.64,168.9534
2020-12-29 14:00:00,20785.98,20876.91,20688.39,20805.04,32.274
2020-12-29 15:00:00,20869.15,20953.26,20846.47,20901.45,7.5784
2020-12-29 16:00:00,20963.54,20983.9,20929.38,20946.72,167.2924
2020-12-29 17:00:00,20889.94,20967.72,20875.34,20924.39,59.7976
2020-12-29 18:00:00,20904.74,20919.36,20799.55,20879.27,49.5525
2020-12-29 19:00:00,20848.83,20921.96,20836.03,20867.71,56.1914
2020-12-29 20:00:00,20877.29,20907.49,20845.31,20900.35,94.5658
2020-12-29 21:00:00,20711.07,20717.29,20703.35,20705.93,30.4752
2020-12-29 22:00:00,20524.19,20559.27,20515.36,20545.52,27.0857
2020-12-29 23:00:00,20467.67,20500.6,20448.46,20482.15,66.0562
2020-12-30 00:00:00,20512.67,20578.83,20443.4,20505.41,3.6284
2020-12-30 01:00:00,20433.17,20496.74,20381.03,20482.93,102.9598
2020-12-30 02:00:00,20670.25,20749.81,20628.18,20636.36,173.0725
2020-12-30 03:00:00,20486.36,20487.63,20483.77,20485.47,129.9811
2020-12-30 04:00:00,20384.17,20484.0,20368.02,20410.56,63.3563
2020-12-30 05:00:00,20546.8,20569.8,20521.81,20567.73,83.3307
2020-12-30 06:00:00,20603.68,20603.93,20542.92,20583.27,2.653
2020-12-30 07:00:00,20688.82,20705.51,20667.98,20676.39,243.4447
2020-12-30 08:00:00,20919.49,20955.57,20870.01,20890.52,81.6587
2020-12-30 09:00:00,20805.92,20863.76,20734.63,20820.14,38.0396
2020-12-30 10:00:00,20818.05,20885.09,20788.87,20811.88,34.7549
2020-12-30 11:00:00,20794.48,20796.9,20776.02,20785.62,107.7805
2020-12-30 12:00:00,20598.87,20681.71,20563.26,20584.56,87.7861
2020-12-30 13:00:00,20577.84,20582.74,20551.46,20554.67,20.8061
2020-12-30 14:00:00,20632.46,20681.6,20585.58,20647.27,52.7496
2020-12-30 15:00:00,20702.78,20708.45,20680.71,20705.15,112.7572
2020-12-30 16:00:00,20758.63,20787.25,20670.02,20771.31,35.333
2020-12-30 17:00:00,20733.3,20783.17,20693.14,20734.39,71.1875
2020-12-30 18:00:00,20682.88,20718.83,20638.2,20668.44,29.4209
2020-12-30 19:00:00,20767.27,20825.99,20763.19,20801.68,7.438
2020-12-30 20:00:00,20775.05,20830.5,20729.91,20752.03,49.1425
2020-12-30 21:00:00,20760.94,20788.5,20760.27,20784.62,131.7057
2020-12-30 22:00:00,20797.28,20827.24,20723.49,20803.67,24.0608
2020-12-30 23:00:00,20983.87,21051.08,20923.27,20957.8,140.4472
2020-12-31 00:00:00,21068.6,21128.21,21054.79,21061.69,110.7125
2020-12-31 01:00:00,20934.5,20987.5,20863.97,20927.39,70.7998
2020-12-31 02:00:00,20780.66,20807.65,20764.37,20805.22,355.6297
2020-12-31 03:00:00,20845.74,20886.64,20836.09,20867.52,214.9131
2020-12-31 04:00:00,20882.54,20922.6,20846.17,20862.9,82.8225
2020-12-31 05:00:00,20805.24,20833.82,20764.65,20817.5,81.5948
2020-12-31 06:00:00,20914.94,20956.58,20896.08,20925.3,32.5413
2020-12-31 07:00:00,20967.2,20982.16,20941.44,20947.01,252.8212
2020-12-31 08:00:00,20932.59,20996.58,20919.93,20954.59,226.2678
2020-12-31 09:00:00,21044.06,21053.67,21014.14,21038.39,135.5016
2020-12-31 10:00:00,21001.94,21069.25,20989.18,21001.04,13.6831
2020-12-31 11:00:00,21167.79,21182.58,21165.92,21167.84,121.62
2020-12-31 12:00:00,21075.62,21107.17,20977.88,21086.55,29.1843
2020-12-31 13:00:00,21145.66,21161.86,21131.89,21157.92,20.9253
2020-12-31 14:00:00,21288.74,21364.92,21259.9,21311.72,142.3837
2020-12-31 15:00:00,21177.31,21190.28,21160.63,21167.09,321.2221
2020-12-31 16:00:00,21118.75,21151.05,21055.33,21132.87,11.5305
2020-12-31 17:00:00,21276.27,21302.3,21188.8,21255.68,17.9098
2020-12-31 18:00:00,21375.99,21398.33,21292.66,21380.79,24.748
2020-12-31 19:00:00,21341.98,21481.41,21339.38,21364.6,329.4437
2020-12-31 20:00:00,21283.19,21295.59,21255.88,21288.25,119.2039
2020-12-31 21:00:00,21383.34,21463.94,21338.44,21392.13,113.4098
2020-12-31 22:00:00,21542.58,21594.86,21505.65,21520.87,70.3252
2020-12-31 23:00:00,21389.8,21423.68,21342.1,21397.69,77.1316
2021-01-01 00:00:00,21265.15,21280.89,21245.03,21271.03,34.2734
2021-01-01 01:00:00,21327.18,21347.01,21295.48,21297.11,16.7884
2021-01-01 02:00:00,21377.12,21393.94,21356.6,21366.26,151.538
2021-01-01 03:00:00,21371.92,21441.13,21300.34,21336.45,63.6186
2021-01-01 04:00:00,21438.01,21446.65,21374.62,21411.05,29.5726
2021-01-01 05:00:00,21318.24,21399.9,21215.61,21337.17,100.1797
2021-01-01 06:00:00,21134.59,21280.57,21103.05,21113.69,23.5038
2021-01-01 07:00:00,21103.19,21119.42,21066.56,21071.05,67.0948
2021-01-01 08:00:00,21112.13,21153.76,20994.59,21079.82,21.0993
2021-01-01 09:00:00,21073.66,21077.86,21036.68,21052.86,142.5748
2021-01-01 10:00:00,20953.26,20987.16,20925.75,20933.0,38.6842
2021-01-01 11:00:00,20738.78,20781.61,20715.51,20745.06,58.2857
2021-01-01 12:00:00,20676.48,20725.49,20593.78,20693.81,140.6012
2021-01-01 13:00:00,20781.44,20816.82,20767.95,20788.76,107.7623
2021-01-01 14:00:00,20886.58,20953.89,20845.95,20921.41,51.0331
2021-01-01 15:00:00,21076.01,21100.19,20989.62,21047.75,7.3677
2021-01-01 16:00:00,20958.05,21014.64,20937.43,20963.99,254.6021
2021-01-01 17:00:00,20872.07,20916.81,20809.06,20845.15,0.7957
2021-01-01 18:00:00,20873.26,20914.85,20804.79,20899.0,132.6495
2021-01-01 19:00:00,20990.16,21034.34,20951.76,20967.46,290.7795
2021-01-01 20:00:00,21001.11,21055.09,20984.29,21011.5,36.6251
2021-01-01 21:00:00,20775.3,20843.74,20721.96,20802.01,7.844
2021-01-01 22:00:00,20747.63,20788.68,20694.25,20713.93,28.7076
2021-01-01 23:00:00,20735.86,20809.53,20712.33,20712.93,37.603
2021-01-02 00:00:00,20769.85,20778.28,20717.32,20765.46,60.024
2021-01-02 01:00:00,20847.91,20868.21,20832.86,20847.2,74.4944
2021-01-02 02:00:00,20873.49,20960.27,20824.98,20864.32,129.2186
2021-01-02 03:00:00,20904.98,20992.48,20865.32,20900.91,231.1779
2021-01-02 04:00:00,20895.31,20967.36,20893.1,20911.87,62.5103
2021-01-02 05:00:00,20977.01,21012.81,20951.54,20985.65,137.1715
2021-01-02 06:00:00,21061.8,21102.45,20910.04,21020.58,13.6048
2021-01-02 07:00:00,21085.79,21088.66,20994.43,21029.59,39.8663
2021-01-02 08:00:00,21036.3,21069.55,20957.91,21003.48,12.5653
2021-01-02 09:00:00,21024.16,21071.37,21009.45,21014.11,117.6816
2021-01-02 10:00:00,21060.02,21074.73,21055.56,21067.13,238.2119
2021-01-02 11:00:00,21080.57,21135.83,21062.46,21097.41,219.8749
2021-01-02 12:00:00,21124.21,21202.88,21013.34,21139.69,39.5191
2021-01-02 13:00:00,21271.96,21297.88,21267.32,21283.73,26.686
2021-01-02 14:00:00,21359.93,21434.89,21288.34,21314.08,32.0275
2021-01-02 15:00:00,21285.42,21325.6,21215.01,21247.05,33.8743
2021-01-02 16:00:00,21358.97,21380.52,21328.73,21343.04,8.5826
2021-01-02 17:00:00,21179.02,21221.15,21118.82,21199.38,14.3113
2021-01-02 18:00:00,21105.71,21135.29,21041.03,21086.87,24.1414
2021-01-02 19:00:00,21119.35,21129.7,21087.41,21124.39,0.8203
2021-01-02 20:00:00,21135.45,21210.16,21102.43,21181.05,4.8382
2021-01-02 21:00:00,21057.35,21079.7,20998.84,21051.31,119.9152
2021-01-02 22:00:00,20995.43,21065.68,20907.19,21013.12,96.5806
2021-01-02 23:00:00,20934.61,20999.74,20928.54,20951.54,290.8129
2021-01-03 00:00:00,20897.42,20934.39,20846.99,20902.65,51.3758
2021-01-03 01:00:00,20992.9,21003.41,20931.34,21003.36,58.7584
2021-01-03 02:00:00,21078.94,21103.92,21043.38,21079.66,7.0138
2021-01-03 03:00:00,21078.02,21131.08,21035.46,21079.75,16.517
2021-01-03 04:00:00,20984.88,21072.51,20967.58,21024.32,117.6382
2021-01-03 05:00:00,20916.29,20947.19,20877.06,20884.54,26.7931
2021-01-03 06:00:00,21014.24,21041.24,21004.24,21034.93,148.4028
2021-01-03 07:00:00,21079.21,21124.77,21027.82,21099.31,122.3088
2021-01-03 08:00:00,21019.96,21039.49,20992.5,21026.87,137.5404
2021-01-03 09:00:00,21102.34,21114.47,21098.37,21104.62,117.3064
2021-01-03 10:00:00,21130.11,21133.66,21042.86,21099.32,122.9847
2021-01-03 11:00:00,21076.82,21096.92,21022.1,21071.14,79.1421
2021-01-03 12:00:00,21131.07,21158.32,21072.79,21119.1,113.394
2021-01-03 13:00:00,21048.69,21107.08,21027.69,21042.92,74.6926
2021-01-03 14:00:00,21013.72,21025.57,21003.81,21008.85,23.0783
2021-01-03 15:00:00,21030.22,21081.85,21002.3,21023.71,24.5399
2021-01-03 16:00:00,20932.78,21028.52,20874.35,20973.31,51.9703
2021-01-03 17:00:00,21040.32,21048.7,21027.46,21045.58,1.4015
2021-01-03 18:00:00,21269.05,21276.32,21212.23,21244.36,220.0903
2021-01-03 19:00:00,21249.8,21273.89,21080.87,21166.36,31.2339
2021-01-03 20:00:00,20966.97,21059.04,20950.47,20992.25,5.2914
2021-01-03 21:00:00,20793.04,20794.57,20773.02,20784.25,55.2387
2021-01-03 22:00:00,20758.83,20833.46,20712.56,20770.69,169.0637
2021-01-03 23:00:00,20746.29,20746.52,20656.5,20703.89,50.6423
2021-01-04 00:00:00,20699.42,20746.56,20673.65,20727.48,30.4737
2021-01-04 01:00:00,20756.26,20780.22,20731.71,20743.3,78.7243
2021-01-04 02:00:00,20550.13,20602.39,20528.55,20579.09,85.4209
2021-01-04 03:00:00,20387.91,20411.1,20351.13,20394.41,142.3746
2021-01-04 04:00:00,20425.92,20444.09,20365.8,20426.62,160.8206
2021-01-04 05:00:00,20464.36,20488.84,20439.93,20442.5,122.4882
2021-01-04 06:00:00,20379.04,20416.39,20376.02,20401.02,0.4549
2021-01-04 07:00:00,20247.44,20301.56,20224.0,20234.02,0.2081
2021-01-04 08:00:00,20284.11,20316.83,20281.55,20283.73,379.202
2021-01-04 09:00:00,20420.33,20455.04,20405.73,20414.76,30.6804
2021-01-04 10:00:00,20464.77,20544.92,20414.03,20445.17,33.1774
2021-01-04 11:00:00,20334.47,20372.5,20270.81,20360.58,131.7668
2021-01-04 12:00:00,20383.66,20388.23,20343.93,20367.15,87.1283
2021-01-04 13:00:00,20218.56,20264.45,20180.94,20230.07,62.2809
2021-01-04 14:00:00,20361.4,20378.36,20335.83,20339.11,12.3796
2021-01-04 15:00:00,20356.27,20383.31,20261.66,20349.47,8.5
2021-01-04 16:00:00,20167.37,20200.21,20134.23,20171.6,121.6124
2021-01-04 17:00:00,20131.4,20164.35,20102.83,20143.29,13.3079
2021-01-04 18:00:00,20208.59,20232.03,20182.02,20191.96,57.2365
2021-01-04 19:00:00,20185.78,20278.72,20150.49,20160.36,133.2284
2021-01-04 20:00:00,20123.83,20140.9,20086.72,20134.56,256.6537
2021-01-04 21:00:00,19990.64,20048.66,19921.88,20013.31,206.8194
2021-01-04 22:00:00,20085.94,20093.61,20036.02,20072.01,199.5348
2021-01-04 23:00:00,19979.95,20022.72,19943.67,20008.93,44.3943
2021-01-05 00:00:00,19769.35,19861.0,19765.5,19795.19,261.9638
2021-01-05 01:00:00,19739.43,19769.39,19731.06,19760.43,115.0945
2021-01-05 02:00:00,19851.09,19865.52,19822.85,19859.34,217.5844
2021-01-05 03:00:00,19796.42,19826.39,19761.2,19822.91,9.313
2021-01-05 04:00:00,19958.38,20002.04,19916.26,19997.15,4.0362
2021-01-05 05:00:00,20019.28,20090.98,19986.46,20042.04,56.1499
2021-01-05 06:00:00,20090.89,20133.83,20068.42,20077.99,176.0349
2021-01-05 07:00:00,20041.59,20122.42,20022.83,20067.11,52.5149
2021-01-05 08:00:00,20055.44,20084.5,20008.71,20062.26,215.9759
2021-01-05 09:00:00,20076.85,20081.49,20014.05,20037.85,26.7583
2021-01-05 10:00:00,20008.58,20011.64,19982.12,20009.57,4.0139
2021-01-05 11:00:00,20071.55,20140.02,19994.68,20064.68,143.249
2021-01-05 12:00:00,19953.9,19974.14,19928.34,19972.8,98.395
2021-01-05 13:00:00,19910.34,19935.57,19858.52,19867.35,57.998
2021-01-05 14:00:00,19747.07,19830.55,19655.52,19757.77,186.5994
2021-01-05 15:00:00,19957.28,19983.2,19948.06,19961.83,173.827
2021-01-05 16:00:00,20043.12,20106.07,19960.77,20016.76,39.2353
2021-01-05 17:00:00,20045.59,20066.09,20028.69,20049.24,181.9998
2021-01-05 18:00:00,19946.18,19982.13,19902.63,19945.23,42.3362
2021-01-05 19:00:00,20003.75,20024.63,19981.89,20009.39,97.2604
2021-01-05 20:00:00,19994.23,20006.49,19981.3,19999.72,21.3809
2021-01-05 21:00:00,20030.56,20082.3,19998.84,20023.14,30.6786
2021-01-05 22:00:00,19938.39,19940.54,19851.6,19927.37,59.3986
2021-01-05 23:00:00,19932.5,19958.83,19923.68,19945.33,37.7747
2021-01-06 00:00:00,19889.81,19927.26,19845.73,19905.06,13.8277
2021-01-06 01:00:00,19818.77,19874.6,19815.0,19830.85,65.8403
2021-01-06 02:00:00,19877.73,19938.86,19856.38,19905.62,71.6124
2021-01-06 03:00:00,19723.15,19803.69,19722.1,19754.57,17.2814
2021-01-06 04:00:00,19818.22,19846.19,19780.1,19812.33,19.154
2021-01-06 05:00:00,19900.78,19906.0,19840.87,19882.12,2.9786
2021-01-06 06:00:00,19813.9,19852.5,19746.8,19796.66,3.0821
2021-01-06 07:00:00,19670.47,19762.46,19605.64,19717.44,44.4151
2021-01-06 08:00:00,19692.6,19720.25,19658.05,19697.42,15.8588
2021-01-06 09:00:00,19705.43,19807.06,19699.15,19727.17,251.4438
2021-01-06 10:00:00,19716.9,19762.42,19693.13,19714.07,22.2412
2021-01-06 11:00:00,19750.52,19792.86,19729.74,19758.77,6.8238
2021-01-06 12:00:00,19946.72,19968.63,19861.58,19934.92,51.78
2021-01-06 13:00:00,19885.93,19899.91,19870.78,19886.31,21.377
2021-01-06 14:00:00,19680.37,19771.54,19618.31,19717.75,6.3759
2021-01-06 15:00:00,19782.0,19817.09,19723.91,19801.15,139.7264
2021-01-06 16:00:00,19969.91,20007.32,19951.58,19969.79,81.4408
2021-01-06 17:00:00,20012.81,20017.54,19987.2,20011.0,5.87
2021-01-06 18:00:00,19876.19,19941.94,19857.21,19904.17,63.1147
2021-01-06 19:00:00,19863.27,19912.47,19793.47,19893.83,3.9607
2021-01-06 20:00:00,19785.67,19813.53,19733.7,19784.56,43.7442
2021-01-06 21:00:00,19822.27,19889.41,19803.43,19850.13,45.1436
2021-01-06 22:00:00,19685.1,19726.73,19660.3,19718.0,173.151
2021-01-06 23:00:00,19681.62,19719.92,19668.9,19690.38,132.9101
2021-01-07 00:00:00,19583.9,19608.43,19511.98,19593.47,227.248
2021-01-07 01:00:00,19590.63,19636.23,19585.24,19607.86,15.1425
2021-01-07 02:00:00,19560.13,19651.11,19524.86,19573.9,76.3064
2021-01-07 03:00:00,19593.43,19598.0,19563.41,19593.16,2.0397
2021-01-07 04:00:00,19583.2,19604.76,19530.67,19597.31,174.5957
2021-01-07 05:00:00,19503.97,19541.17,19499.44,19502.59,45.6622
2021-01-07 06:00:00,19558.22,19580.76,19499.92,19565.67,7.1825
2021-01-07 07:00:00,19566.13,19585.09,19535.52,19562.85,39.2535
2021-01-07 08:00:00,19485.22,19504.0,19458.86,19468.12,33.8151
2021-01-07 09:00:00,19704.72,19704.79,19683.82,19688.2,145.2439
2021-01-07 10:00:00,19762.49,19799.79,19723.86,19737.07,13.5375
2021-01-07 11:00:00,19740.45,19743.01,19700.24,19723.92,81.1425
2021-01-07 12:00:00,19870.19,19877.14,19817.95,19865.46,157.9487
2021-01-07 13:00:00,20041.69,20111.98,20003.94,20050.38,134.5299
2021-01-07 14:00:00,20030.05,20040.57,19942.77,20037.82,274.7391
2021-01-07 15:00:00,20057.01,20155.41,20042.14,20074.63,0.063
2021-01-07 16:00:00,19977.56,19998.18,19948.03,19977.47,43.6649
2021-01-07 17:00:00,19978.68,19981.22,19905.22,19964.76,46.1375
2021-01-07 18:00:00,19932.41,19977.49,19924.82,19946.89,3.3876
2021-01-07 19:00:00,19966.57,20007.22,19911.73,19967.31,169.9727
2021-01-07 20:00:00,19988.98,20017.48,19973.64,20002.53,116.7611
2021-01-07 21:00:00,20064.72,20123.65,20056.21,20060.52,75.0951
2021-01-07 22:00:00,20075.33,20112.11,20050.79,20086.37,51.9226
2021-01-07 23:00:00,19952.01,20028.56,19856.83,19966.78,225.7762
2021-01-08 00:00:00,19861.57,19886.6,19812.98,19875.08,30.7157
2021-01-08 01:00:00,19832.75,19880.03,19820.66,19822.77,40.7279
2021-01-08 02:00:00,19794.86,19829.21,19739.9,19796.78,304.9797
2021-01-08 03:00:00,19894.24,19939.52,19856.46,19902.77,6.6808
2021-01-08 04:00:00,19794.2,19868.51,19692.9,19789.03,151.6915
2021-01-08 05:00:00,19747.46,19795.18,19737.63,19755.64,126.606
2021-01-08 06:00:00,19874.12,19903.43,19824.27,19851.76,232.165
2021-01-08 07:00:00,19804.67,19841.42,19796.17,19823.98,9.493
2021-01-08 08:00:00,19867.88,19893.37,19861.11,19871.6,352.1467
2021-01-08 09:00:00,19831.82,19936.51,19829.05,19859.72,2.9262
2021-01-08 10:00:00,19880.3,19908.31,19859.81,19887.2,41.2042
2021-01-08 11:00:00,19833.1,19881.88,19761.57,19866.47,8.8642
2021-01-08 12:00:00,19949.6,20014.08,19902.65,19934.72,5.2532
2021-01-08 13:00:00,19797.88,19820.71,19740.2,19782.71,334.4469
2021-01-08 14:00:00,19764.24,19803.21,19714.01,19748.75,127.1782
2021-01-08 15:00:00,19780.59,19816.43,19712.09,19780.01,70.4592
2021-01-08 16:00:00,19817.32,19855.81,19775.49,19834.77,11.4501
2021-01-08 17:00:00,19968.83,20026.38,19965.28,19984.82,74.6597
2021-01-08 18:00:00,19978.27,20010.28,19917.46,19947.75,38.5739
2021-01-08 19:00:00,20126.16,20175.47,20086.05,20097.3,31.6887
2021-01-08 20:00:00,20035.54,20059.58,20001.1,20033.09,96.2606
2021-01-08 21:00:00,20157.78,20182.87,20117.07,20168.18,156.5063
2021-01-08 22:00:00,20280.35,20293.34,20232.75,20252.63,58.5655
2021-01-08 23:00:00,20148.15,20224.54,20058.77,20162.15,67.9833
2021-01-09 00:00:00,20199.74,20226.97,20179.7,20195.12,105.3913
2021-01-09 01:00:00,20219.27,20250.54,20180.46,20191.97,13.3118
2021-01-09 02:00:00,20240.2,20292.61,20192.3,20257.15,176.3794
2021-01-09 03:00:00,20253.34,20257.1,20220.73,20236.56,181.3629
2021-01-09 04:00:00,20218.01,20270.9,20169.44,20207.49,77.8807
2021-01-09 05:00:00,20347.04,20353.7,20324.4,20347.84,20.7713
2021-01-09 06:00:00,20319.63,20362.75,20303.51,20339.83,69.4675
2021-01-09 07:00:00,20411.12,20475.82,20337.89,20425.92,11.1982
2021-01-09 08:00:00,20410.85,20443.11,20378.36,20404.94,144.0917
2021-01-09 09:00:00,20547.74,20611.87,20539.91,20577.02,37.2737
2021-01-09 10:00:00,20511.97,20551.75,20449.97,20509.29,37.2651
2021-01-09 11:00:00,20459.43,20468.27,20419.82,20448.36,290.131
2021-01-09 12:00:00,20626.58,20628.41,20583.03,20606.28,54.7937
2021-01-09 13:00:00,20533.74,20637.13,20504.66,20562.5,155.8627
2021-01-09 14:00:00,20756.45,20814.44,20696.09,20729.16,101.3801
2021-01-09 15:00:00,20858.97,20912.64,20722.62,20823.67,38.0054
2021-01-09 16:00:00,20818.19,20862.53,20776.04,20809.65,13.215
2021-01-09 17:00:00,20601.65,20674.96,20543.59,20623.06,159.8213
2021-01-09 18:00:00,20616.37,20678.63,20604.13,20623.13,143.7603
2021-01-09 19:00:00,20634.69,20662.86,20603.38,20635.67,18.5323
2021-01-09 20:00:00,20763.78,20776.71,20708.26,20758.17,28.6504
2021-01-09 21:00:00,20925.57,20932.72,20889.97,20925.11,145.3449
2021-01-09 22:00:00,20861.4,20938.84,20852.29,20855.54,411.236
2021-01-09 23:00:00,20939.27,20993.7,20930.11,20941.17,185.5602
2021-01-10 00:00:00,21028.98,21053.99,21007.68,21023.4,115.2493
2021-01-10 01:00:00,21128.61,21161.74,21121.65,21138.34,247.0128
2021-01-10 02:00:00,21185.99,21335.35,21182.27,21193.16,33.5802
2021-01-10 03:00:00,20977.35,21034.66,20921.8,20989.44,0.9699
2021-01-10 04:00:00,21015.45,21041.76,20932.17,20975.23,38.7087
2021-01-10 05:00:00,20886.65,20920.74,20824.91,20856.12,357.3208
2021-01-10 06:00:00,20848.65,20857.0,20813.78,20837.08,213.6819
2021-01-10 07:00:00,20969.02,20988.44,20925.26,20941.27,5.1668
2021-01-10 08:00:00,20992.06,21032.26,20950.71,20975.31,69.7072
2021-01-10 09:00:00,21101.64,21112.89,21065.53,21097.82,8.2306
2021-01-10 10:00:00,21104.16,21173.68,21088.51,21135.98,155.6046
2021-01-10 11:00:00,20995.38,21031.39,20940.73,21000.88,46.6196
2021-01-10 12:00:00,20731.34,20753.85,20700.37,20738.28,242.9795
2021-01-10 13:00:00,20732.27,20768.77,20710.49,20755.79,5.5991
2021-01-10 14:00:00,20704.85,20750.6,20698.57,20735.66,132.4246
2021-01-10 15:00:00,20646.62,20684.4,20601.48,20636.45,50.9769
2021-01-10 16:00:00,20469.68,20499.36,20461.6,20463.04,31.2284
2021-01-10 17:00:00,20366.1,20404.59,20364.57,20389.91,72.8669
2021-01-10 18:00:00,20356.92,20403.49,20340.98,20372.12,66.4534
2021-01-10 19:00:00,20465.72,20518.34,20431.02,20441.98,42.8955
2021-01-10 20:00:00,20445.35,20479.36,20442.45,20463.31,104.656
2021-01-10 21:00:00,20633.41,20654.4,20597.52,20629.88,108.2688
2021-01-10 22:00:00,20521.23,20607.75,20516.01,20525.13,8.0276
2021-01-10 23:00:00,20628.04,20677.68,20611.38,20617.6,90.4894
2021-01-11 00:00:00,20606.88,20634.17,20510.03,20624.54,124.0412
2021-01-11 01:00:00,20700.1,20708.61,20672.94,20698.23,7.8922
2021-01-11 02:00:00,20658.61,20668.68,20620.45,20655.13,107.6256
2021-01-11 03:00:00,20772.65,20788.55,20756.28,20767.87,162.9524
2021-01-11 04:00:00,20802.25,20863.65,20759.3,20800.6,178.3458
2021-01-11 05:00:00,20739.16,20775.44,20687.53,20732.02,4.2539
2021-01-11 06:00:00,20778.29,20827.48,20673.27,20732.85,119.5401
2021-01-11 07:00:00,20763.13,20806.16,20678.0,20710.09,159.4434
2021-01-11 08:00:00,20749.54,20786.81,20718.42,20762.81,50.5544
2021-01-11 09:00:00,20594.56,20662.62,20541.7,20642.41,78.2724
2021-01-11 10:00:00,20653.74,20691.11,20631.11,20641.45,30.8042
2021-01-11 11:00:00,20688.16,20734.54,20586.43,20684.31,37.1413
2021-01-11 12:00:00,20711.75,20713.11,20669.44,20689.79,69.6392
2021-01-11 13:00:00,20837.14,20883.82,20808.0,20831.2,16.3859
2021-01-11 14:00:00,20915.13,20961.26,20896.76,20913.9,46.2856
2021-01-11 15:00:00,20938.82,20954.24,20890.66,20915.21,35.8728
2021-01-11 16:00:00,20966.53,21006.23,20924.4,20939.96,27.2136
2021-01-11 17:00:00,20943.93,20981.15,20917.55,20973.02,66.1433
2021-01-11 18:00:00,21000.24,21086.72,20981.27,21017.4,182.4348
2021-01-11 19:00:00,20825.45,20836.48,20760.94,20827.65,27.7418
2021-01-11 20:00:00,20800.38,20832.7,20756.23,20798.34,107.8016
2021-01-11 21:00:00,20641.38,20690.92,20610.26,20646.05,29.3288
2021-01-11 22:00:00,20789.09,20831.42,20733.81,20780.07,15.3248
2021-01-11 23:00:00,20796.52,20801.86,20726.98,20775.82,287.0367
2021-01-12 00:00:00,20793.58,20821.69,20728.26,20757.82,100.3036
2021-01-12 01:00:00,20865.04,20975.96,20821.69,20852.97,11.0481
2021-01-12 02:00:00,20881.28,20909.32,20833.28,20899.09,100.1424
2021-01-12 03:00:00,20780.18,20804.52,20750.19,20783.24,19.4006
2021-01-12 04:00:00,20776.39,20835.87,20748.17,20777.95,218.7441
2021-01-12 05:00:00,20755.89,20758.49,20739.93,20745.21,28.4316
2021-01-12 06:00:00,20574.31,20619.24,20537.13,20566.33,164.4018
2021-01-12 07:00:00,20539.43,20632.53,20432.11,20497.41,22.2138
2021-01-12 08:00:00,20471.19,20490.56,20463.44,20480.64,81.7102
2021-01-12 09:00:00,20478.8,20507.84,20456.33,20470.92,243.416
2021-01-12 10:00:00,20369.11,20400.45,20282.81,20321.26,35.0981
2021-01-12 11:00:00,20428.34,20479.68,20375.04,20440.3,8.4902
2021-01-12 12:00:00,20434.88,20475.62,20394.64,20431.91,80.4284
2021-01-12 13:00:00,20418.48,20463.23,20412.6,20437.79,18.9141
2021-01-12 14:00:00,20482.46,20494.49,20436.54,20480.78,130.3221
2021-01-12 15:00:00,20386.21,20409.59,20375.77,20402.12,89.3603
2021-01-12 16:00:00,20472.12,20536.33,20420.69,20450.72,42.5222
2021-01-12 17:00:00,20418.23,20432.81,20403.07,20415.23,122.2997
2021-01-12 18:00:00,20306.74,20385.02,20288.23,20325.75,27.2502
2021-01-12 19:00:00,20403.2,20427.2,20350.32,20386.06,248.9355
2021-01-12 20:00:00,20543.84,20581.52,20463.28,20540.15,42.6007
2021-01-12 21:00:00,20636.28,20687.09,20597.78,20616.64,143.9561
2021-01-12 22:00:00,20690.07,20722.71,20681.97,20713.84,29.9106
2021-01-12 23:00:00,20669.62,20693.19,20609.54,20661.99,125.4653
2021-01-13 00:00:00,20514.86,20580.02,20471.69,20499.01,3.2037
2021-01-13 01:00:00,20645.05,20677.9,20637.46,20653.79,35.0292
2021-01-13 02:00:00,20841.75,20915.42,20834.3,20868.03,9.7492
2021-01-13 03:00:00,21030.21,21060.38,21004.22,21031.09,60.0059
2021-01-13 04:00:00,21023.67,21042.92,20983.25,20997.88,57.1121
2021-01-13 05:00:00,20902.27,20924.95,20868.89,20878.76,44.4739
2021-01-13 06:00:00,20760.7,20773.76,20720.58,20769.6,397.2185
2021-01-13 07:00:00,20570.39,20615.03,20557.76,20596.82,27.9834
2021-01-13 08:00:00,20578.94,20596.21,20578.26,20587.82,156.5666
2021-01-13 09:00:00,20745.44,20774.22,20681.56,20755.17,59.3206
2021-01-13 10:00:00,20751.8,20772.79,20698.93,20742.54,40.7683
2021-01-13 11:00:00,20773.79,20797.84,20746.37,20775.97,22.7486
2021-01-13 12:00:00,20905.19,20921.68,20839.62,20920.94,100.3495
2021-01-13 13:00:00,20903.82,20923.55,20846.07,20880.77,40.5982
2021-01-13 14:00:00,21098.33,21108.71,21093.02,21095.37,167.6212
2021-01-13 15:00:00,21316.88,21321.05,21263.26,21307.6,345.6652
2021-01-13 16:00:00,21259.03,21357.32,21226.02,21295.76,25.7646
2021-01-13 17:00:00,21184.92,21263.44,21123.86,21236.4,13.7735
2021-01-13 18:00:00,21281.92,21315.32,21253.39,21312.56,37.9093
2021-01-13 19:00:00,21267.43,21335.15,21211.05,21277.65,62.9444
2021-01-13 20:00:00,21168.93,21195.18,21118.36,21156.74,35.8057
2021-01-13 21:00:00,21244.51,21395.95,21224.63,21294.39,352.224
2021-01-13 22:00:00,21460.16,21508.63,21422.8,21426.03,151.0505
2021-01-13 23:00:00,21448.5,21464.96,21404.52,21444.84,338.5543
2021-01-14 00:00:00,21340.56,21376.15,21179.3,21311.57,46.7192
2021-01-14 01:00:00,21163.92,21187.64,21143.71,21182.69,36.3376
2021-01-14 02:00:00,21206.84,21241.41,21148.68,21196.16,52.3172
2021-01-14 03:00:00,21147.11,21157.4,21082.33,21145.31,73.989
2021-01-14 04:00:00,21128.62,21158.98,21103.5,21111.36,135.3073
2021-01-14 05:00:00,21216.38,21266.13,21126.8,21221.34,212.9488
2021-01-14 06:00:00,21311.34,21314.82,21279.7,21301.26,62.2092
2021-01-14 07:00:00,21473.81,21516.89,21395.18,21450.17,34.1334
2021-01-14 08:00:00,21332.17,21381.97,21332.17,21346.07,38.3968
2021-01-14 09:00:00,21316.74,21357.59,21198.34,21311.58,119.3852
2021-01-14 10:00:00,21354.19,21461.51,21342.17,21394.58,83.8307
2021-01-14 11:00:00,21459.72,21459.85,21315.92,21444.66,66.6494
2021-01-14 12:00:00,21653.35,21735.95,21592.1,21611.11,22.6617
2021-01-14 13:00:00,21631.76,21737.88,21595.11,21658.71,208.3094
2021-01-14 14:00:00,21859.02,21919.21,21784.68,21861.01,151.8777
2021-01-14 15:00:00,21941.53,21974.55,21887.69,21922.23,15.1566
2021-01-14 16:00:00,22041.54,22069.85,21998.13,22040.84,45.7899
2021-01-14 17:00:00,22011.03,22037.97,21994.51,22007.4,78.1175
2021-01-14 18:00:00,22002.56,22048.04,21995.91,22011.17,60.5757
2021-01-14 19:00:00,22104.16,22119.9,22100.48,22113.62,50.7159
2021-01-14 20:00:00,22292.25,22371.96,22266.73,22294.18,126.8803
2021-01-14 21:00:00,22378.63,22432.1,22353.97,22377.7,5.6045
2021-01-14 22:00:00,22344.2,22416.43,22318.5,22370.63,63.7543
2021-01-14 23:00:00,22525.44,22557.55,22519.81,22526.93,30.4058
2021-01-15 00:00:00,22317.24,22383.71,22178.26,22282.29,8.8414
2021-01-15 01:00:00,22116.79,22150.79,22072.99,22126.06,62.5278
2021-01-15 02:00:00,22176.21,22206.92,22101.08,22203.68,18.798
2021-01-15 03:00:00,22204.11,22211.52,22195.64,22207.47,29.8708
2021-01-15 04:00:00,22261.01,22291.92,22189.5,22276.93,70.7264
2021-01-15 05:00:00,22256.5,22301.94,22223.43,22286.33,363.8528
2021-01-15 06:00:00,22355.29,22358.42,22318.03,22352.18,115.282
2021-01-15 07:00:00,22247.58,22274.14,22239.47,22263.39,32.7979
2021-01-15 08:00:00,22315.18,22362.44,22284.58,22329.12,48.1924
2021-01-15 09:00:00,22445.82,22514.38,22417.85,22442.38,52.11
2021-01-15 10:00:00,22546.96,22639.88,22498.22,22581.58,16.6808
2021-01-15 11:00:00,22771.46,22863.9,22764.79,22811.19,17.5132
2021-01-15 12:00:00,22856.63,22891.45,22833.39,22841.31,16.0632
2021-01-15 13:00:00,22830.71,22878.51,22797.07,22874.88,73.7442
2021-01-15 14:00:00,22680.78,22761.13,22677.54,22702.95,112.1429
2021-01-15 15:00:00,22604.14,22668.82,22573.04,22644.9,89.3357
2021-01-15 16:00:00,22614.3,22668.08,22593.86,22625.3,380.6186
2021-01-15 17:00:00,22756.12,22804.76,22695.03,22746.38,13.4531
2021-01-15 18:00:00,22681.72,22713.96,22675.5,22679.17,430.3172
2021-01-15 19:00:00,22826.21,22894.46,22708.99,22771.74,62.8622
2021-01-15 20:00:00,22798.58,22868.52,22748.56,22773.83,24.671
2021-01-15 21:00:00,22734.75,22764.19,22711.4,22755.93,286.9643
2021-01-15 22:00:00,22759.25,22826.05,22714.45,22786.53,63.2265
2021-01-15 23:00:00,22805.8,22844.64,22694.18,22744.24,42.671
2021-01-16 00:00:00,22721.84,22807.81,22651.51,22697.73,24.0557
2021-01-16 01:00:00,22519.79,22595.24,22447.37,22506.52,31.1805
2021-01-16 02:00:00,22482.55,22482.84,22472.42,22480.87,387.3741
2021-01-16 03:00:00,22435.3,22457.35,22409.72,22429.17,36.2367
2021-01-16 04:00:00,22340.39,22402.93,22304.48,22373.55,380.793
2021-01-16 05:00:00,22425.94,22440.98,22416.66,22422.42,40.0798
2021-01-16 06:00:00,22500.1,22510.28,22492.94,22498.5,26.3209
2021-01-16 07:00:00,22506.5,22598.68,22392.0,22526.87,20.2562
2021-01-16 08:00:00,22629.05,22642.71,22594.81,22641.24,53.0781
2021-01-16 09:00:00,22743.07,22785.92,22680.32,22708.66,27.0244
2021-01-16 10:00:00,22674.59,22767.74,22674.35,22677.43,119.3818
2021-01-16 11:00:00,22674.08,22725.04,22590.3,22627.22,27.4137
2021-01-16 12:00:00,22625.42,22733.86,22598.19,22664.87,180.4218
2021-01-16 13:00:00,22720.29,22778.05,22688.63,22732.16,179.5835
2021-01-16 14:00:00,22857.89,22911.2,22847.84,22893.31,33.6209
2021-01-16 15:00:00,23004.1,23036.37,22957.73,23031.95,140.0556
2021-01-16 16:00:00,22952.87,22976.47,22885.75,22971.9,194.8735
2021-01-16 17:00:00,22969.72,22981.33,22917.6,22962.48,89.1922
2021-01-16 18:00:00,23047.97,23085.79,23004.31,23041.82,45.6231
2021-01-16 19:00:00,23151.43,23176.71,23122.77,23167.16,58.1547
2021-01-16 20:00:00,23226.39,23381.05,23213.45,23278.25,154.2849
2021-01-16 21:00:00,23307.53,23368.24,23241.21,23273.14,34.7174
2021-01-16 22:00:00,23122.93,23169.83,23117.18,23129.54,40.716
2021-01-16 23:00:00,22990.64,23028.65,22951.17,23016.33,17.5288
2021-01-17 00:00:00,23056.34,23060.77,23006.68,23050.01,50.9248
2021-01-17 01:00:00,23096.47,23103.05,22984.05,23091.75,9.0488
2021-01-17 02:00:00,22959.8,23013.27,22955.47,22967.21,38.7185
2021-01-17 03:00:00,22978.04,22998.53,22963.7,22974.63,46.7574
2021-01-17 04:00:00,23022.81,23088.44,22996.93,23049.43,29.5014
2021-01-17 05:00:00,22936.48,22974.73,22910.68,22919.06,10.6871
2021-01-17 06:00:00,23025.01,23138.13,22998.07,23047.98,73.7449
2021-01-17 07:00:00,22992.85,23076.81,22950.28,23006.78,200.3082
2021-01-17 08:00:00,23168.77,23194.17,22995.02,23153.75,40.8938
2021-01-17 09:00:00,23122.11,23179.07,23060.37,23094.31,27.0237
2021-01-17 10:00:00,23014.51,23032.99,22902.8,22978.07,33.5526
2021-01-17 11:00:00,22951.94,22964.88,22887.39,22927.73,197.9684
2021-01-17 12:00:00,22911.69,22942.64,22898.29,22919.12,75.0369
2021-01-17 13:00:00,22841.64,22949.66,22826.95,22876.89,14.0171
2021-01-17 14:00:00,22886.58,22894.64,22756.23,22854.47,123.5194
2021-01-17 15:00:00,22926.3,23020.2,22825.81,22894.92,16.7672
2021-01-17 16:00:00,22862.24,22896.21,22759.88,22877.62,6.2135
2021-01-17 17:00:00,22893.41,22906.71,22809.19,22872.34,29.5291
2021-01-17 18:00:00,22671.62,22787.99,22630.4,22679.16,18.4031
2021-01-17 19:00:00,22759.96,22797.74,22660.42,22725.84,92.8863
2021-01-17 20:00:00,22706.28,22738.64,22687.91,22717.98,66.2747
2021-01-17 21:00:00,22948.48,22952.35,22825.14,22903.16,128.7588
2021-01-17 22:00:00,22815.78,22844.77,22774.38,22797.86,71.6561
2021-01-17 23:00:00,22634.63,22641.46,22527.1,22594.01,54.3015
2021-01-18 00:00:00,22655.58,22672.17,22631.64,22666.1,74.7009
2021-01-18 01:00:00,22716.83,22753.96,22704.09,22707.63,57.002
2021-01-18 02:00:00,22573.51,22671.56,22532.38,22595.41,3.7792
2021-01-18 03:00:00,22443.77,22448.55,22382.41,22424.84,114.1621
2021-01-18 04:00:00,22619.78,22626.12,22589.8,22599.46,327.3605
2021-01-18 05:00:00,22816.07,22840.13,22742.88,22761.51,54.8239
2021-01-18 06:00:00,22491.54,22517.45,22480.28,22480.7,55.1184
2021-01-18 07:00:00,22447.68,22507.87,22425.78,22431.44,4.6849
2021-01-18 08:00:00,22609.69,22664.01,22569.58,22620.34,221.0727
2021-01-18 09:00:00,22580.97,22628.65,22515.76,22568.75,264.6787
2021-01-18 10:00:00,22507.1,22545.67,22500.17,22515.65,167.7391
2021-01-18 11:00:00,22488.67,22508.56,22442.62,22486.07,11.2436
2021-01-18 12:00:00,22366.2,22380.17,22299.97,22362.29,230.4824
2021-01-18 13:00:00,22166.1,22201.38,22105.08,22173.92,2.4247
2021-01-18 14:00:00,22294.23,22325.14,22188.63,22292.83,58.802
2021-01-18 15:00:00,22081.35,22128.12,22068.01,22089.64,69.4395
2021-01-18 16:00:00,22110.76,22181.12,22107.69,22119.16,179.578
2021-01-18 17:00:00,22243.34,22273.6,22195.41,22219.42,138.9737
2021-01-18 18:00:00,22064.29,22119.35,22031.43,22060.42,159.5027
2021-01-18 19:00:00,21968.29,22031.97,21951.7,21960.67,202.4203
2021-01-18 20:00:00,22063.88,22199.93,22050.62,22096.08,64.6399
2021-01-18 21:00:00,22166.55,22181.77,22119.86,22157.16,151.5275
2021-01-18 22:00:00,22102.71,22128.62,22061.42,22090.99,7.0458
2021-01-18 23:00:00,22217.14,22275.64,22162.05,22226.0,58.797
2021-01-19 00:00:00,22408.93,22442.16,22338.25,22362.3,3.0596
2021-01-19 01:00:00,22343.35,22441.84,22300.85,22394.62,246.8818
2021-01-19 02:00:00,22313.55,22377.55,22203.32,22296.07,317.9986
2021-01-19 03:00:00,22268.07,22281.55,22242.81,22252.2,8.7672
2021-01-19 04:00:00,22298.36,22339.17,22276.24,22286.29,76.0627
2021-01-19 05:00:00,22271.43,22282.84,22181.74,22267.51,39.3249
2021-01-19 06:00:00,22386.6,22440.44,22369.09,22374.27,41.9363
2021-01-19 07:00:00,22224.65,22320.34,22188.74,22205.37,59.9111
2021-01-19 08:00:00,22025.69,22070.33,21991.46,22041.69,13.3607
2021-01-19 09:00:00,22070.43,22104.75,22041.17,22063.83,19.9391
2021-01-19 10:00:00,22007.77,22068.38,21970.63,22011.81,86.1255
2021-01-19 11:00:00,21920.99,22016.99,21885.12,21945.0,1.8934
2021-01-19 12:00:00,21768.79,21808.47,21710.71,21753.19,91.5793
2021-01-19 13:00:00,21745.21,21793.31,21733.01,21757.49,38.4071
2021-01-19 14:00:00,21721.35,21789.2,21626.9,21753.93,178.5021
2021-01-19 15:00:00,21815.42,21839.19,21813.69,21827.18,91.6307
2021-01-19 16:00:00,21819.44,21840.28,21790.66,21836.89,123.1314
2021-01-19 17:00:00,21847.04,21902.85,21810.53,21824.59,12.1518
2021-01-19 18:00:00,21958.58,21974.42,21943.57,21955.21,30.9059
2021-01-19 19:00:00,21843.48,21883.44,21769.03,21813.33,570.4666
2021-01-19 20:00:00,21859.43,21905.93,21802.12,21874.01,56.8547
2021-01-19 21:00:00,21712.39,21760.72,21689.85,21693.43,44.4516
2021-01-19 22:00:00,21666.01,21709.77,21567.38,21604.66,207.0326
2021-01-19 23:00:00,21483.47,21500.91,21467.95,21475.83,3.3634
2021-01-20 00:00:00,21580.52,21594.62,21541.93,21561.94,76.5231
2021-01-20 01:00:00,21571.99,21582.92,21498.37,21557.04,23.6048
2021-01-20 02:00:00,21527.09,21584.78,21472.06,21557.74,45.9108
2021-01-20 03:00:00,21453.17,21497.36,21402.93,21440.61,22.2865
2021-01-20 04:00:00,21417.18,21446.72,21409.82,21410.62,3.8557
2021-01-20 05:00:00,21325.49,21344.94,21313.21,21331.03,53.8732
2021-01-20 06:00:00,21355.17,21402.1,21312.35,21374.06,155.686
2021-01-20 07:00:00,21285.04,21302.66,21254.46,21270.28,303.5605
2021-01-20 08:00:00,21393.01,21422.48,21325.28,21413.83,97.7775
2021-01-20 09:00:00,21281.88,21295.05,21221.57,21236.57,49.2392
2021-01-20 10:00:00,21155.47,21170.34,21146.61,21153.06,146.9047
2021-01-20 11:00:00,21306.47,21383.58,21305.08,21332.56,70.365
2021-01-20 12:00:00,21277.34,21288.65,21221.27,21288.28,45.8265
2021-01-20 13:00:00,21144.57,21193.11,21103.98,21150.45,19.7341
2021-01-20 14:00:00,21226.82,21248.75,21140.45,21175.74,159.0273
2021-01-20 15:00:00,21108.83,21175.25,21064.16,21127.52,69.3999
2021-01-20 16:00:00,21038.89,21109.28,21020.85,21041.33,331.88
2021-01-20 17:00:00,20916.89,20952.28,20853.05,20928.15,161.9032
2021-01-20 18:00:00,21230.52,21234.92,21188.36,21219.92,54.4755
2021-01-20 19:00:00,21184.29,21199.48,21144.77,21195.35,135.0348
2021-01-20 20:00:00,20969.5,21013.15,20937.07,20993.41,60.4022
2021-01-20 21:00:00,21148.17,21173.61,21073.29,21152.3,8.3236
2021-01-20 22:00:00,21212.69,21257.33,21160.4,21219.04,72.7078
2021-01-20 23:00:00,21127.33,21180.59,21122.29,21139.85,200.7892
2021-01-21 00:00:00,21031.99,21111.29,20976.84,21043.33,193.407
2021-01-21 01:00:00,21141.31,21147.73,21031.22,21116.29,85.5588
2021-01-21 02:00:00,21085.59,21213.07,21077.31,21092.34,47.8074
2021-01-21 03:00:00,20867.63,20920.29,20857.3,20891.33,1.0152
2021-01-21 04:00:00,21070.36,21090.65,21031.94,21080.11,37.3109
2021-01-21 05:00:00,21037.61,21052.42,20953.89,21036.47,458.6209
2021-01-21 06:00:00,21167.56,21229.5,21140.46,21195.88,129.6421
2021-01-21 07:00:00,21368.18,21413.64,21330.59,21333.49,126.439
2021-01-21 08:00:00,21247.27,21294.25,21223.3,21228.85,143.1641
2021-01-21 09:00:00,21371.16,21400.06,21285.0,21340.64,96.7882
2021-01-21 10:00:00,21281.6,21306.56,21259.38,21273.26,88.1548
2021-01-21 11:00:00,21032.71,21108.24,21031.29,21076.83,60.4439
2021-01-21 12:00:00,21066.49,21125.14,20964.06,21034.2,58.6868
2021-01-21 13:00:00,21059.92,21102.64,21017.79,21078.12,204.6769
2021-01-21 14:00:00,21015.01,21036.88,21003.69,21031.46,49.9978
2021-01-21 15:00:00,21004.56,21043.11,20993.04,21001.27,183.4407
2021-01-21 16:00:00,21152.57,21185.94,21080.6,21123.46,181.8521
2021-01-21 17:00:00,21159.08,21245.13,21124.83,21136.82,147.3589
2021-01-21 18:00:00,21068.88,21141.25,20992.08,21049.81,3.8369
2021-01-21 19:00:00,21119.21,21168.7,21030.77,21125.8,16.0136
2021-01-21 20:00:00,21141.86,21203.32,21100.01,21148.79,37.7906
2021-01-21 21:00:00,20891.49,20924.87,20780.72,20884.26,188.0809
2021-01-21 22:00:00,20928.36,20955.11,20910.45,20931.08,206.5613
2021-01-21 23:00:00,20992.83,21031.24,20947.52,20974.18,4.2445
2021-01-22 00:00:00,20995.8,21016.63,20879.08,20978.39,39.2635
2021-01-22 01:00:00,21086.48,21101.8,21041.28,21074.02,189.9685
2021-01-22 02:00:00,20952.22,21017.39,20887.25,21005.28,28.7273
2021-01-22 03:00:00,21045.41,21073.08,21027.68,21042.72,372.9839
2021-01-22 04:00:00,20877.68,20938.39,20796.94,20879.96,67.198
2021-01-22 05:00:00,20928.06,20965.67,20876.93,20924.54,276.9596
2021-01-22 06:00:00,21115.03,21135.62,21083.86,21130.97,56.0062
2021-01-22 07:00:00,21000.12,21071.06,20966.03,21027.97,39.1265
2021-01-22 08:00:00,20959.89,21028.1,20902.71,20950.19,45.006
2021-01-22 09:00:00,20870.47,20929.21,20867.72,20877.91,215.676
2021-01-22 10:00:00,20905.58,20925.42,20892.77,20893.57,40.1507
2021-01-22 11:00:00,20770.66,20815.18,20720.51,20784.6,110.6683
2021-01-22 12:00:00,20859.95,20871.61,20804.41,20830.46,63.4581
2021-01-22 13:00:00,20941.69,21020.54,20887.07,20920.74,284.1659
2021-01-22 14:00:00,20984.96,21029.54,20903.75,20978.73,17.3596
2021-01-22 15:00:00,20790.9,20812.66,20727.04,20795.33,55.9765
2021-01-22 16:00:00,20918.7,21020.22,20889.36,20900.89,13.3113
2021-01-22 17:00:00,21009.18,21060.35,20966.37,21000.94,86.308
2021-01-22 18:00:00,21095.24,21161.79,21027.48,21090.21,51.5669
2021-01-22 19:00:00,21153.67,21168.04,21083.7,21131.63,6.2873
2021-01-22 20:00:00,21187.19,21201.28,21154.93,21157.01,189.6041
2021-01-22 21:00:00,21241.7,21312.3,21226.84,21268.34,47.0828
2021-01-22 22:00:00,21452.46,21515.89,21407.02,21475.01,68.0489
2021-01-22 23:00:00,21358.15,21377.96,21295.1,21374.83,52.3427
2021-01-23 00:00:00,21459.9,21521.97,21447.98,21492.19,67.0706
2021-01-23 01:00:00,21483.73,21486.39,21464.68,21485.07,1.646
2021-01-23 02:00:00,21486.18,21498.17,21428.67,21473.29,168.9886
2021-01-23 03:00:00,21310.01,21314.21,21283.82,21310.47,40.3928
2021-01-23 04:00:00,21270.89,21291.82,21203.01,21282.25,128.9029
2021-01-23 05:00:00,21202.12,21244.53,21138.49,21178.26,6.7088
2021-01-23 06:00:00,21134.23,21187.75,21075.31,21131.26,74.197
2021-01-23 07:00:00,21024.55,21087.33,20982.8,21017.34,239.4612
2021-01-23 08:00:00,20996.48,21014.36,20890.03,20972.27,50.791
2021-01-23 09:00:00,20929.2,20992.09,20904.8,20931.78,21.9723
2021-01-23 10:00:00,20987.15,21058.2,20925.83,20944.0,10.434
2021-01-23 11:00:00,20767.7,20827.88,20746.24,20777.0,195.9619
2021-01-23 12:00:00,20670.13,20686.78,20586.94,20628.91,27.2867
2021-01-23 13:00:00,20648.16,20729.45,20585.21,20668.3,369.1728
2021-01-23 14:00:00,20598.62,20621.3,20573.97,20587.96,28.4783
2021-01-23 15:00:00,20687.33,20747.12,20657.0,20700.63,65.5834
2021-01-23 16:00:00,20749.22,20749.76,20671.76,20726.02,61.2478
2021-01-23 17:00:00,20781.03,20806.52,20745.16,20790.97,6.4016
2021-01-23 18:00:00,20945.79,20968.62,20925.41,20939.7,75.8944
2021-01-23 19:00:00,20895.76,20942.61,20862.13,20909.37,111.6698
2021-01-23 20:00:00,20870.94,20937.43,20839.79,20851.4,135.5322
2021-01-23 21:00:00,20930.63,20944.67,20889.39,20944.36,73.9383
2021-01-23 22:00:00,21035.16,21052.07,20996.57,20999.81,167.4431
2021-01-23 23:00:00,20961.35,21006.87,20941.55,20982.24,139.472
2021-01-24 00:00:00,21101.89,21170.02,21074.92,21130.32,21.564
2021-01-24 01:00:00,21130.1,21197.54,21026.29,21110.01,51.3499
2021-01-24 02:00:00,21103.09,21124.45,21053.94,21115.58,15.383
2021-01-24 03:00:00,21119.78,21165.81,21075.39,21119.93,14.3205
2021-01-24 04:00:00,21016.58,21027.61,20893.53,21023.35,124.5237
2021-01-24 05:00:00,21006.0,21059.33,20991.94,21033.61,75.6
2021-01-24 06:00:00,21180.98,21215.52,21152.73,21182.61,91.8668
2021-01-24 07:00:00,21258.71,21305.35,21159.61,21231.85,131.7456
2021-01-24 08:00:00,21258.58,21290.11,21196.5,21237.28,32.4671
2021-01-24 09:00:00,21227.14,21274.51,21191.24,21222.22,51.3098
2021-01-24 10:00:00,21283.1,21313.18,21193.47,21259.45,93.3445
2021-01-24 11:00:00,21318.66,21394.25,21279.58,21341.28,10.1622
2021-01-24 12:00:00,21401.45,21483.2,21370.79,21408.42,179.0085
2021-01-24 13:00:00,21383.5,21431.07,21352.72,21375.04,42.0756
2021-01-24 14:00:00,21409.09,21445.15,21351.56,21411.89,107.5149
2021-01-24 15:00:00,21460.11,21478.43,21437.1,21465.41,541.8206
2021-01-24 16:00:00,21333.81,21409.56,21267.43,21359.46,64.5048
2021-01-24 17:00:00,21335.06,21402.98,21329.46,21379.56,24.2133
2021-01-24 18:00:00,21167.96,21239.1,21068.25,21150.66,24.3899
2021-01-24 19:00:00,21208.96,21280.23,21154.47,21203.8,6.2276
2021-01-24 20:00:00,21295.12,21309.97,21229.01,21275.93,145.707
2021-01-24 21:00:00,21348.25,21391.14,21320.88,21357.58,34.7335
2021-01-24 22:00:00,21302.34,21353.65,21291.15,21317.53,18.9619
2021-01-24 23:00:00,21352.75,21367.08,21345.58,21352.61,125.0701
2021-01-25 00:00:00,21525.14,21568.26,21501.84,21506.77,36.9813
2021-01-25 01:00:00,21655.93,21696.13,21654.9,21660.95,91.7464
2021-01-25 02:00:00,21677.32,21706.89,21645.55,21659.95,54.0986
2021-01-25 03:00:00,21655.39,21690.86,21601.26,21677.21,40.6695
2021-01-25 04:00:00,21796.26,21830.46,21793.07,21799.78,67.2227
2021-01-25 05:00:00,21636.86,21664.8,21574.78,21638.38,37.6576
2021-01-25 06:00:00,21632.08,21705.39,21598.42,21605.58,204.4576
2021-01-25 07:00:00,21756.54,21792.89,21730.5,21752.02,7.5845
2021-01-25 08:00:00,21898.43,21904.74,21842.7,21860.26,3.0618
2021-01-25 09:00:00,21873.29,21957.56,21835.57,21902.81,52.1538
2021-01-25 10:00:00,21742.91,21747.41,21727.61,21740.09,18.9762
2021-01-25 11:00:00,21740.74,21787.14,21700.09,21736.84,136.151
2021-01-25 12:00:00,21688.34,21701.1,21652.91,21674.9,43.608
2021-01-25 13:00:00,21695.28,21781.84,21666.76,21712.94,30.305
2021-01-25 14:00:00,21663.68,21698.33,21608.12,21627.25,44.5321
2021-01-25 15:00:00,21518.77,21534.1,21475.16,21518.49,24.78
2021-01-25 16:00:00,21275.33,21344.8,21225.51,21298.48,35.6179
2021-01-25 17:00:00,21430.38,21445.63,21415.24,21430.72,83.9296
2021-01-25 18:00:00,21383.33,21438.53,21316.97,21390.03,199.534
2021-01-25 19:00:00,21468.56,21470.25,21401.62,21408.97,46.3416
2021-01-25 20:00:00,21433.36,21438.21,21397.62,21410.88,38.6651
2021-01-25 21:00:00,21299.8,21389.86,21214.94,21298.74,152.2297
2021-01-25 22:00:00,21164.42,21187.31,21156.22,21166.79,2.2682
2021-01-25 23:00:00,21082.54,21134.3,21058.89,21062.51,35.9646
2021-01-26 00:00:00,21009.42,21029.58,20876.24,20988.46,60.1792
2021-01-26 01:00:00,20967.8,21053.08,20955.6,21029.03,91.7946
2021-01-26 02:00:00,20960.94,21016.09,20878.3,20947.47,16.9676
2021-01-26 03:00:00,21133.07,21176.74,21101.83,21132.48,56.7139
2021-01-26 04:00:00,21215.28,21291.17,21173.08,21243.13,83.5403
2021-01-26 05:00:00,21349.89,21423.95,21324.4,21331.11,71.3861
2021-01-26 06:00:00,21368.37,21372.28,21301.36,21320.48,85.461
2021-01-26 07:00:00,21496.0,21502.19,21461.09,21484.04,108.5888
2021-01-26 08:00:00,21486.39,21519.76,21444.83,21462.77,47.7024
2021-01-26 09:00:00,21500.28,21503.44,21454.66,21461.56,6.5751
2021-01-26 10:00:00,21464.11,21529.2,21412.57,21481.95,5.7159
2021-01-26 11:00:00,21519.43,21572.05,21471.04,21559.48,195.6974
2021-01-26 12:00:00,21644.5,21650.37,21580.65,21630.29,113.1402
2021-01-26 13:00:00,21575.73,21611.25,21501.2,21581.07,144.4706
2021-01-26 14:00:00,21496.14,21566.41,21453.52,21525.72,264.2327
2021-01-26 15:00:00,21595.05,21733.19,21576.18,21596.74,138.8474
2021-01-26 16:00:00,21691.9,21745.45,21673.08,21676.13,117.8634
2021-01-26 17:00:00,21632.45,21642.01,21604.12,21635.67,106.6412
2021-01-26 18:00:00,21449.24,21483.32,21418.38,21466.13,29.9179
2021-01-26 19:00:00,21441.24,21529.74,21435.35,21446.03,315.3418
2021-01-26 20:00:00,21514.62,21542.58,21486.72,21515.03,78.0983
2021-01-26 21:00:00,21669.51,21744.91,21598.3,21711.4,25.1124
2021-01-26 22:00:00,21580.45,21617.84,21558.39,21583.53,23.5502
2021-01-26 23:00:00,21510.7,21553.99,21490.78,21539.65,168.8838
2021-01-27 00:00:00,21514.04,21519.3,21475.65,21499.87,28.796
2021-01-27 01:00:00,21613.97,21706.7,21604.96,21647.77,4.2309
2021-01-27 02:00:00,21668.07,21724.31,21640.22,21646.15,55.9337
2021-01-27 03:00:00,21541.3,21606.13,21472.68,21550.11,170.0186
2021-01-27 04:00:00,21600.73,21690.73,21528.05,21612.47,53.5186
2021-01-27 05:00:00,21577.25,21641.67,21509.57,21570.9,162.7335
2021-01-27 06:00:00,21422.44,21477.55,21350.85,21441.0,175.5684
2021-01-27 07:00:00,21353.39,21437.8,21296.13,21347.44,194.9868
2021-01-27 08:00:00,21518.89,21540.18,21496.74,21534.66,88.8918
2021-01-27 09:00:00,21566.17,21580.21,21507.05,21578.18,120.221
2021-01-27 10:00:00,21600.72,21614.41,21586.65,21591.97,30.362
2021-01-27 11:00:00,21542.59,21599.13,21541.4,21567.15,10.5025
2021-01-27 12:00:00,21573.5,21620.32,21478.18,21600.81,76.0956
2021-01-27 13:00:00,21638.61,21686.92,21625.09,21633.24,1.0638
2021-01-27 14:00:00,21666.42,21679.74,21615.39,21667.0,62.6869
2021-01-27 15:00:00,21685.27,21722.3,21650.97,21681.61,10.7689
2021-01-27 16:00:00,21785.1,21816.64,21728.01,21777.96,11.476
2021-01-27 17:00:00,21783.91,21796.97,21773.11,21782.66,204.6265
2021-01-27 18:00:00,21691.51,21715.49,21622.2,21678.32,102.3092
2021-01-27 19:00:00,21616.22,21702.52,21571.98,21614.11,103.6298
2021-01-27 20:00:00,21359.44,21459.19,21337.77,21402.4,51.8315
2021-01-27 21:00:00,21583.64,21671.42,21580.13,21621.43,53.3164
2021-01-27 22:00:00,21758.73,21831.44,21651.71,21716.86,36.1124
2021-01-27 23:00:00,21628.9,21706.47,21609.91,21628.9,56.9795
2021-01-28 00:00:00,21621.11,21670.48,21590.82,21600.59,88.4611
2021-01-28 01:00:00,21526.52,21542.13,21513.7,21533.96,20.6519
2021-01-28 02:00:00,21700.94,21772.92,21634.38,21702.2,30.3383
2021-01-28 03:00:00,21540.53,21608.48,21521.81,21550.3,68.271
2021-01-28 04:00:00,21617.97,21656.78,21513.86,21564.79,48.5776
2021-01-28 05:00:00,21560.7,21605.04,21488.59,21555.24,171.195
2021-01-28 06:00:00,21634.93,21656.88,21628.53,21646.51,172.4215
2021-01-28 07:00:00,21601.68,21669.49,21559.38,21637.42,40.9461
2021-01-28 08:00:00,21491.7,21536.62,21408.25,21449.37,59.9284
2021-01-28 09:00:00,21421.08,21453.9,21332.06,21424.58,375.4485
2021-01-28 10:00:00,21338.45,21398.16,21314.83,21322.58,175.7219
2021-01-28 11:00:00,21351.46,21352.05,21316.56,21333.2,24.2913
2021-01-28 12:00:00,21478.37,21513.12,21462.44,21488.31,32.8822
2021-01-28 13:00:00,21317.9,21334.47,21239.83,21303.57,8.7172
2021-01-28 14:00:00,21207.65,21243.72,21151.65,21220.47,113.2655
2021-01-28 15:00:00,21142.98,21192.8,21105.85,21163.95,38.1107
2021-01-28 16:00:00,21150.28,21180.06,21115.66,21125.68,76.9154
2021-01-28 17:00:00,21202.61,21233.71,21196.13,21205.97,146.1631
2021-01-28 18:00:00,21200.68,21231.35,21148.68,21189.69,180.8103
2021-01-28 19:00:00,21244.59,21261.91,21179.0,21235.86,39.3583
2021-01-28 20:00:00,21185.05,21218.09,21168.71,21171.54,27.0821
2021-01-28 21:00:00,21165.0,21220.04,21157.09,21198.0,188.741
2021-01-28 22:00:00,21270.1,21309.8,21224.49,21282.56,48.0088
2021-01-28 23:00:00,21199.88,21277.92,21162.62,21206.76,172.5961
2021-01-29 00:00:00,21274.02,21305.69,21270.12,21291.73,16.224
2021-01-29 01:00:00,21308.57,21334.44,21293.72,21299.43,242.939
2021-01-29 02:00:00,21438.32,21485.93,21377.58,21412.9,65.9955
2021-01-29 03:00:00,21422.26,21470.58,21377.65,21393.48,18.649
2021-01-29 04:00:00,21429.13,21451.72,21385.34,21436.4,76.5864
2021-01-29 05:00:00,21440.45,21512.06,21397.16,21434.19,204.0344
2021-01-29 06:00:00,21435.57,21522.58,21381.76,21426.02,49.319
2021-01-29 07:00:00,21469.23,21508.34,21383.81,21455.9,19.609
2021-01-29 08:00:00,21496.74,21526.87,21478.08,21515.64,85.9334
2021-01-29 09:00:00,21422.29,21437.44,21368.86,21383.36,179.8585
2021-01-29 10:00:00,21558.74,21591.71,21518.58,21538.78,12.9373
2021-01-29 11:00:00,21360.99,21399.42,21319.72,21340.66,4.229
2021-01-29 12:00:00,21295.32,21321.45,21261.18,21269.72,5.794
2021-01-29 13:00:00,21273.18,21321.79,21254.42,21261.82,26.2
2021-01-29 14:00:00,21285.9,21314.82,21274.74,21307.79,0.7329
2021-01-29 15:00:00,21474.86,21508.17,21424.56,21477.84,55.9793
2021-01-29 16:00:00,21245.29,21288.01,21226.95,21280.43,119.6499
2021-01-29 17:00:00,21237.35,21284.4,21171.36,21228.54,123.9456
2021-01-29 18:00:00,21001.36,21017.1,20993.71,21004.91,101.2558
2021-01-29 19:00:00,21009.48,21105.06,20994.03,21010.33,35.1261
2021-01-29 20:00:00,21066.31,21074.18,21007.93,21040.98,133.157
2021-01-29 21:00:00,21200.75,21218.1,21194.2,21210.44,85.9172
2021-01-29 22:00:00,21220.0,21238.57,21198.64,21225.35,197.4571
2021-01-29 23:00:00,21338.75,21385.99,21322.19,21338.28,65.0098
2021-01-30 00:00:00,21363.32,21486.28,21326.99,21402.7,19.8631
2021-01-30 01:00:00,21352.58,21368.45,21334.35,21358.26,100.6907
2021-01-30 02:00:00,21157.21,21249.07,21151.93,21209.93,16.3442
2021-01-30 03:00:00,21228.78,21292.54,21174.15,21241.22,330.076
2021-01-30 04:00:00,21102.9,21105.96,21061.28,21084.87,121.4984
2021-01-30 05:00:00,21233.02,21262.82,21212.19,21223.53,141.1907
2021-01-30 06:00:00,21195.84,21221.22,21128.91,21208.45,113.7151
2021-01-30 07:00:00,21338.18,21367.52,21307.24,21337.31,10.2653
2021-01-30 08:00:00,21265.33,21294.41,21261.74,21288.21,62.6049
2021-01-30 09:00:00,21318.91,21358.61,21266.67,21318.96,105.3874
2021-01-30 10:00:00,21405.95,21435.2,21326.11,21343.41,26.0529
2021-01-30 11:00:00,21380.13,21403.76,21297.7,21340.73,113.788
2021-01-30 12:00:00,21297.82,21324.13,21259.97,21296.7,171.4162
2021-01-30 13:00:00,21344.04,21417.31,21320.94,21340.62,32.1487
2021-01-30 14:00:00,21223.12,21262.18,21201.78,21243.93,22.2648
2021-01-30 15:00:00,21100.66,21190.9,21035.47,21117.59,214.695
2021-01-30 16:00:00,21258.63,21346.51,21186.9,21250.93,0.5208
2021-01-30 17:00:00,21319.12,21366.8,21269.65,21330.32,29.5374
2021-01-30 18:00:00,21358.77,21406.15,21284.04,21339.48,52.2106
2021-01-30 19:00:00,21553.06,21631.43,21396.68,21519.28,111.5534
2021-01-30 20:00:00,21499.77,21509.07,21472.25,21492.62,583.0535
2021-01-30 21:00:00,21639.11,21643.44,21565.81,21636.91,46.3335
2021-01-30 22:00:00,21621.67,21715.35,21599.32,21658.07,297.2186
2021-01-30 23:00:00,21565.38,21587.14,21513.16,21549.27,45.6928
2021-01-31 00:00:00,21725.67,21820.31,21717.32,21750.54,118.918
2021-01-31 01:00:00,21851.32,21875.82,21824.06,21860.46,18.0763
2021-01-31 02:00:00,21870.38,21871.62,21779.91,21849.42,61.6942
2021-01-31 03:00:00,21953.63,22011.24,21926.32,21931.04,205.0065
2021-01-31 04:00:00,21878.76,21919.45,21841.33,21888.97,38.5654
2021-01-31 05:00:00,21972.91,21988.4,21942.11,21981.9,11.1158
2021-01-31 06:00:00,21706.11,21730.69,21628.54,21721.3,73.9638
2021-01-31 07:00:00,21586.82,21645.91,21558.61,21612.71,57.8988
2021-01-31 08:00:00,21706.91,21745.07,21649.73,21720.7,26.0767
2021-01-31 09:00:00,21660.76,21704.71,21647.33,21695.76,236.0376
2021-01-31 10:00:00,21735.28,21759.51,21711.25,21720.44,92.0516
2021-01-31 11:00:00,21584.86,21638.71,21576.14,21576.35,42.6444
2021-01-31 12:00:00,21790.06,21793.39,21745.35,21777.86,555.4821
2021-01-31 13:00:00,21888.76,21926.75,21772.6,21909.67,14.7997
2021-01-31 14:00:00,21863.72,21929.32,21819.7,21889.88,188.3556
2021-01-31 15:00:00,21848.94,21865.74,21823.43,21847.77,26.2177
2021-01-31 16:00:00,21963.84,22065.81,21949.96,21962.43,27.3788
2021-01-31 17:00:00,22179.06,22215.93,22136.24,22182.32,68.9478
2021-01-31 18:00:00,22283.87,22339.34,22268.49,22290.33,108.4538
2021-01-31 19:00:00,22573.16,22585.79,22501.43,22534.61,117.2678
2021-01-31 20:00:00,22442.49,22544.82,22398.62,22432.94,2.2376
2021-01-31 21:00:00,22387.3,22395.85,22342.36,22343.27,33.8075
2021-01-31 22:00:00,22240.87,22281.32,22211.46,22212.68,108.0588
2021-01-31 23:00:00,22301.89,22307.12,22134.44,22263.97,220.4867
2021-02-01 00:00:00,22261.8,22307.97,22232.56,22285.74,110.8332
2021-02-01 01:00:00,22284.25,22307.1,22243.72,22271.04,30.9085
2021-02-01 02:00:00,22353.72,22432.91,22348.86,22363.38,70.8815
2021-02-01 03:00:00,22465.98,22503.49,22424.18,22503.41,104.2921
2021-02-01 04:00:00,22367.41,22397.85,22292.12,22334.0,14.5418
2021-02-01 05:00:00,22263.03,22328.56,22223.78,22269.57,78.7253
2021-02-01 06:00:00,22339.52,22383.93,22290.27,22363.12,63.8027
2021-02-01 07:00:00,22303.8,22324.08,22260.93,22313.05,41.045
2021-02-01 08:00:00,22208.54,22352.98,22181.72,22226.23,97.6937
2021-02-01 09:00:00,22326.15,22351.63,22295.79,22341.65,101.1196
2021-02-01 10:00:00,22194.91,22284.44,22172.89,22199.83,355.6796
2021-02-01 11:00:00,22206.95,22302.56,22116.32,22168.58,55.915
2021-02-01 12:00:00,22192.43,22239.67,22177.91,22207.22,75.7722
2021-02-01 13:00:00,22182.47,22292.72,22132.37,22145.73,17.1385
2021-02-01 14:00:00,22253.53,22266.04,22201.67,22234.66,79.4875
2021-02-01 15:00:00,22182.43,22197.55,22162.12,22173.64,3.6753
2021-02-01 16:00:00,22348.74,22367.99,22322.36,22332.03,16.2375
2021-02-01 17:00:00,22320.53,22356.16,22310.62,22320.22,18.7833
2021-02-01 18:00:00,22426.17,22540.28,22390.63,22397.37,100.1411
2021-02-01 19:00:00,22495.9,22542.57,22437.46,22483.15,83.7698
2021-02-01 20:00:00,22377.54,22442.34,22365.29,22414.85,159.9671
2021-02-01 21:00:00,22193.53,22240.14,22135.88,22186.95,62.4367
2021-02-01 22:00:00,22246.62,22280.48,22225.4,22229.19,64.4083
2021-02-01 23:00:00,22233.02,22244.87,22209.08,22239.45,17.6208
2021-02-02 00:00:00,22306.3,22344.43,22280.24,22303.48,135.7518
2021-02-02 01:00:00,22266.79,22328.14,22262.21,22280.45,0.366
2021-02-02 02:00:00,22204.09,22245.09,22153.9,22234.73,55.3195
2021-02-02 03:00:00,22425.42,22468.47,22392.23,22460.24,20.8655
2021-02-02 04:00:00,22262.87,22324.77,22254.3,22297.14,147.4077
2021-02-02 05:00:00,22396.17,22416.96,22333.56,22381.19,111.8993
2021-02-02 06:00:00,22263.55,22376.77,22261.69,22319.13,122.6794
2021-02-02 07:00:00,22269.04,22340.58,22200.6,22283.89,16.0847
2021-02-02 08:00:00,22233.75,22344.64,22219.45,22250.79,110.5075
2021-02-02 09:00:00,22157.37,22197.6,22154.92,22163.63,117.407
2021-02-02 10:00:00,22187.88,22246.74,22180.99,22229.14,0.2641
2021-02-02 11:00:00,22394.97,22431.71,22350.65,22385.93,38.2141
2021-02-02 12:00:00,22412.21,22458.9,22402.13,22440.78,9.1335
2021-02-02 13:00:00,22480.05,22525.12,22397.28,22454.62,114.3801
2021-02-02 14:00:00,22332.22,22351.49,22307.4,22346.12,23.8395
2021-02-02 15:00:00,22403.96,22426.48,22400.36,22406.1,30.7421
2021-02-02 16:00:00,22650.0,22677.6,22635.05,22649.91,8.1567
2021-02-02 17:00:00,22614.59,22655.99,22599.75,22609.07,66.1274
2021-02-02 18:00:00,22569.66,22682.99,22495.64,22568.82,3.3591
2021-02-02 19:00:00,22498.15,22558.01,22493.64,22507.77,186.8158
2021-02-02 20:00:00,22462.64,22463.85,22437.77,22454.94,2.672
2021-02-02 21:00:00,22159.28,22215.1,22059.97,22148.96,6.3621
2021-02-02 22:00:00,22179.04,22272.07,22145.95,22196.03,102.2781
2021-02-02 23:00:00,22113.83,22175.41,21978.32,22104.41,248.8114
2021-02-03 00:00:00,21954.78,22008.56,21869.63,21928.65,222.6746
2021-02-03 01:00:00,22028.96,22062.87,21994.04,22013.42,8.7336
2021-02-03 02:00:00,21916.94,21969.02,21796.63,21896.53,34.0305
2021-02-03 03:00:00,21865.4,21900.96,21860.44,21861.64,73.6132
2021-02-03 04:00:00,22003.5,22034.15,21990.01,22024.12,2.6985
2021-02-03 05:00:00,21853.43,21960.06,21841.74,21871.14,75.2139
2021-02-03 06:00:00,21712.67,21727.42,21692.99,21705.73,59.3783
2021-02-03 07:00:00,21757.62,21776.52,21639.39,21737.13,88.773
2021-02-03 08:00:00,21925.14,21947.33,21829.8,21864.23,252.9672
2021-02-03 09:00:00,21715.61,21757.84,21681.42,21694.31,32.1059
2021-02-03 10:00:00,21715.26,21744.82,21707.09,21740.7,101.9145
2021-02-03 11:00:00,21789.3,21823.18,21777.39,21806.03,56.1825
2021-02-03 12:00:00,21632.88,21636.71,21565.81,21583.7,57.1157
2021-02-03 13:00:00,21667.39,21700.64,21655.96,21672.03,104.2056
2021-02-03 14:00:00,21770.23,21806.01,21716.81,21769.19,302.2824
2021-02-03 15:00:00,21716.55,21798.42,21698.97,21737.43,198.8004
2021-02-03 16:00:00,21909.96,21976.48,21869.0,21875.72,102.0326
2021-02-03 17:00:00,22013.22,22023.06,21996.78,22002.21,61.9039
2021-02-03 18:00:00,21998.7,22166.68,21989.88,22015.75,55.1634
2021-02-03 19:00:00,21946.43,21985.68,21909.9,21968.26,154.7087
2021-02-03 20:00:00,21870.32,21886.76,21854.51,21863.6,24.6183
2021-02-03 21:00:00,21862.65,21944.26,21831.75,21861.68,88.5923
2021-02-03 22:00:00,21944.39,21980.93,21922.31,21926.15,70.3104
2021-02-03 23:00:00,21904.78,21943.16,21874.23,21892.8,104.7977
2021-02-04 00:00:00,21648.72,21686.59,21636.28,21654.44,20.7542
2021-02-04 01:00:00,21782.12,21846.84,21753.71,21793.97,118.9929
2021-02-04 02:00:00,21813.39,21823.38,21765.4,21816.88,98.6176
2021-02-04 03:00:00,21765.66,21796.26,21730.12,21777.65,19.8629
2021-02-04 04:00:00,21870.32,21922.27,21800.03,21873.17,59.7149
2021-02-04 05:00:00,22042.46,22064.3,22040.6,22042.1,113.5129
2021-02-04 06:00:00,21715.98,21811.18,21678.55,21735.5,231.8758
2021-02-04 07:00:00,21798.61,21825.49,21726.86,21784.87,13.0222
2021-02-04 08:00:00,21623.64,21645.58,21556.66,21631.65,0.8778
2021-02-04 09:00:00,21669.54,21728.3,21639.61,21687.8,18.0508
2021-02-04 10:00:00,21696.21,21791.94,21685.36,21703.84,453.506
2021-02-04 11:00:00,21780.27,21785.19,21757.48,21775.0,146.2615
2021-02-04 12:00:00,21724.62,21757.36,21651.24,21722.82,95.2874
2021-02-04 13:00:00,21530.61,21578.97,21465.43,21521.53,14.2731
2021-02-04 14:00:00,21494.51,21534.38,21468.0,21475.22,53.7933
2021-02-04 15:00:00,21549.14,21577.06,21494.39,21521.05,125.6105
2021-02-04 16:00:00,21638.64,21655.08,21483.29,21632.47,226.2251
2021-02-04 17:00:00,21484.88,21557.41,21423.28,21507.88,48.0981
2021-02-04 18:00:00,21614.66,21623.52,21534.59,21620.48,807.8543
2021-02-04 19:00:00,21530.96,21580.02,21468.68,21552.61,15.0516
2021-02-04 20:00:00,21630.46,21644.11,21512.68,21593.82,48.9286
2021-02-04 21:00:00,21583.74,21618.11,21485.13,21540.93,208.2626
2021-02-04 22:00:00,21576.72,21620.98,21516.95,21562.7,104.9581
2021-02-04 23:00:00,21679.61,21700.9,21621.14,21661.01,166.5582
2021-02-05 00:00:00,21535.69,21541.87,21418.39,21530.29,238.3786
2021-02-05 01:00:00,21467.1,21471.19,21456.57,21459.25,70.7888
2021-02-05 02:00:00,21446.93,21550.51,21404.28,21481.24,26.7549
2021-02-05 03:00:00,21739.73,21780.05,21732.1,21741.33,118.3213
2021-02-05 04:00:00,21630.6,21683.91,21544.75,21649.67,82.892
2021-02-05 05:00:00,21878.83,21947.88,21805.63,21872.68,148.1261
2021-02-05 06:00:00,22092.76,22123.08,22075.04,22094.08,71.6853
2021-02-05 07:00:00,22128.53,22181.14,22080.16,22085.54,166.6598
2021-02-05 08:00:00,22075.04,22126.73,21977.18,22054.82,232.2966
2021-02-05 09:00:00,21986.96,21990.66,21965.48,21980.71,138.4628
2021-02-05 10:00:00,21969.55,22022.23,21963.2,21975.41,136.1232
2021-02-05 11:00:00,21859.62,21901.8,21807.98,21823.04,88.4766
2021-02-05 12:00:00,21816.25,21890.25,21769.29,21816.91,63.7981
2021-02-05 13:00:00,21989.67,22021.3,21946.6,21982.38,359.6762
2021-02-05 14:00:00,21918.33,21961.43,21905.19,21917.41,103.5955
2021-02-05 15:00:00,21884.37,21927.54,21838.34,21893.22,183.4812
2021-02-05 16:00:00,21709.98,21716.03,21693.12,21709.19,70.4024
2021-02-05 17:00:00,21709.29,21782.05,21663.61,21751.97,80.9362
2021-02-05 18:00:00,21749.19,21800.42,21698.72,21782.91,108.7343
2021-02-05 19:00:00,21799.64,21808.0,21723.39,21792.02,130.3986
2021-02-05 20:00:00,21804.72,21882.18,21701.16,21770.58,59.4852
2021-02-05 21:00:00,21748.46,21806.58,21684.9,21740.89,44.0546
2021-02-05 22:00:00,21781.92,21821.76,21741.9,21797.62,27.3674
2021-02-05 23:00:00,21765.21,21836.46,21747.08,21796.66,55.1032
2021-02-06 00:00:00,21850.29,21896.47,21802.05,21833.16,23.7291
2021-02-06 01:00:00,21846.42,21939.86,21827.62,21858.82,53.9159
2021-02-06 02:00:00,21997.93,22011.51,21921.68,21983.79,207.6721
2021-02-06 03:00:00,22069.0,22086.26,22008.09,22060.4,377.5317
2021-02-06 04:00:00,22094.44,22098.48,22064.76,22083.88,86.0624
2021-02-06 05:00:00,22254.5,22273.97,22197.9,22253.75,15.783
2021-02-06 06:00:00,22311.29,22345.79,22250.47,22302.74,55.784
2021-02-06 07:00:00,22447.81,22469.6,22439.33,22450.49,92.1496
2021-02-06 08:00:00,22506.56,22543.33,22506.13,22520.86,46.3261
2021-02-06 09:00:00,22294.21,22350.32,22225.46,22315.71,22.961
2021-02-06 10:00:00,22409.96,22543.42,22362.52,22463.53,25.7249
2021-02-06 11:00:00,22476.89,22481.05,22421.83,22480.96,64.2319
2021-02-06 12:00:00,22511.52,22525.26,22361.14,22477.37,24.3893
2021-02-06 13:00:00,22527.67,22546.42,22486.6,22511.24,28.7046
2021-02-06 14:00:00,22479.78,22487.46,22460.02,22474.66,206.4231
2021-02-06 15:00:00,22485.9,22509.65,22424.83,22502.42,150.9866
2021-02-06 16:00:00,22460.45,22492.79,22348.87,22438.07,5.6902
2021-02-06 17:00:00,22580.58,22663.44,22552.97,22583.28,38.5922
2021-02-06 18:00:00,22608.26,22652.72,22563.6,22572.71,75.9144
2021-02-06 19:00:00,22509.68,22582.91,22463.83,22531.79,6.2523
2021-02-06 20:00:00,22413.02,22437.04,22397.66,22429.84,114.9394
2021-02-06 21:00:00,22443.2,22495.88,22403.28,22462.23,48.5231
2021-02-06 22:00:00,22452.16,22556.86,22409.55,22485.49,50.6134
2021-02-06 23:00:00,22510.29,22534.99,22459.25,22531.41,30.833
2021-02-07 00:00:00,22420.25,22434.17,22397.61,22417.93,40.6359
2021-02-07 01:00:00,22224.86,22273.96,22201.09,22240.7,197.8257
2021-02-07 02:00:00,22226.44,22408.72,22176.22,22312.49,155.4017
2021-02-07 03:00:00,22504.5,22522.76,22452.24,22480.35,274.5314
2021-02-07 04:00:00,22329.57,22384.12,22266.89,22367.24,120.0636
2021-02-07 05:00:00,22560.51,22591.95,22513.69,22547.23,86.2446
2021-02-07 06:00:00,22582.2,22653.22,22575.54,22581.49,30.0101
2021-02-07 07:00:00,22630.77,22632.87,22528.84,22582.95,109.9178
2021-02-07 08:00:00,22562.79,22652.77,22502.77,22540.32,236.6144
2021-02-07 09:00:00,22375.24,22393.6,22297.0,22386.54,7.1674
2021-02-07 10:00:00,22483.54,22504.18,22424.38,22499.33,58.5316
2021-02-07 11:00:00,22448.01,22448.94,22329.17,22414.33,16.1767
2021-02-07 12:00:00,22296.22,22346.84,22250.13,22329.18,166.3981
2021-02-07 13:00:00,22446.44,22460.56,22393.96,22442.16,95.2172
2021-02-07 14:00:00,22230.19,22267.58,22219.18,22233.11,211.7345
2021-02-07 15:00:00,22058.39,22080.6,22037.36,22065.96,6.5179
2021-02-07 16:00:00,22073.97,22183.93,22056.79,22066.17,236.1599
2021-02-07 17:00:00,22104.92,22125.51,22060.07,22100.73,6.9561
2021-02-07 18:00:00,22166.64,22261.21,22116.86,22156.51,33.9124
2021-02-07 19:00:00,22128.36,22145.02,22105.92,22125.29,16.9799
2021-02-07 20:00:00,22416.79,22482.74,22383.26,22407.43,15.7105
2021-02-07 21:00:00,22386.23,22416.55,22317.42,22384.14,18.8344
2021-02-07 22:00:00,22345.8,22438.53,22316.89,22360.54,65.4346
2021-02-07 23:00:00,22273.76,22297.35,22256.31,22273.67,153.4156
2021-02-08 00:00:00,22273.78,22366.59,22260.37,22289.7,228.5505
2021-02-08 01:00:00,22343.02,22395.96,22265.81,22360.47,83.6734
2021-02-08 02:00:00,22489.7,22529.07,22462.79,22497.27,17.168
2021-02-08 03:00:00,22329.32,22355.13,22314.9,22331.99,8.2502
2021-02-08 04:00:00,22307.54,22320.28,22269.72,22306.76,68.1475
2021-02-08 05:00:00,22379.3,22380.62,22295.28,22358.81,144.9789
2021-02-08 06:00:00,22415.5,22429.53,22342.98,22426.68,96.8008
2021-02-08 07:00:00,22434.07,22445.46,22404.28,22429.65,87.4145
2021-02-08 08:00:00,22495.38,22505.53,22482.28,22492.73,4.9353
2021-02-08 09:00:00,22390.36,22462.08,22346.55,22404.0,53.0255
2021-02-08 10:00:00,22582.42,22619.08,22568.78,22580.75,79.9361
2021-02-08 11:00:00,22717.84,22757.72,22624.68,22695.08,91.2029
2021-02-08 12:00:00,22548.94,22560.23,22503.16,22544.74,0.482
2021-02-08 13:00:00,22430.88,22445.71,22402.59,22425.8,22.2587
2021-02-08 14:00:00,22294.92,22352.03,22285.96,22310.65,299.1462
2021-02-08 15:00:00,22432.6,22520.82,22386.22,22388.52,71.0586
2021-02-08 16:00:00,22232.51,22263.98,22207.73,22246.94,121.6188
2021-02-08 17:00:00,22175.3,22275.92,22066.15,22212.34,36.8439
2021-02-08 18:00:00,22284.22,22315.96,22245.01,22265.06,88.0374
2021-02-08 19:00:00,22257.37,22311.28,22245.12,22259.92,44.0782
2021-02-08 20:00:00,22284.21,22357.17,22266.08,22290.96,35.234
2021-02-08 21:00:00,22162.31,22174.66,22110.03,22174.4,53.0005
2021-02-08 22:00:00,22284.21,22286.84,22224.17,22242.57,61.5868
2021-02-08 23:00:00,22184.46,22272.34,22119.01,22176.6,40.2192
2021-02-09 00:00:00,22155.0,22161.42,22134.42,22142.82,29.8392
2021-02-09 01:00:00,22174.96,22178.52,22139.55,22171.36,97.7689
2021-02-09 02:00:00,22190.99,22248.65,22155.12,22185.0,47.9218
2021-02-09 03:00:00,22220.92,22224.79,22164.31,22189.88,22.5429
2021-02-09 04:00:00,22103.27,22126.41,22078.09,22108.82,142.0338
2021-02-09 05:00:00,22045.75,22087.49,22030.03,22077.92,128.6419
2021-02-09 06:00:00,22099.53,22100.68,22078.71,22080.36,217.8739
2021-02-09 07:00:00,21941.65,21962.34,21921.86,21930.76,80.9724
2021-02-09 08:00:00,21884.6,21895.39,21879.39,21882.24,32.7722
2021-02-09 09:00:00,21937.16,21940.96,21910.14,21926.84,199.2953
2021-02-09 10:00:00,21780.9,21809.58,21747.91,21788.98,32.8922
2021-02-09 11:00:00,21917.62,21940.79,21903.57,21917.16,106.5953
2021-02-09 12:00:00,22055.58,22105.47,21998.66,22058.49,21.1206
2021-02-09 13:00:00,21910.4,21954.44,21861.45,21923.36,99.2024
2021-02-09 14:00:00,22100.62,22164.39,22062.12,22074.37,183.7953
2021-02-09 15:00:00,22029.58,22102.91,22003.35,22060.73,77.6407
2021-02-09 16:00:00,22161.3,22215.08,22066.78,22109.1,63.6554
2021-02-09 17:00:00,22075.76,22132.4,22052.99,22056.41,503.1796
2021-02-09 18:00:00,22121.01,22181.08,22105.85,22160.41,2.2708
2021-02-09 19:00:00,22202.65,22220.76,22132.36,22207.62,40.3065
2021-02-09 20:00:00,22115.72,22122.8,22096.72,22119.44,250.836
2021-02-09 21:00:00,22001.41,22030.43,21950.6,21992.79,102.9019
2021-02-09 22:00:00,21812.8,21847.03,21775.74,21834.41,78.1099
2021-02-09 23:00:00,21857.81,21861.87,21833.96,21857.11,101.526
2021-02-10 00:00:00,21919.2,21925.02,21917.86,21921.86,38.8521
2021-02-10 01:00:00,21979.18,22018.81,21920.8,21995.4,7.3828
2021-02-10 02:00:00,21965.35,22013.46,21927.72,21984.62,32.1788
2021-02-10 03:00:00,21879.73,21883.83,21851.89,21859.64,41.0221
2021-02-10 04:00:00,21750.31,21792.68,21666.58,21787.28,65.3667
2021-02-10 05:00:00,21925.46,21935.37,21901.84,21914.99,50.0705
2021-02-10 06:00:00,21881.52,21953.57,21839.12,21864.08,73.6059
2021-02-10 07:00:00,21877.16,21957.65,21839.8,21881.94,21.8257
2021-02-10 08:00:00,21767.58,21809.8,21715.0,21766.44,20.34
2021-02-10 09:00:00,21830.62,21860.04,21778.25,21805.25,43.3421
2021-02-10 10:00:00,21742.2,21769.27,21694.66,21757.53,64.1913
2021-02-10 11:00:00,21860.42,21885.07,21832.36,21873.58,41.8138
2021-02-10 12:00:00,21949.49,21989.69,21874.57,21960.37,85.9349
2021-02-10 13:00:00,21933.67,21943.05,21866.7,21908.14,37.1073
2021-02-10 14:00:00,21924.75,21949.27,21871.47,21896.45,19.5004
2021-02-10 15:00:00,21807.82,21865.77,21796.07,21838.3,198.652
2021-02-10 16:00:00,21707.32,21708.22,21668.84,21685.5,22.3896
2021-02-10 17:00:00,21612.38,21631.73,21589.75,21594.7,340.0439
2021-02-10 18:00:00,21651.84,21681.74,21593.81,21618.26,437.4382
2021-02-10 19:00:00,21663.92,21692.12,21598.6,21655.58,119.3375
2021-02-10 20:00:00,21672.87,21683.14,21671.33,21673.83,69.7157
2021-02-10 21:00:00,21668.08,21742.49,21595.34,21643.3,158.679
2021-02-10 22:00:00,21761.63,21819.38,21690.38,21746.43,206.5166
2021-02-10 23:00:00,21804.36,21848.05,21694.67,21755.52,123.6468
2021-02-11 00:00:00,21855.12,21967.3,21781.04,21834.19,10.7635
2021-02-11 01:00:00,21646.05,21652.39,21625.54,21642.73,0.2992
2021-02-11 02:00:00,21195.52,21240.16,21178.35,21220.44,21.3071
2021-02-11 03:00:00,21240.32,21289.24,21232.41,21252.67,20.891
2021-02-11 04:00:00,21073.09,21114.06,21071.32,21103.39,20.1526
2021-02-11 05:00:00,21078.55,21083.59,21059.01,21083.09,71.2885
2021-02-11 06:00:00,21072.85,21114.4,21052.02,21053.35,73.4145
2021-02-11 07:00:00,21222.48,21248.3,21216.54,21222.56,128.3817
2021-02-11 08:00:00,21288.85,21351.48,21187.1,21267.12,22.498
2021-02-11 09:00:00,21294.07,21298.18,21262.81,21286.89,9.7238
2021-02-11 10:00:00,21369.48,21378.76,21360.53,21378.1,109.6888
2021-02-11 11:00:00,21421.5,21440.18,21415.39,21419.63,66.1643
2021-02-11 12:00:00,21382.84,21457.99,21342.26,21372.75,109.7575
2021-02-11 13:00:00,21492.38,21568.23,21465.82,21489.39,47.923
2021-02-11 14:00:00,21375.52,21407.42,21333.37,21372.3,138.9482
2021-02-11 15:00:00,21392.52,21432.06,21371.38,21408.98,114.7595
2021-02-11 16:00:00,21236.26,21257.74,21210.03,21245.46,105.0799
2021-02-11 17:00:00,21317.29,21317.99,21244.05,21269.25,2.7956
2021-02-11 18:00:00,21318.06,21355.77,21260.85,21291.9,195.2803
2021-02-11 19:00:00,21440.86,21487.15,21392.52,21472.5,47.2578
2021-02-11 20:00:00,21256.2,21383.29,21250.13,21306.63,14.5738
2021-02-11 21:00:00,21246.37,21348.2,21232.75,21244.75,140.8902
2021-02-11 22:00:00,21353.32,21363.7,21333.01,21334.26,66.6456
2021-02-11 23:00:00,21361.05,21395.5,21351.77,21372.16,3.2529
2021-02-12 00:00:00,21415.43,21458.82,21361.59,21393.57,152.2671
2021-02-12 01:00:00,21294.7,21301.43,21234.25,21293.43,57.0996
2021-02-12 02:00:00,21229.2,21302.76,21172.37,21232.66,140.6195
2021-02-12 03:00:00,21383.12,21406.56,21324.74,21366.96,140.8912
2021-02-12 04:00:00,21352.23,21384.39,21336.1,21363.59,10.529
2021-02-12 05:00:00,21399.69,21416.63,21360.35,21405.82,94.9914
2021-02-12 06:00:00,21409.98,21469.14,21313.72,21395.64,44.6501
2021-02-12 07:00:00,21270.54,21279.89,21247.77,21271.21,79.0544
2021-02-12 08:00:00,21413.45,21450.04,21324.78,21372.66,9.2715
2021-02-12 09:00:00,21443.44,21489.65,21400.22,21428.57,88.7178
2021-02-12 10:00:00,21691.38,21709.39,21614.15,21677.75,150.3008
2021-02-12 11:00:00,21568.77,21573.46,21567.13,21569.84,432.8585
2021-02-12 12:00:00,21679.65,21734.44,21647.78,21660.71,38.6074
2021-02-12 13:00:00,21513.88,21615.4,21484.89,21520.83,16.8566
2021-02-12 14:00:00,21545.99,21560.33,21519.13,21539.91,45.5551
2021-02-12 15:00:00,21627.4,21663.1,21575.5,21647.23,1.9491
2021-02-12 16:00:00,21447.39,21536.48,21393.11,21425.12,52.5556
2021-02-12 17:00:00,21411.53,21431.4,21375.09,21405.31,246.0286
2021-02-12 18:00:00,21389.49,21455.4,21318.72,21347.17,21.6107
2021-02-12 19:00:00,21325.28,21424.68,21251.04,21274.38,64.9551
2021-02-12 20:00:00,21333.76,21344.95,21274.22,21317.48,85.0075
2021-02-12 21:00:00,21440.53,21453.23,21438.03,21439.07,19.8338
2021-02-12 22:00:00,21406.65,21437.42,21350.05,21426.92,40.0635
2021-02-12 23:00:00,21470.49,21481.35,21446.15,21451.08,242.3145
2021-02-13 00:00:00,21470.0,21507.76,21414.7,21465.49,35.0592
2021-02-13 01:00:00,21479.38,21556.31,21466.7,21467.83,100.8853
2021-02-13 02:00:00,21389.98,21391.4,21331.48,21353.04,14.7285
2021-02-13 03:00:00,21455.82,21528.77,21448.44,21473.52,110.8259
2021-02-13 04:00:00,21487.49,21579.63,21460.91,21507.36,32.7316
2021-02-13 05:00:00,21546.88,21587.95,21464.77,21551.98,26.3006
2021-02-13 06:00:00,21484.85,21514.35,21444.8,21467.23,13.2578
2021-02-13 07:00:00,21431.97,21441.68,21379.82,21420.08,4.7956
2021-02-13 08:00:00,21384.19,21449.3,21333.36,21403.36,343.7645
2021-02-13 09:00:00,21257.39,21335.56,21218.44,21241.32,53.4273
2021-02-13 10:00:00,21038.86,21095.05,20982.54,21064.17,150.3347
2021-02-13 11:00:00,20985.41,21030.37,20976.32,21003.0,252.6846
2021-02-13 12:00:00,21057.54,21070.22,21000.46,21059.97,22.8182
2021-02-13 13:00:00,20981.69,21014.13,20953.55,20993.3,203.9057
2021-02-13 14:00:00,20907.05,20953.59,20870.99,20888.46,123.1086
2021-02-13 15:00:00,20811.42,20813.63,20797.31,20805.47,86.2696
2021-02-13 16:00:00,20796.83,20851.54,20757.19,20760.18,165.5889
2021-02-13 17:00:00,20720.4,20756.68,20699.88,20725.52,11.7281
2021-02-13 18:00:00,20949.44,21004.85,20907.54,20952.0,30.5982
2021-02-13 19:00:00,21090.08,21168.15,21050.06,21064.58,14.0471
2021-02-13 20:00:00,21172.69,21203.31,21134.66,21174.62,226.3081
2021-02-13 21:00:00,21332.28,21396.03,21288.97,21300.46,10.4025
2021-02-13 22:00:00,21207.67,21242.3,21056.49,21196.21,390.9547
2021-02-13 23:00:00,21019.21,21085.56,20995.96,21068.78,11.6412
2021-02-14 00:00:00,20978.96,20998.41,20925.62,20954.29,108.4176
2021-02-14 01:00:00,21115.46,21142.73,21022.04,21096.2,108.0264
2021-02-14 02:00:00,21060.61,21155.3,21036.88,21040.59,267.7223
2021-02-14 03:00:00,20871.09,20912.6,20844.14,20911.05,39.028
2021-02-14 04:00:00,20854.24,20884.87,20799.75,20868.08,40.3485
2021-02-14 05:00:00,20833.0,20874.37,20776.12,20845.27,187.2709
2021-02-14 06:00:00,20857.77,20876.17,20851.37,20875.33,384.3223
2021-02-14 07:00:00,20940.02,20942.63,20830.05,20903.61,3.0602
2021-02-14 08:00:00,20818.9,20845.6,20815.43,20819.14,100.8727
2021-02-14 09:00:00,20891.83,20960.0,20852.88,20892.6,27.9237
2021-02-14 10:00:00,20839.41,20869.86,20764.78,20827.91,130.1815
2021-02-14 11:00:00,20825.57,20862.9,20809.63,20813.72,148.1568
2021-02-14 12:00:00,20817.62,20891.59,20798.6,20887.28,143.7695
2021-02-14 13:00:00,20808.88,20843.62,20766.18,20822.33,57.1835
2021-02-14 14:00:00,20735.8,20802.34,20720.62,20765.14,17.1739
2021-02-14 15:00:00,20836.99,20864.75,20794.73,20828.65,87.891
2021-02-14 16:00:00,20735.41,20749.88,20680.13,20741.4,155.6078
2021-02-14 17:00:00,20703.89,20746.21,20690.87,20703.57,243.2637
2021-02-14 18:00:00,20720.01,20764.12,20699.06,20763.17,60.2656
2021-02-14 19:00:00,20971.99,20990.75,20968.05,20978.49,28.1932
2021-02-14 20:00:00,21067.56,21165.44,21022.69,21044.1,12.6496
2021-02-14 21:00:00,21125.66,21144.06,21029.72,21095.93,159.7515
2021-02-14 22:00:00,21169.24,21236.12,21123.74,21154.03,76.6358
2021-02-14 23:00:00,21014.53,21090.24,20997.36,21042.63,112.1423
2021-02-15 00:00:00,21083.42,21085.01,20987.2,21056.9,17.345
2021-02-15 01:00:00,21071.12,21089.82,21046.65,21055.87,0.6601
2021-02-15 02:00:00,21089.36,21165.24,21031.28,21091.83,342.9029
2021-02-15 03:00:00,21063.49,21142.99,21061.61,21106.23,166.5417
2021-02-15 04:00:00,21168.58,21196.64,21142.52,21148.41,51.087
2021-02-15 05:00:00,21105.08,21130.35,21093.23,21117.59,61.0918
2021-02-15 06:00:00,21133.2,21149.09,21037.45,21125.89,264.5996
2021-02-15 07:00:00,20999.74,21085.01,20946.25,20998.31,23.2752
2021-02-15 08:00:00,20999.08,21018.12,20946.06,20966.82,162.3682
2021-02-15 09:00:00,21112.08,21161.03,21110.29,21114.72,1.8092
2021-02-15 10:00:00,21150.17,21225.61,21148.97,21150.49,208.516
2021-02-15 11:00:00,21183.78,21199.53,21125.73,21150.4,88.9853
2021-02-15 12:00:00,21338.97,21410.41,21291.77,21353.03,64.928
2021-02-15 13:00:00,21227.15,21298.47,21187.32,21209.87,122.5734
2021-02-15 14:00:00,21090.15,21115.58,21038.05,21094.34,7.0048
2021-02-15 15:00:00,21255.76,21310.28,21245.09,21277.09,21.7589
2021-02-15 16:00:00,21284.13,21345.0,21282.04,21284.11,52.2536
2021-02-15 17:00:00,21275.13,21292.21,21217.86,21260.42,96.1984
2021-02-15 18:00:00,21163.68,21218.07,21051.25,21135.07,15.6126
2021-02-15 19:00:00,21215.73,21217.25,21176.58,21184.49,47.7217
2021-02-15 20:00:00,21238.02,21261.04,21225.39,21244.28,30.2312
2021-02-15 21:00:00,21109.29,21156.42,21083.67,21130.15,103.7243
2021-02-15 22:00:00,21110.71,21124.39,21063.97,21117.44,251.675
2021-02-15 23:00:00,21059.21,21102.41,21030.06,21084.13,18.1497
2021-02-16 00:00:00,21108.63,21142.63,21058.53,21113.22,20.9809
2021-02-16 01:00:00,20990.0,21006.57,20977.27,20997.18,91.7613
2021-02-16 02:00:00,21146.08,21178.26,21070.25,21130.71,60.4335
2021-02-16 03:00:00,21182.75,21316.74,21159.84,21229.59,126.6219
2021-02-16 04:00:00,21177.61,21280.03,21146.46,21193.16,33.9516
2021-02-16 05:00:00,21156.98,21256.04,21155.18,21172.34,78.7061
2021-02-16 06:00:00,21185.14,21196.15,21112.35,21160.02,48.911
2021-02-16 07:00:00,21056.31,21120.47,20996.68,21079.79,33.0261
2021-02-16 08:00:00,21039.93,21088.79,21003.91,21035.16,130.6731
2021-02-16 09:00:00,21006.15,21074.58,20964.45,21008.84,158.9115
2021-02-16 10:00:00,21202.45,21233.32,21098.05,21180.36,39.8914
2021-02-16 11:00:00,21295.41,21305.0,21268.51,21282.73,97.5435
2021-02-16 12:00:00,21386.91,21389.2,21373.76,21384.32,19.6735
2021-02-16 13:00:00,21414.12,21441.33,21342.07,21426.01,156.5267
2021-02-16 14:00:00,21268.98,21364.65,21235.08,21308.45,33.0243
2021-02-16 15:00:00,21311.43,21314.7,21272.12,21306.16,18.7481
2021-02-16 16:00:00,21423.04,21492.39,21409.42,21411.68,281.2768
2021-02-16 17:00:00,21245.6,21306.05,21183.3,21279.11,54.902
2021-02-16 18:00:00,21322.63,21416.36,21276.79,21348.97,103.1421
2021-02-16 19:00:00,21604.48,21614.35,21583.46,21599.03,165.66
2021-02-16 20:00:00,21723.22,21752.44,21679.84,21715.86,115.8816
2021-02-16 21:00:00,21849.9,21900.19,21781.8,21871.57,83.1628
2021-02-16 22:00:00,21885.06,21915.28,21868.49,21897.63,46.46
2021-02-16 23:00:00,21965.38,22017.89,21925.9,22005.8,250.7435
2021-02-17 00:00:00,21959.21,21965.4,21927.43,21929.01,14.3342
2021-02-17 01:00:00,21989.85,22041.2,21989.77,22018.47,215.3473
2021-02-17 02:00:00,22104.69,22140.38,22071.7,22092.71,123.7353
2021-02-17 03:00:00,22126.17,22226.76,22106.05,22126.95,84.7256
2021-02-17 04:00:00,22303.48,22308.99,22243.85,22274.76,39.2669
2021-02-17 05:00:00,22199.38,22249.67,22176.62,22216.98,15.7876
2021-02-17 06:00:00,22199.78,22270.27,22134.67,22198.42,58.5478
2021-02-17 07:00:00,22173.51,22228.08,22150.55,22211.23,153.1364
2021-02-17 08:00:00,22056.27,22111.06,22032.83,22099.11,136.7707
2021-02-17 09:00:00,22139.59,22184.64,22081.61,22126.4,103.6884
2021-02-17 10:00:00,21899.28,21961.96,21858.83,21938.44,489.2809
2021-02-17 11:00:00,22050.44,22060.22,21987.61,22055.48,359.8482
2021-02-17 12:00:00,22085.14,22107.43,22036.86,22062.83,51.0834
2021-02-17 13:00:00,22024.0,22138.61,21998.54,22007.57,21.3855
2021-02-17 14:00:00,21903.39,21940.41,21877.51,21917.96,62.3319
2021-02-17 15:00:00,21859.66,21982.06,21823.63,21894.44,186.1602
2021-02-17 16:00:00,21983.17,22048.8,21933.21,21971.98,61.3529
2021-02-17 17:00:00,22063.92,22092.13,22029.45,22034.35,40.9446
2021-02-17 18:00:00,21944.28,21960.47,21884.6,21958.82,135.1821
2021-02-17 19:00:00,21850.56,21887.15,21759.09,21868.13,105.0215
2021-02-17 20:00:00,21930.62,21949.24,21836.42,21942.14,346.4063
2021-02-17 21:00:00,21877.58,21920.31,21821.97,21865.08,79.6865
2021-02-17 22:00:00,21900.69,21920.03,21843.8,21873.82,342.566
2021-02-17 23:00:00,21862.41,21905.28,21808.71,21889.54,34.381
2021-02-18 00:00:00,21893.04,21940.49,21840.12,21925.89,200.1179
2021-02-18 01:00:00,22073.7,22084.89,21998.77,22022.17,43.2207
2021-02-18 02:00:00,21881.43,21887.92,21801.69,21885.31,165.9026
2021-02-18 03:00:00,21683.85,21721.18,21586.72,21678.36,260.3504
2021-02-18 04:00:00,21604.07,21630.14,21584.73,21619.03,97.6017
2021-02-18 05:00:00,21826.61,21887.36,21815.4,21815.92,130.3974
2021-02-18 06:00:00,22059.84,22141.36,22021.21,22038.68,318.5434
2021-02-18 07:00:00,22249.34,22278.57,22241.87,22242.67,47.0254
2021-02-18 08:00:00,22262.12,22283.87,22165.73,22223.43,71.6587
2021-02-18 09:00:00,22020.43,22057.35,21958.81,22027.63,228.5649
2021-02-18 10:00:00,21766.05,21787.24,21737.85,21771.78,111.7232
2021-02-18 11:00:00,21712.13,21732.32,21698.62,21707.11,206.8233
2021-02-18 12:00:00,21697.87,21737.61,21628.42,21687.78,96.3001
2021-02-18 13:00:00,21835.97,21912.37,21773.56,21830.99,134.6044
2021-02-18 14:00:00,21899.73,21955.45,21881.9,21927.9,1.3148
2021-02-18 15:00:00,21961.89,21981.99,21950.16,21955.02,41.502
2021-02-18 16:00:00,21851.36,21908.73,21812.34,21859.54,147.1507
2021-02-18 17:00:00,21744.07,21836.74,21701.31,21756.71,51.7528
2021-02-18 18:00:00,21787.24,21893.79,21678.8,21786.53,45.0745
2021-02-18 19:00:00,21843.62,21903.39,21804.76,21864.64,302.7269
2021-02-18 20:00:00,21884.79,21972.33,21812.73,21909.67,80.4187
2021-02-18 21:00:00,21741.51,21801.54,21730.4,21798.52,21.3802
2021-02-18 22:00:00,21909.84,21945.71,21830.06,21871.62,63.9088
2021-02-18 23:00:00,21932.57,21944.2,21864.32,21920.39,73.1205
2021-02-19 00:00:00,21802.68,21850.11,21793.02,21805.23,448.5756
2021-02-19 01:00:00,21707.41,21789.35,21672.06,21721.9,126.6627
2021-02-19 02:00:00,21736.15,21829.44,21735.6,21798.85,73.2724
2021-02-19 03:00:00,21759.6,21776.0,21757.33,21775.47,56.5618
2021-02-19 04:00:00,21966.38,21991.73,21921.63,21950.67,247.0944
2021-02-19 05:00:00,22028.6,22029.08,22000.25,22007.86,103.8292
2021-02-19 06:00:00,21970.62,21995.75,21873.66,21956.52,44.0191
2021-02-19 07:00:00,21961.07,22009.96,21917.96,21957.59,62.4798
2021-02-19 08:00:00,21995.39,22024.98,21939.64,21966.75,32.5903
2021-02-19 09:00:00,21881.75,21918.15,21867.7,21888.94,322.9651
2021-02-19 10:00:00,21814.9,21843.79,21726.97,21791.25,121.0478
2021-02-19 11:00:00,21861.44,21888.55,21788.73,21869.85,49.8071
2021-02-19 12:00:00,21945.11,22005.97,21904.55,21964.47,20.2377
2021-02-19 13:00:00,22010.81,22094.93,21985.54,22032.97,19.4822
2021-02-19 14:00:00,22178.48,22285.43,22155.43,22202.11,64.9594
2021-02-19 15:00:00,22158.78,22262.57,22122.74,22144.19,63.0298
2021-02-19 16:00:00,22315.19,22408.51,22297.41,22331.78,54.0922
2021-02-19 17:00:00,22210.45,22293.05,22195.03,22233.42,190.9233
2021-02-19 18:00:00,22138.85,22186.95,22085.39,22123.06,387.1991
2021-02-19 19:00:00,21937.79,21950.41,21899.42,21930.6,43.8231
2021-02-19 20:00:00,21904.97,21977.43,21849.31,21883.91,34.9005
2021-02-19 21:00:00,21842.17,21858.84,21809.47,21830.98,147.0158
2021-02-19 22:00:00,21874.09,21932.08,21871.3,21890.57,59.7461
2021-02-19 23:00:00,21921.12,21931.35,21908.88,21919.45,24.5349
2021-02-20 00:00:00,21793.63,21805.82,21754.21,21790.9,19.9597
2021-02-20 01:00:00,21730.3,21765.23,21660.58,21750.29,32.9293
2021-02-20 02:00:00,21688.08,21729.18,21617.31,21712.07,0.1325
2021-02-20 03:00:00,21506.79,21532.54,21494.37,21521.44,283.7532
2021-02-20 04:00:00,21461.65,21506.48,21301.93,21418.03,56.2556
2021-02-20 05:00:00,21328.82,21406.04,21295.86,21337.63,8.6481
2021-02-20 06:00:00,21519.21,21528.62,21414.08,21492.71,18.0272
2021-02-20 07:00:00,21505.35,21593.96,21462.62,21515.44,39.0583
2021-02-20 08:00:00,21608.01,21645.9,21581.98,21588.82,80.2279
2021-02-20 09:00:00,21448.55,21501.4,21403.6,21429.21,121.6437
2021-02-20 10:00:00,21579.85,21634.28,21517.19,21559.31,36.7954
2021-02-20 11:00:00,21710.14,21735.2,21653.12,21701.72,316.0996
2021-02-20 12:00:00,21516.65,21578.81,21475.66,21487.05,142.8417
2021-02-20 13:00:00,21421.53,21443.01,21387.02,21413.43,174.7544
2021-02-20 14:00:00,21505.43,21586.83,21433.67,21468.65,39.1038
2021-02-20 15:00:00,21505.07,21549.83,21489.76,21539.96,47.9587
